household_key,last_day,first_day,frequency,monetary,recency_days,tenure_days,avg_basket,median_gap,AGE_DESC,MARITAL_STATUS_CODE,INCOME_DESC,HOMEOWNER_DESC,HH_COMP_DESC,HOUSEHOLD_SIZE_DESC,KID_CATEGORY_DESC,has_demo,M분위
1,697,111,72,3938.57,8,586,54.70236111111112,9.0,65+,A,35-49K,Homeowner,2 Adults No Kids,2,None/Unknown,True,상
2,668,112,44,1927.3799999999999,37,556,43.80409090909091,7.0,,,,,,,,False,중
3,703,113,45,2633.2,2,590,58.51555555555555,9.0,,,,,,,,False,상
4,627,140,29,1073.8700000000001,78,487,37.03,13.0,,,,,,,,False,하
5,703,111,29,695.32,2,592,23.976551724137934,14.5,,,,,,,,False,하
6,696,118,214,5630.38,9,578,26.31018691588785,2.0,,,,,,,,False,최상
7,701,148,52,3121.19,4,553,60.02288461538462,8.0,45-54,A,50-74K,Homeowner,2 Adults No Kids,2,None/Unknown,True,상
8,699,113,94,4976.27,6,586,52.93904255319149,5.0,25-34,U,25-34K,Unknown,2 Adults Kids,3,1,True,최상
9,689,124,18,766.15,16,565,42.56388888888889,21.0,,,,,,,,False,하
10,685,114,5,234.34000000000003,20,571,46.86800000000001,99.0,,,,,,,,False,최저
11,412,122,4,19.45,293,290,4.8625,92.0,,,,,,,,False,최저
12,504,121,6,219.63,201,383,36.605,68.0,,,,,,,,False,최저
13,705,112,153,8454.460000000001,0,593,55.257908496732036,3.0,25-34,U,75-99K,Homeowner,2 Adults Kids,4,2,True,최상
14,704,115,75,1916.93,1,589,25.559066666666666,6.0,,,,,,,,False,중
15,705,123,44,858.14,0,582,19.50318181818182,7.0,,,,,,,,False,하
16,690,117,79,1155.46,15,573,14.626075949367088,4.0,45-54,B,50-74K,Homeowner,Single Female,1,None/Unknown,True,하
17,689,123,77,3388.79,16,566,44.01025974025974,5.5,65+,B,Under 15K,Homeowner,2 Adults No Kids,2,None/Unknown,True,상
18,704,112,121,6217.33,1,592,51.38289256198347,4.0,45-54,A,100-124K,Homeowner,2 Adults No Kids,2,None/Unknown,True,최상
19,704,116,243,9332.63,1,588,38.40588477366255,2.0,35-44,B,15-24K,Unknown,Single Female,1,None/Unknown,True,최상
20,705,187,279,5877.93,0,518,21.067849462365594,2.0,25-34,A,75-99K,Renter,2 Adults No Kids,2,None/Unknown,True,최상
21,682,120,18,725.1800000000001,23,562,40.287777777777784,18.0,,,,,,,,False,하
22,703,111,95,4533.35,2,592,47.71947368421053,6.0,45-54,A,75-99K,Homeowner,2 Adults No Kids,2,None/Unknown,True,최상
23,697,120,89,2440.51,8,577,27.421460674157306,5.5,,,,,,,,False,상
24,698,112,50,1303.67,7,586,26.073400000000003,5.0,,,,,,,,False,하
25,705,120,72,2793.34,0,585,38.79638888888889,7.0,35-44,U,50-74K,Unknown,Unknown,1,None/Unknown,True,상
26,705,113,85,1737.73,0,592,20.443882352941177,3.5,,,,,,,,False,중
27,705,113,354,5476.68,0,592,15.47084745762712,1.0,45-54,U,25-34K,Probable Renter,Single Female,1,None/Unknown,True,최상
28,702,115,116,2032.58,3,587,17.522241379310344,4.0,,,,,,,,False,중
29,684,113,53,1182.75,21,571,22.316037735849058,6.5,,,,,,,,False,하
30,692,123,12,167.8,13,569,13.983333333333334,28.0,,,,,,,,False,최저
31,705,148,42,3463.17,0,557,82.45642857142857,7.0,35-44,B,35-49K,Homeowner,2 Adults No Kids,2,None/Unknown,True,상
32,701,119,79,2415.44,4,582,30.575189873417724,5.0,,,,,,,,False,상
33,690,114,40,1049.77,15,576,26.24425,11.0,,,,,,,,False,하
34,694,116,28,317.82,11,578,11.350714285714286,18.0,,,,,,,,False,최저
35,687,156,36,804.96,18,531,22.36,8.0,,,,,,,,False,하
36,704,119,172,4657.55,1,585,27.078779069767442,2.0,,,,,,,,False,최상
37,705,113,46,2643.37,0,592,57.4645652173913,10.0,,,,,,,,False,상
38,551,118,26,672.4200000000001,154,433,25.862307692307695,7.0,,,,,,,,False,하
39,685,114,49,4051.75,20,571,82.68877551020408,10.0,35-44,A,125-149K,Homeowner,2 Adults No Kids,2,None/Unknown,True,상
40,702,112,256,9459.03,3,590,36.9493359375,2.0,45-54,U,Under 15K,Homeowner,2 Adults No Kids,2,None/Unknown,True,최상
41,698,111,65,2928.19,7,587,45.049076923076925,8.0,,,,,,,,False,상
42,705,114,83,1917.15,0,591,23.09819277108434,7.0,65+,U,50-74K,Unknown,Single Male,1,None/Unknown,True,중
43,688,115,83,766.72,17,573,9.237590361445783,4.0,35-44,B,15-24K,Homeowner,2 Adults Kids,5+,3+,True,하
44,628,115,27,840.98,77,513,31.147407407407407,21.0,,,,,,,,False,하
45,587,113,51,766.27,118,474,15.024901960784314,4.0,,,,,,,,False,하
46,704,129,108,7606.02,1,575,70.42611111111111,4.0,45-54,A,150-174K,Homeowner,2 Adults Kids,5+,3+,True,최상
47,697,111,99,2306.98,8,586,23.302828282828283,4.0,,,,,,,,False,중
48,689,112,41,1009.45,16,577,24.620731707317074,7.0,19-24,U,35-49K,Homeowner,2 Adults No Kids,2,None/Unknown,True,하
49,702,112,80,5229.63,3,590,65.370375,5.0,35-44,A,35-49K,Homeowner,2 Adults No Kids,2,None/Unknown,True,최상
50,675,113,15,351.39,30,562,23.426,17.0,,,,,,,,False,최저
51,698,144,64,2589.2,7,554,40.45625,7.0,,,,,,,,False,상
52,697,112,109,4612.61,8,585,42.31752293577981,4.0,45-54,B,50-74K,Homeowner,2 Adults No Kids,2,None/Unknown,True,최상
53,691,116,45,1679.88,14,575,37.330666666666666,8.5,,,,,,,,False,중
54,495,123,9,88.13,210,372,9.792222222222222,31.0,,,,,,,,False,최저
55,703,118,129,998.57,2,585,7.740852713178295,3.0,65+,A,35-49K,Homeowner,2 Adults No Kids,2,None/Unknown,True,하
56,701,135,174,6408.5,4,566,36.83045977011494,3.0,55-64,A,100-124K,Homeowner,2 Adults Kids,4,2,True,최상
57,696,113,132,2397.05,9,583,18.159469696969698,3.0,45-54,B,35-49K,Homeowner,2 Adults No Kids,2,None/Unknown,True,중
58,704,115,176,6952.38,1,589,39.50215909090909,3.0,25-34,A,150-174K,Homeowner,2 Adults Kids,4,2,True,최상
59,684,119,33,1534.03,21,565,46.485757575757575,14.0,,,,,,,,False,중
60,697,114,6,294.48,8,583,49.080000000000005,50.0,,,,,,,,False,최저
61,695,113,10,163.8,10,582,16.380000000000003,19.0,,,,,,,,False,최저
62,669,130,25,318.46000000000004,36,539,12.738400000000002,17.0,,,,,,,,False,최저
63,675,114,26,461.15000000000003,30,561,17.736538461538462,14.0,,,,,,,,False,최저
64,703,142,201,3333.81,2,561,16.586119402985073,2.0,,,,,,,,False,상
65,671,112,88,1894.61,34,559,21.52965909090909,4.0,,,,,,,,False,중
66,685,118,23,395.95,20,567,17.215217391304346,13.0,,,,,,,,False,최저
67,704,116,172,8673.44,1,588,50.42697674418605,3.0,45-54,A,Under 15K,Homeowner,2 Adults Kids,5+,3+,True,최상
68,696,111,269,3938.06,9,585,14.639628252788103,1.0,,,,,,,,False,상
69,705,121,144,5602.38,0,584,38.90541666666667,2.0,,,,,,,,False,최상
70,705,123,31,69.43,0,582,2.2396774193548388,16.0,,,,,,,,False,최저
71,700,111,75,2873.31,5,589,38.3108,7.0,35-44,A,25-34K,Homeowner,Single Female,2,None/Unknown,True,상
72,694,111,82,5761.64,11,583,70.26390243902439,6.0,,,,,,,,False,최상
73,662,111,120,2233.44,43,551,18.612000000000002,2.0,,,,,,,,False,중
74,656,114,93,1722.73,49,542,18.523978494623655,5.0,65+,A,15-24K,Homeowner,2 Adults No Kids,2,None/Unknown,True,중
75,690,126,47,595.98,15,564,12.680425531914894,9.0,,,,,,,,False,최저
76,649,194,11,188.62,56,455,17.14727272727273,33.0,,,,,,,,False,최저
77,702,112,66,4482.02,3,590,67.90939393939395,7.0,35-44,A,100-124K,Homeowner,2 Adults Kids,5+,3+,True,최상
78,703,131,189,2441.91,2,572,12.920158730158729,2.0,55-64,U,25-34K,Unknown,Single Male,1,None/Unknown,True,상
79,705,127,124,3286.77,0,578,26.506209677419356,3.0,,,,,,,,False,상
80,694,115,71,2438.31,11,579,34.34239436619718,6.0,45-54,U,50-74K,Homeowner,2 Adults No Kids,2,None/Unknown,True,상
81,703,111,107,4472.57,2,592,41.79971962616822,4.0,,,,,,,,False,최상
82,692,120,46,490.31,13,572,10.658913043478261,11.0,,,,,,,,False,최저
83,704,129,85,975.45,1,575,11.475882352941177,4.0,,,,,,,,False,하
84,696,124,47,1034.21,9,572,22.004468085106385,9.0,,,,,,,,False,하
85,705,111,186,3797.73,0,594,20.41790322580645,2.0,25-34,U,35-49K,Unknown,Single Male,1,None/Unknown,True,상
86,673,113,32,3623.88,32,560,113.24625,16.0,65+,B,35-49K,Homeowner,Single Male,1,None/Unknown,True,상
87,694,178,38,1054.89,11,516,27.76026315789474,9.0,,,,,,,,False,하
88,705,115,150,10273.79,0,590,68.49193333333334,4.0,,,,,,,,False,최상
89,638,112,10,175.89000000000001,67,526,17.589000000000002,42.0,,,,,,,,False,최저
90,677,135,8,401.28999999999996,28,542,50.161249999999995,49.0,,,,,,,,False,최저
91,698,112,97,1759.04,7,586,18.134432989690723,3.0,,,,,,,,False,중
92,705,122,53,1531.18,0,583,28.890188679245284,9.5,,,,,,,,False,중
93,551,118,82,2750.85,154,433,33.546951219512195,5.0,,,,,,,,False,상
94,698,156,32,344.66,7,542,10.770625,14.0,,,,,,,,False,최저
95,704,111,199,5030.42,1,593,25.278492462311558,2.0,,,,,,,,False,최상
96,405,117,29,731.48,300,288,25.22344827586207,9.0,,,,,,,,False,하
97,697,114,123,3924.19,8,583,31.9039837398374,4.0,45-54,U,75-99K,Unknown,Single Female,1,None/Unknown,True,상
98,705,113,143,2398.21,0,592,16.770699300699302,2.0,35-44,U,35-49K,Unknown,1 Adult Kids,2,1,True,중
99,704,111,168,5350.32,1,593,31.847142857142856,3.0,,,,,,,,False,최상
100,691,162,21,1707.75,14,529,81.32142857142857,21.0,,,,,,,,False,중
101,701,116,132,5093.51,4,585,38.58719696969697,3.0,45-54,A,Under 15K,Homeowner,2 Adults Kids,4,2,True,최상
102,179,119,3,93.31,526,60,31.103333333333335,,,,,,,,,False,최저
103,697,146,39,521.77,8,551,13.378717948717949,8.5,,,,,,,,False,최저
104,705,112,111,6099.2300000000005,0,593,54.948018018018026,4.0,35-44,A,35-49K,Homeowner,2 Adults Kids,5+,3+,True,최상
105,704,116,112,3821.57,1,588,34.121160714285715,4.0,25-34,B,Under 15K,Homeowner,1 Adult Kids,3,2,True,상
106,705,169,43,1476.72,0,536,34.34232558139535,4.5,,,,,,,,False,중
107,682,116,20,569.3100000000001,23,566,28.465500000000002,12.0,,,,,,,,False,최저
108,689,111,47,2432.34,16,578,51.75191489361703,9.5,,,,,,,,False,상
109,700,115,99,3412.52,5,585,34.46989898989899,5.0,25-34,A,15-24K,Homeowner,Single Female,2,None/Unknown,True,상
110,705,112,124,2859.73,0,593,23.06233870967742,4.0,25-34,U,35-49K,Homeowner,Single Female,1,None/Unknown,True,상
111,687,116,42,1268.18,18,571,30.194761904761908,9.0,,,,,,,,False,하
112,684,111,57,828.87,21,573,14.541578947368421,7.5,,,,,,,,False,하
113,705,113,130,12437.64,0,592,95.67415384615384,4.0,35-44,A,125-149K,Homeowner,2 Adults Kids,4,2,True,최상
114,690,112,60,2487.91,15,578,41.46516666666666,8.0,25-34,U,35-49K,Homeowner,2 Adults No Kids,2,None/Unknown,True,상
115,698,111,123,10078.64,7,587,81.94016260162601,4.0,,,,,,,,False,최상
116,701,113,72,572.44,4,588,7.950555555555557,6.0,,,,,,,,False,최저
117,703,120,77,2247.46,2,583,29.187792207792207,7.0,65+,B,35-49K,Probable Owner,2 Adults No Kids,2,None/Unknown,True,중
118,703,115,65,3917.37,2,588,60.267230769230764,9.0,45-54,B,35-49K,Homeowner,Single Female,1,None/Unknown,True,상
119,693,253,56,2468.73,12,440,44.08446428571428,6.0,45-54,U,125-149K,Unknown,Single Male,1,None/Unknown,True,상
120,653,111,11,167.46,52,542,15.223636363636365,41.5,,,,,,,,False,최저
121,669,114,89,2161.65,36,555,24.288202247191013,3.0,45-54,U,25-34K,Unknown,2 Adults Kids,3,1,True,중
122,671,114,68,1288.32,34,557,18.945882352941176,5.0,,,,,,,,False,하
123,691,112,135,2745.4700000000003,14,579,20.336814814814815,4.0,45-54,B,35-49K,Homeowner,2 Adults No Kids,2,None/Unknown,True,상
124,695,122,49,496.12,10,573,10.124897959183674,7.5,,,,,,,,False,최저
125,702,116,204,7103.95,3,586,34.82328431372549,2.0,,,,,,,,False,최상
126,699,126,25,796.04,6,573,31.8416,16.0,,,,,,,,False,하
127,702,175,139,3786.9,3,527,27.24388489208633,3.0,45-54,U,25-34K,Unknown,Single Female,1,None/Unknown,True,상
128,703,167,31,1150.27,2,536,37.10548387096774,7.0,,,,,,,,False,하
129,690,115,39,475.73,15,575,12.198205128205128,12.5,,,,,,,,False,최저
130,330,126,7,103.98,375,204,14.854285714285714,35.0,,,,,,,,False,최저
131,699,113,180,4530.41,6,586,25.168944444444442,2.0,45-54,U,50-74K,Unknown,2 Adults No Kids,2,None/Unknown,True,최상
132,705,111,85,2606.17,0,594,30.660823529411765,5.0,,,,,,,,False,상
133,702,130,67,3701.57,3,572,55.247313432835824,7.0,45-54,A,Under 15K,Homeowner,Single Male,2,None/Unknown,True,상
134,705,111,66,4672.2300000000005,0,594,70.79136363636364,8.0,55-64,A,25-34K,Homeowner,Single Female,2,None/Unknown,True,최상
135,702,118,66,644.36,3,584,9.763030303030304,7.0,,,,,,,,False,하
136,694,120,67,2759.4500000000003,11,574,41.18582089552239,5.5,45-54,U,50-74K,Unknown,Unknown,1,None/Unknown,True,상
137,626,120,35,1016.02,79,506,29.02914285714286,9.5,,,,,,,,False,하
138,705,120,64,3289.69,0,585,51.40140625,6.0,,,,,,,,False,상
139,699,124,60,2727.38,6,575,45.45633333333333,7.0,35-44,B,75-99K,Homeowner,Single Male,1,None/Unknown,True,상
140,692,122,54,1186.0,13,570,21.962962962962962,5.0,,,,,,,,False,하
141,698,141,40,367.13,7,557,9.17825,11.0,,,,,,,,False,최저
142,703,114,145,1892.7,2,589,13.053103448275863,3.0,,,,,,,,False,중
143,703,116,235,5714.06,2,587,24.315148936170214,1.0,,,,,,,,False,최상
144,649,125,77,2091.61,56,524,27.163766233766236,4.0,,,,,,,,False,중
145,704,122,48,1406.35,1,582,29.29895833333333,8.0,,,,,,,,False,중
146,705,122,25,699.64,0,583,27.985599999999998,13.0,,,,,,,,False,하
147,695,123,25,1081.4,10,572,43.256,15.5,,,,,,,,False,하
148,699,113,47,1201.02,6,586,25.553617021276594,8.0,,,,,,,,False,하
149,651,131,114,7942.85,54,520,69.67412280701755,3.0,45-54,U,35-49K,Homeowner,2 Adults No Kids,2,None/Unknown,True,최상
150,608,146,4,202.57,97,462,50.6425,151.0,,,,,,,,False,최저
151,682,116,40,1075.76,23,566,26.894,7.0,,,,,,,,False,하
152,696,119,30,1229.72,9,577,40.99066666666667,15.0,,,,,,,,False,하
153,702,120,66,1397.01,3,582,21.166818181818183,7.0,,,,,,,,False,하
154,637,112,25,815.6,68,525,32.624,11.0,,,,,,,,False,하
155,705,116,47,2026.3600000000001,0,589,43.11404255319149,9.0,35-44,B,50-74K,Homeowner,2 Adults Kids,3,1,True,중
156,704,115,315,4290.56,1,589,13.620825396825397,1.0,,,,,,,,False,상
157,705,117,126,2425.2400000000002,0,588,19.247936507936508,3.0,19-24,U,15-24K,Homeowner,2 Adults No Kids,2,None/Unknown,True,상
158,704,115,169,1869.79,1,589,11.063846153846153,3.0,45-54,U,50-74K,Homeowner,Unknown,1,None/Unknown,True,중
159,697,117,74,2062.22,8,580,27.867837837837836,5.0,45-54,U,Under 15K,Homeowner,2 Adults No Kids,2,None/Unknown,True,중
160,703,132,48,1293.16,2,571,26.940833333333334,9.0,,,,,,,,False,하
161,704,112,201,5547.92,1,592,27.601592039800995,1.0,19-24,A,75-99K,Unknown,2 Adults Kids,3,1,True,최상
162,684,114,56,2541.77,21,570,45.38875,9.0,,,,,,,,False,상
163,654,204,7,201.23,51,450,28.747142857142855,59.0,,,,,,,,False,최저
164,705,116,98,3983.81,0,589,40.65112244897959,5.0,45-54,U,35-49K,Unknown,2 Adults No Kids,2,None/Unknown,True,상
165,703,114,129,2050.69,2,589,15.896821705426357,3.5,55-64,A,35-49K,Homeowner,2 Adults No Kids,2,None/Unknown,True,중
166,698,114,112,2914.96,7,584,26.02642857142857,4.0,25-34,A,50-74K,Homeowner,2 Adults Kids,3,1,True,상
167,692,138,17,1156.79,13,554,68.0464705882353,22.0,,,,,,,,False,하
168,700,121,34,448.0,5,579,13.176470588235293,9.0,,,,,,,,False,최저
169,675,138,14,74.26,30,537,5.304285714285714,8.0,,,,,,,,False,최저
170,693,111,36,1656.42,12,582,46.01166666666667,7.0,25-34,A,100-124K,Homeowner,2 Adults Kids,4,2,True,중
171,701,142,22,717.34,4,559,32.60636363636364,14.0,,,,,,,,False,하
172,692,121,45,819.22,13,571,18.20488888888889,9.0,,,,,,,,False,하
173,394,124,9,231.98000000000002,311,270,25.775555555555556,8.0,,,,,,,,False,최저
174,669,127,22,990.99,36,542,45.045,16.0,,,,,,,,False,하
175,655,305,43,1026.42,50,350,23.870232558139538,6.0,,,,,,,,False,하
176,611,114,17,620.48,94,497,36.498823529411766,30.0,,,,,,,,False,최저
177,692,151,40,995.19,13,541,24.87975,9.0,,,,,,,,False,하
178,705,373,100,1905.48,0,332,19.0548,2.0,25-34,A,25-34K,Homeowner,1 Adult Kids,5+,3+,True,중
179,522,112,34,580.49,183,410,17.073235294117648,9.0,,,,,,,,False,최저
180,696,111,53,1869.71,9,585,35.27754716981132,6.5,,,,,,,,False,중
181,592,156,19,962.28,113,436,50.64631578947368,7.0,,,,,,,,False,하
182,656,141,30,1081.56,49,515,36.052,14.0,,,,,,,,False,하
183,674,128,86,1006.87,31,546,11.707790697674419,5.0,,,,,,,,False,하
184,699,111,169,5584.14,6,588,33.04224852071006,3.0,45-54,U,25-34K,Unknown,Single Male,1,None/Unknown,True,최상
185,705,139,44,1808.97,0,566,41.11295454545455,8.0,,,,,,,,False,중
186,389,389,1,38.41,316,0,38.41,,,,,,,,,False,최저
187,705,116,38,621.28,0,589,16.349473684210526,9.0,,,,,,,,False,최저
188,692,132,31,1628.63,13,560,52.53645161290323,12.0,,,,,,,,False,중
189,692,133,35,706.38,13,559,20.182285714285715,11.5,,,,,,,,False,하
190,669,172,18,596.35,36,497,33.13055555555556,25.0,,,,,,,,False,최저
191,686,191,22,458.11,19,495,20.82318181818182,12.0,,,,,,,,False,최저
192,705,111,82,3256.08,0,594,39.70829268292683,7.0,45-54,A,35-49K,Homeowner,Single Male,2,None/Unknown,True,상
193,694,113,73,2775.09,11,581,38.014931506849315,6.5,45-54,A,75-99K,Homeowner,2 Adults No Kids,2,None/Unknown,True,상
194,705,133,58,1545.96,0,572,26.65448275862069,6.0,,,,,,,,False,중
195,676,111,54,2812.6,29,565,52.08518518518518,8.0,,,,,,,,False,상
196,698,115,145,4608.72,7,583,31.784275862068966,3.0,,,,,,,,False,최상
197,702,178,50,1884.79,3,524,37.6958,7.0,,,,,,,,False,중
198,699,112,221,8256.3,6,587,37.35882352941176,2.0,35-44,A,Under 15K,Homeowner,2 Adults Kids,3,1,True,최상
199,701,113,44,587.31,4,588,13.347954545454543,10.0,,,,,,,,False,최저
200,702,115,52,1063.5900000000001,3,587,20.45365384615385,3.0,,,,,,,,False,하
201,704,118,43,1434.0,1,586,33.348837209302324,7.0,45-54,A,15-24K,Homeowner,2 Adults Kids,5+,3+,True,중
202,696,124,31,905.36,9,572,29.205161290322582,9.5,,,,,,,,False,하
203,702,156,30,628.72,3,546,20.957333333333334,12.0,,,,,,,,False,하
204,699,129,46,790.0600000000001,6,570,17.17521739130435,9.0,,,,,,,,False,하
205,701,117,74,3483.85,4,584,47.079054054054055,4.0,,,,,,,,False,상
206,655,282,2,27.25,50,373,13.625,,,,,,,,,False,최저
207,638,143,13,640.15,67,495,49.24230769230769,17.0,,,,,,,,False,하
208,701,112,101,3273.7400000000002,4,589,32.41326732673267,5.0,45-54,U,50-74K,Homeowner,2 Adults No Kids,2,None/Unknown,True,상
209,700,115,107,5505.98,5,585,51.45775700934579,4.0,45-54,U,25-34K,Homeowner,2 Adults Kids,3,1,True,최상
210,703,121,120,3599.11,2,582,29.992583333333336,4.0,,,,,,,,False,상
211,704,114,98,2038.84,1,590,20.804489795918368,5.0,65+,A,35-49K,Homeowner,Single Female,2,None/Unknown,True,중
212,697,114,90,2341.15,8,583,26.012777777777778,5.0,35-44,U,Under 15K,Unknown,Single Female,1,None/Unknown,True,중
213,675,111,7,597.44,30,564,85.34857142857143,86.0,,,,,,,,False,최저
214,704,113,85,2657.91,1,591,31.269529411764704,7.0,55-64,B,Under 15K,Homeowner,2 Adults No Kids,2,None/Unknown,True,상
215,696,120,115,1487.8,9,576,12.937391304347825,4.0,,,,,,,,False,중
216,705,115,95,2429.6,0,590,25.574736842105263,5.0,35-44,U,50-74K,Homeowner,Unknown,1,None/Unknown,True,상
217,691,113,41,1860.5800000000002,14,578,45.38,11.5,,,,,,,,False,중
218,705,113,103,6762.82,0,592,65.65844660194175,4.5,45-54,A,15-24K,Homeowner,2 Adults No Kids,2,None/Unknown,True,최상
219,701,112,191,10874.72,4,589,56.93570680628272,3.0,55-64,A,150-174K,Homeowner,2 Adults No Kids,2,None/Unknown,True,최상
220,679,113,57,1748.47,26,566,30.674912280701754,7.5,45-54,A,35-49K,Homeowner,2 Adults No Kids,2,None/Unknown,True,중
221,695,113,70,2657.3,10,582,37.96142857142858,8.0,65+,U,15-24K,Unknown,Unknown,1,None/Unknown,True,상
222,702,111,93,4276.77,3,591,45.98677419354839,5.5,35-44,A,35-49K,Unknown,2 Adults No Kids,2,None/Unknown,True,상
223,698,112,79,2273.54,7,586,28.77898734177215,5.0,,,,,,,,False,중
224,688,209,49,1440.8799999999999,17,479,29.405714285714282,6.0,,,,,,,,False,중
225,674,113,38,630.27,31,561,16.586052631578948,11.0,,,,,,,,False,하
226,654,116,29,1016.62,51,538,35.05586206896552,8.5,,,,,,,,False,하
227,705,117,114,1159.26,0,588,10.168947368421053,5.0,,,,,,,,False,하
228,697,113,68,2064.96,8,584,30.367058823529412,7.0,,,,,,,,False,중
229,692,112,34,814.86,13,580,23.966470588235296,14.0,,,,,,,,False,하
230,704,111,124,3981.13,1,593,32.1058870967742,4.0,25-34,U,25-34K,Unknown,Single Female,1,None/Unknown,True,상
231,453,453,1,7.5,252,0,7.5,,,,,,,,,False,최저
232,672,111,248,9871.52,33,561,39.80451612903226,1.0,35-44,U,35-49K,Unknown,2 Adults No Kids,2,None/Unknown,True,최상
233,696,347,13,639.39,9,349,49.183846153846154,11.5,,,,,,,,False,하
234,696,153,17,233.95,9,543,13.761764705882353,9.5,,,,,,,,False,최저
235,695,111,132,8551.210000000001,10,584,64.78189393939395,3.0,35-44,A,250K+,Homeowner,2 Adults Kids,5+,3+,True,최상
236,692,114,35,1049.82,13,578,29.994857142857143,10.0,,,,,,,,False,하
237,654,114,6,549.59,51,540,91.59833333333334,115.0,,,,,,,,False,최저
238,652,128,21,438.24,53,524,20.86857142857143,17.0,,,,,,,,False,최저
239,703,113,206,4093.65,2,590,19.872087378640778,3.0,45-54,U,50-74K,Renter,Unknown,1,None/Unknown,True,상
240,704,119,22,321.49,1,585,14.613181818181818,4.0,,,,,,,,False,최저
241,672,111,13,191.78,33,561,14.752307692307692,21.0,,,,,,,,False,최저
242,702,116,77,4698.86,3,586,61.02415584415584,6.0,45-54,A,75-99K,Homeowner,2 Adults Kids,5+,3+,True,최상
243,704,114,164,5988.34,1,590,36.51426829268293,3.0,65+,U,50-74K,Homeowner,2 Adults No Kids,2,None/Unknown,True,최상
244,677,115,37,1491.67,28,562,40.31540540540541,15.0,,,,,,,,False,중
245,647,157,30,1019.29,58,490,33.97633333333333,14.0,,,,,,,,False,하
246,692,120,38,598.53,13,572,15.75078947368421,11.0,,,,,,,,False,최저
247,704,143,43,1109.61,1,561,25.80488372093023,5.0,,,,,,,,False,하
248,704,116,43,5062.81,1,588,117.73976744186048,7.0,35-44,A,125-149K,Homeowner,2 Adults Kids,4,2,True,최상
249,704,111,105,2485.37,1,593,23.670190476190474,4.0,35-44,A,Under 15K,Renter,Unknown,3,1,True,상
250,698,111,117,5800.64,7,587,49.57811965811966,5.0,45-54,A,75-99K,Homeowner,1 Adult Kids,4,2,True,최상
251,703,114,62,1992.26,2,589,32.13322580645161,7.0,,,,,,,,False,중
252,665,112,9,93.78,40,553,10.42,43.0,,,,,,,,False,최저
253,697,112,208,8900.93,8,585,42.792932692307694,2.0,45-54,U,Under 15K,Unknown,Single Female,1,None/Unknown,True,최상
254,698,122,36,379.89,7,576,10.5525,14.0,,,,,,,,False,최저
255,697,194,16,607.22,8,503,37.95125,12.0,,,,,,,,False,최저
256,704,116,92,8395.54,1,588,91.2558695652174,6.0,25-34,U,50-74K,Homeowner,2 Adults No Kids,2,None/Unknown,True,최상
257,698,115,83,2375.9300000000003,7,583,28.625662650602415,6.0,25-34,U,25-34K,Unknown,1 Adult Kids,3,2,True,중
258,699,111,165,2266.98,6,588,13.739272727272727,3.0,,,,,,,,False,중
259,694,114,48,1042.1000000000001,11,580,21.71041666666667,9.0,,,,,,,,False,하
260,699,112,28,407.12,6,587,14.540000000000001,15.0,,,,,,,,False,최저
261,650,113,27,899.86,55,537,33.32814814814815,6.5,,,,,,,,False,하
262,697,111,158,4734.71,8,586,29.96651898734177,2.0,,,,,,,,False,최상
263,701,111,289,5659.17,4,590,19.58190311418685,2.0,45-54,U,35-49K,Unknown,2 Adults No Kids,2,None/Unknown,True,최상
264,680,112,54,1650.15,25,568,30.558333333333334,8.0,45-54,U,75-99K,Homeowner,2 Adults No Kids,2,None/Unknown,True,중
265,705,174,48,1798.15,0,531,37.46145833333333,6.0,,,,,,,,False,중
266,697,113,49,2741.8,8,584,55.95510204081633,7.5,,,,,,,,False,상
267,675,122,17,324.56,30,553,19.091764705882355,16.5,,,,,,,,False,최저
268,676,196,23,732.11,29,480,31.83086956521739,9.5,,,,,,,,False,하
269,703,112,66,1717.73,2,591,26.026212121212122,4.0,,,,,,,,False,중
270,704,118,30,855.72,1,586,28.524,8.0,,,,,,,,False,하
271,690,114,58,994.6899999999999,15,576,17.149827586206897,7.0,,,,,,,,False,하
272,188,125,5,368.38,517,63,73.676,12.0,,,,,,,,False,최저
273,699,179,97,2018.8,6,520,20.81237113402062,3.0,,,,,,,,False,중
274,674,157,11,117.68,31,517,10.69818181818182,19.5,,,,,,,,False,최저
275,703,112,229,5095.04,2,591,22.249082969432315,2.0,,,,,,,,False,최상
276,691,115,105,4730.68,14,576,45.05409523809524,4.0,35-44,U,35-49K,Unknown,Single Male,1,None/Unknown,True,최상
277,694,117,16,662.99,11,577,41.436875,39.0,,,,,,,,False,하
278,704,125,71,1544.88,1,579,21.75887323943662,6.5,,,,,,,,False,중
279,655,231,36,1428.08,50,424,39.66888888888889,10.0,,,,,,,,False,중
280,704,113,72,1877.42,1,591,26.075277777777778,6.0,,,,,,,,False,중
281,691,114,60,1220.3600000000001,14,577,20.339333333333336,8.0,35-44,B,50-74K,Homeowner,Single Female,1,None/Unknown,True,하
282,705,111,71,3451.81,0,594,48.61704225352113,7.0,45-54,U,35-49K,Unknown,Single Female,1,None/Unknown,True,상
283,700,159,70,5947.9800000000005,5,541,84.97114285714287,6.0,25-34,A,50-74K,Homeowner,2 Adults No Kids,2,None/Unknown,True,최상
284,705,120,17,480.88,0,585,28.28705882352941,15.5,,,,,,,,False,최저
285,705,113,146,3314.27,0,592,22.700479452054793,3.0,,,,,,,,False,상
286,702,150,32,1126.28,3,552,35.19625,14.0,,,,,,,,False,하
287,705,124,197,2779.92,0,581,14.111269035532995,2.0,,,,,,,,False,상
288,702,115,69,2343.67,3,587,33.96623188405797,6.0,,,,,,,,False,중
289,698,114,124,4232.7300000000005,7,584,34.134919354838715,3.0,45-54,B,100-124K,Homeowner,Single Male,1,None/Unknown,True,상
290,701,112,230,5316.65,4,589,23.11586956521739,2.0,25-34,U,35-49K,Unknown,2 Adults No Kids,2,None/Unknown,True,최상
291,688,111,49,2410.18,17,577,49.187346938775505,6.5,,,,,,,,False,상
292,704,115,68,959.06,1,589,14.103823529411764,4.0,,,,,,,,False,하
293,694,130,85,3666.83,11,564,43.13917647058823,5.5,,,,,,,,False,상
294,700,112,189,4317.27,5,588,22.842698412698415,3.0,25-34,A,50-74K,Homeowner,2 Adults Kids,4,2,True,최상
295,446,341,3,113.04,259,105,37.68,,,,,,,,,False,최저
296,697,624,5,67.22999999999999,8,73,13.445999999999998,4.0,,,,,,,,False,최저
297,698,114,88,3407.73,7,584,38.72420454545455,5.0,,,,,,,,False,상
298,292,292,1,16.32,413,0,16.32,,,,,,,,,False,최저
299,696,150,9,199.91,9,546,22.212222222222223,44.5,,,,,,,,False,최저
300,685,117,87,4054.47,20,568,46.60310344827586,4.0,55-64,A,Under 15K,Unknown,Single Female,2,None/Unknown,True,상
301,702,113,72,6496.2,3,589,90.225,7.0,35-44,A,35-49K,Homeowner,2 Adults Kids,4,2,True,최상
302,691,111,85,1709.8500000000001,14,580,20.115882352941178,5.0,45-54,U,35-49K,Homeowner,2 Adults Kids,3,1,True,중
303,705,115,153,4595.01,0,590,30.032745098039218,3.0,,,,,,,,False,최상
304,705,124,191,6125.71,0,581,32.07178010471204,2.0,25-34,U,50-74K,Unknown,2 Adults No Kids,2,None/Unknown,True,최상
305,704,111,100,2679.95,1,593,26.7995,4.0,,,,,,,,False,상
306,702,112,131,4723.14,3,590,36.0545038167939,3.5,19-24,U,35-49K,Homeowner,2 Adults Kids,4,2,True,최상
307,704,112,302,2242.9700000000003,1,592,7.427052980132451,2.0,,,,,,,,False,중
308,701,190,64,2100.7000000000003,4,511,32.823437500000004,7.0,,,,,,,,False,중
309,624,159,18,1825.35,81,465,101.40833333333333,25.0,25-34,A,75-99K,Homeowner,Single Male,2,None/Unknown,True,중
310,698,551,2,81.02000000000001,7,147,40.510000000000005,,,,,,,,,False,최저
311,666,135,31,993.49,39,531,32.04806451612903,18.0,,,,,,,,False,하
312,696,118,36,2506.53,9,578,69.62583333333333,14.0,,,,,,,,False,상
314,702,127,26,2466.6,3,575,94.86923076923077,13.0,45-54,U,75-99K,Homeowner,2 Adults Kids,3,1,True,상
315,627,123,7,123.73,78,504,17.675714285714285,91.5,,,,,,,,False,최저
316,698,129,40,908.19,7,569,22.70475,8.0,,,,,,,,False,하
317,677,119,53,5431.05,28,558,102.47264150943397,8.5,45-54,A,75-99K,Homeowner,Single Male,2,None/Unknown,True,최상
318,698,116,64,825.84,7,582,12.90375,7.0,,,,,,,,False,하
319,690,120,68,2636.73,15,570,38.775441176470586,6.0,45-54,U,35-49K,Homeowner,1 Adult Kids,4,3+,True,상
320,689,144,17,466.21,16,545,27.42411764705882,19.5,,,,,,,,False,최저
321,690,112,93,5306.05,15,578,57.05430107526882,5.0,45-54,A,100-124K,Homeowner,2 Adults No Kids,2,None/Unknown,True,최상
322,703,158,59,2267.87,2,545,38.43847457627118,5.0,,,,,,,,False,중
323,704,201,9,124.78,1,503,13.864444444444445,58.5,,,,,,,,False,최저
324,705,117,89,6511.34,0,588,73.16112359550561,6.0,45-54,U,50-74K,Unknown,Single Female,1,None/Unknown,True,최상
325,698,123,65,2615.84,7,575,40.24369230769231,7.0,35-44,A,75-99K,Homeowner,2 Adults Kids,4,2,True,상
326,685,123,23,638.19,20,562,27.74739130434783,4.0,,,,,,,,False,하
327,671,125,18,116.98,34,546,6.498888888888889,6.0,,,,,,,,False,최저
328,705,111,182,15129.67,0,594,83.13005494505495,3.0,,,,,,,,False,최상
329,699,111,140,2852.61,6,588,20.375785714285715,4.0,25-34,U,75-99K,Unknown,Single Female,1,None/Unknown,True,상
330,686,116,159,1477.8700000000001,19,570,9.294779874213837,2.0,,,,,,,,False,중
331,691,112,50,1273.3,14,579,25.465999999999998,8.0,,,,,,,,False,하
332,699,131,87,4240.06,6,568,48.73632183908047,5.0,35-44,A,125-149K,Homeowner,2 Adults Kids,5+,3+,True,상
333,678,128,34,1217.28,27,550,35.80235294117647,12.0,,,,,,,,False,하
334,704,111,245,4062.27,1,593,16.58069387755102,2.0,45-54,A,Under 15K,Homeowner,2 Adults No Kids,2,None/Unknown,True,상
335,692,115,110,2378.83,13,577,21.62572727272727,4.0,,,,,,,,False,중
336,687,111,70,2465.7400000000002,18,576,35.22485714285715,5.0,,,,,,,,False,상
337,699,129,54,809.14,6,570,14.984074074074075,7.0,,,,,,,,False,하
338,705,153,122,2546.32,0,552,20.871475409836066,3.0,,,,,,,,False,상
339,696,116,60,1534.1100000000001,9,580,25.568500000000004,9.0,,,,,,,,False,중
340,627,163,19,896.87,78,464,47.20368421052632,19.5,,,,,,,,False,하
341,637,177,25,364.41,68,460,14.576400000000001,10.0,,,,,,,,False,최저
342,703,141,43,2124.51,2,562,49.40720930232558,11.0,,,,,,,,False,중
343,705,132,52,1500.8700000000001,0,573,28.86288461538462,9.0,,,,,,,,False,중
344,629,113,41,1859.67,76,516,45.35780487804878,7.0,,,,,,,,False,중
345,699,115,147,5029.2699999999995,6,584,34.21272108843537,3.0,,,,,,,,False,최상
346,700,130,116,5239.11,5,570,45.16474137931034,4.0,65+,A,50-74K,Homeowner,2 Adults No Kids,2,None/Unknown,True,최상
347,669,197,7,235.46,36,472,33.637142857142855,50.0,,,,,,,,False,최저
348,700,112,83,2504.4900000000002,5,588,30.174578313253015,3.0,,,,,,,,False,상
349,704,119,27,833.03,1,585,30.852962962962962,9.0,,,,,,,,False,하
350,703,117,59,1917.8400000000001,2,586,32.505762711864406,6.0,45-54,A,50-74K,Homeowner,1 Adult Kids,4,2,True,중
351,705,116,225,7413.02,0,589,32.946755555555555,2.0,45-54,U,50-74K,Unknown,Unknown,1,None/Unknown,True,최상
352,694,152,3,92.49000000000001,11,542,30.830000000000002,,,,,,,,,False,최저
353,700,118,114,3663.65,5,582,32.137280701754385,4.0,45-54,A,150-174K,Homeowner,2 Adults No Kids,2,None/Unknown,True,상
354,705,111,144,8165.74,0,594,56.70652777777778,3.0,25-34,A,35-49K,Homeowner,2 Adults Kids,5+,3+,True,최상
355,371,235,3,235.56,334,136,78.52,,,,,,,,,False,최저
356,705,111,155,2396.68,0,594,15.462451612903225,2.0,,,,,,,,False,중
357,696,264,20,1683.66,9,432,84.183,18.0,,,,,,,,False,중
358,704,126,300,12475.25,1,578,41.58416666666667,1.0,35-44,U,50-74K,Homeowner,2 Adults No Kids,2,None/Unknown,True,최상
360,697,154,32,433.76,8,543,13.555,8.0,,,,,,,,False,최저
361,702,114,162,7179.77,3,588,44.31956790123457,3.0,45-54,U,50-74K,Unknown,Unknown,1,None/Unknown,True,최상
362,701,113,71,2403.75,4,588,33.855633802816904,7.5,65+,U,50-74K,Unknown,Single Male,1,None/Unknown,True,상
363,581,419,3,41.4,124,162,13.799999999999999,,,,,,,,,False,최저
364,705,117,60,2122.16,0,588,35.36933333333333,5.0,,,,,,,,False,중
365,697,111,104,5848.29,8,586,56.23355769230769,5.0,,,,,,,,False,최상
366,675,148,39,597.46,30,527,15.319487179487181,8.0,,,,,,,,False,최저
367,701,115,84,6251.41,4,586,74.42154761904762,7.0,55-64,A,50-74K,Homeowner,2 Adults No Kids,2,None/Unknown,True,최상
368,693,112,34,890.75,12,581,26.198529411764707,8.0,,,,,,,,False,하
369,700,211,23,829.96,5,489,36.08521739130435,21.0,,,,,,,,False,하
370,556,112,86,2161.57,149,444,25.13453488372093,3.0,65+,U,50-74K,Unknown,2 Adults No Kids,2,None/Unknown,True,중
371,700,125,141,14334.65,5,575,101.66418439716311,3.0,35-44,A,75-99K,Homeowner,2 Adults Kids,3,1,True,최상
372,496,118,6,362.75,209,378,60.458333333333336,83.0,,,,,,,,False,최저
373,688,123,10,86.50999999999999,17,565,8.651,26.0,,,,,,,,False,최저
374,705,116,117,6144.5,0,589,52.51709401709402,4.0,,,,,,,,False,최상
375,696,179,22,181.93,9,517,8.269545454545455,15.0,,,,,,,,False,최저
376,703,111,359,4266.6,2,592,11.884679665738162,1.0,,,,,,,,False,상
377,704,112,125,2978.51,1,592,23.828080000000003,3.0,45-54,A,50-74K,Homeowner,2 Adults No Kids,2,None/Unknown,True,상
378,704,111,262,3964.75,1,593,15.132633587786259,2.0,55-64,A,50-74K,Homeowner,Single Female,2,None/Unknown,True,상
379,118,118,1,4.49,587,0,4.49,,,,,,,,,False,최저
380,705,115,121,7321.05,0,590,60.50454545454546,5.0,,,,,,,,False,최상
381,699,113,62,2330.26,6,586,37.58483870967742,7.0,25-34,B,35-49K,Homeowner,1 Adult Kids,2,1,True,중
382,675,140,21,482.23,30,535,22.963333333333335,15.0,,,,,,,,False,최저
383,693,111,109,4667.15,12,582,42.81788990825688,5.0,45-54,U,50-74K,Homeowner,Unknown,1,None/Unknown,True,최상
384,705,132,66,3588.5,0,573,54.371212121212125,7.0,,,,,,,,False,상
385,701,121,34,2623.6,4,580,77.16470588235293,9.0,25-34,A,50-74K,Homeowner,2 Adults Kids,5+,3+,True,상
386,705,113,174,4187.51,0,592,24.066149425287357,2.0,35-44,B,25-34K,Probable Owner,Single Female,1,None/Unknown,True,상
387,704,111,111,5682.77,1,593,51.19612612612613,3.5,25-34,B,50-74K,Homeowner,Single Female,1,None/Unknown,True,최상
388,704,111,51,1229.01,1,593,24.098235294117647,9.0,,,,,,,,False,하
389,705,113,213,13601.07,0,592,63.85478873239437,2.0,35-44,U,150-174K,Probable Owner,Single Female,1,None/Unknown,True,최상
390,697,111,96,1521.76,8,586,15.851666666666667,5.0,45-54,B,25-34K,Renter,Single Female,1,None/Unknown,True,중
391,613,224,39,1346.35,92,389,34.52179487179487,4.0,65+,B,25-34K,Unknown,Single Female,1,None/Unknown,True,하
392,698,118,99,10868.95,7,580,109.78737373737374,6.0,35-44,A,250K+,Homeowner,2 Adults Kids,3,1,True,최상
393,705,112,136,3479.84,0,593,25.587058823529414,3.0,,,,,,,,False,상
394,682,192,60,1517.04,23,490,25.284,6.0,,,,,,,,False,중
395,704,115,54,716.79,1,589,13.273888888888889,7.0,35-44,U,25-34K,Unknown,Single Male,1,None/Unknown,True,하
396,705,119,92,1632.91,0,586,17.749021739130434,4.0,,,,,,,,False,중
397,703,113,174,5014.36,2,590,28.81816091954023,3.0,,,,,,,,False,최상
398,701,135,87,1699.6299999999999,4,566,19.53597701149425,4.0,,,,,,,,False,중
399,663,113,16,903.48,42,550,56.4675,34.0,,,,,,,,False,하
400,704,118,217,16172.22,1,586,74.52635944700461,2.0,35-44,A,150-174K,Homeowner,2 Adults Kids,3,1,True,최상
401,702,138,79,2385.2400000000002,3,564,30.192911392405065,3.0,,,,,,,,False,중
402,705,126,61,1803.84,0,579,29.571147540983606,6.0,,,,,,,,False,중
403,642,156,36,714.96,63,486,19.86,8.0,,,,,,,,False,하
404,703,112,181,4622.71,2,591,25.539834254143646,3.0,25-34,A,25-34K,Unknown,Unknown,2,None/Unknown,True,최상
405,691,117,49,1990.67,14,574,40.62591836734694,8.0,,,,,,,,False,중
406,677,126,31,1447.4,28,551,46.690322580645166,7.0,,,,,,,,False,중
407,696,113,33,561.36,9,583,17.01090909090909,4.0,,,,,,,,False,최저
408,698,125,46,2168.43,7,573,47.13978260869565,10.0,,,,,,,,False,중
409,704,118,92,3301.22,1,586,35.88282608695652,5.0,19-24,B,25-34K,Homeowner,2 Adults No Kids,2,None/Unknown,True,상
410,699,127,115,1041.13,6,572,9.053304347826089,3.0,55-64,A,35-49K,Homeowner,2 Adults Kids,5+,3+,True,하
411,705,114,111,6115.38,0,591,55.093513513513514,3.0,35-44,U,Under 15K,Unknown,2 Adults No Kids,2,None/Unknown,True,최상
412,698,124,89,2179.11,7,574,24.484382022471912,5.0,65+,A,15-24K,Homeowner,Single Female,2,None/Unknown,True,중
413,702,119,188,4285.57,3,583,22.795585106382976,2.0,45-54,U,100-124K,Unknown,Unknown,1,None/Unknown,True,상
414,704,122,96,2147.41,1,582,22.368854166666665,4.0,,,,,,,,False,중
415,694,117,15,514.63,11,577,34.30866666666667,15.5,,,,,,,,False,최저
416,575,139,25,2143.26,130,436,85.7304,7.0,,,,,,,,False,중
417,703,112,73,2922.59,2,591,40.035479452054794,8.0,45-54,A,35-49K,Unknown,Single Female,2,None/Unknown,True,상
418,690,116,178,5921.13,15,574,33.264775280898874,2.0,35-44,U,35-49K,Unknown,2 Adults Kids,3,1,True,최상
419,641,124,35,1268.22,64,517,36.234857142857145,9.0,,,,,,,,False,하
420,705,114,68,1790.47,0,591,26.33044117647059,4.0,,,,,,,,False,중
421,695,119,114,4178.59,10,576,36.65429824561404,4.0,,,,,,,,False,상
422,625,325,14,764.59,80,300,54.61357142857143,13.0,,,,,,,,False,하
423,589,429,12,227.85000000000002,116,160,18.9875,6.0,,,,,,,,False,최저
424,687,265,22,2129.08,18,422,96.77636363636363,9.0,,,,,,,,False,중
425,705,112,113,4648.46,0,593,41.13681415929204,5.0,,,,,,,,False,최상
426,704,112,156,5231.09,1,592,33.532628205128205,3.0,45-54,U,50-74K,Homeowner,2 Adults No Kids,2,None/Unknown,True,최상
427,698,293,34,698.54,7,405,20.545294117647057,6.0,,,,,,,,False,하
428,693,114,79,2918.6,12,579,36.94430379746835,6.0,19-24,U,50-74K,Probable Owner,2 Adults No Kids,2,None/Unknown,True,상
429,679,113,39,504.33,26,566,12.93153846153846,9.0,,,,,,,,False,최저
430,705,115,87,2322.09,0,590,26.690689655172417,3.0,,,,,,,,False,중
431,658,114,32,508.55,47,544,15.8921875,11.0,,,,,,,,False,최저
432,705,114,186,2698.79,0,591,14.509623655913979,2.0,19-24,U,25-34K,Unknown,Single Female,1,None/Unknown,True,상
433,696,122,58,694.87,9,574,11.98051724137931,8.0,,,,,,,,False,하
434,701,114,100,3573.19,4,587,35.7319,6.0,35-44,A,15-24K,Homeowner,2 Adults Kids,3,1,True,상
435,697,127,56,1490.63,8,570,26.618392857142858,5.0,,,,,,,,False,중
436,697,117,29,2303.61,8,580,79.43482758620691,13.5,,,,,,,,False,중
437,701,113,52,4426.6,4,588,85.12692307692308,9.0,25-34,A,50-74K,Homeowner,2 Adults Kids,5+,3+,True,최상
438,704,130,61,4433.66,1,574,72.68295081967213,7.0,35-44,A,50-74K,Probable Owner,2 Adults No Kids,2,None/Unknown,True,최상
439,699,129,29,519.9,6,570,17.92758620689655,5.5,,,,,,,,False,최저
440,489,113,3,83.88,216,376,27.959999999999997,,,,,,,,,False,최저
441,697,116,75,2360.55,8,581,31.474000000000004,7.0,45-54,B,50-74K,Homeowner,Single Female,1,None/Unknown,True,중
442,705,138,149,2544.98,0,567,17.080402684563758,1.5,25-34,U,15-24K,Unknown,1 Adult Kids,2,1,True,상
443,701,202,89,2515.19,4,499,28.26056179775281,5.0,45-54,A,25-34K,Homeowner,2 Adults No Kids,2,None/Unknown,True,상
444,571,131,28,1024.3,134,440,36.582142857142856,8.0,,,,,,,,False,하
445,636,111,162,2439.75,69,525,15.060185185185185,2.0,,,,,,,,False,상
446,702,111,29,212.05,3,591,7.312068965517242,13.5,,,,,,,,False,최저
447,705,111,101,1415.5,0,594,14.014851485148515,3.0,,,,,,,,False,중
448,694,162,38,442.09999999999997,11,532,11.634210526315789,8.0,,,,,,,,False,최저
449,705,132,28,676.64,0,573,24.165714285714284,14.0,,,,,,,,False,하
450,695,114,64,1524.2,10,581,23.815625,8.0,,,,,,,,False,중
451,702,112,121,1941.7,3,590,16.04710743801653,4.0,25-34,B,Under 15K,Renter,2 Adults No Kids,2,None/Unknown,True,중
452,691,245,18,770.42,14,446,42.80111111111111,14.0,,,,,,,,False,하
453,602,124,28,721.64,103,478,25.77285714285714,14.0,,,,,,,,False,하
454,705,112,266,7312.26,0,593,27.489699248120303,2.0,55-64,U,35-49K,Unknown,Single Male,1,None/Unknown,True,최상
455,565,155,12,818.53,140,410,68.21083333333333,30.0,,,,,,,,False,하
456,701,128,80,5223.84,4,573,65.298,6.0,19-24,B,50-74K,Homeowner,2 Adults No Kids,2,None/Unknown,True,최상
457,694,144,63,628.08,11,550,9.96952380952381,3.0,,,,,,,,False,하
458,701,115,107,1584.56,4,586,14.808971962616821,5.0,55-64,A,35-49K,Homeowner,Single Female,2,None/Unknown,True,중
459,704,128,61,1122.92,1,576,18.408524590163935,8.0,,,,,,,,False,하
460,686,115,78,567.58,19,571,7.276666666666667,6.0,65+,B,25-34K,Homeowner,Single Female,1,None/Unknown,True,최저
461,684,130,29,508.07,21,554,17.519655172413792,16.0,,,,,,,,False,최저
462,702,116,77,1316.32,3,586,17.095064935064933,6.0,65+,U,100-124K,Unknown,Single Male,1,None/Unknown,True,하
463,705,111,366,4338.37,0,594,11.85346994535519,1.0,,,,,,,,False,최상
464,703,111,124,3085.08,2,592,24.879677419354838,4.0,65+,A,50-74K,Homeowner,2 Adults No Kids,2,None/Unknown,True,상
465,696,144,38,348.27,9,552,9.165,8.0,,,,,,,,False,최저
466,670,337,16,411.5,35,333,25.71875,13.0,,,,,,,,False,최저
467,701,113,111,2321.84,4,588,20.91747747747748,3.0,,,,,,,,False,중
468,705,114,240,5496.79,0,591,22.903291666666668,2.0,,,,,,,,False,최상
469,698,114,114,6359.88,7,584,55.78842105263158,4.0,45-54,U,75-99K,Probable Owner,Single Female,1,None/Unknown,True,최상
470,703,111,121,1929.17,2,592,15.943553719008266,4.0,,,,,,,,False,중
471,693,112,38,1413.97,12,581,37.209736842105265,14.0,,,,,,,,False,중
472,663,112,72,7141.84,42,551,99.19222222222223,6.0,,,,,,,,False,최상
473,692,115,43,2341.9,13,577,54.46279069767442,12.0,45-54,U,50-74K,Homeowner,Unknown,1,None/Unknown,True,중
474,690,273,24,1633.72,15,417,68.07166666666667,11.0,,,,,,,,False,중
475,697,125,35,1423.34,8,572,40.66685714285714,10.0,,,,,,,,False,중
476,645,155,24,991.19,60,490,41.29958333333334,8.0,,,,,,,,False,하
477,694,118,39,493.19,11,576,12.645897435897435,10.0,,,,,,,,False,최저
478,676,111,16,226.01,29,565,14.125625,33.0,,,,,,,,False,최저
479,704,111,126,1753.43,1,593,13.916111111111112,2.0,,,,,,,,False,중
480,673,116,46,1949.29,32,557,42.37586956521739,7.0,,,,,,,,False,중
481,685,122,41,1766.82,20,563,43.09317073170732,6.5,,,,,,,,False,중
482,701,124,45,1568.89,4,577,34.864222222222224,8.0,,,,,,,,False,중
483,705,133,79,2401.21,0,572,30.39506329113924,5.0,45-54,U,35-49K,Unknown,Single Female,1,None/Unknown,True,중
484,702,124,98,2719.2,3,578,27.746938775510202,5.0,25-34,U,15-24K,Unknown,2 Adults No Kids,2,None/Unknown,True,상
485,705,117,111,3767.89,0,588,33.94495495495495,5.0,35-44,U,25-34K,Homeowner,Single Male,1,None/Unknown,True,상
486,694,119,18,814.5,11,575,45.25,23.0,,,,,,,,False,하
487,669,410,8,116.60000000000001,36,259,14.575000000000001,33.0,,,,,,,,False,최저
488,661,124,14,339.92,44,537,24.28,29.0,,,,,,,,False,최저
489,704,118,138,4404.86,1,586,31.91927536231884,3.0,55-64,U,150-174K,Unknown,Single Female,1,None/Unknown,True,최상
490,692,111,62,3496.95,13,581,56.402419354838706,7.0,35-44,A,75-99K,Homeowner,2 Adults Kids,5+,3+,True,상
491,698,115,78,3453.45,7,583,44.275,6.0,45-54,A,75-99K,Unknown,Single Female,2,None/Unknown,True,상
492,633,118,77,6013.3,72,515,78.0948051948052,7.0,45-54,U,50-74K,Homeowner,2 Adults No Kids,2,None/Unknown,True,최상
493,702,111,145,4281.13,3,591,29.52503448275862,3.0,55-64,U,50-74K,Unknown,Unknown,1,None/Unknown,True,상
495,682,118,60,2745.4700000000003,23,564,45.75783333333334,7.0,,,,,,,,False,상
496,652,114,11,648.4000000000001,53,538,58.94545454545455,28.5,,,,,,,,False,하
497,703,139,50,534.83,2,564,10.6966,10.0,,,,,,,,False,최저
498,662,357,50,864.9300000000001,43,305,17.2986,3.0,,,,,,,,False,하
499,544,113,24,402.52,161,431,16.771666666666665,2.0,,,,,,,,False,최저
500,453,402,2,68.6,252,51,34.3,,,,,,,,,False,최저
501,695,158,17,423.98,10,537,24.94,18.5,,,,,,,,False,최저
502,702,113,44,2293.43,3,589,52.123409090909085,8.0,,,,,,,,False,중
503,702,111,132,4431.2300000000005,3,591,33.56992424242424,4.0,,,,,,,,False,최상
504,620,298,6,391.64,85,322,65.27333333333333,42.0,,,,,,,,False,최저
505,704,115,18,188.54,1,589,10.474444444444444,14.0,,,,,,,,False,최저
506,693,191,22,936.4300000000001,12,502,42.565000000000005,16.0,,,,,,,,False,하
507,692,118,55,1250.76,13,574,22.741090909090907,8.0,,,,,,,,False,하
508,692,113,49,1190.51,13,579,24.29612244897959,7.0,,,,,,,,False,하
509,567,177,14,237.76,138,390,16.982857142857142,28.0,,,,,,,,False,최저
510,700,111,236,6821.45,5,589,28.904449152542373,2.0,35-44,A,250K+,Homeowner,2 Adults Kids,3,1,True,최상
511,702,112,233,3584.97,3,590,15.386137339055793,2.0,,,,,,,,False,상
512,686,117,15,866.04,19,569,57.736,7.0,,,,,,,,False,하
513,705,113,133,9940.99,0,592,74.74428571428571,4.0,45-54,U,75-99K,Homeowner,2 Adults No Kids,2,None/Unknown,True,최상
514,699,132,62,2217.19,6,567,35.76112903225807,9.0,,,,,,,,False,중
515,699,244,41,1668.49,6,455,40.69487804878049,7.0,,,,,,,,False,중
516,665,276,14,271.74,40,389,19.41,25.0,,,,,,,,False,최저
517,704,117,82,3145.2599999999998,1,587,38.35682926829268,6.0,,,,,,,,False,상
518,704,116,132,4742.81,1,588,35.930378787878794,3.0,45-54,A,75-99K,Homeowner,2 Adults No Kids,2,None/Unknown,True,최상
519,659,113,27,664.8199999999999,46,546,24.622962962962962,21.5,,,,,,,,False,하
520,705,112,92,1827.32,0,593,19.862173913043478,4.0,,,,,,,,False,중
521,694,130,44,807.34,11,564,18.348636363636363,7.0,,,,,,,,False,하
522,491,155,2,29.340000000000003,214,336,14.670000000000002,,,,,,,,,False,최저
523,693,111,191,4340.21,12,582,22.723612565445027,2.0,65+,B,35-49K,Homeowner,Single Male,1,None/Unknown,True,최상
524,694,116,69,1964.71,11,578,28.474057971014492,6.0,,,,,,,,False,중
525,684,111,35,805.08,21,573,23.002285714285716,8.0,,,,,,,,False,하
526,705,111,140,3696.48,0,594,26.40342857142857,3.0,45-54,U,50-74K,Unknown,Unknown,1,None/Unknown,True,상
527,701,117,126,3529.59,4,584,28.012619047619047,4.0,45-54,U,50-74K,Homeowner,Single Female,1,None/Unknown,True,상
528,705,341,13,332.35,0,364,25.565384615384616,15.0,,,,,,,,False,최저
529,693,141,37,1665.83,12,552,45.02243243243243,7.0,,,,,,,,False,중
530,691,145,39,1114.18,14,546,28.56871794871795,9.5,,,,,,,,False,하
531,700,114,38,1018.81,5,586,26.81078947368421,8.0,,,,,,,,False,하
532,649,115,20,400.69,56,534,20.0345,4.0,,,,,,,,False,최저
533,692,125,54,2460.81,13,567,45.57055555555556,8.0,,,,,,,,False,상
534,705,111,331,1189.4,0,594,3.5933534743202418,1.0,45-54,U,35-49K,Unknown,Single Male,1,None/Unknown,True,하
535,632,139,25,1147.35,73,493,45.894,13.5,,,,,,,,False,하
536,705,113,67,1343.86,0,592,20.057611940298507,6.0,,,,,,,,False,하
537,674,116,42,1404.26,31,558,33.434761904761906,7.0,,,,,,,,False,하
538,704,123,61,4122.29,1,581,67.57852459016394,8.0,,,,,,,,False,상
539,702,145,40,991.97,3,557,24.79925,4.0,,,,,,,,False,하
540,701,125,76,3062.67,4,576,40.298289473684214,6.0,25-34,B,50-74K,Homeowner,Single Female,1,None/Unknown,True,상
541,691,112,37,1311.57,14,579,35.44783783783784,14.0,,,,,,,,False,하
542,692,137,95,1753.27,13,555,18.455473684210528,5.0,25-34,U,35-49K,Unknown,Single Female,1,None/Unknown,True,중
543,705,124,90,3565.56,0,581,39.617333333333335,7.0,35-44,A,35-49K,Probable Owner,1 Adult Kids,3,1,True,상
544,684,140,76,1329.4,21,544,17.492105263157896,4.0,,,,,,,,False,하
545,690,111,50,2461.47,15,579,49.2294,11.0,,,,,,,,False,상
546,633,117,92,2761.1,72,516,30.01195652173913,5.0,45-54,U,50-74K,Unknown,2 Adults No Kids,2,None/Unknown,True,상
547,705,114,42,1260.16,0,591,30.003809523809526,8.0,,,,,,,,False,하
548,684,124,79,3842.79,21,560,48.64291139240506,6.0,35-44,B,75-99K,Homeowner,2 Adults No Kids,2,None/Unknown,True,상
549,703,116,77,2292.17,2,587,29.76844155844156,1.0,,,,,,,,False,중
550,702,114,31,743.14,3,588,23.97225806451613,11.5,,,,,,,,False,하
551,699,135,42,716.99,6,564,17.071190476190477,9.0,,,,,,,,False,하
552,704,178,37,2103.06,1,526,56.839459459459455,11.0,,,,,,,,False,중
553,705,111,222,6809.66,0,594,30.674144144144144,2.0,45-54,U,75-99K,Homeowner,2 Adults No Kids,2,None/Unknown,True,최상
554,695,145,19,1280.23,10,550,67.38052631578948,25.5,,,,,,,,False,하
555,601,114,16,322.36,104,487,20.1475,19.0,,,,,,,,False,최저
556,406,129,5,170.24,299,277,34.048,65.0,,,,,,,,False,최저
557,683,137,26,678.39,22,546,26.091923076923077,17.0,,,,,,,,False,하
558,704,119,103,2404.11,1,585,23.34087378640777,4.0,,,,,,,,False,상
559,489,153,21,238.53,216,336,11.358571428571429,12.5,,,,,,,,False,최저
560,702,111,204,5072.83,3,591,24.866813725490196,2.0,19-24,U,35-49K,Unknown,2 Adults No Kids,2,None/Unknown,True,최상
561,701,140,23,1258.56,4,561,54.72,11.5,,,,,,,,False,하
562,695,117,64,2761.04,10,578,43.14125,7.0,,,,,,,,False,상
563,704,113,49,1939.97,1,591,39.59122448979592,8.0,,,,,,,,False,중
564,673,113,43,719.38,32,560,16.729767441860464,8.0,,,,,,,,False,하
565,694,120,18,326.98,11,574,18.165555555555557,31.0,,,,,,,,False,최저
566,694,111,77,1034.75,11,583,13.438311688311689,3.0,,,,,,,,False,하
567,704,111,200,2882.79,1,593,14.41395,2.0,19-24,U,25-34K,Unknown,Single Male,1,None/Unknown,True,상
568,705,113,136,8263.86,0,592,60.76367647058824,3.0,,,,,,,,False,최상
569,692,112,84,5365.06,13,580,63.86976190476191,5.0,35-44,A,250K+,Homeowner,2 Adults Kids,3,1,True,최상
570,704,111,30,1309.17,1,593,43.639,12.0,,,,,,,,False,하
571,605,224,10,802.3299999999999,100,381,80.23299999999999,37.0,,,,,,,,False,하
572,516,116,18,398.52,189,400,22.14,1.0,,,,,,,,False,최저
573,696,113,89,2591.28,9,583,29.11550561797753,5.0,,,,,,,,False,상
574,704,111,99,6088.88,1,593,61.503838383838385,6.0,35-44,A,75-99K,Homeowner,2 Adults Kids,3,1,True,최상
575,704,125,234,9857.6,1,579,42.126495726495726,2.0,35-44,U,50-74K,Unknown,Single Female,1,None/Unknown,True,최상
576,679,111,114,3087.95,26,568,27.087280701754384,3.0,55-64,A,35-49K,Homeowner,Single Male,2,None/Unknown,True,상
577,678,113,36,4178.31,27,565,116.06416666666668,12.0,,,,,,,,False,상
578,704,117,102,2860.14,1,587,28.040588235294116,4.0,25-34,U,50-74K,Unknown,Single Male,1,None/Unknown,True,상
579,705,136,17,337.97,0,569,19.88058823529412,31.5,,,,,,,,False,최저
580,697,129,82,1101.58,8,568,13.43390243902439,7.0,,,,,,,,False,하
581,700,185,124,4918.4400000000005,5,515,39.664838709677426,3.0,,,,,,,,False,최상
582,700,111,119,4572.38,5,589,38.42336134453782,3.0,45-54,A,125-149K,Homeowner,Unknown,3,1,True,최상
583,690,120,128,2722.84,15,570,21.2721875,3.0,35-44,B,15-24K,Unknown,Single Female,1,None/Unknown,True,상
584,481,136,33,622.63,224,345,18.867575757575757,6.5,,,,,,,,False,최저
585,690,115,33,634.72,15,575,19.233939393939394,13.0,,,,,,,,False,하
586,704,115,133,4730.22,1,589,35.56556390977444,4.0,19-24,A,35-49K,Renter,2 Adults Kids,3,1,True,최상
587,685,199,21,199.41,20,486,9.495714285714286,16.0,,,,,,,,False,최저
588,704,114,177,7498.13,1,590,42.362316384180794,3.0,35-44,A,50-74K,Homeowner,2 Adults Kids,5+,3+,True,최상
589,692,254,15,284.49,13,438,18.966,14.5,,,,,,,,False,최저
590,702,114,102,2583.35,3,588,25.326960784313723,2.0,,,,,,,,False,상
591,701,111,239,12629.17,4,590,52.84171548117155,2.0,,,,,,,,False,최상
592,658,157,28,559.74,47,501,19.990714285714287,12.0,,,,,,,,False,최저
593,691,206,52,604.98,14,485,11.63423076923077,7.0,35-44,U,35-49K,Unknown,Single Male,1,None/Unknown,True,최저
594,705,113,75,2300.33,0,592,30.671066666666665,6.0,,,,,,,,False,중
595,699,115,121,2207.63,6,584,18.244876033057853,4.0,25-34,U,35-49K,Unknown,2 Adults Kids,3,1,True,중
596,690,120,96,2709.58,15,570,28.224791666666665,5.0,45-54,A,15-24K,Homeowner,1 Adult Kids,3,1,True,상
597,699,111,84,3533.87,6,588,42.06988095238095,5.0,19-24,U,Under 15K,Unknown,1 Adult Kids,2,1,True,상
598,701,114,140,2750.16,4,587,19.644,3.0,35-44,B,25-34K,Unknown,Single Female,1,None/Unknown,True,상
599,644,550,2,34.42,61,94,17.21,,,,,,,,,False,최저
600,703,188,107,4449.07,2,515,41.580093457943924,3.0,,,,,,,,False,최상
601,690,120,54,3978.35,15,570,73.67314814814814,7.0,35-44,A,100-124K,Homeowner,2 Adults Kids,4,2,True,상
602,677,446,24,1429.98,28,231,59.5825,7.0,,,,,,,,False,중
603,693,111,92,2024.2800000000002,12,582,22.00304347826087,3.0,,,,,,,,False,중
604,691,111,43,1871.1,14,580,43.51395348837209,11.5,,,,,,,,False,중
605,703,113,91,4700.56,2,590,51.6545054945055,5.0,25-34,A,75-99K,Homeowner,2 Adults Kids,4,2,True,최상
606,692,124,74,2860.34,13,568,38.653243243243246,6.0,45-54,U,35-49K,Probable Renter,Unknown,1,None/Unknown,True,상
607,598,111,114,2368.2599999999998,107,487,20.774210526315787,2.0,45-54,U,125-149K,Unknown,Unknown,1,None/Unknown,True,중
608,698,112,172,5033.96,7,586,29.267209302325583,3.0,25-34,B,25-34K,Renter,1 Adult Kids,5+,3+,True,최상
609,685,111,117,1393.95,20,574,11.914102564102565,3.0,45-54,U,50-74K,Unknown,Unknown,1,None/Unknown,True,하
610,676,123,18,430.16,29,553,23.89777777777778,27.0,,,,,,,,False,최저
611,693,175,52,1570.1499999999999,12,518,30.195192307692306,6.0,,,,,,,,False,중
612,702,116,100,3317.83,3,586,33.1783,5.0,,,,,,,,False,상
613,700,530,4,168.54,5,170,42.135,24.0,,,,,,,,False,최저
614,705,122,114,2675.45,0,583,23.468859649122805,4.0,35-44,A,15-24K,Unknown,2 Adults Kids,4,2,True,상
615,698,217,18,259.93,7,481,14.440555555555555,7.0,,,,,,,,False,최저
616,702,132,7,274.34000000000003,3,570,39.191428571428574,59.0,,,,,,,,False,최저
617,692,188,23,1084.28,13,504,47.14260869565217,12.0,,,,,,,,False,하
618,705,117,263,5547.6900000000005,0,588,21.0938783269962,2.0,,,,,,,,False,최상
619,605,474,3,146.23,100,131,48.74333333333333,,,,,,,,,False,최저
620,571,115,15,201.65,134,456,13.443333333333333,18.0,,,,,,,,False,최저
621,699,119,133,3124.59,6,580,23.493157894736843,3.0,45-54,U,35-49K,Unknown,Single Male,1,None/Unknown,True,상
622,694,118,132,2343.27,11,576,17.752045454545453,3.0,35-44,U,15-24K,Unknown,Single Female,1,None/Unknown,True,중
623,705,116,95,3528.34,0,589,37.14042105263158,5.0,45-54,A,35-49K,Homeowner,2 Adults Kids,3,1,True,상
624,705,115,102,4590.81,0,590,45.007941176470595,5.0,45-54,U,50-74K,Unknown,Unknown,1,None/Unknown,True,최상
625,703,149,31,1149.3,2,554,37.07419354838709,15.0,,,,,,,,False,하
626,699,126,20,608.36,6,573,30.418,12.0,,,,,,,,False,최저
627,700,118,39,1442.71,5,582,36.9925641025641,8.0,,,,,,,,False,중
628,640,146,11,895.77,65,494,81.43363636363637,41.0,,,,,,,,False,하
629,630,113,17,204.14,75,517,12.008235294117647,21.0,,,,,,,,False,최저
630,703,115,133,4998.82,2,588,37.585112781954884,4.0,35-44,A,35-49K,Homeowner,2 Adults Kids,3,1,True,최상
631,704,111,306,6151.81,1,593,20.103954248366016,2.0,65+,A,100-124K,Homeowner,2 Adults Kids,3,1,True,최상
632,704,120,68,2961.09,1,584,43.54544117647059,7.0,,,,,,,,False,상
633,702,116,100,4855.72,3,586,48.5572,5.0,,,,,,,,False,최상
634,469,184,33,1555.15,236,285,47.125757575757575,5.0,,,,,,,,False,중
635,655,116,26,324.95,50,539,12.498076923076923,9.0,,,,,,,,False,최저
636,704,115,185,8495.25,1,589,45.92027027027027,3.0,,,,,,,,False,최상
637,680,127,91,2396.1,25,553,26.33076923076923,4.0,,,,,,,,False,중
638,699,117,111,6492.02,6,582,58.48666666666667,4.0,,,,,,,,False,최상
639,620,113,63,710.16,85,507,11.272380952380951,3.0,,,,,,,,False,하
640,680,119,57,1625.13,25,561,28.51105263157895,6.0,,,,,,,,False,중
641,699,111,246,11402.17,6,588,46.35028455284553,2.0,,,,,,,,False,최상
642,587,113,47,1942.15,118,474,41.32234042553192,8.0,,,,,,,,False,중
643,704,116,25,1197.41,1,588,47.8964,12.5,,,,,,,,False,하
644,704,111,172,3204.79,1,593,18.6325,3.0,65+,A,75-99K,Homeowner,2 Adults No Kids,2,None/Unknown,True,상
645,542,121,39,410.64,163,421,10.529230769230768,9.0,,,,,,,,False,최저
646,690,159,24,1111.81,15,531,46.32541666666666,14.0,,,,,,,,False,하
647,701,130,90,4822.6,4,571,53.58444444444445,5.0,35-44,A,50-74K,Renter,2 Adults Kids,4,2,True,최상
648,695,121,65,1816.89,10,574,27.95215384615385,7.0,,,,,,,,False,중
649,556,115,33,1553.45,149,441,47.07424242424243,8.5,,,,,,,,False,중
650,695,113,54,990.4,10,582,18.340740740740742,7.0,,,,,,,,False,하
651,531,251,3,193.57,174,280,64.52333333333333,,,,,,,,,False,최저
652,703,123,40,1568.56,2,580,39.214,13.0,,,,,,,,False,중
653,702,111,160,8651.19,3,591,54.0699375,2.0,,,,,,,,False,최상
654,701,112,123,1961.58,4,589,15.94780487804878,4.0,,,,,,,,False,중
655,680,117,32,1397.08,25,563,43.65875,10.0,,,,,,,,False,하
656,654,112,66,4297.46,51,542,65.1130303030303,5.0,,,,,,,,False,상
657,703,116,19,110.82000000000001,2,587,5.832631578947368,25.5,,,,,,,,False,최저
658,703,144,43,991.38,2,559,23.0553488372093,7.0,,,,,,,,False,하
659,685,116,23,618.02,20,569,26.870434782608694,13.0,,,,,,,,False,최저
660,700,113,128,7298.52,5,587,57.0196875,3.0,55-64,A,50-74K,Homeowner,Unknown,2,None/Unknown,True,최상
661,705,116,333,8057.0,0,589,24.195195195195197,1.0,45-54,U,50-74K,Homeowner,Unknown,1,None/Unknown,True,최상
662,693,111,34,1292.51,12,582,38.015,9.0,,,,,,,,False,하
663,704,115,88,3077.67,1,589,34.97352272727273,5.0,,,,,,,,False,상
664,691,117,29,995.08,14,574,34.31310344827586,17.0,,,,,,,,False,하
665,699,119,27,423.44,6,580,15.682962962962963,15.0,,,,,,,,False,최저
666,703,117,79,968.54,2,586,12.26,5.0,,,,,,,,False,하
667,689,184,55,950.8100000000001,16,505,17.287454545454548,5.0,,,,,,,,False,하
668,700,130,49,964.53,5,570,19.684285714285714,9.5,,,,,,,,False,하
669,702,116,98,7823.7,3,586,79.83367346938775,5.0,,,,,,,,False,최상
670,704,112,139,4636.47,1,592,33.35589928057554,3.0,55-64,A,35-49K,Unknown,2 Adults Kids,3,1,True,최상
671,694,111,88,3596.92,11,583,40.87409090909091,6.0,35-44,U,35-49K,Homeowner,Single Female,1,None/Unknown,True,상
672,702,120,97,2408.4,3,582,24.828865979381444,5.0,35-44,U,25-34K,Unknown,2 Adults No Kids,2,None/Unknown,True,상
673,689,140,39,589.74,16,549,15.121538461538462,7.5,,,,,,,,False,최저
674,702,112,89,4337.17,3,590,48.73224719101124,4.0,,,,,,,,False,최상
675,704,114,139,3478.35,1,590,25.02410071942446,4.0,35-44,U,50-74K,Unknown,2 Adults No Kids,2,None/Unknown,True,상
676,705,113,299,10687.43,0,592,35.74391304347826,2.0,,,,,,,,False,최상
677,696,124,40,1531.36,9,572,38.284,9.0,,,,,,,,False,중
678,544,116,32,175.58,161,428,5.486875,7.0,,,,,,,,False,최저
679,702,111,152,4976.42,3,591,32.7396052631579,2.0,,,,,,,,False,최상
680,700,111,83,3513.02,5,589,42.3255421686747,6.0,45-54,U,50-74K,Homeowner,Unknown,1,None/Unknown,True,상
681,690,113,51,2172.38,15,577,42.59568627450981,11.0,,,,,,,,False,중
682,569,115,113,2524.48,136,454,22.340530973451326,2.0,65+,A,125-149K,Homeowner,2 Adults No Kids,2,None/Unknown,True,상
683,597,115,8,170.06,108,482,21.2575,63.0,,,,,,,,False,최저
684,687,126,84,1819.53,18,561,21.66107142857143,4.0,,,,,,,,False,중
685,705,112,179,5620.0,0,593,31.39664804469274,2.0,35-44,A,Under 15K,Unknown,Single Female,2,None/Unknown,True,최상
686,656,117,17,525.63,49,539,30.91941176470588,28.5,,,,,,,,False,최저
687,686,118,50,2711.78,19,568,54.235600000000005,8.0,,,,,,,,False,상
688,692,179,25,2924.16,13,513,116.9664,10.5,35-44,A,125-149K,Homeowner,2 Adults Kids,3,1,True,상
689,387,115,3,28.96,318,272,9.653333333333334,,,,,,,,,False,최저
690,705,111,166,3727.37,0,594,22.454036144578314,3.0,65+,B,15-24K,Homeowner,Single Female,1,None/Unknown,True,상
691,704,137,45,1890.3,1,567,42.00666666666667,8.5,,,,,,,,False,중
692,702,112,95,3252.55,3,590,34.237368421052636,6.0,65+,U,35-49K,Homeowner,Single Female,1,None/Unknown,True,상
693,696,113,165,5521.99,9,583,33.46660606060606,2.0,45-54,U,15-24K,Unknown,2 Adults No Kids,2,None/Unknown,True,최상
694,702,111,111,1520.69,3,591,13.69990990990991,2.0,,,,,,,,False,중
695,705,115,170,7270.18,0,590,42.765764705882354,3.0,35-44,B,35-49K,Unknown,1 Adult Kids,3,2,True,최상
696,705,114,224,12473.26,0,591,55.68419642857143,2.0,35-44,U,50-74K,Homeowner,2 Adults No Kids,2,None/Unknown,True,최상
697,699,111,45,2179.83,6,588,48.440666666666665,9.5,,,,,,,,False,중
698,694,123,81,1000.09,11,571,12.34679012345679,4.0,,,,,,,,False,하
699,704,112,79,7976.530000000001,1,592,100.9687341772152,6.0,45-54,A,50-74K,Homeowner,2 Adults No Kids,2,None/Unknown,True,최상
700,705,125,31,2762.17,0,580,89.10225806451614,7.5,,,,,,,,False,상
701,702,194,37,2558.19,3,508,69.14027027027028,9.5,,,,,,,,False,상
702,705,111,210,6916.66,0,594,32.93647619047619,2.0,,,,,,,,False,최상
703,692,118,104,6349.84,13,574,61.05615384615385,5.0,,,,,,,,False,최상
704,524,113,7,56.53,181,411,8.075714285714286,32.0,,,,,,,,False,최저
705,693,119,84,1296.1,12,574,15.429761904761904,7.0,,,,,,,,False,하
706,700,113,96,3385.46,5,587,35.265208333333334,4.0,45-54,B,50-74K,Homeowner,2 Adults No Kids,2,None/Unknown,True,상
707,705,118,305,14859.24,0,587,48.71881967213115,1.0,25-34,A,100-124K,Homeowner,2 Adults Kids,5+,3+,True,최상
708,689,117,51,2431.43,16,572,47.67509803921568,9.0,35-44,A,100-124K,Homeowner,2 Adults Kids,4,2,True,상
709,703,125,131,5038.37,2,578,38.460839694656485,3.0,,,,,,,,False,최상
710,705,111,161,3127.86,0,594,19.427701863354038,3.0,,,,,,,,False,상
711,682,160,30,388.51,23,522,12.950333333333333,8.0,,,,,,,,False,최저
712,702,119,195,9621.5,3,583,49.34102564102564,3.0,65+,A,50-74K,Homeowner,2 Adults No Kids,2,None/Unknown,True,최상
713,692,228,18,475.4,13,464,26.41111111111111,22.0,,,,,,,,False,최저
714,704,112,211,3744.06,1,592,17.74436018957346,2.0,55-64,U,15-24K,Unknown,2 Adults Kids,3,1,True,상
715,705,115,117,3289.93,0,590,28.11905982905983,4.0,55-64,A,15-24K,Homeowner,2 Adults No Kids,2,None/Unknown,True,상
716,703,128,66,1053.44,2,575,15.961212121212123,6.0,45-54,A,75-99K,Homeowner,2 Adults Kids,5+,3+,True,하
717,691,143,39,494.29,14,548,12.674102564102565,10.5,,,,,,,,False,최저
718,705,112,277,14229.76,0,593,51.37097472924188,2.0,45-54,A,25-34K,Homeowner,2 Adults Kids,5+,3+,True,최상
719,703,115,29,941.95,2,588,32.48103448275862,8.0,,,,,,,,False,하
720,702,113,76,1616.45,3,589,21.26907894736842,7.0,,,,,,,,False,중
721,702,112,44,523.83,3,590,11.905227272727274,4.0,,,,,,,,False,최저
722,705,111,116,5945.06,0,594,51.25051724137931,4.0,35-44,A,50-74K,Homeowner,2 Adults No Kids,2,None/Unknown,True,최상
723,705,336,21,1180.76,0,369,56.22666666666667,18.0,,,,,,,,False,하
724,660,114,19,352.92,45,546,18.574736842105263,9.5,,,,,,,,False,최저
725,702,125,112,4582.07,3,577,40.911339285714284,4.0,45-54,U,25-34K,Unknown,Single Female,1,None/Unknown,True,최상
726,703,111,64,2077.89,2,592,32.46703125,5.0,,,,,,,,False,중
727,697,118,86,4265.26,8,579,49.59604651162791,5.0,,,,,,,,False,상
728,701,113,244,7383.7300000000005,4,588,30.261188524590168,2.0,,,,,,,,False,최상
729,702,123,27,1022.53,3,579,37.87148148148148,17.5,,,,,,,,False,하
730,705,120,78,957.33,0,585,12.27346153846154,6.0,,,,,,,,False,하
731,702,111,141,2484.3,3,591,17.619148936170212,2.0,45-54,U,35-49K,Homeowner,2 Adults No Kids,2,None/Unknown,True,상
732,693,118,81,3685.02,12,575,45.49407407407407,6.0,55-64,A,75-99K,Homeowner,2 Adults Kids,4,2,True,상
733,704,117,67,2518.96,1,587,37.59641791044776,8.0,45-54,A,75-99K,Homeowner,2 Adults No Kids,2,None/Unknown,True,상
734,697,118,58,1114.58,8,579,19.216896551724137,8.0,,,,,,,,False,하
735,687,113,61,960.3100000000001,18,574,15.742786885245902,4.0,,,,,,,,False,하
736,705,119,50,2920.26,0,586,58.40520000000001,6.0,,,,,,,,False,상
737,651,111,40,1294.89,54,540,32.37225,10.0,,,,,,,,False,하
738,705,111,81,2408.0,0,594,29.728395061728396,2.0,,,,,,,,False,상
739,289,222,3,46.800000000000004,416,67,15.600000000000001,,,,,,,,,False,최저
740,699,112,106,6522.62,6,587,61.53415094339623,4.0,45-54,A,175-199K,Homeowner,Single Female,2,None/Unknown,True,최상
741,705,195,72,3199.0,0,510,44.43055555555556,7.0,65+,U,50-74K,Homeowner,2 Adults Kids,3,1,True,상
742,703,112,247,3575.67,2,591,14.476396761133604,2.0,35-44,A,15-24K,Renter,1 Adult Kids,4,2,True,상
743,698,113,56,1890.97,7,585,33.76732142857143,8.0,,,,,,,,False,중
744,705,116,123,4056.86,0,589,32.98260162601626,4.0,,,,,,,,False,상
745,704,115,162,6157.11,1,589,38.00685185185185,3.0,,,,,,,,False,최상
746,588,111,24,364.21000000000004,117,477,15.175416666666669,9.0,,,,,,,,False,최저
747,692,117,119,1152.3,13,575,9.683193277310924,3.0,,,,,,,,False,하
748,702,113,58,2531.5099999999998,3,589,43.64672413793103,4.0,45-54,B,Under 15K,Homeowner,2 Adults Kids,3,1,True,상
749,705,149,65,978.75,0,556,15.057692307692308,4.5,,,,,,,,False,하
750,701,380,38,477.88,4,321,12.57578947368421,5.0,,,,,,,,False,최저
751,655,194,20,463.67,50,461,23.183500000000002,4.0,,,,,,,,False,최저
752,676,112,74,2459.07,29,564,33.23067567567568,5.0,35-44,A,75-99K,Renter,Single Female,2,None/Unknown,True,상
753,689,125,43,1823.3,16,564,42.402325581395345,10.0,45-54,A,75-99K,Homeowner,2 Adults Kids,4,2,True,중
754,699,112,32,1532.76,6,587,47.89875,18.0,,,,,,,,False,중
755,694,111,86,2509.04,11,583,29.174883720930232,5.0,35-44,U,50-74K,Homeowner,Unknown,1,None/Unknown,True,상
756,641,135,16,618.62,64,506,38.66375,22.0,,,,,,,,False,최저
757,668,115,35,1911.99,37,553,54.62828571428572,13.0,,,,,,,,False,중
758,687,121,14,226.23,18,566,16.159285714285712,43.0,,,,,,,,False,최저
759,705,112,29,1019.24,0,593,35.146206896551725,15.0,,,,,,,,False,하
760,549,119,58,1666.7,156,430,28.736206896551725,8.0,,,,,,,,False,중
761,703,111,141,7864.5,2,592,55.776595744680854,3.0,25-34,A,125-149K,Homeowner,1 Adult Kids,5+,3+,True,최상
762,704,111,411,7949.18,1,593,19.341070559610706,1.0,35-44,A,125-149K,Renter,Single Female,2,None/Unknown,True,최상
763,619,121,33,2538.68,86,498,76.92969696969696,10.0,,,,,,,,False,상
764,703,118,81,2816.06,2,585,34.76617283950617,4.0,35-44,A,50-74K,Homeowner,2 Adults Kids,5+,3+,True,상
765,652,114,19,1102.47,53,538,58.02473684210526,25.5,,,,,,,,False,하
766,701,113,102,8330.81,4,588,81.67460784313725,5.0,45-54,A,150-174K,Homeowner,2 Adults No Kids,2,None/Unknown,True,최상
767,679,257,11,531.14,26,422,48.28545454545454,23.5,,,,,,,,False,최저
768,705,111,329,5236.72,0,594,15.917082066869302,1.0,35-44,A,50-74K,Renter,Single Female,2,None/Unknown,True,최상
769,705,138,43,1514.01,0,567,35.20953488372093,11.0,,,,,,,,False,중
770,698,230,30,1952.68,7,468,65.08933333333333,12.0,25-34,A,50-74K,Homeowner,2 Adults Kids,5+,3+,True,중
771,705,115,368,7895.28,0,590,21.454565217391302,1.0,45-54,U,50-74K,Homeowner,Unknown,1,None/Unknown,True,최상
772,686,113,32,205.48,19,573,6.42125,12.0,,,,,,,,False,최저
773,703,142,18,841.62,2,561,46.75666666666667,15.0,,,,,,,,False,하
774,656,210,14,688.01,49,446,49.14357142857143,19.0,,,,,,,,False,하
775,514,147,29,981.55,191,367,33.84655172413793,10.0,,,,,,,,False,하
776,701,112,58,2938.7400000000002,4,589,50.66793103448276,8.0,,,,,,,,False,상
777,704,503,31,1663.44,1,201,53.65935483870968,5.0,,,,,,,,False,중
778,610,119,48,904.9300000000001,95,491,18.852708333333336,6.0,,,,,,,,False,하
779,697,159,75,3742.51,8,538,49.900133333333336,4.5,65+,U,125-149K,Homeowner,2 Adults Kids,3,1,True,상
780,705,113,60,543.5600000000001,0,592,9.059333333333335,4.0,,,,,,,,False,최저
781,705,158,51,1594.35,0,547,31.261764705882353,9.0,,,,,,,,False,중
782,663,113,54,1417.04,42,550,26.241481481481483,8.0,,,,,,,,False,중
783,586,130,14,362.81,119,456,25.915,14.0,,,,,,,,False,최저
784,701,112,86,2001.25,4,589,23.2703488372093,6.0,45-54,A,100-124K,Homeowner,Single Female,2,None/Unknown,True,중
785,651,111,61,1304.98,54,540,21.39311475409836,4.0,65+,A,75-99K,Homeowner,2 Adults No Kids,2,None/Unknown,True,하
786,701,111,169,7226.84,4,590,42.76236686390533,3.0,19-24,U,75-99K,Homeowner,2 Adults No Kids,2,None/Unknown,True,최상
787,705,112,176,2407.52,0,593,13.67909090909091,3.0,25-34,B,25-34K,Homeowner,Single Male,1,None/Unknown,True,상
788,705,114,140,6188.400000000001,0,591,44.20285714285715,3.0,25-34,U,Under 15K,Unknown,1 Adult Kids,2,1,True,최상
789,705,118,20,302.03,0,587,15.101499999999998,17.0,,,,,,,,False,최저
790,704,131,52,2763.14,1,573,53.13730769230769,8.0,45-54,U,50-74K,Homeowner,Unknown,1,None/Unknown,True,상
791,622,134,18,301.01,83,488,16.72277777777778,14.0,,,,,,,,False,최저
792,641,114,15,270.57,64,527,18.038,2.0,,,,,,,,False,최저
793,703,120,82,1248.16,2,583,15.221463414634147,4.0,,,,,,,,False,하
794,697,132,26,1687.25,8,565,64.89423076923077,17.0,,,,,,,,False,중
795,671,117,34,1144.3700000000001,34,554,33.657941176470594,11.0,,,,,,,,False,하
796,700,117,38,321.19,5,583,8.45236842105263,12.0,,,,,,,,False,최저
797,702,111,88,3029.94,3,591,34.43113636363636,4.0,25-34,U,75-99K,Homeowner,2 Adults No Kids,2,None/Unknown,True,상
798,705,120,48,1508.38,0,585,31.424583333333334,7.0,,,,,,,,False,중
799,695,126,46,1556.12,10,569,33.82869565217391,9.0,,,,,,,,False,중
800,705,111,347,9675.25,0,594,27.88256484149856,1.0,25-34,A,35-49K,Homeowner,2 Adults No Kids,2,None/Unknown,True,최상
801,693,152,26,1462.37,12,541,56.245,11.0,,,,,,,,False,중
802,702,116,53,1719.15,3,586,32.43679245283019,10.0,65+,U,35-49K,Homeowner,2 Adults No Kids,2,None/Unknown,True,중
803,701,121,56,1773.4,4,580,31.667857142857144,8.0,25-34,U,75-99K,Unknown,2 Adults No Kids,2,None/Unknown,True,중
804,705,113,173,3640.95,0,592,21.045953757225433,3.0,,,,,,,,False,상
805,704,113,178,4455.55,1,591,25.0311797752809,3.0,,,,,,,,False,최상
806,705,112,93,5381.28,0,593,57.86322580645161,4.0,35-44,A,75-99K,Homeowner,2 Adults No Kids,2,None/Unknown,True,최상
807,704,113,74,3010.4500000000003,1,591,40.68175675675676,6.0,,,,,,,,False,상
808,699,111,150,1948.22,6,588,12.988133333333334,3.0,45-54,U,75-99K,Homeowner,2 Adults Kids,3,1,True,중
809,691,167,40,595.04,14,524,14.876,12.0,,,,,,,,False,최저
810,694,128,32,521.0,11,566,16.28125,15.0,,,,,,,,False,최저
811,697,173,27,662.51,8,524,24.537407407407407,13.5,,,,,,,,False,하
812,686,111,39,905.62,19,575,23.22102564102564,5.5,,,,,,,,False,하
813,698,113,27,1845.32,7,585,68.34518518518519,16.0,,,,,,,,False,중
814,687,113,17,751.76,18,574,44.22117647058823,7.0,,,,,,,,False,하
815,694,111,33,1563.92,11,583,47.39151515151515,4.0,,,,,,,,False,중
816,696,116,77,2847.37,9,580,36.97883116883117,6.0,25-34,U,50-74K,Unknown,Single Female,1,None/Unknown,True,상
817,702,112,137,4690.94,3,590,34.240437956204374,3.0,35-44,A,150-174K,Homeowner,2 Adults Kids,3,1,True,최상
818,700,130,31,1131.0,5,570,36.483870967741936,4.5,,,,,,,,False,하
819,701,361,4,93.99,4,340,23.4975,123.0,,,,,,,,False,최저
820,703,111,137,3763.46,2,592,27.47051094890511,2.0,,,,,,,,False,상
821,620,114,14,389.22,85,506,27.801428571428573,25.0,,,,,,,,False,최저
822,699,113,32,707.69,6,586,22.1153125,13.0,,,,,,,,False,하
823,705,130,86,2196.96,0,575,25.546046511627907,5.0,35-44,A,50-74K,Homeowner,2 Adults Kids,3,1,True,중
824,700,115,47,1057.4,5,585,22.497872340425534,8.0,,,,,,,,False,하
825,705,113,148,8974.72,0,592,60.63999999999999,3.0,45-54,A,175-199K,Homeowner,2 Adults No Kids,2,None/Unknown,True,최상
826,685,142,19,151.76,20,543,7.987368421052631,11.5,,,,,,,,False,최저
827,589,186,11,213.05,116,403,19.36818181818182,18.0,,,,,,,,False,최저
828,500,122,29,880.83,205,378,30.37344827586207,13.5,,,,,,,,False,하
829,698,140,28,1470.8500000000001,7,558,52.53035714285715,9.0,,,,,,,,False,중
830,705,111,109,1350.69,0,594,12.39165137614679,2.0,,,,,,,,False,하
831,702,113,147,8404.7,3,589,57.174829931972795,4.0,45-54,B,50-74K,Homeowner,1 Adult Kids,3,2,True,최상
832,700,242,12,456.31,5,458,38.02583333333333,28.0,,,,,,,,False,최저
833,605,112,30,1805.64,100,493,60.188,11.0,,,,,,,,False,중
834,697,119,16,438.05999999999995,8,578,27.378749999999997,16.0,,,,,,,,False,최저
835,588,111,17,273.81,117,477,16.106470588235293,14.0,,,,,,,,False,최저
836,691,115,63,1441.63,14,576,22.883015873015875,5.0,,,,,,,,False,중
837,680,114,33,737.38,25,566,22.344848484848484,13.5,,,,,,,,False,하
838,647,135,26,345.17,58,512,13.275769230769232,16.0,,,,,,,,False,최저
839,692,281,7,650.5500000000001,13,411,92.9357142857143,41.5,,,,,,,,False,하
840,702,117,178,10881.89,3,585,61.13421348314606,3.0,35-44,A,75-99K,Homeowner,2 Adults Kids,5+,3+,True,최상
841,698,114,84,2168.54,7,584,25.815952380952382,4.0,,,,,,,,False,중
842,700,113,260,5965.03,5,587,22.942423076923077,1.0,,,,,,,,False,최상
843,697,111,49,2261.95,8,586,46.16224489795918,6.5,,,,,,,,False,중
844,696,114,119,5040.15,9,582,42.35420168067227,4.0,45-54,A,200-249K,Homeowner,2 Adults No Kids,2,None/Unknown,True,최상
845,705,113,98,4490.1900000000005,0,592,45.818265306122456,5.0,19-24,B,50-74K,Homeowner,Single Female,1,None/Unknown,True,최상
846,684,111,31,1057.96,21,573,34.127741935483876,7.5,,,,,,,,False,하
847,701,133,39,1107.85,4,568,28.406410256410254,7.0,,,,,,,,False,하
848,704,126,21,2631.4500000000003,1,578,125.30714285714286,27.0,,,,,,,,False,상
849,703,128,58,4501.51,2,575,77.61224137931035,7.0,,,,,,,,False,최상
850,701,118,82,1192.72,4,583,14.545365853658536,5.0,,,,,,,,False,하
851,662,113,13,73.93,43,549,5.686923076923078,22.0,,,,,,,,False,최저
852,704,113,87,1889.55,1,591,21.71896551724138,5.0,25-34,U,35-49K,Unknown,2 Adults Kids,4,2,True,중
853,698,111,402,10917.53,7,587,27.158034825870647,1.0,25-34,B,175-199K,Unknown,Single Female,1,None/Unknown,True,최상
854,678,112,36,551.87,27,566,15.329722222222223,10.0,,,,,,,,False,최저
855,705,112,187,5459.54,0,593,29.195401069518716,2.0,,,,,,,,False,최상
856,704,116,141,4423.58,1,588,31.37290780141844,3.0,55-64,B,35-49K,Homeowner,Single Female,1,None/Unknown,True,최상
857,703,125,40,3997.9900000000002,2,578,99.94975000000001,12.0,65+,A,35-49K,Homeowner,1 Adult Kids,3,1,True,상
858,694,149,35,340.46,11,545,9.72742857142857,10.5,,,,,,,,False,최저
859,705,116,142,6164.15,0,589,43.409507042253516,4.0,25-34,U,50-74K,Unknown,Single Female,1,None/Unknown,True,최상
860,636,111,23,136.55,69,525,5.936956521739131,1.5,,,,,,,,False,최저
861,698,120,24,1096.3700000000001,7,578,45.68208333333334,15.0,,,,,,,,False,하
862,696,222,53,1550.03,9,474,29.245849056603774,4.5,,,,,,,,False,중
863,701,238,88,1697.05,4,463,19.28465909090909,4.0,45-54,U,15-24K,Unknown,Unknown,1,None/Unknown,True,중
864,704,118,96,7147.5,1,586,74.453125,6.0,35-44,U,15-24K,Homeowner,Single Female,1,None/Unknown,True,최상
865,695,144,25,1670.38,10,551,66.8152,7.5,35-44,A,75-99K,Homeowner,2 Adults Kids,5+,3+,True,중
866,693,114,91,4369.35,12,579,48.01483516483517,5.0,45-54,U,15-24K,Unknown,1 Adult Kids,2,1,True,최상
867,705,116,101,4201.15,0,589,41.595544554455444,5.0,45-54,U,75-99K,Homeowner,Unknown,1,None/Unknown,True,상
868,702,115,96,5073.59,3,587,52.849895833333335,4.0,65+,A,35-49K,Homeowner,2 Adults No Kids,2,None/Unknown,True,최상
869,705,143,105,1292.25,0,562,12.307142857142857,4.0,,,,,,,,False,하
870,418,154,11,150.28,287,264,13.661818181818182,7.5,,,,,,,,False,최저
871,701,117,117,9838.460000000001,4,584,84.08940170940171,4.0,35-44,A,200-249K,Homeowner,2 Adults Kids,3,1,True,최상
872,690,570,2,73.69,15,120,36.845,,,,,,,,,False,최저
873,698,112,67,2386.6,7,586,35.62089552238806,6.0,,,,,,,,False,중
874,557,135,4,153.0,148,422,38.25,159.0,,,,,,,,False,최저
875,689,121,61,1422.31,16,568,23.31655737704918,8.0,25-34,U,25-34K,Unknown,2 Adults Kids,3,1,True,중
876,704,117,146,4951.88,1,587,33.91698630136986,4.0,,,,,,,,False,최상
877,700,124,49,2936.41,5,576,59.92673469387755,12.5,,,,,,,,False,상
878,702,111,135,5432.07,3,591,40.23755555555555,4.0,25-34,U,35-49K,Unknown,1 Adult Kids,3,2,True,최상
879,704,145,75,1745.24,1,559,23.269866666666665,5.0,35-44,B,50-74K,Homeowner,2 Adults No Kids,2,None/Unknown,True,중
880,673,155,6,38.129999999999995,32,518,6.3549999999999995,71.0,,,,,,,,False,최저
881,701,112,127,4041.67,4,589,31.824173228346456,4.0,,,,,,,,False,상
882,702,112,183,4093.21,3,590,22.367267759562843,2.0,45-54,U,50-74K,Unknown,2 Adults No Kids,2,None/Unknown,True,상
883,705,111,217,8305.35,0,594,38.27350230414747,2.0,35-44,A,35-49K,Homeowner,2 Adults No Kids,2,None/Unknown,True,최상
884,676,177,27,387.86,29,499,14.365185185185185,9.5,,,,,,,,False,최저
885,705,121,56,2091.93,0,584,37.355892857142855,5.0,,,,,,,,False,중
886,697,148,143,3612.26,8,549,25.260559440559444,2.0,35-44,A,100-124K,Homeowner,2 Adults No Kids,2,None/Unknown,True,상
887,694,111,36,548.37,11,583,15.2325,14.0,,,,,,,,False,최저
888,698,122,72,8083.83,7,576,112.27541666666667,7.0,25-34,U,150-174K,Homeowner,2 Adults Kids,3,1,True,최상
889,698,117,113,9415.95,7,581,83.32699115044248,5.0,25-34,A,50-74K,Homeowner,2 Adults Kids,4,2,True,최상
890,694,117,24,946.71,11,577,39.44625,12.0,,,,,,,,False,하
891,701,119,86,6612.62,4,582,76.89093023255813,6.0,,,,,,,,False,최상
892,605,137,20,397.46,100,468,19.872999999999998,15.0,,,,,,,,False,최저
893,705,139,92,4374.91,0,566,47.55336956521739,4.0,,,,,,,,False,최상
894,684,123,21,944.95,21,561,44.99761904761905,17.0,,,,,,,,False,하
895,697,114,130,6610.99,8,583,50.85376923076923,4.0,45-54,U,150-174K,Unknown,Single Male,1,None/Unknown,True,최상
896,692,113,81,4093.4700000000003,13,579,50.53666666666667,5.0,,,,,,,,False,상
897,699,115,49,713.77,6,584,14.566734693877551,7.5,,,,,,,,False,하
898,704,116,231,6576.81,1,588,28.471038961038964,2.0,55-64,A,125-149K,Homeowner,2 Adults No Kids,2,None/Unknown,True,최상
899,638,111,9,186.03,67,527,20.67,35.0,,,,,,,,False,최저
900,705,111,478,12682.800000000001,0,594,26.53305439330544,1.0,35-44,A,35-49K,Homeowner,2 Adults No Kids,2,None/Unknown,True,최상
901,644,128,60,2548.21,61,516,42.470166666666664,6.0,,,,,,,,False,상
902,606,143,9,123.24000000000001,99,463,13.693333333333335,21.5,,,,,,,,False,최저
903,701,121,64,2783.7,4,580,43.4953125,6.0,35-44,U,35-49K,Unknown,Single Male,1,None/Unknown,True,상
904,681,112,23,632.73,24,569,27.51,20.0,,,,,,,,False,하
905,652,134,16,379.40999999999997,53,518,23.713124999999998,28.0,,,,,,,,False,최저
906,702,112,223,4789.21,3,590,21.47627802690583,2.0,55-64,A,Under 15K,Homeowner,Single Female,2,None/Unknown,True,최상
907,704,115,69,1707.5,1,589,24.746376811594203,7.0,,,,,,,,False,중
908,703,113,160,5276.26,2,590,32.976625,3.0,45-54,A,100-124K,Probable Owner,2 Adults Kids,3,1,True,최상
909,697,111,284,9086.85,8,586,31.995950704225354,1.0,,,,,,,,False,최상
910,642,118,21,955.94,63,524,45.52095238095238,9.0,,,,,,,,False,하
911,691,112,61,3376.28,14,579,55.3488524590164,7.5,25-34,A,125-149K,Homeowner,2 Adults No Kids,2,None/Unknown,True,상
912,616,149,10,878.06,89,467,87.806,27.0,,,,,,,,False,하
913,703,114,60,1539.93,2,589,25.6655,7.0,,,,,,,,False,중
914,692,123,52,1666.15,13,569,32.041346153846156,7.0,45-54,B,15-24K,Homeowner,2 Adults No Kids,2,None/Unknown,True,중
915,704,111,111,935.97,1,593,8.432162162162163,4.0,45-54,U,15-24K,Unknown,Single Female,1,None/Unknown,True,하
916,704,112,146,3073.61,1,592,21.052123287671233,3.0,,,,,,,,False,상
917,568,111,11,376.17,137,457,34.197272727272725,49.0,,,,,,,,False,최저
918,551,111,68,2402.4,154,440,35.32941176470588,2.0,,,,,,,,False,상
919,705,117,110,1398.82,0,588,12.716545454545454,3.0,,,,,,,,False,하
920,703,112,162,5447.34,2,591,33.62555555555556,3.0,45-54,A,35-49K,Homeowner,2 Adults Kids,5+,3+,True,최상
921,605,216,7,92.98,100,389,13.282857142857143,14.5,,,,,,,,False,최저
922,698,113,107,2642.09,7,585,24.692429906542056,4.0,45-54,U,35-49K,Unknown,Unknown,1,None/Unknown,True,상
923,656,112,83,2276.5,49,544,27.427710843373493,5.0,,,,,,,,False,중
924,699,112,72,1895.4,6,587,26.325000000000003,7.0,,,,,,,,False,중
925,651,231,49,286.41,54,420,5.845102040816327,3.0,,,,,,,,False,최저
926,704,112,164,4628.34,1,592,28.22158536585366,3.0,35-44,U,Under 15K,Homeowner,2 Adults No Kids,2,None/Unknown,True,최상
927,697,140,39,1488.91,8,557,38.17717948717949,7.5,,,,,,,,False,중
928,705,113,85,2432.02,0,592,28.612,4.5,,,,,,,,False,상
929,704,114,156,4352.93,1,590,27.90339743589744,3.0,45-54,B,25-34K,Renter,1 Adult Kids,2,1,True,최상
930,685,147,39,905.1800000000001,20,538,23.209743589743592,9.0,,,,,,,,False,하
931,668,129,33,4585.17,37,539,138.94454545454545,13.5,,,,,,,,False,최상
932,691,113,114,5031.6900000000005,14,578,44.13763157894737,3.0,19-24,U,15-24K,Unknown,2 Adults No Kids,2,None/Unknown,True,최상
933,658,150,41,1798.67,47,508,43.870000000000005,7.5,,,,,,,,False,중
934,704,112,135,9872.24,1,592,73.1277037037037,4.0,45-54,U,Under 15K,Unknown,Single Female,1,None/Unknown,True,최상
935,668,111,21,712.31,37,557,33.91952380952381,15.0,,,,,,,,False,하
936,704,116,282,6760.58,1,588,23.973687943262412,2.0,,,,,,,,False,최상
937,701,117,59,1563.98,4,584,26.508135593220338,8.0,,,,,,,,False,중
938,642,118,19,1187.86,63,524,62.518947368421045,24.5,,,,,,,,False,하
939,704,111,99,4823.08,1,593,48.717979797979794,4.0,45-54,U,75-99K,Homeowner,2 Adults No Kids,2,None/Unknown,True,최상
940,681,113,61,1183.82,24,568,19.406885245901638,5.5,,,,,,,,False,하
941,704,114,91,1879.93,1,590,20.65857142857143,5.0,19-24,A,200-249K,Unknown,2 Adults No Kids,2,None/Unknown,True,중
942,680,116,175,5384.38,25,564,30.767885714285715,2.0,,,,,,,,False,최상
943,679,111,78,2616.36,26,568,33.543076923076924,3.0,,,,,,,,False,상
944,701,115,58,1870.28,4,586,32.246206896551726,7.0,,,,,,,,False,중
945,703,122,46,1772.03,2,581,38.52239130434783,9.0,,,,,,,,False,중
946,705,115,108,2313.82,0,590,21.424259259259262,4.0,19-24,U,Under 15K,Unknown,Single Female,1,None/Unknown,True,중
947,704,111,164,1821.29,1,593,11.105426829268293,3.0,65+,B,35-49K,Homeowner,Single Male,1,None/Unknown,True,중
948,372,372,1,14.35,333,0,14.35,,,,,,,,,False,최저
949,701,116,92,4623.12,4,585,50.251304347826085,6.0,25-34,U,50-74K,Homeowner,2 Adults No Kids,2,None/Unknown,True,최상
950,610,113,40,1610.55,95,497,40.26375,7.0,,,,,,,,False,중
951,701,148,12,367.08000000000004,4,553,30.590000000000003,25.0,,,,,,,,False,최저
952,702,119,93,1953.77,3,583,21.008279569892473,4.0,,,,,,,,False,중
953,700,111,76,2005.18,5,589,26.383947368421055,5.0,,,,,,,,False,중
954,694,120,41,2116.36,11,574,51.61853658536586,12.5,,,,,,,,False,중
955,704,113,172,3516.84,1,591,20.446744186046512,3.0,19-24,U,Under 15K,Unknown,Single Female,1,None/Unknown,True,상
956,705,111,360,6746.77,0,594,18.74102777777778,1.0,45-54,U,50-74K,Homeowner,2 Adults No Kids,2,None/Unknown,True,최상
957,696,111,321,2721.42,9,585,8.477943925233646,1.0,,,,,,,,False,상
958,516,121,8,223.11,189,395,27.88875,36.0,,,,,,,,False,최저
959,696,174,46,814.0600000000001,9,522,17.696956521739132,7.0,,,,,,,,False,하
960,676,111,83,2077.87,29,565,25.03457831325301,5.0,35-44,A,125-149K,Homeowner,2 Adults Kids,5+,3+,True,중
961,698,112,65,3766.26,7,586,57.942461538461544,7.0,,,,,,,,False,상
962,692,112,49,1530.44,13,580,31.233469387755104,10.0,,,,,,,,False,중
963,588,139,22,1157.69,117,449,52.62227272727273,18.0,,,,,,,,False,하
964,705,186,66,1993.43,0,519,30.203484848484848,4.0,,,,,,,,False,중
965,704,132,44,1738.84,1,572,39.519090909090906,6.0,,,,,,,,False,중
966,654,111,14,182.36,51,543,13.025714285714287,29.0,,,,,,,,False,최저
967,666,136,7,236.38,39,530,33.76857142857143,32.5,,,,,,,,False,최저
968,698,112,135,8268.54,7,586,61.24844444444445,4.0,35-44,B,35-49K,Renter,1 Adult Kids,2,1,True,최상
969,684,128,5,187.38,21,556,37.476,67.5,,,,,,,,False,최저
970,700,207,11,573.54,5,493,52.13999999999999,42.5,,,,,,,,False,최저
971,703,113,109,3340.43,2,590,30.646146788990823,4.0,25-34,A,35-49K,Homeowner,2 Adults Kids,3,1,True,상
972,703,111,154,3642.28,2,592,23.65116883116883,3.0,,,,,,,,False,상
973,700,119,67,12549.69,5,581,187.30880597014925,8.0,35-44,A,50-74K,Homeowner,2 Adults Kids,4,2,True,최상
974,685,126,28,1683.24,20,559,60.11571428571428,9.0,,,,,,,,False,중
975,699,123,122,3222.7200000000003,6,576,26.415737704918033,4.0,,,,,,,,False,상
976,700,113,72,5884.4800000000005,5,587,81.72888888888889,5.0,25-34,A,200-249K,Homeowner,2 Adults Kids,5+,3+,True,최상
977,697,114,32,1036.52,8,583,32.39125,19.0,,,,,,,,False,하
978,703,117,68,2645.41,2,586,38.90308823529411,6.0,,,,,,,,False,상
979,699,116,127,10399.68,6,583,81.8872440944882,4.0,35-44,B,35-49K,Homeowner,1 Adult Kids,2,1,True,최상
980,697,194,21,1069.6000000000001,8,503,50.93333333333334,15.5,,,,,,,,False,하
981,690,116,29,1263.99,15,574,43.58586206896552,15.5,45-54,A,25-34K,Homeowner,Single Female,2,None/Unknown,True,하
982,705,116,214,14217.94,0,589,66.43897196261682,2.0,45-54,U,35-49K,Unknown,2 Adults Kids,4,2,True,최상
983,704,111,156,3412.19,1,593,21.87301282051282,3.0,45-54,A,35-49K,Homeowner,2 Adults Kids,3,1,True,상
984,684,207,26,1190.06,21,477,45.77153846153846,15.0,,,,,,,,False,하
985,701,115,81,1729.19,4,586,21.348024691358024,6.0,,,,,,,,False,중
986,698,116,71,1548.18,7,582,21.805352112676058,7.0,25-34,U,35-49K,Unknown,Single Male,1,None/Unknown,True,중
987,701,116,60,1670.47,4,585,27.841166666666666,6.0,,,,,,,,False,중
988,703,129,79,3427.91,2,574,43.39126582278481,4.0,,,,,,,,False,상
989,690,112,137,4083.64,15,578,29.80759124087591,3.0,,,,,,,,False,상
990,417,188,8,85.19,288,229,10.64875,25.0,,,,,,,,False,최저
991,665,128,18,1298.32,40,537,72.12888888888888,22.0,,,,,,,,False,하
992,696,148,74,544.1,9,548,7.352702702702703,3.0,45-54,A,35-49K,Homeowner,2 Adults Kids,3,1,True,최저
993,703,114,113,2957.02,2,589,26.168318584070796,5.0,55-64,A,50-74K,Homeowner,1 Adult Kids,5+,3+,True,상
994,703,285,15,524.61,2,418,34.974000000000004,15.5,,,,,,,,False,최저
995,703,112,18,1020.19,2,591,56.67722222222223,21.0,,,,,,,,False,하
996,705,114,106,1980.03,0,591,18.67952830188679,4.0,55-64,A,25-34K,Homeowner,2 Adults No Kids,2,None/Unknown,True,중
997,701,131,70,3804.47,4,570,54.34957142857142,6.0,45-54,U,75-99K,Homeowner,Single Male,1,None/Unknown,True,상
998,703,112,170,7194.7,2,591,42.32176470588235,2.0,,,,,,,,False,최상
999,699,119,36,1603.67,6,580,44.54638888888889,11.0,,,,,,,,False,중
1000,699,113,108,3367.53,6,586,31.180833333333336,5.0,,,,,,,,False,상
1001,700,124,68,3588.07,5,576,52.76573529411765,5.0,45-54,U,50-74K,Homeowner,Unknown,1,None/Unknown,True,상
1002,705,115,24,716.26,0,590,29.844166666666666,23.0,,,,,,,,False,하
1003,683,117,39,2095.27,22,566,53.724871794871795,8.0,35-44,U,25-34K,Unknown,Single Female,1,None/Unknown,True,중
1004,705,123,182,2506.1800000000003,0,582,13.770219780219781,2.0,25-34,U,15-24K,Unknown,Single Male,1,None/Unknown,True,상
1005,704,115,162,2375.45,1,589,14.66327160493827,3.0,,,,,,,,False,중
1006,662,373,6,59.93,43,289,9.988333333333333,41.0,,,,,,,,False,최저
1007,696,115,106,1237.0,9,581,11.669811320754716,4.0,,,,,,,,False,하
1008,690,124,27,245.0,15,566,9.074074074074074,16.0,,,,,,,,False,최저
1009,586,173,21,117.43,119,413,5.591904761904762,17.5,,,,,,,,False,최저
1010,702,115,49,1739.8700000000001,3,587,35.507551020408165,10.0,,,,,,,,False,중
1011,704,126,112,2550.15,1,578,22.76919642857143,4.0,,,,,,,,False,상
1012,673,118,84,1623.46,32,555,19.326904761904764,4.0,35-44,A,35-49K,Unknown,Unknown,5+,3+,True,중
1013,705,114,25,705.67,0,591,28.226799999999997,13.5,,,,,,,,False,하
1014,703,116,128,3829.03,2,587,29.914296875,3.0,45-54,A,15-24K,Unknown,2 Adults Kids,4,2,True,상
1015,696,115,87,3269.55,9,581,37.581034482758625,6.0,45-54,U,50-74K,Homeowner,Unknown,1,None/Unknown,True,상
1016,654,214,31,2903.94,51,440,93.67548387096774,14.5,,,,,,,,False,상
1017,701,120,52,3012.04,4,581,57.923846153846156,7.0,,,,,,,,False,상
1018,702,115,111,1871.11,3,587,16.856846846846846,3.0,45-54,A,35-49K,Homeowner,2 Adults Kids,5+,3+,True,중
1019,703,135,30,1115.68,2,568,37.18933333333334,13.0,,,,,,,,False,하
1020,704,115,140,8647.36,1,589,61.76685714285715,3.0,45-54,A,25-34K,Homeowner,2 Adults No Kids,2,None/Unknown,True,최상
1021,704,126,81,1850.07,1,578,22.84037037037037,4.0,35-44,A,50-74K,Homeowner,2 Adults Kids,5+,3+,True,중
1022,581,136,18,121.13,124,445,6.729444444444444,11.0,,,,,,,,False,최저
1023,704,127,260,25912.1,1,577,99.66192307692307,2.0,,,,,,,,False,최상
1024,699,127,103,8173.41,6,572,79.35349514563107,4.0,25-34,A,Under 15K,Homeowner,2 Adults Kids,4,2,True,최상
1025,696,151,55,3254.71,9,545,59.176545454545455,8.0,,,,,,,,False,상
1026,431,199,7,289.18,274,232,41.31142857142857,27.5,,,,,,,,False,최저
1027,669,124,33,967.14,36,545,29.30727272727273,16.5,,,,,,,,False,하
1028,558,124,10,92.91,147,434,9.291,40.0,,,,,,,,False,최저
1029,704,111,166,9720.83,1,593,58.55921686746988,3.0,,,,,,,,False,최상
1030,664,124,27,965.9,41,540,35.77407407407407,17.0,,,,,,,,False,하
1031,554,117,93,2792.44,151,437,30.026236559139786,3.0,35-44,A,75-99K,Homeowner,2 Adults No Kids,2,None/Unknown,True,상
1032,656,133,83,2372.23,49,523,28.5810843373494,5.0,,,,,,,,False,중
1033,638,136,22,1168.2,67,502,53.1,12.0,,,,,,,,False,하
1034,698,119,51,577.8,7,579,11.329411764705881,5.0,,,,,,,,False,최저
1035,407,212,3,183.04,298,195,61.01333333333333,,,,,,,,,False,최저
1036,658,114,23,1085.3799999999999,47,544,47.19043478260869,7.5,,,,,,,,False,하
1037,692,140,27,1028.6299999999999,13,552,38.0974074074074,20.5,,,,,,,,False,하
1038,702,111,207,1529.8,3,591,7.390338164251207,2.0,55-64,U,Under 15K,Probable Renter,Single Male,1,None/Unknown,True,중
1039,705,111,74,5148.31,0,594,69.57175675675676,6.0,,,,,,,,False,최상
1040,704,114,194,5042.16,1,590,25.990515463917525,2.0,25-34,B,100-124K,Unknown,Single Male,1,None/Unknown,True,최상
1041,705,121,179,7047.0,0,584,39.36871508379888,2.0,25-34,U,35-49K,Unknown,Single Male,1,None/Unknown,True,최상
1042,704,114,185,4467.24,1,590,24.147243243243242,3.0,25-34,U,75-99K,Homeowner,2 Adults No Kids,2,None/Unknown,True,최상
1043,668,123,15,836.13,37,545,55.742,28.0,,,,,,,,False,하
1044,627,113,12,358.87,78,514,29.905833333333334,29.0,,,,,,,,False,최저
1045,696,112,171,3290.7,9,584,19.243859649122808,2.0,25-34,A,Under 15K,Homeowner,Single Male,2,None/Unknown,True,상
1046,695,113,128,3588.32,10,582,28.03375,4.0,,,,,,,,False,상
1047,705,113,71,1014.6800000000001,0,592,14.291267605633804,6.0,,,,,,,,False,하
1048,647,116,69,1268.93,58,531,18.390289855072464,3.0,,,,,,,,False,하
1049,705,111,42,689.0,0,594,16.404761904761905,9.0,,,,,,,,False,하
1050,691,116,62,3374.91,14,575,54.43403225806451,7.0,,,,,,,,False,상
1051,697,111,35,1545.76,8,586,44.16457142857143,13.0,,,,,,,,False,중
1052,231,207,6,203.10999999999999,474,24,33.85166666666667,3.0,,,,,,,,False,최저
1053,701,132,91,4364.93,4,569,47.96626373626374,6.0,55-64,A,100-124K,Homeowner,2 Adults No Kids,2,None/Unknown,True,최상
1054,689,114,36,918.16,16,575,25.504444444444445,13.0,,,,,,,,False,하
1055,697,115,67,985.22,8,582,14.704776119402986,5.0,,,,,,,,False,하
1056,702,112,46,3942.87,3,590,85.7145652173913,10.0,,,,,,,,False,상
1057,704,117,161,7450.22,1,587,46.27465838509317,3.0,35-44,U,50-74K,Unknown,Single Male,1,None/Unknown,True,최상
1058,704,111,336,2963.63,1,593,8.820327380952381,1.0,,,,,,,,False,상
1059,555,244,3,38.88,150,311,12.96,,,,,,,,,False,최저
1060,641,120,47,4593.48,64,521,97.73361702127659,10.0,35-44,B,35-49K,Renter,2 Adults No Kids,2,None/Unknown,True,최상
1061,705,115,98,5489.37,0,590,56.01397959183674,4.0,,,,,,,,False,최상
1062,705,111,182,1221.26,0,594,6.71021978021978,3.0,65+,U,15-24K,Homeowner,2 Adults No Kids,2,None/Unknown,True,하
1063,621,113,43,1114.63,84,508,25.921627906976745,6.0,,,,,,,,False,하
1064,687,121,40,2863.71,18,566,71.59275,10.0,,,,,,,,False,상
1065,705,118,42,4365.32,0,587,103.93619047619048,10.0,,,,,,,,False,최상
1066,704,111,210,3029.21,1,593,14.424809523809524,2.0,35-44,U,25-34K,Unknown,2 Adults No Kids,2,None/Unknown,True,상
1067,702,124,50,3281.4900000000002,3,578,65.6298,8.0,,,,,,,,False,상
1068,700,115,65,1221.49,5,585,18.792153846153845,2.5,,,,,,,,False,하
1069,681,117,48,3022.95,24,564,62.978125,10.0,25-34,U,35-49K,Unknown,2 Adults No Kids,2,None/Unknown,True,상
1070,705,111,112,3601.9500000000003,0,594,32.16026785714286,4.0,35-44,U,50-74K,Homeowner,2 Adults No Kids,2,None/Unknown,True,상
1071,705,115,69,2037.88,0,590,29.53449275362319,6.0,,,,,,,,False,중
1072,701,146,52,2571.98,4,555,49.46115384615385,9.0,,,,,,,,False,상
1073,703,118,100,2681.9900000000002,2,585,26.819900000000004,4.0,,,,,,,,False,상
1074,699,118,110,7235.1,6,581,65.77363636363637,5.0,45-54,A,35-49K,Homeowner,2 Adults Kids,4,2,True,최상
1075,689,123,48,1269.45,16,566,26.446875000000002,8.0,,,,,,,,False,하
1076,691,117,70,2004.46,14,574,28.635142857142856,6.0,25-34,B,35-49K,Homeowner,2 Adults No Kids,2,None/Unknown,True,중
1077,705,277,30,1235.83,0,428,41.19433333333333,8.0,,,,,,,,False,하
1078,696,114,177,4759.26,9,582,26.88847457627119,3.0,,,,,,,,False,최상
1079,662,112,29,522.28,43,550,18.009655172413794,12.5,,,,,,,,False,최저
1080,688,114,44,1846.58,17,574,41.967727272727274,9.0,,,,,,,,False,중
1081,699,114,113,9545.35,6,585,84.47212389380532,4.0,55-64,A,75-99K,Homeowner,2 Adults No Kids,2,None/Unknown,True,최상
1082,703,118,105,1693.66,2,585,16.13009523809524,6.0,45-54,U,35-49K,Unknown,Single Male,1,None/Unknown,True,중
1083,694,138,47,1334.5,11,556,28.393617021276597,11.0,,,,,,,,False,하
1084,702,123,141,2135.04,3,579,15.142127659574468,3.0,25-34,U,35-49K,Unknown,2 Adults Kids,3,1,True,중
1085,694,121,66,4111.11,11,573,62.28954545454545,7.0,,,,,,,,False,상
1086,700,122,25,1064.96,5,578,42.5984,22.0,,,,,,,,False,하
1087,689,117,100,2563.25,16,572,25.6325,4.0,,,,,,,,False,상
1088,696,122,75,1167.06,9,574,15.560799999999999,7.0,,,,,,,,False,하
1089,704,113,69,1908.01,1,591,27.65231884057971,6.0,,,,,,,,False,중
1090,682,343,9,250.48000000000002,23,339,27.831111111111113,36.0,,,,,,,,False,최저
1091,666,111,77,3812.8,39,555,49.51688311688312,4.0,45-54,A,75-99K,Homeowner,2 Adults No Kids,2,None/Unknown,True,상
1092,693,136,33,866.18,12,557,26.247878787878786,15.0,,,,,,,,False,하
1093,691,124,23,729.87,14,567,31.733478260869564,22.0,,,,,,,,False,하
1094,704,115,75,5609.91,1,589,74.7988,6.0,45-54,A,75-99K,Homeowner,2 Adults Kids,5+,3+,True,최상
1095,644,158,25,447.68,61,486,17.9072,11.5,,,,,,,,False,최저
1096,685,209,11,279.96999999999997,20,476,25.45181818181818,29.5,,,,,,,,False,최저
1097,705,112,92,6429.46,0,593,69.8854347826087,5.0,,,,,,,,False,최상
1098,704,114,250,7782.36,1,590,31.12944,2.0,,,,,,,,False,최상
1099,648,117,23,500.34000000000003,57,531,21.753913043478263,7.0,,,,,,,,False,최저
1100,703,114,19,178.26000000000002,2,589,9.382105263157897,13.5,,,,,,,,False,최저
1101,661,214,12,135.41,44,447,11.284166666666666,20.0,,,,,,,,False,최저
1102,693,117,65,1888.8600000000001,12,576,29.059384615384616,6.5,,,,,,,,False,중
1103,705,116,148,4991.54,0,589,33.72662162162162,3.0,35-44,A,50-74K,Homeowner,2 Adults Kids,3,1,True,최상
1104,698,117,100,3111.87,7,581,31.1187,4.0,,,,,,,,False,상
1105,688,658,5,409.33000000000004,17,30,81.86600000000001,6.0,,,,,,,,False,최저
1106,702,156,35,654.79,3,546,18.70828571428571,10.0,,,,,,,,False,하
1107,648,138,17,695.44,57,510,40.90823529411765,21.5,,,,,,,,False,하
1108,677,126,16,227.03,28,551,14.189375,8.0,,,,,,,,False,최저
1109,691,111,75,2877.84,14,580,38.3712,7.0,,,,,,,,False,상
1110,690,267,122,5460.2,15,423,44.75573770491803,3.0,,,,,,,,False,최상
1111,705,116,233,18018.53,0,589,77.33274678111587,2.0,,,,,,,,False,최상
1112,676,113,32,1273.08,29,563,39.78375,12.0,,,,,,,,False,하
1113,704,113,140,3636.91,1,591,25.97792857142857,3.0,45-54,A,50-74K,Homeowner,2 Adults Kids,3,1,True,상
1114,701,127,36,937.97,4,574,26.054722222222225,13.0,,,,,,,,False,하
1115,674,128,24,977.5,31,546,40.729166666666664,18.0,,,,,,,,False,하
1116,696,124,33,1770.8600000000001,9,572,53.662424242424244,14.0,,,,,,,,False,중
1117,705,121,122,2727.77,0,584,22.358770491803277,3.0,,,,,,,,False,상
1118,595,182,11,714.7,110,413,64.97272727272728,28.5,,,,,,,,False,하
1119,704,113,59,2040.48,1,591,34.584406779661016,7.0,,,,,,,,False,중
1120,689,111,63,1427.09,16,578,22.65222222222222,6.0,35-44,B,Under 15K,Renter,2 Adults Kids,4,2,True,중
1121,682,113,54,2223.92,23,569,41.183703703703706,8.0,,,,,,,,False,중
1122,498,113,67,1169.11,207,385,17.449402985074624,4.0,,,,,,,,False,하
1123,674,112,47,2816.92,31,562,59.93446808510638,9.0,55-64,A,15-24K,Unknown,Single Female,2,None/Unknown,True,상
1124,703,126,54,1647.75,2,577,30.51388888888889,6.0,,,,,,,,False,중
1125,695,373,50,524.92,10,322,10.498399999999998,3.0,,,,,,,,False,최저
1126,701,122,25,2362.04,4,579,94.4816,21.5,,,,,,,,False,중
1127,697,112,25,1552.4,8,585,62.096000000000004,12.5,,,,,,,,False,중
1128,689,113,156,2464.52,16,576,15.798205128205128,3.0,25-34,U,75-99K,Unknown,2 Adults Kids,3,1,True,상
1129,701,117,61,1774.31,4,584,29.087049180327867,7.0,,,,,,,,False,중
1130,705,112,208,5203.32,0,593,25.015961538461536,2.0,55-64,U,25-34K,Renter,2 Adults Kids,3,1,True,최상
1131,691,118,81,2743.15,14,573,33.86604938271605,4.0,45-54,B,50-74K,Homeowner,2 Adults Kids,3,1,True,상
1132,701,113,37,1996.43,4,588,53.95756756756757,11.0,,,,,,,,False,중
1133,703,112,90,1251.68,2,591,13.907555555555556,5.0,,,,,,,,False,하
1134,689,162,46,4868.12,16,527,105.8286956521739,6.0,,,,,,,,False,최상
1135,703,167,54,676.4,2,536,12.525925925925925,5.0,45-54,U,50-74K,Unknown,Unknown,2,1,True,하
1136,704,126,48,1518.54,1,578,31.63625,7.0,,,,,,,,False,중
1137,701,117,106,1891.47,4,584,17.844056603773584,5.0,65+,B,35-49K,Homeowner,Single Male,1,None/Unknown,True,중
1138,704,112,167,3932.94,1,592,23.55053892215569,3.0,35-44,U,15-24K,Unknown,2 Adults No Kids,2,None/Unknown,True,상
1139,705,116,74,6497.06,0,589,87.79810810810811,6.0,,,,,,,,False,최상
1140,660,145,15,1068.57,45,515,71.238,8.5,,,,,,,,False,하
1141,696,151,53,1131.29,9,545,21.34509433962264,8.0,,,,,,,,False,하
1142,705,113,185,12154.41,0,592,65.69951351351351,3.0,45-54,A,50-74K,Homeowner,2 Adults No Kids,2,None/Unknown,True,최상
1143,636,127,9,138.24,69,509,15.360000000000001,36.5,,,,,,,,False,최저
1144,698,128,18,120.98,7,570,6.721111111111111,12.0,,,,,,,,False,최저
1145,674,115,52,3596.28,31,559,69.15923076923077,4.0,,,,,,,,False,상
1146,704,118,230,7343.51,1,586,31.92830434782609,2.0,35-44,B,35-49K,Homeowner,1 Adult Kids,4,3+,True,최상
1147,704,115,50,3757.82,1,589,75.1564,7.0,19-24,U,25-34K,Unknown,2 Adults No Kids,2,None/Unknown,True,상
1148,631,117,16,246.22,74,514,15.38875,15.0,,,,,,,,False,최저
1149,672,154,14,231.99,33,518,16.570714285714285,25.0,,,,,,,,False,최저
1150,552,366,12,834.91,153,186,69.57583333333334,15.0,,,,,,,,False,하
1151,705,127,128,2603.16,0,578,20.3371875,3.0,45-54,U,Under 15K,Probable Renter,Single Male,1,None/Unknown,True,상
1152,695,111,53,1177.47,10,584,22.216415094339624,2.5,,,,,,,,False,하
1153,705,118,49,1083.96,0,587,22.121632653061226,8.0,,,,,,,,False,하
1154,690,114,114,3544.52,15,576,31.092280701754387,4.0,45-54,A,35-49K,Homeowner,Unknown,2,None/Unknown,True,상
1155,695,184,26,1746.1100000000001,10,511,67.15807692307693,12.0,,,,,,,,False,중
1156,638,120,26,848.01,67,518,32.61576923076923,13.0,,,,,,,,False,하
1157,674,118,78,2435.73,31,556,31.227307692307694,5.0,,,,,,,,False,상
1158,704,111,173,2559.91,1,593,14.797167630057803,3.0,45-54,U,15-24K,Homeowner,2 Adults No Kids,2,None/Unknown,True,상
1159,705,111,182,3902.86,0,594,21.444285714285716,2.0,45-54,A,15-24K,Homeowner,2 Adults No Kids,2,None/Unknown,True,상
1160,697,123,94,3459.5,8,574,36.8031914893617,5.0,65+,U,35-49K,Homeowner,Single Female,1,None/Unknown,True,상
1161,705,125,39,1019.91,0,580,26.15153846153846,8.5,,,,,,,,False,하
1162,433,115,25,288.13,272,318,11.5252,9.0,,,,,,,,False,최저
1163,694,111,103,3559.51,11,583,34.55834951456311,4.0,35-44,U,Under 15K,Unknown,Unknown,1,None/Unknown,True,상
1164,695,111,86,4051.62,10,584,47.11186046511628,6.0,25-34,U,15-24K,Unknown,Single Male,1,None/Unknown,True,상
1165,688,116,45,1079.58,17,572,23.990666666666666,8.5,,,,,,,,False,하
1166,704,113,233,8657.03,1,591,37.15463519313305,2.0,45-54,A,125-149K,Homeowner,2 Adults Kids,3,1,True,최상
1167,700,116,113,5587.9,5,584,49.4504424778761,4.0,35-44,U,50-74K,Homeowner,2 Adults Kids,4,2,True,최상
1168,703,111,66,827.51,2,592,12.538030303030302,8.0,,,,,,,,False,하
1169,705,112,92,4724.13,0,593,51.34923913043478,5.0,19-24,A,15-24K,Homeowner,2 Adults No Kids,2,None/Unknown,True,최상
1170,649,147,5,59.38,56,502,11.876000000000001,115.5,,,,,,,,False,최저
1171,679,118,26,840.02,26,561,32.308461538461536,10.0,,,,,,,,False,하
1172,703,123,128,4053.83,2,580,31.670546875,3.0,25-34,B,50-74K,Unknown,Single Male,1,None/Unknown,True,상
1173,637,112,19,443.58,68,525,23.34631578947368,6.0,,,,,,,,False,최저
1174,704,144,101,2148.15,1,560,21.26881188118812,3.0,25-34,U,Under 15K,Unknown,2 Adults Kids,5+,3+,True,중
1175,705,113,88,5658.6,0,592,64.30227272727274,6.0,25-34,A,50-74K,Homeowner,Single Female,2,None/Unknown,True,최상
1176,703,591,12,161.25,2,112,13.4375,4.0,,,,,,,,False,최저
1177,698,111,16,337.98,7,587,21.12375,21.0,,,,,,,,False,최저
1178,700,114,170,3754.96,5,586,22.088,3.0,45-54,U,15-24K,Unknown,Single Female,1,None/Unknown,True,상
1179,705,113,142,7733.85,0,592,54.4637323943662,3.0,35-44,A,50-74K,Homeowner,2 Adults No Kids,2,None/Unknown,True,최상
1180,701,133,99,3685.17,4,568,37.223939393939396,4.0,,,,,,,,False,상
1181,644,112,67,1693.38,61,532,25.274328358208958,5.0,,,,,,,,False,중
1182,684,111,75,1269.13,21,573,16.921733333333336,3.0,,,,,,,,False,하
1183,677,114,5,218.60000000000002,28,563,43.720000000000006,67.0,,,,,,,,False,최저
1184,693,112,5,328.83,12,581,65.76599999999999,25.0,,,,,,,,False,최저
1185,702,123,44,1175.33,3,579,26.712045454545454,5.0,,,,,,,,False,하
1186,699,165,59,4903.63,6,534,83.11237288135594,8.0,45-54,A,50-74K,Homeowner,1 Adult Kids,5+,3+,True,최상
1187,698,247,108,2934.49,7,451,27.1712037037037,3.0,,,,,,,,False,상
1188,705,111,120,3617.82,0,594,30.148500000000002,3.0,45-54,U,35-49K,Renter,Unknown,1,None/Unknown,True,상
1189,699,143,39,784.99,6,556,20.12794871794872,8.5,,,,,,,,False,하
1190,693,111,179,2576.21,12,582,14.392234636871509,2.0,25-34,U,35-49K,Homeowner,2 Adults No Kids,2,None/Unknown,True,상
1191,705,126,91,2372.57,0,579,26.072197802197802,5.0,,,,,,,,False,중
1192,704,180,58,1023.77,1,524,17.651206896551724,6.0,,,,,,,,False,하
1193,698,112,115,2480.15,7,586,21.566521739130437,3.0,,,,,,,,False,상
1194,702,112,54,1219.13,3,590,22.576481481481483,7.0,,,,,,,,False,하
1195,705,162,25,850.11,0,543,34.004400000000004,13.0,,,,,,,,False,하
1196,682,121,25,1798.93,23,561,71.9572,17.0,,,,,,,,False,중
1197,705,113,106,6570.41,0,592,61.985,4.0,35-44,A,150-174K,Homeowner,2 Adults No Kids,2,None/Unknown,True,최상
1198,696,120,41,975.46,9,576,23.791707317073172,9.5,,,,,,,,False,하
1199,281,129,6,134.79999999999998,424,152,22.466666666666665,21.0,,,,,,,,False,최저
1200,685,135,26,1354.25,20,550,52.08653846153846,15.0,,,,,,,,False,하
1201,696,115,29,460.5,9,581,15.879310344827585,17.5,,,,,,,,False,최저
1202,695,167,19,445.46,10,528,23.445263157894736,23.5,,,,,,,,False,최저
1203,703,112,129,5701.67,2,591,44.19899224806202,4.0,,,,,,,,False,최상
1204,703,112,53,1766.46,2,591,33.329433962264154,8.5,,,,,,,,False,중
1205,679,113,115,3810.83,26,566,33.13765217391304,4.0,,,,,,,,False,상
1206,700,111,231,5366.34,5,589,23.23090909090909,2.0,,,,,,,,False,최상
1207,705,126,80,705.61,0,579,8.820125,6.0,,,,,,,,False,하
1208,694,132,44,1013.27,11,562,23.028863636363635,7.0,,,,,,,,False,하
1209,705,115,15,282.34000000000003,0,590,18.82266666666667,24.0,,,,,,,,False,최저
1210,696,172,30,895.0400000000001,9,524,29.83466666666667,7.0,,,,,,,,False,하
1211,701,116,107,6907.38,4,585,64.55495327102804,4.0,,,,,,,,False,최상
1212,685,225,4,157.14000000000001,20,460,39.285000000000004,61.0,,,,,,,,False,최저
1213,705,131,28,328.38,0,574,11.727857142857143,7.0,,,,,,,,False,최저
1214,675,127,5,85.63000000000001,30,548,17.126,160.5,,,,,,,,False,최저
1215,695,123,12,552.37,10,572,46.030833333333334,33.0,,,,,,,,False,최저
1216,705,111,113,4904.18,0,594,43.39982300884956,3.0,,,,,,,,False,최상
1217,701,116,37,2379.71,4,585,64.31648648648648,11.5,,,,,,,,False,중
1218,702,112,75,2613.15,3,590,34.842,6.0,45-54,A,35-49K,Homeowner,2 Adults Kids,4,2,True,상
1219,704,116,102,754.45,1,588,7.396568627450981,4.0,19-24,A,15-24K,Homeowner,2 Adults Kids,3,1,True,하
1220,632,158,25,457.61,73,474,18.3044,5.0,,,,,,,,False,최저
1221,681,120,12,557.33,24,561,46.44416666666667,10.0,,,,,,,,False,최저
1222,698,111,148,5538.57,7,587,37.42277027027027,3.0,45-54,U,15-24K,Homeowner,Single Female,1,None/Unknown,True,최상
1223,691,112,45,1711.6100000000001,14,579,38.03577777777778,7.0,,,,,,,,False,중
1224,701,113,73,2338.13,4,588,32.029178082191784,6.5,,,,,,,,False,중
1225,696,111,56,1239.31,9,585,22.130535714285713,8.0,,,,,,,,False,하
1226,701,111,73,6219.88,4,590,85.20383561643835,7.0,25-34,B,35-49K,Homeowner,1 Adult Kids,3,2,True,최상
1227,703,118,68,3338.21,2,585,49.09132352941177,7.0,,,,,,,,False,상
1228,705,111,389,10408.99,0,594,26.758329048843187,1.0,45-54,U,100-124K,Unknown,Single Female,1,None/Unknown,True,최상
1229,705,111,228,13291.54,0,594,58.296228070175445,2.0,55-64,A,150-174K,Homeowner,2 Adults No Kids,2,None/Unknown,True,최상
1230,693,139,18,243.86,12,554,13.547777777777778,26.0,,,,,,,,False,최저
1231,703,115,50,1804.55,2,588,36.091,13.0,,,,,,,,False,중
1232,545,167,18,473.17,160,378,26.287222222222223,24.0,,,,,,,,False,최저
1233,693,115,12,859.62,12,578,71.635,35.0,,,,,,,,False,하
1234,703,138,91,5399.650000000001,2,565,59.336813186813195,5.0,45-54,B,35-49K,Homeowner,2 Adults No Kids,2,None/Unknown,True,최상
1235,662,116,14,731.39,43,546,52.24214285714286,24.0,,,,,,,,False,하
1236,700,112,159,3843.28,5,588,24.171572327044025,3.0,35-44,U,50-74K,Unknown,2 Adults Kids,3,1,True,상
1237,621,114,18,948.77,84,507,52.70944444444444,19.0,,,,,,,,False,하
1238,704,116,33,3404.07,1,588,103.15363636363637,14.0,,,,,,,,False,상
1239,656,118,21,1823.04,49,538,86.81142857142856,19.5,,,,,,,,False,중
1240,704,119,155,9613.14,1,585,62.02025806451613,3.0,45-54,U,Under 15K,Homeowner,2 Adults No Kids,2,None/Unknown,True,최상
1241,692,114,67,1783.1,13,578,26.613432835820895,6.0,,,,,,,,False,중
1242,705,114,30,830.11,0,591,27.670333333333335,14.0,,,,,,,,False,하
1243,594,145,14,249.70000000000002,111,449,17.835714285714285,24.0,,,,,,,,False,최저
1244,649,141,29,498.81,56,508,17.200344827586207,15.0,,,,,,,,False,최저
1245,703,113,185,3439.98,2,590,18.59448648648649,2.0,,,,,,,,False,상
1246,696,117,67,3860.64,9,579,57.62149253731343,5.0,,,,,,,,False,상
1247,703,111,108,6430.3,2,592,59.53981481481482,5.0,35-44,A,35-49K,Homeowner,2 Adults No Kids,2,None/Unknown,True,최상
1248,702,115,120,7639.42,3,587,63.661833333333334,4.0,45-54,U,50-74K,Unknown,1 Adult Kids,2,1,True,최상
1249,704,179,19,481.63,1,525,25.34894736842105,21.5,,,,,,,,False,최저
1250,699,436,5,191.25,6,263,38.25,44.0,,,,,,,,False,최저
1251,654,118,46,302.09000000000003,51,536,6.5671739130434785,6.0,,,,,,,,False,최저
1252,694,123,39,903.92,11,571,23.177435897435895,9.0,,,,,,,,False,하
1253,622,180,10,489.40999999999997,83,442,48.940999999999995,5.0,,,,,,,,False,최저
1254,638,275,4,158.59,67,363,39.6475,151.0,,,,,,,,False,최저
1255,694,196,20,414.6,11,498,20.73,18.0,,,,,,,,False,최저
1256,705,111,139,4632.96,0,594,33.33064748201439,4.0,45-54,U,50-74K,Unknown,1 Adult Kids,2,1,True,최상
1257,687,427,24,1156.52,18,260,48.18833333333333,7.0,45-54,U,50-74K,Homeowner,2 Adults Kids,3,1,True,하
1258,704,118,186,3033.23,1,586,16.30768817204301,2.0,45-54,U,75-99K,Homeowner,Unknown,1,None/Unknown,True,상
1259,682,132,29,1127.92,23,550,38.89379310344828,19.0,,,,,,,,False,하
1260,700,115,109,8981.72,5,585,82.4011009174312,5.0,65+,U,50-74K,Homeowner,Single Male,1,None/Unknown,True,최상
1261,705,119,167,3257.14,0,586,19.503832335329342,2.0,45-54,A,25-34K,Homeowner,Single Female,2,None/Unknown,True,상
1262,664,171,10,319.71999999999997,41,493,31.971999999999998,22.0,,,,,,,,False,최저
1263,682,117,96,4862.83,23,565,50.65447916666667,5.0,25-34,B,15-24K,Unknown,Single Male,1,None/Unknown,True,최상
1264,701,115,105,5829.27,4,586,55.51685714285715,4.0,45-54,U,15-24K,Unknown,Single Male,1,None/Unknown,True,최상
1265,683,118,44,1378.89,22,565,31.338409090909092,13.0,,,,,,,,False,하
1266,700,111,92,1511.05,5,589,16.42445652173913,5.0,,,,,,,,False,중
1267,679,120,59,1514.77,26,559,25.67406779661017,9.0,25-34,U,75-99K,Unknown,Single Female,1,None/Unknown,True,중
1268,692,121,52,2505.88,13,571,48.190000000000005,9.0,35-44,U,Under 15K,Homeowner,2 Adults Kids,4,2,True,상
1269,697,113,82,2524.5,8,584,30.786585365853657,6.0,,,,,,,,False,상
1270,705,174,60,3201.26,0,531,53.35433333333334,6.0,45-54,U,15-24K,Unknown,Single Female,1,None/Unknown,True,상
1271,700,117,121,4127.6,5,583,34.11239669421488,4.0,,,,,,,,False,상
1272,704,114,219,8520.51,1,590,38.90643835616439,2.0,65+,A,35-49K,Homeowner,Single Female,2,None/Unknown,True,최상
1273,693,134,13,163.27,12,559,12.55923076923077,14.0,,,,,,,,False,최저
1274,704,111,227,11350.75,1,593,50.00330396475771,2.0,,,,,,,,False,최상
1275,291,147,5,104.68,414,144,20.936,20.0,,,,,,,,False,최저
1276,703,158,15,564.4,2,545,37.626666666666665,13.5,,,,,,,,False,최저
1277,696,111,208,5522.97,9,585,26.552740384615387,2.0,,,,,,,,False,최상
1278,705,111,17,708.59,0,594,41.68176470588236,34.5,,,,,,,,False,하
1279,702,117,148,4389.82,3,585,29.660945945945944,3.0,,,,,,,,False,최상
1280,689,140,10,160.06,16,549,16.006,38.0,,,,,,,,False,최저
1281,691,115,22,589.59,14,576,26.799545454545456,8.0,,,,,,,,False,최저
1282,692,133,157,5935.49,13,559,37.80566878980891,3.0,,,,,,,,False,최상
1283,703,118,46,325.21,2,585,7.069782608695652,8.0,,,,,,,,False,최저
1284,703,164,123,1707.35,2,539,13.88089430894309,2.0,,,,,,,,False,중
1285,699,122,116,4609.68,6,577,39.73862068965518,5.0,25-34,B,25-34K,Renter,1 Adult Kids,3,2,True,최상
1286,608,111,21,521.73,97,497,24.844285714285714,16.5,,,,,,,,False,최저
1287,699,116,79,2281.2,6,583,28.875949367088605,7.0,,,,,,,,False,중
1288,674,127,33,1546.44,31,547,46.86181818181819,11.0,,,,,,,,False,중
1289,705,111,360,1355.0,0,594,3.763888888888889,1.0,,,,,,,,False,하
1290,702,175,21,836.1899999999999,3,527,39.818571428571424,16.5,,,,,,,,False,하
1291,700,113,91,3094.44,5,587,34.004835164835164,6.0,55-64,A,35-49K,Homeowner,Single Male,2,None/Unknown,True,상
1292,696,116,15,375.37,9,580,25.02466666666667,39.0,,,,,,,,False,최저
1293,703,111,140,2592.77,2,592,18.519785714285714,3.0,,,,,,,,False,상
1294,691,111,52,4745.24,14,580,91.25461538461538,9.0,,,,,,,,False,최상
1295,701,123,54,1423.7,4,578,26.364814814814817,6.0,,,,,,,,False,중
1296,691,112,72,1960.5900000000001,14,579,27.23041666666667,7.0,65+,A,25-34K,Homeowner,Single Female,2,None/Unknown,True,중
1297,705,124,112,2295.37,0,581,20.494374999999998,3.0,35-44,U,75-99K,Homeowner,Unknown,1,None/Unknown,True,중
1298,699,144,46,1457.98,6,555,31.695217391304347,9.0,,,,,,,,False,중
1299,700,117,106,4344.55,5,583,40.986320754716985,5.0,35-44,U,15-24K,Renter,2 Adults Kids,4,2,True,최상
1300,705,111,65,2381.82,0,594,36.64338461538462,5.0,45-54,A,50-74K,Homeowner,2 Adults Kids,4,2,True,중
1301,578,112,64,1309.55,127,466,20.46171875,5.0,,,,,,,,False,하
1302,663,190,28,599.5,42,473,21.410714285714285,13.0,,,,,,,,False,최저
1303,696,119,119,4739.82,9,577,39.83042016806723,3.0,,,,,,,,False,최상
1304,703,120,72,766.83,2,583,10.650416666666667,6.0,,,,,,,,False,하
1305,681,111,213,6465.08,24,570,30.352488262910796,2.0,19-24,B,Under 15K,Renter,1 Adult Kids,2,1,True,최상
1306,705,126,144,2954.8,0,579,20.519444444444446,3.0,45-54,U,Under 15K,Unknown,Unknown,1,None/Unknown,True,상
1307,701,112,134,1706.44,4,589,12.734626865671641,2.0,,,,,,,,False,중
1308,579,127,10,149.6,126,452,14.959999999999999,30.0,,,,,,,,False,최저
1309,550,550,1,29.76,155,0,29.76,,,,,,,,,False,최저
1310,692,123,28,801.49,13,569,28.624642857142856,16.0,,,,,,,,False,하
1311,607,111,12,597.84,98,496,49.82,22.0,,,,,,,,False,최저
1312,703,117,94,4186.07,2,586,44.532659574468084,3.0,,,,,,,,False,상
1313,700,113,29,1030.97,5,587,35.55068965517241,14.5,,,,,,,,False,하
1314,705,111,229,9755.18,0,594,42.59903930131004,2.0,,,,,,,,False,최상
1315,624,501,4,458.08,81,123,114.52,36.0,,,,,,,,False,최저
1316,693,112,47,3479.85,12,581,74.03936170212766,12.0,55-64,U,35-49K,Unknown,2 Adults No Kids,2,None/Unknown,True,상
1317,688,112,145,3078.91,17,576,21.233862068965518,3.0,,,,,,,,False,상
1318,697,123,66,5403.97,8,574,81.87833333333333,7.0,65+,A,50-74K,Homeowner,2 Adults No Kids,2,None/Unknown,True,최상
1319,679,115,36,851.98,26,564,23.66611111111111,15.0,,,,,,,,False,하
1320,692,276,12,272.35,13,416,22.695833333333336,18.0,,,,,,,,False,최저
1321,705,165,176,1734.58,0,540,9.855568181818182,2.0,19-24,U,35-49K,Unknown,2 Adults No Kids,2,None/Unknown,True,중
1322,688,153,13,222.0,17,535,17.076923076923077,16.5,,,,,,,,False,최저
1323,562,214,7,240.42,143,348,34.34571428571429,31.0,,,,,,,,False,최저
1324,699,119,39,2461.96,6,580,63.12717948717949,11.5,,,,,,,,False,상
1325,705,269,60,2707.7200000000003,0,436,45.12866666666667,6.0,,,,,,,,False,상
1326,702,115,194,6981.22,3,587,35.98567010309279,2.0,45-54,U,Under 15K,Homeowner,Single Male,1,None/Unknown,True,최상
1327,409,113,8,460.07,296,296,57.50875,14.0,,,,,,,,False,최저
1328,701,142,58,2094.14,4,559,36.105862068965514,4.0,,,,,,,,False,중
1329,701,177,25,1233.95,4,524,49.358000000000004,19.5,,,,,,,,False,하
1330,690,124,68,1777.8600000000001,15,566,26.145000000000003,6.0,,,,,,,,False,중
1331,678,111,81,1494.75,27,567,18.453703703703702,3.0,,,,,,,,False,중
1332,682,120,51,1875.44,23,562,36.77333333333333,9.0,,,,,,,,False,중
1333,705,118,119,7504.11,0,587,63.05974789915966,4.0,45-54,U,125-149K,Homeowner,2 Adults Kids,4,2,True,최상
1334,697,137,42,615.77,8,560,14.661190476190475,3.0,,,,,,,,False,최저
1335,689,117,29,950.19,16,572,32.7651724137931,16.5,,,,,,,,False,하
1336,697,111,102,5388.95,8,586,52.8328431372549,5.0,,,,,,,,False,최상
1337,702,117,184,9585.5,3,585,52.09510869565217,3.0,45-54,U,50-74K,Homeowner,2 Adults Kids,4,2,True,최상
1338,705,112,131,1468.71,0,593,11.211526717557252,2.0,,,,,,,,False,중
1339,701,505,5,382.16999999999996,4,196,76.434,41.5,,,,,,,,False,최저
1340,695,122,44,423.37,10,573,9.622045454545455,7.0,,,,,,,,False,최저
1341,637,118,11,378.39,68,519,34.39909090909091,20.0,,,,,,,,False,최저
1342,674,222,9,104.02999999999999,31,452,11.558888888888887,61.5,,,,,,,,False,최저
1343,665,141,10,265.89,40,524,26.589,27.0,,,,,,,,False,최저
1344,691,130,26,2557.78,14,561,98.37615384615385,21.0,,,,,,,,False,상
1345,690,118,43,1038.23,15,572,24.144883720930235,7.5,,,,,,,,False,하
1346,704,138,61,1050.05,1,566,17.213934426229507,6.0,,,,,,,,False,하
1347,702,118,91,2735.04,3,584,30.055384615384614,4.0,,,,,,,,False,상
1348,626,120,21,287.45,79,506,13.688095238095238,15.5,,,,,,,,False,최저
1349,701,113,149,4715.36,4,588,31.64671140939597,3.0,,,,,,,,False,최상
1350,683,111,77,2148.92,22,572,27.90805194805195,4.0,,,,,,,,False,중
1351,697,121,59,417.6,8,576,7.077966101694916,8.0,,,,,,,,False,최저
1352,703,117,91,4098.31,2,586,45.03637362637363,6.0,35-44,U,75-99K,Homeowner,2 Adults No Kids,2,None/Unknown,True,상
1353,703,136,113,3656.7400000000002,2,567,32.36053097345133,4.0,,,,,,,,False,상
1354,701,126,68,2192.26,4,575,32.239117647058826,8.0,65+,B,15-24K,Homeowner,2 Adults No Kids,2,None/Unknown,True,중
1355,703,606,6,309.48,2,97,51.580000000000005,14.0,,,,,,,,False,최저
1356,705,127,70,1914.3999999999999,0,578,27.348571428571425,7.0,,,,,,,,False,중
1357,703,115,67,2606.32,2,588,38.900298507462686,7.0,55-64,A,25-34K,Homeowner,2 Adults No Kids,2,None/Unknown,True,상
1358,704,111,87,1755.5,1,593,20.17816091954023,2.0,,,,,,,,False,중
1359,682,111,66,1077.13,23,571,16.320151515151515,6.0,,,,,,,,False,하
1360,673,122,20,559.59,32,551,27.9795,22.0,,,,,,,,False,최저
1361,683,138,7,378.52,22,545,54.074285714285715,65.5,,,,,,,,False,최저
1362,696,129,58,1414.38,9,567,24.38586206896552,9.0,,,,,,,,False,중
1363,700,112,45,3773.71,5,588,83.86022222222222,6.5,25-34,U,15-24K,Unknown,1 Adult Kids,2,1,True,상
1364,705,118,115,2111.04,0,587,18.35686956521739,3.0,65+,B,100-124K,Homeowner,Single Female,1,None/Unknown,True,중
1365,389,180,4,40.83,316,209,10.2075,87.0,,,,,,,,False,최저
1366,705,111,206,4008.39,0,594,19.458203883495145,2.0,,,,,,,,False,상
1367,705,113,204,8491.99,0,592,41.62740196078431,2.0,35-44,U,75-99K,Homeowner,2 Adults Kids,3,1,True,최상
1368,700,204,30,2714.81,5,496,90.49366666666667,13.0,,,,,,,,False,상
1369,699,114,98,2379.94,6,585,24.285102040816327,4.0,25-34,B,Under 15K,Probable Renter,Single Male,1,None/Unknown,True,중
1370,705,117,79,7953.97,0,588,100.68316455696203,7.0,65+,U,25-34K,Homeowner,2 Adults No Kids,2,None/Unknown,True,최상
1371,531,153,33,629.76,174,378,19.083636363636362,7.5,,,,,,,,False,하
1372,658,124,17,1016.76,47,534,59.809411764705885,26.0,,,,,,,,False,하
1373,700,113,35,545.13,5,587,15.575142857142858,13.5,,,,,,,,False,최저
1374,697,150,83,2578.38,8,547,31.064819277108434,5.0,,,,,,,,False,상
1375,705,112,100,3641.39,0,593,36.4139,5.0,,,,,,,,False,상
1376,704,115,122,7785.4400000000005,1,589,63.81508196721312,4.0,55-64,U,50-74K,Homeowner,Unknown,1,None/Unknown,True,최상
1377,685,134,24,571.5,20,551,23.8125,13.0,,,,,,,,False,최저
1378,705,118,103,6273.39,0,587,60.906699029126216,5.0,25-34,U,100-124K,Unknown,Single Female,1,None/Unknown,True,최상
1379,705,113,338,10599.76,0,592,31.360236686390532,1.0,,,,,,,,False,최상
1380,679,167,21,335.8,26,512,15.99047619047619,9.0,,,,,,,,False,최저
1381,702,114,38,134.4,3,588,3.5368421052631582,7.0,,,,,,,,False,최저
1382,695,120,99,2661.8,10,575,26.886868686868688,4.0,45-54,U,50-74K,Homeowner,2 Adults No Kids,2,None/Unknown,True,상
1383,701,112,111,1512.97,4,589,13.63036036036036,4.0,,,,,,,,False,중
1384,696,182,31,770.74,9,514,24.86258064516129,15.0,,,,,,,,False,하
1385,693,111,83,5049.93,12,582,60.84253012048193,5.0,,,,,,,,False,최상
1386,663,169,6,69.98,42,494,11.663333333333334,72.0,,,,,,,,False,최저
1387,705,132,55,1872.8600000000001,0,573,34.052,9.0,,,,,,,,False,중
1388,694,112,96,5104.39,11,582,53.17072916666667,6.0,35-44,A,100-124K,Unknown,2 Adults Kids,3,1,True,최상
1389,701,113,39,2841.16,4,588,72.8502564102564,8.5,65+,A,100-124K,Homeowner,Single Female,2,None/Unknown,True,상
1390,705,144,158,4807.17,0,561,30.42512658227848,2.0,,,,,,,,False,최상
1391,694,116,85,5229.88,11,578,61.528,6.0,45-54,A,50-74K,Homeowner,2 Adults No Kids,2,None/Unknown,True,최상
1392,661,113,83,1938.98,44,548,23.36120481927711,4.0,,,,,,,,False,중
1393,704,117,173,5575.79,1,587,32.23,3.0,35-44,B,150-174K,Homeowner,Single Female,1,None/Unknown,True,최상
1394,704,118,143,4359.89,1,586,30.48874125874126,3.0,45-54,A,50-74K,Homeowner,2 Adults No Kids,2,None/Unknown,True,최상
1395,681,235,34,941.3100000000001,24,446,27.68558823529412,8.0,,,,,,,,False,하
1396,620,113,177,5862.76,85,507,33.122937853107345,2.0,65+,A,125-149K,Homeowner,2 Adults No Kids,2,None/Unknown,True,최상
1397,705,112,233,5529.1,0,593,23.730042918454938,2.0,45-54,B,35-49K,Renter,Single Female,1,None/Unknown,True,최상
1398,694,112,19,393.98,11,582,20.73578947368421,16.0,,,,,,,,False,최저
1399,699,112,32,1004.34,6,587,31.385625,16.0,,,,,,,,False,하
1400,699,178,10,281.31,6,521,28.131,18.0,,,,,,,,False,최저
1401,683,197,45,486.2,22,486,10.804444444444444,8.0,,,,,,,,False,최저
1402,687,117,137,1723.28,18,570,12.578686131386862,4.0,55-64,U,15-24K,Unknown,Single Male,1,None/Unknown,True,중
1403,683,127,84,1984.9099999999999,22,556,23.62988095238095,3.0,,,,,,,,False,중
1404,704,114,34,1001.69,1,590,29.461470588235297,10.0,,,,,,,,False,하
1405,699,123,38,2050.56,6,576,53.962105263157895,11.0,,,,,,,,False,중
1406,691,126,83,3030.42,14,565,36.511084337349395,5.5,,,,,,,,False,상
1407,705,144,30,1520.25,0,561,50.675,9.0,,,,,,,,False,중
1408,691,116,50,926.52,14,575,18.5304,7.0,,,,,,,,False,하
1409,700,117,82,4203.03,5,583,51.25646341463414,7.0,,,,,,,,False,상
1410,694,118,20,1549.73,11,576,77.4865,25.0,,,,,,,,False,중
1411,443,137,4,76.25999999999999,262,306,19.064999999999998,78.0,,,,,,,,False,최저
1412,705,194,68,3920.61,0,511,57.656029411764706,7.0,45-54,A,50-74K,Homeowner,2 Adults Kids,3,1,True,상
1413,700,118,23,279.29,5,582,12.14304347826087,12.0,,,,,,,,False,최저
1414,705,112,14,265.24,0,593,18.945714285714285,48.0,,,,,,,,False,최저
1415,703,138,25,236.6,2,565,9.464,15.0,,,,,,,,False,최저
1416,688,333,3,53.51,17,355,17.836666666666666,,,,,,,,,False,최저
1417,703,122,46,2388.75,2,581,51.92934782608695,6.0,,,,,,,,False,중
1418,704,116,67,2515.44,1,588,37.543880597014926,6.0,25-34,A,35-49K,Homeowner,2 Adults Kids,3,1,True,상
1419,705,113,353,6767.29,0,592,19.170793201133144,1.0,35-44,U,35-49K,Unknown,Single Female,1,None/Unknown,True,최상
1420,654,115,62,3567.14,51,539,57.534516129032255,5.0,,,,,,,,False,상
1421,704,111,155,3439.61,1,593,22.191032258064517,3.0,35-44,A,50-74K,Homeowner,2 Adults No Kids,2,None/Unknown,True,상
1422,703,360,8,383.03,2,343,47.87875,15.0,,,,,,,,False,최저
1423,698,111,145,1538.8,7,587,10.612413793103448,3.0,45-54,U,15-24K,Unknown,Single Male,1,None/Unknown,True,중
1424,651,119,54,575.4,54,532,10.655555555555555,7.0,,,,,,,,False,최저
1425,702,117,102,3605.56,3,585,35.348627450980395,4.0,19-24,B,50-74K,Unknown,2 Adults Kids,3,1,True,상
1426,701,113,39,1446.5,4,588,37.08974358974359,8.5,,,,,,,,False,중
1427,703,139,64,2327.92,2,564,36.37375,4.0,,,,,,,,False,중
1428,702,148,116,4183.68,3,554,36.066206896551726,4.0,55-64,U,35-49K,Unknown,2 Adults No Kids,2,None/Unknown,True,상
1429,685,115,76,792.08,20,570,10.422105263157896,6.0,45-54,B,35-49K,Renter,Single Female,1,None/Unknown,True,하
1430,705,112,164,15244.54,0,593,92.95451219512195,3.0,35-44,A,35-49K,Homeowner,2 Adults Kids,3,1,True,최상
1431,704,123,124,2519.69,1,581,20.32008064516129,3.0,,,,,,,,False,상
1432,632,420,7,224.25,73,212,32.035714285714285,22.0,,,,,,,,False,최저
1433,687,583,7,58.52,18,104,8.360000000000001,12.0,,,,,,,,False,최저
1434,703,131,186,4112.57,2,572,22.11059139784946,2.0,,,,,,,,False,상
1435,620,139,9,447.53,85,481,49.72555555555555,52.5,,,,,,,,False,최저
1436,596,422,6,79.87,109,174,13.311666666666667,10.0,,,,,,,,False,최저
1437,690,113,76,4037.94,15,577,53.13078947368421,5.0,25-34,A,15-24K,Homeowner,1 Adult Kids,3,1,True,상
1438,705,183,31,2043.04,0,522,65.90451612903226,10.5,45-54,U,Under 15K,Unknown,Single Female,1,None/Unknown,True,중
1439,659,152,23,500.9,46,507,21.778260869565216,13.5,,,,,,,,False,최저
1440,692,115,67,1985.26,13,577,29.630746268656715,6.0,,,,,,,,False,중
1441,634,115,8,245.27,71,519,30.65875,60.0,,,,,,,,False,최저
1442,689,399,14,279.33000000000004,16,290,19.95214285714286,6.0,,,,,,,,False,최저
1443,704,111,142,2003.15,1,593,14.106690140845071,2.0,35-44,U,150-174K,Unknown,2 Adults No Kids,2,None/Unknown,True,중
1444,618,166,18,308.64,87,452,17.146666666666665,11.0,,,,,,,,False,최저
1445,704,148,155,5041.51,1,556,32.52587096774194,3.0,35-44,A,Under 15K,Homeowner,2 Adults No Kids,2,None/Unknown,True,최상
1446,703,117,38,2009.78,2,586,52.88894736842105,13.0,,,,,,,,False,중
1447,705,115,26,539.9399999999999,0,590,20.766923076923074,18.0,,,,,,,,False,최저
1448,651,111,71,1673.28,54,540,23.56732394366197,3.0,,,,,,,,False,중
1449,625,116,33,352.56,80,509,10.683636363636364,11.0,,,,,,,,False,최저
1450,686,116,49,1246.5900000000001,19,570,25.440612244897963,5.0,,,,,,,,False,하
1451,703,114,190,5340.78,2,589,28.10936842105263,2.0,45-54,A,125-149K,Homeowner,1 Adult Kids,5+,3+,True,최상
1452,699,115,246,1629.05,6,584,6.622154471544715,2.0,45-54,A,25-34K,Unknown,2 Adults Kids,3,1,True,중
1453,704,111,393,20544.11,1,593,52.27508905852417,1.0,45-54,A,125-149K,Homeowner,2 Adults Kids,3,1,True,최상
1454,703,118,112,4166.45,2,585,37.200446428571425,3.0,65+,A,75-99K,Homeowner,2 Adults No Kids,2,None/Unknown,True,상
1455,260,182,3,452.43,445,78,150.81,,,,,,,,,False,최저
1456,685,112,66,1502.51,20,573,22.76530303030303,4.0,,,,,,,,False,중
1457,692,275,30,2401.5,13,417,80.05,11.0,,,,,,,,False,상
1458,699,117,101,2982.4700000000003,6,582,29.529405940594064,5.0,,,,,,,,False,상
1459,702,152,71,4536.38,3,550,63.89267605633803,6.0,,,,,,,,False,최상
1460,652,130,44,2006.47,53,522,45.60159090909091,10.0,,,,,,,,False,중
1461,701,116,160,5643.58,4,585,35.272375,3.0,35-44,U,25-34K,Homeowner,2 Adults No Kids,2,None/Unknown,True,최상
1462,704,114,108,4627.8,1,590,42.85,5.0,25-34,A,50-74K,Renter,2 Adults No Kids,2,None/Unknown,True,최상
1463,698,112,77,2106.2599999999998,7,586,27.35402597402597,5.0,,,,,,,,False,중
1464,676,114,64,2290.79,29,562,35.79359375,7.0,,,,,,,,False,중
1465,704,131,42,779.19,1,573,18.552142857142858,10.0,,,,,,,,False,하
1466,700,112,25,786.34,5,588,31.4536,13.0,,,,,,,,False,하
1467,705,141,354,2351.27,0,564,6.642005649717514,1.0,35-44,A,50-74K,Probable Owner,2 Adults Kids,4,2,True,중
1468,568,111,54,2732.42,137,457,50.60037037037037,5.0,65+,A,75-99K,Homeowner,2 Adults No Kids,2,None/Unknown,True,상
1469,550,154,37,1010.39,155,396,27.307837837837837,6.5,,,,,,,,False,하
1470,695,111,105,1706.3600000000001,10,584,16.251047619047622,4.0,45-54,U,35-49K,Unknown,Single Female,1,None/Unknown,True,중
1471,667,134,23,238.95000000000002,38,533,10.38913043478261,16.0,,,,,,,,False,최저
1472,417,417,1,185.01,288,0,185.01,,,,,,,,,False,최저
1473,701,134,103,4184.75,4,567,40.62864077669903,4.0,,,,,,,,False,상
1474,699,144,65,2264.3,6,555,34.83538461538462,5.0,35-44,U,50-74K,Homeowner,Unknown,1,None/Unknown,True,중
1475,705,111,222,12767.94,0,594,57.513243243243245,2.0,25-34,B,50-74K,Homeowner,Single Male,1,None/Unknown,True,최상
1476,705,112,200,5517.2,0,593,27.586,2.0,,,,,,,,False,최상
1477,661,132,13,225.55,44,529,17.35,35.5,,,,,,,,False,최저
1478,513,112,5,88.59,192,401,17.718,116.5,,,,,,,,False,최저
1479,705,113,387,7771.34,0,592,20.080981912144704,1.0,45-54,U,15-24K,Probable Renter,Unknown,1,None/Unknown,True,최상
1480,668,151,25,150.20999999999998,37,517,6.008399999999999,11.0,,,,,,,,False,최저
1481,704,111,120,2920.32,1,593,24.336000000000002,3.0,19-24,U,35-49K,Unknown,Single Male,1,None/Unknown,True,상
1482,595,122,14,370.55,110,473,26.467857142857145,19.0,,,,,,,,False,최저
1483,681,113,68,3818.77,24,568,56.158382352941175,6.0,19-24,U,Under 15K,Unknown,Unknown,1,None/Unknown,True,상
1484,705,111,96,3145.42,0,594,32.76479166666667,5.0,19-24,A,35-49K,Homeowner,2 Adults No Kids,2,None/Unknown,True,상
1485,696,123,52,1556.35,9,573,29.92980769230769,8.0,35-44,U,50-74K,Homeowner,Single Male,1,None/Unknown,True,중
1486,698,164,13,512.7,7,534,39.43846153846154,22.5,,,,,,,,False,최저
1487,704,432,27,1240.0,1,272,45.925925925925924,8.0,,,,,,,,False,하
1488,692,153,66,3070.63,13,539,46.52469696969697,7.0,25-34,A,50-74K,Probable Owner,Single Female,2,None/Unknown,True,상
1489,705,114,343,15176.78,0,591,44.24717201166181,1.0,,,,,,,,False,최상
1490,697,117,148,3597.66,8,580,24.308513513513514,3.0,,,,,,,,False,상
1491,704,112,240,5350.32,1,592,22.293,2.0,65+,U,35-49K,Homeowner,2 Adults No Kids,2,None/Unknown,True,최상
1492,703,111,83,1136.06,2,592,13.687469879518071,6.0,65+,A,15-24K,Homeowner,2 Adults No Kids,2,None/Unknown,True,하
1493,704,116,23,889.46,1,588,38.67217391304348,19.0,,,,,,,,False,하
1494,700,119,52,2449.4900000000002,5,581,47.105576923076924,10.0,65+,B,25-34K,Unknown,Single Female,1,None/Unknown,True,상
1495,704,112,151,1690.71,1,592,11.196754966887417,3.0,,,,,,,,False,중
1496,657,139,9,692.29,48,518,76.9211111111111,55.5,,,,,,,,False,하
1497,692,169,7,397.76,13,523,56.82285714285714,64.5,,,,,,,,False,최저
1498,658,118,24,837.1800000000001,47,540,34.8825,19.0,,,,,,,,False,하
1499,698,134,78,1943.38,7,564,24.915128205128205,6.0,55-64,A,15-24K,Homeowner,2 Adults No Kids,2,None/Unknown,True,중
1500,697,113,44,1031.1200000000001,8,584,23.434545454545457,5.0,,,,,,,,False,하
1501,698,114,143,6027.55,7,584,42.1506993006993,3.0,,,,,,,,False,최상
1502,680,111,35,1905.53,25,569,54.443714285714286,12.0,,,,,,,,False,중
1503,660,161,13,99.57,45,499,7.659230769230769,14.5,,,,,,,,False,최저
1504,197,112,2,16.34,508,85,8.17,,,,,,,,,False,최저
1505,656,114,99,4052.23,49,542,40.93161616161616,4.5,45-54,U,25-34K,Unknown,Single Female,1,None/Unknown,True,상
1506,703,112,110,2225.45,2,591,20.231363636363636,4.0,,,,,,,,False,중
1507,700,116,19,1184.74,5,584,62.35473684210526,16.0,,,,,,,,False,하
1508,669,118,63,1435.1,36,551,22.77936507936508,6.5,,,,,,,,False,중
1509,699,111,139,4728.1,6,588,34.01510791366907,4.0,45-54,A,50-74K,Homeowner,2 Adults No Kids,2,None/Unknown,True,최상
1510,705,111,470,8958.24,0,594,19.060085106382978,1.0,,,,,,,,False,최상
1511,705,111,124,3473.72,0,594,28.013870967741934,4.0,,,,,,,,False,상
1512,683,144,29,888.13,22,539,30.625172413793102,10.0,,,,,,,,False,하
1513,704,112,56,831.77,1,592,14.853035714285713,7.0,,,,,,,,False,하
1514,704,119,56,2327.9,1,585,41.56964285714286,9.0,,,,,,,,False,중
1515,703,118,81,3614.13,2,585,44.61888888888889,5.0,,,,,,,,False,상
1516,496,136,15,189.66,209,360,12.644,20.5,,,,,,,,False,최저
1517,705,116,109,3508.56,0,589,32.188623853211006,5.0,45-54,A,50-74K,Homeowner,2 Adults Kids,4,2,True,상
1518,676,123,24,1135.81,29,553,47.32541666666666,17.0,,,,,,,,False,하
1519,690,111,25,2216.86,15,579,88.6744,8.0,,,,,,,,False,중
1520,701,119,90,2195.89,4,582,24.398777777777777,5.0,,,,,,,,False,중
1521,666,123,25,550.71,39,543,22.0284,10.5,,,,,,,,False,최저
1522,633,245,28,849.28,72,388,30.33142857142857,10.0,,,,,,,,False,하
1523,679,115,38,994.0,26,564,26.157894736842106,3.0,,,,,,,,False,하
1524,692,112,37,2099.26,13,580,56.73675675675676,10.5,45-54,A,35-49K,Homeowner,2 Adults No Kids,2,None/Unknown,True,중
1525,690,439,29,1636.84,15,251,56.44275862068965,7.0,,,,,,,,False,중
1526,704,111,186,2758.4,1,593,14.83010752688172,2.0,,,,,,,,False,상
1527,701,111,179,11976.64,4,590,66.9086033519553,3.0,25-34,A,50-74K,Homeowner,2 Adults No Kids,2,None/Unknown,True,최상
1528,703,112,162,6896.0,2,591,42.5679012345679,3.0,35-44,B,125-149K,Unknown,Single Female,1,None/Unknown,True,최상
1529,694,120,136,7142.96,11,574,52.521764705882354,3.0,45-54,U,50-74K,Unknown,Single Male,1,None/Unknown,True,최상
1530,692,113,43,769.25,13,579,17.88953488372093,7.5,,,,,,,,False,하
1531,705,151,36,868.98,0,554,24.138333333333335,9.0,,,,,,,,False,하
1532,669,112,51,1061.9,36,557,20.821568627450983,4.0,,,,,,,,False,하
1533,700,222,21,245.47,5,478,11.689047619047619,15.5,,,,,,,,False,최저
1534,704,111,213,6535.2300000000005,1,593,30.681830985915497,2.0,25-34,A,75-99K,Renter,2 Adults Kids,3,1,True,최상
1535,703,132,178,8033.81,2,571,45.133764044943824,2.0,,,,,,,,False,최상
1536,705,114,97,5053.63,0,591,52.09927835051546,5.0,45-54,U,50-74K,Unknown,Unknown,1,None/Unknown,True,최상
1537,691,114,84,1869.21,14,577,22.2525,4.0,19-24,A,35-49K,Renter,2 Adults Kids,3,1,True,중
1538,338,133,18,357.22,367,205,19.845555555555556,9.0,,,,,,,,False,최저
1539,672,391,9,73.41,33,281,8.156666666666666,17.5,,,,,,,,False,최저
1540,703,120,122,3235.56,2,583,26.520983606557376,3.0,45-54,U,15-24K,Unknown,2 Adults Kids,4,2,True,상
1541,705,115,98,7699.59,0,590,78.56724489795918,6.0,35-44,U,50-74K,Unknown,Unknown,1,None/Unknown,True,최상
1542,702,114,91,1744.73,3,588,19.172857142857143,5.5,,,,,,,,False,중
1543,684,111,70,2560.61,21,573,36.58014285714286,4.0,,,,,,,,False,상
1544,546,114,28,1396.79,159,432,49.88535714285714,9.0,,,,,,,,False,하
1545,694,125,149,3586.51,11,569,24.07053691275168,3.0,45-54,A,35-49K,Homeowner,2 Adults No Kids,2,None/Unknown,True,상
1546,699,114,72,3711.25,6,585,51.545138888888886,6.0,,,,,,,,False,상
1547,703,111,178,1114.6200000000001,2,592,6.261910112359551,1.0,,,,,,,,False,하
1548,699,112,93,3564.16,6,587,38.324301075268814,4.0,,,,,,,,False,상
1549,703,115,128,1449.78,2,588,11.32640625,4.0,45-54,U,15-24K,Homeowner,Unknown,1,None/Unknown,True,중
1550,705,111,178,1985.89,0,594,11.156685393258428,1.0,,,,,,,,False,중
1551,696,115,3,94.16,9,581,31.386666666666667,,,,,,,,,False,최저
1552,692,117,30,946.83,13,575,31.561,14.0,,,,,,,,False,하
1553,695,157,5,101.65,10,538,20.330000000000002,127.5,,,,,,,,False,최저
1554,704,141,23,624.62,1,563,27.157391304347826,12.5,,,,,,,,False,하
1555,697,129,72,1378.49,8,568,19.145694444444445,6.0,,,,,,,,False,하
1556,703,111,125,3657.69,2,592,29.26152,4.0,45-54,A,35-49K,Homeowner,2 Adults No Kids,2,None/Unknown,True,상
1557,705,114,122,4409.4800000000005,0,591,36.143278688524596,4.0,25-34,A,100-124K,Renter,1 Adult Kids,4,2,True,최상
1558,704,112,109,3700.46,1,592,33.949174311926605,4.0,,,,,,,,False,상
1559,704,126,46,2267.2,1,578,49.28695652173913,4.0,,,,,,,,False,중
1560,703,116,42,1201.55,2,587,28.60833333333333,9.0,,,,,,,,False,하
1561,611,258,2,108.36,94,353,54.18,,,,,,,,,False,최저
1562,694,134,31,1002.35,11,560,32.33387096774194,14.0,,,,,,,,False,하
1563,698,145,90,4653.29,7,553,51.70322222222222,4.0,45-54,A,75-99K,Homeowner,Unknown,3,1,True,최상
1564,664,117,33,390.42,41,547,11.830909090909092,8.5,,,,,,,,False,최저
1565,652,185,25,398.87,53,467,15.9548,12.0,,,,,,,,False,최저
1566,705,180,220,9100.89,0,525,41.367681818181815,1.0,35-44,U,75-99K,Homeowner,2 Adults No Kids,2,None/Unknown,True,최상
1567,704,117,136,2118.46,1,587,15.576911764705883,3.0,45-54,U,15-24K,Renter,Single Male,1,None/Unknown,True,중
1568,705,122,71,4420.03,0,583,62.253943661971824,7.0,55-64,B,35-49K,Homeowner,Single Female,1,None/Unknown,True,최상
1569,699,111,59,1021.15,6,588,17.307627118644067,5.0,,,,,,,,False,하
1570,664,112,49,2341.2200000000003,41,552,47.78000000000001,5.0,,,,,,,,False,중
1571,686,114,37,480.64,19,572,12.990270270270269,8.5,,,,,,,,False,최저
1572,700,117,43,2144.7,5,583,49.87674418604651,7.5,35-44,A,75-99K,Homeowner,2 Adults No Kids,2,None/Unknown,True,중
1573,696,112,61,314.23,9,584,5.151311475409837,3.0,,,,,,,,False,최저
1574,651,134,23,3525.4900000000002,54,517,153.2821739130435,28.5,,,,,,,,False,상
1575,705,138,50,1576.74,0,567,31.5348,8.0,,,,,,,,False,중
1576,691,157,12,297.93,14,534,24.8275,18.0,,,,,,,,False,최저
1577,692,111,65,3564.82,13,581,54.843384615384615,7.0,,,,,,,,False,상
1578,697,117,80,2744.77,8,580,34.309625,7.0,45-54,U,15-24K,Unknown,2 Adults No Kids,2,None/Unknown,True,상
1579,696,111,332,9183.53,9,585,27.661234939759037,1.0,,,,,,,,False,최상
1580,705,227,147,1630.6,0,478,11.092517006802721,2.0,19-24,B,50-74K,Unknown,2 Adults No Kids,2,None/Unknown,True,중
1581,702,433,26,1211.52,3,269,46.596923076923076,7.0,,,,,,,,False,하
1582,602,113,32,1708.18,103,489,53.380625,8.0,,,,,,,,False,중
1583,685,177,18,317.31,20,508,17.628333333333334,26.0,,,,,,,,False,최저
1584,705,113,218,5977.82,0,592,27.421192660550457,2.0,,,,,,,,False,최상
1585,705,113,117,7736.24,0,592,66.1217094017094,4.0,45-54,B,150-174K,Homeowner,Single Female,1,None/Unknown,True,최상
1586,691,113,60,2107.93,14,578,35.13216666666666,7.0,,,,,,,,False,중
1587,705,115,50,600.38,0,590,12.0076,8.0,,,,,,,,False,최저
1588,704,111,188,4499.99,1,593,23.936117021276594,2.0,35-44,U,50-74K,Homeowner,Unknown,1,None/Unknown,True,최상
1589,628,224,16,305.19,77,404,19.074375,18.0,,,,,,,,False,최저
1590,704,112,105,6728.4800000000005,1,592,64.08076190476191,4.5,,,,,,,,False,최상
1591,703,125,68,3481.82,2,578,51.20323529411765,7.0,25-34,U,25-34K,Unknown,Single Female,1,None/Unknown,True,상
1592,695,159,37,1594.51,10,536,43.09486486486487,12.0,,,,,,,,False,중
1593,695,120,35,1437.92,10,575,41.08342857142858,12.0,,,,,,,,False,중
1594,705,130,81,2599.9,0,575,32.09753086419753,3.0,,,,,,,,False,상
1595,701,123,92,3774.99,4,578,41.0325,5.0,45-54,U,50-74K,Homeowner,Single Male,1,None/Unknown,True,상
1596,702,251,22,1921.27,3,451,87.33045454545454,16.0,,,,,,,,False,중
1597,705,117,43,699.49,0,588,16.267209302325583,7.0,,,,,,,,False,하
1598,705,114,223,10963.94,0,591,49.16565022421525,1.0,,,,,,,,False,최상
1599,704,111,120,5421.58,1,593,45.179833333333335,4.0,,,,,,,,False,최상
1600,702,186,31,512.79,3,516,16.541612903225804,9.5,,,,,,,,False,최저
1601,692,139,19,1272.15,13,553,66.95526315789475,17.0,,,,,,,,False,하
1602,691,114,132,5764.87,14,577,43.673257575757575,3.0,,,,,,,,False,최상
1603,570,129,10,436.57,135,441,43.657,28.0,,,,,,,,False,최저
1604,704,113,142,776.41,1,591,5.467676056338028,4.0,35-44,U,35-49K,Probable Owner,2 Adults No Kids,2,None/Unknown,True,하
1605,702,120,54,721.15,3,582,13.35462962962963,5.0,,,,,,,,False,하
1606,695,128,18,1039.17,10,567,57.73166666666667,19.0,,,,,,,,False,하
1607,697,116,105,3260.16,8,581,31.049142857142854,4.0,,,,,,,,False,상
1608,687,114,35,1263.42,18,573,36.09771428571429,9.5,,,,,,,,False,하
1609,701,112,230,19108.34,4,589,83.07973913043479,2.0,45-54,A,125-149K,Homeowner,2 Adults Kids,5+,3+,True,최상
1610,466,216,4,76.32,239,250,19.08,67.0,,,,,,,,False,최저
1611,704,243,42,619.2,1,461,14.742857142857144,6.0,,,,,,,,False,최저
1612,698,142,74,6040.47,7,556,81.62797297297297,7.0,,,,,,,,False,최상
1613,702,120,105,5987.28,3,582,57.02171428571428,4.0,,,,,,,,False,최상
1614,698,117,67,475.72,7,581,7.1002985074626865,7.0,,,,,,,,False,최저
1615,660,118,33,735.33,45,542,22.282727272727275,12.5,,,,,,,,False,하
1616,632,137,29,1114.69,73,495,38.437586206896555,14.5,,,,,,,,False,하
1617,687,111,58,3545.65,18,576,61.13189655172414,5.0,,,,,,,,False,상
1618,698,118,70,3543.32,7,580,50.618857142857145,7.0,35-44,A,75-99K,Homeowner,Single Female,2,None/Unknown,True,상
1619,703,111,148,3248.94,2,592,21.9522972972973,3.0,,,,,,,,False,상
1620,699,116,241,7935.53,6,583,32.92751037344398,2.0,,,,,,,,False,최상
1621,702,130,70,2957.2400000000002,3,572,42.24628571428572,5.0,,,,,,,,False,상
1622,692,117,66,3014.2200000000003,13,575,45.67,7.0,,,,,,,,False,상
1623,705,112,107,3950.14,0,593,36.91719626168224,3.0,,,,,,,,False,상
1624,683,114,69,1551.3700000000001,22,569,22.483623188405797,5.5,,,,,,,,False,중
1625,701,129,35,459.28000000000003,4,572,13.122285714285715,7.0,,,,,,,,False,최저
1626,439,439,1,40.959999999999994,266,0,40.959999999999994,,,,,,,,,False,최저
1627,699,111,72,2380.81,6,588,33.066805555555554,4.0,25-34,U,35-49K,Unknown,Single Male,1,None/Unknown,True,중
1628,702,111,15,535.74,3,591,35.716,5.5,,,,,,,,False,최저
1629,663,283,7,517.88,42,380,73.98285714285714,59.5,,,,,,,,False,최저
1630,705,115,175,8988.17,0,590,51.36097142857143,3.0,,,,,,,,False,최상
1631,705,112,263,9918.73,0,593,37.71380228136882,2.0,19-24,B,Under 15K,Renter,1 Adult Kids,4,3+,True,최상
1632,673,119,47,1725.48,32,554,36.71234042553191,10.5,,,,,,,,False,중
1633,705,118,147,9086.73,0,587,61.81448979591836,3.5,45-54,A,50-74K,Homeowner,2 Adults No Kids,2,None/Unknown,True,최상
1634,701,113,63,3804.6099999999997,4,588,60.390634920634916,7.5,25-34,A,35-49K,Homeowner,2 Adults Kids,5+,3+,True,상
1635,663,112,16,124.98,42,551,7.81125,26.0,,,,,,,,False,최저
1636,698,147,15,1151.1,7,551,76.74,3.5,,,,,,,,False,하
1637,705,113,55,1033.1,0,592,18.78363636363636,6.0,,,,,,,,False,하
1638,696,115,46,552.18,9,581,12.00391304347826,11.0,,,,,,,,False,최저
1639,702,132,87,2434.91,3,570,27.987471264367816,3.0,,,,,,,,False,상
1640,698,119,98,3493.5099999999998,7,579,35.648061224489794,3.0,,,,,,,,False,상
1641,670,112,29,450.75,35,558,15.543103448275861,12.0,,,,,,,,False,최저
1642,705,117,97,1605.91,0,588,16.555773195876288,6.0,,,,,,,,False,중
1643,702,150,33,1239.67,3,552,37.56575757575758,8.5,,,,,,,,False,하
1644,702,113,12,332.24,3,589,27.686666666666667,7.0,,,,,,,,False,최저
1645,666,115,7,293.19,39,551,41.88428571428572,5.5,,,,,,,,False,최저
1646,699,115,49,1042.66,6,584,21.278775510204085,6.0,,,,,,,,False,하
1647,673,139,11,41.73,32,534,3.7936363636363635,19.5,,,,,,,,False,최저
1648,676,125,61,3633.63,29,551,59.56770491803279,6.0,35-44,U,15-24K,Probable Renter,Single Female,1,None/Unknown,True,상
1649,701,144,43,1017.0,4,557,23.651162790697676,7.5,35-44,B,150-174K,Homeowner,Single Male,1,None/Unknown,True,하
1650,705,117,95,2244.16,0,588,23.62273684210526,4.0,45-54,A,75-99K,Homeowner,2 Adults Kids,3,1,True,중
1651,699,137,55,1779.7,6,562,32.35818181818182,6.5,,,,,,,,False,중
1652,701,116,30,639.0600000000001,4,585,21.302000000000003,17.0,,,,,,,,False,하
1653,705,111,323,15726.72,0,594,48.68953560371517,1.0,35-44,B,Under 15K,Homeowner,Single Female,1,None/Unknown,True,최상
1654,667,181,28,459.17,38,486,16.398928571428574,7.0,,,,,,,,False,최저
1655,574,528,3,121.18,131,46,40.39333333333334,,,,,,,,,False,최저
1656,660,231,8,414.65,45,429,51.83125,41.0,,,,,,,,False,최저
1657,681,122,22,457.53,24,559,20.796818181818182,11.0,,,,,,,,False,최저
1658,699,111,52,1700.89,6,588,32.70942307692308,8.0,,,,,,,,False,중
1659,700,122,115,2707.16,5,578,23.540521739130433,3.0,,,,,,,,False,상
1660,704,127,39,1744.67,1,577,44.735128205128206,11.5,,,,,,,,False,중
1661,660,176,29,914.61,45,484,31.538275862068964,4.5,,,,,,,,False,하
1662,702,143,74,8170.72,3,559,110.41513513513515,6.0,35-44,U,150-174K,Homeowner,2 Adults No Kids,2,None/Unknown,True,최상
1663,701,123,114,693.52,4,578,6.083508771929824,3.0,,,,,,,,False,하
1664,697,121,25,1932.21,8,576,77.2884,7.5,,,,,,,,False,중
1665,703,137,72,1172.2,2,566,16.280555555555555,5.0,,,,,,,,False,하
1666,674,117,73,1058.47,31,557,14.499589041095891,5.0,,,,,,,,False,하
1667,701,111,22,487.5,4,590,22.15909090909091,20.0,,,,,,,,False,최저
1668,696,111,68,1935.0900000000001,9,585,28.457205882352945,7.0,,,,,,,,False,중
1669,703,171,8,292.49,2,532,36.56125,27.0,,,,,,,,False,최저
1670,547,144,15,80.41,158,403,5.360666666666666,16.0,,,,,,,,False,최저
1671,656,116,34,1204.3600000000001,49,540,35.42235294117648,10.0,,,,,,,,False,하
1672,701,127,52,1351.49,4,574,25.990192307692308,7.0,,,,,,,,False,하
1673,693,119,71,4006.63,12,574,56.431408450704225,5.0,,,,,,,,False,상
1674,419,169,6,94.84,286,250,15.806666666666667,15.0,,,,,,,,False,최저
1675,633,112,86,4187.8,72,521,48.6953488372093,5.0,,,,,,,,False,상
1676,701,115,71,4570.09,4,586,64.36746478873239,6.0,35-44,U,75-99K,Unknown,2 Adults No Kids,2,None/Unknown,True,최상
1677,704,111,154,11761.69,1,593,76.3746103896104,3.0,45-54,A,75-99K,Homeowner,2 Adults No Kids,2,None/Unknown,True,최상
1678,699,118,69,2595.2400000000002,6,581,37.612173913043485,4.5,45-54,U,75-99K,Unknown,Single Female,1,None/Unknown,True,상
1679,648,115,10,107.23,57,533,10.723,5.0,,,,,,,,False,최저
1680,688,161,50,1973.66,17,527,39.4732,8.0,25-34,A,15-24K,Homeowner,2 Adults Kids,3,1,True,중
1681,644,115,54,1669.1200000000001,61,529,30.90962962962963,7.0,,,,,,,,False,중
1682,588,143,7,57.24,117,445,8.177142857142858,28.0,,,,,,,,False,최저
1683,703,111,67,1614.96,2,592,24.103880597014925,7.0,,,,,,,,False,중
1684,694,187,40,1327.75,11,507,33.19375,9.0,,,,,,,,False,하
1685,702,115,77,1482.04,3,587,19.247272727272726,5.0,,,,,,,,False,중
1686,704,124,83,1253.5,1,580,15.102409638554217,6.0,45-54,U,15-24K,Homeowner,2 Adults No Kids,2,None/Unknown,True,하
1687,705,112,99,3650.7,0,593,36.875757575757575,5.0,,,,,,,,False,상
1688,683,117,27,792.02,22,566,29.334074074074074,8.0,,,,,,,,False,하
1689,699,125,94,2306.42,6,574,24.536382978723406,4.0,45-54,U,50-74K,Unknown,Unknown,1,None/Unknown,True,중
1690,695,117,43,1367.61,10,578,31.80488372093023,9.5,,,,,,,,False,하
1691,663,117,42,1987.25,42,546,47.31547619047619,11.0,,,,,,,,False,중
1692,703,119,106,1727.77,2,584,16.299716981132075,4.0,35-44,U,50-74K,Unknown,Unknown,1,None/Unknown,True,중
1693,703,111,139,7886.19,2,592,56.7351798561151,4.0,25-34,A,35-49K,Homeowner,2 Adults Kids,3,1,True,최상
1694,699,116,124,6426.98,6,583,51.83048387096774,5.0,35-44,U,15-24K,Probable Renter,Single Female,1,None/Unknown,True,최상
1695,705,112,109,789.49,0,593,7.24302752293578,4.0,35-44,U,25-34K,Homeowner,Single Male,1,None/Unknown,True,하
1696,704,176,59,2615.41,1,528,44.328983050847455,7.0,45-54,A,50-74K,Homeowner,2 Adults Kids,3,1,True,상
1697,698,115,38,891.5400000000001,7,583,23.461578947368423,10.0,,,,,,,,False,하
1698,702,197,29,1601.2800000000002,3,505,55.216551724137936,9.0,,,,,,,,False,중
1699,698,161,24,1012.52,7,537,42.18833333333333,12.0,,,,,,,,False,하
1700,677,163,28,1578.56,28,514,56.37714285714286,7.0,,,,,,,,False,중
1701,684,124,21,964.25,21,560,45.916666666666664,19.5,,,,,,,,False,하
1702,656,243,27,1913.71,49,413,70.87814814814816,8.5,,,,,,,,False,중
1703,702,111,172,4634.84,3,591,26.946744186046512,2.0,,,,,,,,False,최상
1704,704,132,24,297.72,1,572,12.405000000000001,11.0,,,,,,,,False,최저
1705,705,125,143,1751.2,0,580,12.246153846153847,3.0,,,,,,,,False,중
1706,691,116,15,272.6,14,575,18.173333333333336,9.0,,,,,,,,False,최저
1707,705,111,322,5213.91,0,594,16.192267080745342,1.0,35-44,B,25-34K,Unknown,Single Female,1,None/Unknown,True,최상
1708,700,116,52,3381.4300000000003,5,584,65.0275,11.0,45-54,U,25-34K,Unknown,Single Female,1,None/Unknown,True,상
1709,703,137,62,1868.61,2,566,30.138870967741934,6.0,25-34,A,35-49K,Unknown,2 Adults Kids,3,1,True,중
1710,705,112,128,9431.89,0,593,73.686640625,4.0,35-44,A,150-174K,Homeowner,Single Male,2,None/Unknown,True,최상
1711,645,117,7,524.51,60,528,74.92999999999999,46.5,,,,,,,,False,최저
1712,690,117,20,728.93,15,573,36.4465,11.0,,,,,,,,False,하
1713,704,180,31,1703.91,1,524,54.96483870967742,14.0,,,,,,,,False,중
1714,653,134,6,201.73000000000002,52,519,33.62166666666667,122.0,,,,,,,,False,최저
1715,699,111,41,840.38,6,588,20.497073170731706,13.0,,,,,,,,False,하
1716,702,111,116,1472.89,3,591,12.697327586206898,2.0,,,,,,,,False,중
1717,701,121,73,1390.54,4,580,19.04849315068493,7.0,,,,,,,,False,하
1718,703,122,24,637.98,2,581,26.5825,11.0,,,,,,,,False,하
1719,705,115,64,3038.27,0,590,47.47296875,4.0,,,,,,,,False,상
1720,704,113,129,5332.32,1,591,41.33581395348837,4.0,45-54,U,50-74K,Unknown,Unknown,1,None/Unknown,True,최상
1721,697,114,15,321.17,8,583,21.411333333333335,16.5,,,,,,,,False,최저
1722,696,120,137,9068.49,9,576,66.19335766423357,3.0,45-54,U,15-24K,Unknown,2 Adults No Kids,2,None/Unknown,True,최상
1723,680,112,76,4348.05,25,568,57.21118421052632,6.0,,,,,,,,False,최상
1724,690,118,83,2335.89,15,572,28.14325301204819,4.0,,,,,,,,False,중
1725,694,127,15,769.0,11,567,51.266666666666666,16.5,,,,,,,,False,하
1726,704,111,104,6177.37,1,593,59.39778846153846,6.0,55-64,U,75-99K,Homeowner,Single Female,1,None/Unknown,True,최상
1728,692,181,18,1457.04,13,511,80.94666666666666,20.0,,,,,,,,False,중
1729,672,113,57,2158.52,33,559,37.86877192982456,7.0,,,,,,,,False,중
1730,648,125,14,104.02,57,523,7.43,30.0,,,,,,,,False,최저
1731,703,111,57,3108.89,2,592,54.5419298245614,7.0,,,,,,,,False,상
1732,703,112,86,3397.07,2,591,39.500813953488375,4.0,,,,,,,,False,상
1733,702,115,20,1039.22,3,587,51.961,9.0,,,,,,,,False,하
1734,677,134,17,137.75,28,543,8.102941176470589,24.0,,,,,,,,False,최저
1735,701,113,78,3636.84,4,588,46.62615384615385,4.0,,,,,,,,False,상
1736,630,115,21,364.87,75,515,17.374761904761904,24.5,,,,,,,,False,최저
1737,684,111,23,313.36,21,573,13.624347826086957,7.5,,,,,,,,False,최저
1738,680,114,52,1250.09,25,566,24.040192307692305,7.0,,,,,,,,False,하
1739,682,172,30,722.56,23,510,24.08533333333333,13.0,,,,,,,,False,하
1740,703,265,245,10332.32,2,438,42.17273469387755,1.0,19-24,U,250K+,Unknown,Single Female,1,None/Unknown,True,최상
1741,695,123,13,142.39,10,572,10.953076923076923,40.0,,,,,,,,False,최저
1742,702,112,255,1998.04,3,590,7.835450980392157,2.0,,,,,,,,False,중
1743,702,115,24,690.3100000000001,3,587,28.76291666666667,13.0,,,,,,,,False,하
1744,703,119,49,784.26,2,584,16.005306122448978,9.0,,,,,,,,False,하
1745,705,112,103,2178.32,0,593,21.14873786407767,4.0,45-54,A,Under 15K,Unknown,Single Male,2,None/Unknown,True,중
1746,654,124,29,1893.83,51,530,65.3044827586207,17.0,,,,,,,,False,중
1747,702,114,51,2107.6,3,588,41.32549019607843,8.5,,,,,,,,False,중
1748,704,117,186,4533.1,1,587,24.37150537634409,3.0,45-54,U,35-49K,Unknown,Single Male,1,None/Unknown,True,최상
1749,704,112,90,3093.51,1,592,34.37233333333334,6.0,55-64,B,35-49K,Homeowner,Single Male,1,None/Unknown,True,상
1750,670,115,16,582.04,35,555,36.3775,29.0,,,,,,,,False,최저
1751,696,209,123,4041.63,9,487,32.85878048780488,3.0,25-34,A,15-24K,Renter,2 Adults Kids,4,2,True,상
1752,692,115,128,6118.26,13,577,47.79890625,4.0,,,,,,,,False,최상
1753,700,113,266,2432.14,5,587,9.143383458646616,1.0,45-54,U,35-49K,Homeowner,Unknown,1,None/Unknown,True,상
1754,704,128,151,3134.39,1,576,20.757549668874173,3.0,,,,,,,,False,상
1755,694,126,27,950.83,11,568,35.21592592592593,14.0,,,,,,,,False,하
1756,701,120,43,2617.71,4,581,60.876976744186045,8.5,,,,,,,,False,상
1757,454,129,5,52.870000000000005,251,325,10.574000000000002,57.5,,,,,,,,False,최저
1758,697,149,62,1927.29,8,548,31.085322580645162,6.0,,,,,,,,False,중
1759,705,116,134,3836.63,0,589,28.631567164179106,2.0,35-44,U,35-49K,Unknown,2 Adults Kids,5+,3+,True,상
1760,705,149,46,393.26,0,556,8.549130434782608,5.0,,,,,,,,False,최저
1761,702,239,29,1695.35,3,463,58.460344827586205,14.0,,,,,,,,False,중
1762,705,112,175,10735.26,0,593,61.344342857142856,3.0,45-54,A,125-149K,Homeowner,2 Adults Kids,5+,3+,True,최상
1763,705,155,137,3902.75,0,550,28.48722627737226,3.0,,,,,,,,False,상
1764,701,149,94,9938.9,4,552,105.73297872340426,4.0,45-54,A,75-99K,Homeowner,2 Adults Kids,4,2,True,최상
1765,690,112,56,2745.62,15,578,49.02892857142857,6.0,45-54,U,35-49K,Unknown,Single Male,1,None/Unknown,True,상
1766,682,158,28,445.46,23,524,15.909285714285714,6.0,,,,,,,,False,최저
1767,700,132,251,8620.78,5,568,34.34573705179283,1.0,,,,,,,,False,최상
1768,699,114,58,1455.78,6,585,25.099655172413794,7.0,,,,,,,,False,중
1769,705,111,126,7091.18,0,594,56.279206349206355,4.0,,,,,,,,False,최상
1770,704,111,263,6280.9,1,593,23.881749049429658,1.0,,,,,,,,False,최상
1771,649,152,9,463.43,56,497,51.492222222222225,54.5,,,,,,,,False,최저
1772,621,117,64,1883.98,84,504,29.4371875,6.0,,,,,,,,False,중
1773,703,126,61,2573.86,2,577,42.194426229508196,7.5,,,,,,,,False,상
1774,703,128,59,4599.04,2,575,77.94983050847458,8.0,,,,,,,,False,최상
1775,705,113,145,7850.05,0,592,54.138275862068966,4.0,45-54,A,75-99K,Homeowner,2 Adults Kids,5+,3+,True,최상
1776,690,115,172,3717.29,15,575,21.6121511627907,2.0,,,,,,,,False,상
1777,692,123,68,1054.77,13,569,15.511323529411765,6.0,,,,,,,,False,하
1778,705,112,106,5604.39,0,593,52.87160377358491,5.0,25-34,A,35-49K,Homeowner,2 Adults No Kids,2,None/Unknown,True,최상
1779,703,115,84,3080.79,2,588,36.676071428571426,6.0,65+,A,75-99K,Homeowner,2 Adults No Kids,2,None/Unknown,True,상
1780,681,116,36,1255.75,24,565,34.88194444444444,5.0,,,,,,,,False,하
1781,693,117,65,2456.33,12,576,37.789692307692306,6.5,,,,,,,,False,상
1782,701,131,28,1438.51,4,570,51.37535714285714,13.0,,,,,,,,False,중
1783,702,117,54,3285.58,3,585,60.84407407407407,8.0,,,,,,,,False,상
1784,696,158,30,1539.67,9,538,51.32233333333333,16.0,,,,,,,,False,중
1785,694,114,70,1408.63,11,580,20.123285714285714,6.0,25-34,A,35-49K,Homeowner,2 Adults Kids,5+,3+,True,중
1786,655,116,30,282.78000000000003,50,539,9.426,9.0,,,,,,,,False,최저
1787,692,151,48,984.78,13,541,20.51625,6.0,,,,,,,,False,하
1788,705,118,108,8040.31,0,587,74.44731481481482,5.0,35-44,A,75-99K,Homeowner,2 Adults No Kids,2,None/Unknown,True,최상
1789,679,138,17,257.96000000000004,26,541,15.174117647058825,19.5,,,,,,,,False,최저
1790,677,111,42,1832.27,28,566,43.62547619047619,13.0,,,,,,,,False,중
1791,705,117,119,2646.67,0,588,22.2409243697479,4.0,45-54,B,100-124K,Homeowner,2 Adults No Kids,2,None/Unknown,True,상
1792,701,153,94,2518.95,4,548,26.797340425531914,2.0,,,,,,,,False,상
1793,691,147,41,1580.91,14,544,38.55878048780488,10.5,,,,,,,,False,중
1794,701,113,63,2972.12,4,588,47.17650793650793,6.0,,,,,,,,False,상
1795,705,112,476,9195.43,0,593,19.31813025210084,1.0,45-54,U,25-34K,Homeowner,2 Adults No Kids,2,None/Unknown,True,최상
1796,704,166,41,2285.17,1,538,55.735853658536584,12.0,19-24,U,35-49K,Unknown,Single Female,1,None/Unknown,True,중
1797,703,129,94,4591.9,2,574,48.849999999999994,6.0,65+,U,Under 15K,Homeowner,Single Female,1,None/Unknown,True,최상
1798,700,125,35,2398.43,5,575,68.52657142857143,15.0,,,,,,,,False,중
1799,697,151,45,359.03,8,546,7.978444444444444,6.5,,,,,,,,False,최저
1800,686,172,43,1925.27,19,514,44.77372093023256,7.5,35-44,A,175-199K,Homeowner,2 Adults No Kids,2,None/Unknown,True,중
1801,699,119,55,642.08,6,580,11.674181818181818,6.5,,,,,,,,False,하
1802,692,117,48,4686.87,13,575,97.643125,10.0,45-54,U,150-174K,Homeowner,2 Adults No Kids,2,None/Unknown,True,최상
1803,705,114,168,11531.95,0,591,68.64255952380952,3.0,19-24,A,50-74K,Homeowner,2 Adults Kids,3,1,True,최상
1804,704,111,204,7997.7300000000005,1,593,39.20455882352942,2.0,65+,A,35-49K,Homeowner,2 Adults No Kids,2,None/Unknown,True,최상
1805,701,112,71,714.04,4,589,10.056901408450704,6.5,,,,,,,,False,하
1806,702,111,115,3779.51,3,591,32.86530434782609,4.0,,,,,,,,False,상
1807,705,118,188,7469.51,0,587,39.73143617021277,2.0,,,,,,,,False,최상
1808,702,117,70,1634.14,3,585,23.344857142857144,5.0,,,,,,,,False,중
1809,702,122,53,1354.19,3,580,25.55075471698113,9.0,,,,,,,,False,하
1810,704,111,215,3476.83,1,593,16.171302325581394,2.0,,,,,,,,False,상
1811,680,133,9,630.82,25,547,70.09111111111112,47.5,,,,,,,,False,하
1812,705,115,88,1832.18,0,590,20.820227272727273,5.0,45-54,U,50-74K,Unknown,Single Female,1,None/Unknown,True,중
1813,692,115,4,233.45,13,577,58.3625,89.0,,,,,,,,False,최저
1814,705,216,46,3871.35,0,489,84.15978260869565,7.0,65+,U,150-174K,Homeowner,2 Adults No Kids,2,None/Unknown,True,상
1815,701,118,63,3701.39,4,583,58.75222222222222,7.0,45-54,U,25-34K,Unknown,2 Adults No Kids,2,None/Unknown,True,상
1816,702,117,122,3098.74,3,585,25.39950819672131,3.0,19-24,B,Under 15K,Renter,2 Adults Kids,5+,3+,True,상
1817,696,119,41,913.22,9,577,22.273658536585366,8.0,,,,,,,,False,하
1818,703,119,29,342.6,2,584,11.813793103448276,4.5,,,,,,,,False,최저
1819,703,117,62,1401.31,2,586,22.601774193548387,7.0,,,,,,,,False,하
1820,661,115,68,4136.7300000000005,44,546,60.83426470588236,5.0,45-54,A,150-174K,Homeowner,2 Adults No Kids,2,None/Unknown,True,상
1821,703,179,107,4687.07,2,524,43.804392523364484,3.0,,,,,,,,False,최상
1822,682,112,151,3205.61,23,570,21.229205298013245,2.0,55-64,U,35-49K,Unknown,2 Adults No Kids,2,None/Unknown,True,상
1823,704,116,225,10352.210000000001,1,588,46.009822222222226,2.0,45-54,A,75-99K,Homeowner,2 Adults No Kids,2,None/Unknown,True,최상
1824,705,112,134,2866.63,0,593,21.392761194029852,3.0,,,,,,,,False,상
1825,593,113,31,1486.67,112,480,47.95709677419355,12.5,,,,,,,,False,중
1826,700,112,93,1742.09,5,588,18.732150537634407,5.0,,,,,,,,False,중
1827,704,405,34,619.16,1,299,18.210588235294118,7.0,,,,,,,,False,최저
1828,570,114,47,3644.9,135,456,77.55106382978724,4.0,,,,,,,,False,상
1829,701,112,239,5702.34,4,589,23.85916317991632,2.0,65+,A,75-99K,Homeowner,Single Female,2,None/Unknown,True,최상
1831,701,115,119,4304.39,4,586,36.17134453781513,3.0,55-64,U,75-99K,Homeowner,Single Male,1,None/Unknown,True,상
1832,703,133,51,1243.76,2,570,24.387450980392156,7.5,,,,,,,,False,하
1833,692,117,72,2483.93,13,575,34.499027777777776,6.0,25-34,U,25-34K,Homeowner,1 Adult Kids,5+,3+,True,상
1834,659,131,110,3422.15,46,528,31.110454545454548,3.0,45-54,U,125-149K,Homeowner,Unknown,5+,3+,True,상
1835,701,114,180,7766.08,4,587,43.144888888888886,3.0,,,,,,,,False,최상
1836,701,117,71,2377.38,4,584,33.48422535211268,6.0,,,,,,,,False,중
1837,699,145,114,6564.21,6,554,57.58078947368421,3.0,,,,,,,,False,최상
1838,684,124,31,1160.09,21,560,37.42225806451613,14.5,,,,,,,,False,하
1839,704,117,93,1754.99,1,587,18.870860215053764,5.0,,,,,,,,False,중
1840,556,376,29,332.22,149,180,11.455862068965518,3.5,,,,,,,,False,최저
1841,701,113,31,2332.45,4,588,75.24032258064516,19.0,45-54,B,35-49K,Homeowner,2 Adults No Kids,2,None/Unknown,True,중
1842,705,114,19,904.6600000000001,0,591,47.61368421052632,23.0,,,,,,,,False,하
1843,682,172,32,691.88,23,510,21.62125,10.0,,,,,,,,False,하
1844,702,113,77,1370.26,3,589,17.795584415584415,6.0,45-54,A,250K+,Homeowner,2 Adults No Kids,2,None/Unknown,True,하
1845,704,120,130,11004.86,1,584,84.65276923076924,4.0,45-54,U,175-199K,Unknown,2 Adults Kids,3,1,True,최상
1846,675,292,19,615.3199999999999,30,383,32.385263157894734,14.0,,,,,,,,False,최저
1847,700,115,85,2426.0,5,585,28.541176470588237,5.0,45-54,U,175-199K,Unknown,Single Female,1,None/Unknown,True,상
1848,701,114,82,9962.3,4,587,121.49146341463414,5.0,45-54,A,75-99K,Homeowner,Unknown,3,1,True,최상
1849,697,114,132,2428.7,8,583,18.399242424242424,3.0,,,,,,,,False,상
1850,702,117,159,5036.22,3,585,31.67433962264151,3.0,65+,A,75-99K,Homeowner,Single Female,2,None/Unknown,True,최상
1851,696,121,35,1200.05,9,575,34.287142857142854,7.5,,,,,,,,False,하
1852,694,113,141,6143.82,11,581,43.5731914893617,2.0,,,,,,,,False,최상
1853,702,177,25,238.41,3,525,9.5364,14.5,,,,,,,,False,최저
1854,701,113,166,5264.5,4,588,31.71385542168675,3.0,,,,,,,,False,최상
1855,686,155,9,168.43,19,531,18.714444444444446,53.0,,,,,,,,False,최저
1856,702,112,280,4061.96,3,590,14.507,2.0,,,,,,,,False,상
1857,675,116,53,1440.1000000000001,30,559,27.17169811320755,7.5,,,,,,,,False,중
1858,703,113,62,2724.92,2,590,43.950322580645164,8.0,25-34,B,150-174K,Homeowner,Single Female,1,None/Unknown,True,상
1859,692,117,29,1563.3,13,575,53.90689655172414,12.5,,,,,,,,False,중
1860,629,121,51,679.29,76,508,13.319411764705881,5.0,,,,,,,,False,하
1861,704,115,83,1602.98,1,589,19.31301204819277,5.0,25-34,U,15-24K,Homeowner,2 Adults Kids,4,2,True,중
1862,684,111,96,1635.87,21,573,17.0403125,3.0,,,,,,,,False,중
1863,469,116,6,342.29,236,353,57.04833333333334,20.0,,,,,,,,False,최저
1864,703,115,120,15464.22,2,588,128.86849999999998,4.0,45-54,U,125-149K,Homeowner,1 Adult Kids,5+,3+,True,최상
1865,692,114,138,5616.64,13,578,40.70028985507247,4.0,45-54,U,50-74K,Homeowner,Unknown,1,None/Unknown,True,최상
1866,650,167,14,149.48,55,483,10.677142857142856,29.0,,,,,,,,False,최저
1867,700,112,31,774.73,5,588,24.991290322580646,6.5,,,,,,,,False,하
1868,701,185,24,585.89,4,516,24.41208333333333,16.0,,,,,,,,False,최저
1869,701,116,97,3130.56,4,585,32.27381443298969,5.0,19-24,A,35-49K,Renter,2 Adults No Kids,2,None/Unknown,True,상
1870,688,125,32,274.67,17,563,8.5834375,13.0,,,,,,,,False,최저
1871,701,123,17,486.5,4,578,28.61764705882353,32.0,,,,,,,,False,최저
1872,704,119,106,2858.04,1,585,26.96264150943396,4.0,,,,,,,,False,상
1873,698,112,123,3780.68,7,586,30.73723577235772,3.0,35-44,U,15-24K,Unknown,Single Male,1,None/Unknown,True,상
1874,692,112,26,652.39,13,580,25.091923076923077,14.0,,,,,,,,False,하
1875,693,254,31,623.74,12,439,20.120645161290323,7.5,,,,,,,,False,최저
1876,703,667,3,21.77,2,36,7.256666666666667,,,,,,,,,False,최저
1877,702,132,45,1725.1,3,570,38.33555555555555,9.0,,,,,,,,False,중
1878,702,164,15,468.65,3,538,31.243333333333332,17.5,,,,,,,,False,최저
1879,680,112,238,4670.54,25,568,19.624117647058824,2.0,65+,A,35-49K,Unknown,Single Male,2,None/Unknown,True,최상
1880,691,116,24,722.41,14,575,30.100416666666664,11.0,,,,,,,,False,하
1881,701,111,95,2036.15,4,590,21.433157894736844,5.5,,,,,,,,False,중
1882,679,177,12,237.24,26,502,19.77,21.0,,,,,,,,False,최저
1883,705,116,83,2190.56,0,589,26.392289156626504,4.0,,,,,,,,False,중
1884,696,376,26,558.8,9,320,21.49230769230769,8.0,,,,,,,,False,최저
1885,637,116,6,86.44,68,521,14.406666666666666,28.0,,,,,,,,False,최저
1886,678,183,13,213.01,27,495,16.385384615384616,19.0,,,,,,,,False,최저
1887,699,166,80,795.52,6,533,9.943999999999999,4.0,,,,,,,,False,하
1888,523,137,4,77.41,182,386,19.3525,37.0,,,,,,,,False,최저
1889,694,113,40,1669.24,11,581,41.731,12.0,,,,,,,,False,중
1890,702,130,42,1472.91,3,572,35.06928571428572,9.0,,,,,,,,False,중
1891,697,118,32,1161.26,8,579,36.289375,14.0,,,,,,,,False,하
1892,701,129,179,5040.43,4,572,28.15882681564246,2.0,35-44,A,35-49K,Homeowner,2 Adults Kids,3,1,True,최상
1893,703,193,12,183.71,2,510,15.309166666666668,42.0,,,,,,,,False,최저
1894,658,193,34,2092.17,47,465,61.53441176470589,10.0,35-44,A,100-124K,Homeowner,2 Adults No Kids,2,None/Unknown,True,중
1895,674,135,27,459.53000000000003,31,539,17.01962962962963,15.0,,,,,,,,False,최저
1896,705,112,95,3002.59,0,593,31.60621052631579,3.5,45-54,A,50-74K,Homeowner,2 Adults No Kids,2,None/Unknown,True,상
1898,704,114,37,689.6,1,590,18.63783783783784,6.0,,,,,,,,False,하
1899,705,124,55,9364.17,0,581,170.25763636363635,7.0,25-34,A,25-34K,Homeowner,2 Adults Kids,3,1,True,최상
1900,700,111,54,8476.97,5,589,156.9809259259259,9.0,,,,,,,,False,최상
1901,705,112,283,10006.67,0,593,35.359257950530036,1.0,45-54,U,35-49K,Homeowner,2 Adults Kids,3,1,True,최상
1902,691,137,16,1426.31,14,554,89.144375,25.0,,,,,,,,False,중
1903,678,123,26,833.4,27,555,32.05384615384615,13.0,,,,,,,,False,하
1904,670,120,21,249.23999999999998,35,550,11.868571428571428,20.5,,,,,,,,False,최저
1905,698,115,57,1058.27,7,583,18.56614035087719,6.0,,,,,,,,False,하
1906,705,111,129,7466.83,0,594,57.88240310077519,4.0,,,,,,,,False,최상
1907,704,111,238,7751.07,1,593,32.56752100840336,2.0,25-34,B,50-74K,Unknown,Single Male,1,None/Unknown,True,최상
1908,588,145,34,636.3100000000001,117,443,18.715000000000003,7.0,,,,,,,,False,하
1909,673,185,19,460.46999999999997,32,488,24.235263157894735,18.0,,,,,,,,False,최저
1910,614,151,15,407.37,91,463,27.158,31.0,,,,,,,,False,최저
1911,704,115,94,1042.78,1,589,11.093404255319149,5.0,35-44,A,50-74K,Unknown,Single Male,2,None/Unknown,True,하
1912,693,111,84,2065.53,12,582,24.58964285714286,5.0,,,,,,,,False,중
1913,705,138,35,752.71,0,567,21.506,10.5,,,,,,,,False,하
1914,704,111,113,3191.96,1,593,28.247433628318586,5.0,55-64,B,75-99K,Homeowner,Single Female,1,None/Unknown,True,상
1915,522,125,17,223.07999999999998,183,397,13.12235294117647,14.0,,,,,,,,False,최저
1916,692,114,112,2463.7400000000002,13,578,21.997678571428573,3.0,,,,,,,,False,상
1917,703,111,210,5497.63,2,592,26.179190476190477,2.0,65+,U,15-24K,Unknown,Single Female,1,None/Unknown,True,최상
1918,704,111,48,2561.85,1,593,53.371874999999996,6.0,,,,,,,,False,상
1919,701,125,64,3294.94,4,576,51.4834375,7.0,35-44,A,35-49K,Homeowner,1 Adult Kids,5+,3+,True,상
1920,702,134,85,1805.57,3,568,21.242,4.0,55-64,A,50-74K,Homeowner,2 Adults No Kids,2,None/Unknown,True,중
1921,647,125,93,1296.45,58,522,13.940322580645162,4.0,35-44,A,35-49K,Homeowner,2 Adults No Kids,2,None/Unknown,True,하
1922,698,114,89,2599.42,7,584,29.206966292134833,5.0,,,,,,,,False,상
1923,698,115,98,2927.01,7,583,29.86744897959184,5.0,19-24,B,35-49K,Renter,Single Female,1,None/Unknown,True,상
1924,702,117,184,5849.51,3,585,31.790815217391305,2.0,,,,,,,,False,최상
1925,668,117,78,2372.39,37,551,30.415256410256408,5.0,,,,,,,,False,중
1926,701,130,58,1899.0900000000001,4,571,32.74293103448276,8.0,25-34,U,35-49K,Homeowner,2 Adults No Kids,2,None/Unknown,True,중
1927,691,163,68,4857.9800000000005,14,528,71.44088235294119,6.0,19-24,U,Under 15K,Unknown,Unknown,1,None/Unknown,True,최상
1928,703,120,88,1680.49,2,583,19.096477272727274,6.0,35-44,B,75-99K,Homeowner,2 Adults Kids,3,1,True,중
1929,705,125,49,3777.77,0,580,77.09734693877552,11.5,35-44,B,25-34K,Homeowner,Single Male,1,None/Unknown,True,상
1930,691,111,128,2500.26,14,580,19.53328125,3.0,,,,,,,,False,상
1931,683,112,79,2037.93,22,571,25.796582278481015,6.5,45-54,U,50-74K,Homeowner,Unknown,1,None/Unknown,True,중
1932,665,126,51,1742.14,40,539,34.15960784313726,6.0,,,,,,,,False,중
1933,699,112,50,1716.27,6,587,34.3254,7.0,,,,,,,,False,중
1934,549,115,10,366.5,156,434,36.65,39.0,,,,,,,,False,최저
1935,704,114,93,9319.62,1,590,100.21096774193549,6.5,55-64,A,150-174K,Homeowner,2 Adults No Kids,2,None/Unknown,True,최상
1936,672,115,177,3558.89,33,557,20.106723163841806,2.0,,,,,,,,False,상
1937,704,111,114,5625.26,1,593,49.344385964912284,4.0,45-54,A,50-74K,Homeowner,2 Adults No Kids,2,None/Unknown,True,최상
1938,705,111,23,801.31,0,594,34.8395652173913,13.5,,,,,,,,False,하
1939,694,114,43,2606.48,11,580,60.61581395348837,11.0,35-44,A,50-74K,Homeowner,2 Adults No Kids,2,None/Unknown,True,상
1940,704,112,60,2030.71,1,592,33.845166666666664,7.0,,,,,,,,False,중
1941,705,116,112,660.16,0,589,5.894285714285714,4.0,,,,,,,,False,하
1942,701,111,122,2878.27,4,590,23.592377049180328,3.0,,,,,,,,False,상
1943,705,112,125,3794.58,0,593,30.35664,4.0,,,,,,,,False,상
1944,705,113,116,8976.74,0,592,77.38568965517241,5.0,25-34,U,125-149K,Homeowner,2 Adults Kids,4,2,True,최상
1945,688,293,16,937.53,17,395,58.595625,19.0,,,,,,,,False,하
1946,699,223,40,2875.38,6,476,71.8845,10.0,25-34,U,75-99K,Unknown,Single Male,1,None/Unknown,True,상
1947,703,114,80,7000.32,2,589,87.50399999999999,6.0,,,,,,,,False,최상
1948,703,223,78,1517.3700000000001,2,480,19.45346153846154,5.0,35-44,U,50-74K,Homeowner,Single Female,1,None/Unknown,True,중
1949,705,331,41,1553.78,0,374,37.89707317073171,6.5,45-54,U,Under 15K,Unknown,Single Female,1,None/Unknown,True,중
1950,676,241,24,662.53,29,435,27.605416666666667,4.0,,,,,,,,False,하
1951,677,132,12,527.27,28,545,43.939166666666665,34.0,,,,,,,,False,최저
1952,705,214,22,705.26,0,491,32.057272727272725,6.0,,,,,,,,False,하
1953,700,111,91,2614.07,5,589,28.72604395604396,5.0,45-54,U,50-74K,Homeowner,Unknown,1,None/Unknown,True,상
1954,683,121,119,1830.24,22,562,15.38016806722689,4.0,,,,,,,,False,중
1955,704,141,90,6130.87,1,563,68.12077777777777,4.0,25-34,U,35-49K,Unknown,Single Male,1,None/Unknown,True,최상
1956,705,128,51,1843.69,0,577,36.15078431372549,5.0,,,,,,,,False,중
1957,684,131,33,1754.66,21,553,53.17151515151515,9.0,,,,,,,,False,중
1958,704,118,31,884.55,1,586,28.533870967741933,17.5,,,,,,,,False,하
1959,671,115,64,3822.54,34,556,59.7271875,4.0,,,,,,,,False,상
1960,695,121,54,1804.99,10,574,33.42574074074074,9.0,,,,,,,,False,중
1961,693,122,56,1242.89,12,571,22.194464285714286,7.0,,,,,,,,False,하
1962,705,126,106,3021.32,0,579,28.50301886792453,4.0,65+,U,25-34K,Unknown,2 Adults No Kids,2,None/Unknown,True,상
1963,704,128,44,2312.44,1,576,52.555454545454545,9.0,,,,,,,,False,중
1964,703,115,62,1969.22,2,588,31.761612903225807,7.0,65+,U,Under 15K,Renter,Single Male,1,None/Unknown,True,중
1965,700,111,114,2681.86,5,589,23.525087719298245,4.0,25-34,A,50-74K,Homeowner,2 Adults Kids,3,1,True,상
1966,705,117,117,5090.75,0,588,43.51068376068376,4.0,,,,,,,,False,최상
1967,705,117,59,1611.1299999999999,0,588,27.307288135593218,7.0,,,,,,,,False,중
1968,704,111,72,2306.45,1,593,32.03402777777777,7.0,,,,,,,,False,중
1969,702,111,192,2088.89,3,591,10.879635416666666,3.0,,,,,,,,False,중
1970,705,112,51,944.79,0,593,18.525294117647057,7.0,,,,,,,,False,하
1971,696,116,91,3542.66,9,580,38.93032967032967,4.5,,,,,,,,False,상
1972,705,117,85,2363.73,0,588,27.808588235294117,5.0,,,,,,,,False,중
1973,586,113,75,1295.52,119,473,17.2736,2.0,,,,,,,,False,하
1974,510,113,121,3680.17,195,397,30.414628099173555,3.0,,,,,,,,False,상
1975,704,112,246,14768.28,1,592,60.03365853658537,2.0,35-44,B,75-99K,Renter,Single Male,1,None/Unknown,True,최상
1976,693,114,125,3326.89,12,579,26.615119999999997,3.5,25-34,A,50-74K,Homeowner,2 Adults Kids,5+,3+,True,상
1977,640,111,26,288.99,65,529,11.115,11.0,,,,,,,,False,최저
1978,684,111,68,1171.79,21,573,17.23220588235294,5.0,,,,,,,,False,하
1979,689,111,84,958.6800000000001,16,578,11.412857142857144,6.0,45-54,U,150-174K,Unknown,2 Adults Kids,3,1,True,하
1980,662,131,36,3659.98,43,531,101.6661111111111,14.0,55-64,A,50-74K,Homeowner,Single Female,2,None/Unknown,True,상
1981,688,118,88,1224.14,17,570,13.91068181818182,5.0,,,,,,,,False,하
1982,705,111,109,3139.7,0,594,28.8045871559633,4.0,25-34,U,100-124K,Unknown,Single Male,1,None/Unknown,True,상
1983,704,114,29,1844.1200000000001,1,590,63.59034482758621,13.0,,,,,,,,False,중
1984,645,613,3,38.94,60,32,12.979999999999999,,,,,,,,,False,최저
1985,705,114,129,8205.06,0,591,63.60511627906976,4.0,25-34,U,50-74K,Unknown,Unknown,5+,3+,True,최상
1986,637,123,9,163.49,68,514,18.165555555555557,69.0,,,,,,,,False,최저
1987,702,143,68,1954.58,3,559,28.743823529411763,6.0,,,,,,,,False,중
1988,704,116,92,6288.42,1,588,68.35239130434783,5.0,,,,,,,,False,최상
1989,703,115,129,2642.76,2,588,20.486511627906978,4.0,65+,U,15-24K,Homeowner,Single Female,1,None/Unknown,True,상
1990,698,124,89,3216.24,7,574,36.13752808988764,6.0,35-44,A,125-149K,Homeowner,2 Adults Kids,5+,3+,True,상
1991,702,117,34,222.70000000000002,3,585,6.550000000000001,12.0,,,,,,,,False,최저
1992,684,179,29,514.86,21,505,17.753793103448277,15.0,,,,,,,,False,최저
1993,692,117,64,1040.18,13,575,16.2528125,7.0,,,,,,,,False,하
1994,671,114,34,787.46,34,557,23.160588235294117,9.0,,,,,,,,False,하
1995,705,118,121,14135.050000000001,0,587,116.81859504132233,4.0,25-34,B,25-34K,Unknown,1 Adult Kids,3,2,True,최상
1996,687,112,100,2421.53,18,575,24.215300000000003,5.0,,,,,,,,False,상
1997,705,118,55,3980.55,0,587,72.37363636363636,9.0,25-34,U,50-74K,Unknown,Single Male,1,None/Unknown,True,상
1998,698,112,278,2196.43,7,586,7.900827338129496,2.0,,,,,,,,False,중
1999,696,115,46,780.33,9,581,16.963695652173914,7.0,,,,,,,,False,하
2000,680,130,46,472.95,25,550,10.281521739130435,8.0,,,,,,,,False,최저
2001,691,117,24,829.59,14,574,34.566250000000004,12.0,,,,,,,,False,하
2002,687,115,44,2013.23,18,572,45.755227272727275,10.0,35-44,U,35-49K,Homeowner,Single Female,1,None/Unknown,True,중
2003,701,121,32,1736.8,4,580,54.275,11.0,,,,,,,,False,중
2004,701,116,209,9301.53,4,585,44.504928229665076,2.0,45-54,U,50-74K,Unknown,Unknown,1,None/Unknown,True,최상
2005,705,136,47,1340.44,0,569,28.52,10.5,,,,,,,,False,하
2006,701,128,80,3760.99,4,573,47.012375,4.0,45-54,U,Under 15K,Unknown,Single Male,1,None/Unknown,True,상
2007,701,117,109,6913.41,4,584,63.42577981651376,5.0,45-54,A,50-74K,Homeowner,2 Adults Kids,3,1,True,최상
2008,700,142,64,2259.27,5,558,35.30109375,6.0,,,,,,,,False,중
2009,316,112,4,207.44,389,204,51.86,41.0,,,,,,,,False,최저
2010,694,113,43,1441.35,11,581,33.519767441860466,2.5,,,,,,,,False,중
2011,697,120,97,1296.56,8,577,13.366597938144329,5.0,45-54,U,75-99K,Homeowner,Single Male,1,None/Unknown,True,하
2012,705,116,177,6830.47,0,589,38.59022598870057,2.0,45-54,A,25-34K,Renter,Single Male,2,None/Unknown,True,최상
2013,616,112,77,1112.78,89,504,14.451688311688311,4.0,19-24,U,25-34K,Unknown,Single Female,1,None/Unknown,True,하
2014,704,123,41,1469.66,1,581,35.845365853658535,8.0,,,,,,,,False,중
2015,705,116,107,5993.28,0,589,56.01196261682243,5.0,,,,,,,,False,최상
2016,700,118,84,1461.02,5,582,17.39309523809524,3.0,,,,,,,,False,중
2017,705,116,114,5516.07,0,589,48.38657894736842,5.0,45-54,A,75-99K,Homeowner,2 Adults No Kids,2,None/Unknown,True,최상
2018,705,159,105,3515.65,0,546,33.48238095238095,3.0,45-54,U,50-74K,Unknown,Unknown,1,None/Unknown,True,상
2019,705,128,244,12643.67,0,577,51.818319672131146,1.0,,,,,,,,False,최상
2020,705,114,206,8255.66,0,591,40.07601941747573,2.0,35-44,A,100-124K,Unknown,2 Adults Kids,5+,3+,True,최상
2021,703,147,59,1120.61,2,556,18.993389830508473,8.0,,,,,,,,False,하
2022,702,119,75,7440.68,3,583,99.20906666666667,6.5,,,,,,,,False,최상
2023,703,115,83,1704.72,2,588,20.538795180722893,6.0,45-54,U,35-49K,Homeowner,2 Adults Kids,3,1,True,중
2024,705,120,71,4083.46,0,585,57.513521126760565,6.0,25-34,B,125-149K,Homeowner,2 Adults No Kids,2,None/Unknown,True,상
2025,679,145,16,589.09,26,534,36.818125,21.0,,,,,,,,False,최저
2026,675,204,15,1161.67,30,471,77.44466666666668,26.0,,,,,,,,False,하
2027,690,112,107,1862.3799999999999,15,578,17.40542056074766,4.0,,,,,,,,False,중
2028,693,126,71,1638.21,12,567,23.07338028169014,6.0,,,,,,,,False,중
2029,671,117,43,1651.96,34,554,38.417674418604655,7.0,,,,,,,,False,중
2030,696,119,80,2468.1,9,577,30.85125,5.0,35-44,B,75-99K,Homeowner,Single Female,1,None/Unknown,True,상
2031,683,112,11,303.40999999999997,22,571,27.58272727272727,23.0,,,,,,,,False,최저
2032,704,116,47,1077.06,1,588,22.916170212765955,8.5,,,,,,,,False,하
2033,697,117,77,1934.73,8,580,25.126363636363635,5.0,,,,,,,,False,중
2034,704,154,99,2564.11,1,550,25.90010101010101,5.0,,,,,,,,False,상
2035,642,128,45,960.52,63,514,21.34488888888889,8.0,,,,,,,,False,하
2036,704,116,45,3845.42,1,588,85.45377777777777,7.5,,,,,,,,False,상
2037,698,111,83,1639.81,7,587,19.756746987951807,6.0,,,,,,,,False,중
2038,703,161,51,1260.74,2,542,24.720392156862744,5.0,,,,,,,,False,하
2039,701,115,19,1082.51,4,586,56.97421052631579,3.0,,,,,,,,False,하
2040,699,123,238,2606.87,6,576,10.953235294117647,1.0,25-34,U,25-34K,Homeowner,Single Male,1,None/Unknown,True,상
2041,704,115,122,5930.91,1,589,48.61401639344262,4.0,35-44,B,35-49K,Renter,2 Adults No Kids,2,None/Unknown,True,최상
2042,683,113,22,4244.81,22,570,192.9459090909091,23.0,,,,,,,,False,상
2043,704,116,60,1594.58,1,588,26.57633333333333,8.0,,,,,,,,False,중
2044,649,111,32,637.46,56,538,19.920625,12.0,,,,,,,,False,하
2045,597,114,17,280.58000000000004,108,483,16.504705882352944,16.5,,,,,,,,False,최저
2046,690,115,40,538.44,15,575,13.461000000000002,8.0,,,,,,,,False,최저
2047,686,112,73,3851.1,19,574,52.75479452054795,5.0,,,,,,,,False,상
2048,685,158,21,1356.74,20,527,64.60666666666667,21.0,,,,,,,,False,하
2049,691,140,29,636.87,14,551,21.96103448275862,16.5,,,,,,,,False,하
2050,702,114,108,3537.31,3,588,32.75287037037037,4.0,35-44,A,25-34K,Homeowner,2 Adults Kids,5+,3+,True,상
2051,462,112,114,2790.61,243,350,24.4790350877193,2.0,,,,,,,,False,상
2052,591,474,4,82.95,114,117,20.7375,50.0,,,,,,,,False,최저
2053,700,112,129,3178.86,5,588,24.64232558139535,3.0,45-54,A,15-24K,Homeowner,2 Adults No Kids,2,None/Unknown,True,상
2054,691,124,19,169.99,14,567,8.946842105263158,30.5,,,,,,,,False,최저
2055,703,111,118,2249.01,2,592,19.059406779661018,3.0,,,,,,,,False,중
2056,700,114,65,2178.4,5,586,33.51384615384615,8.0,,,,,,,,False,중
2057,700,116,96,2318.39,5,584,24.149895833333332,4.0,35-44,A,35-49K,Homeowner,2 Adults No Kids,2,None/Unknown,True,중
2058,697,111,118,4534.3,8,586,38.42627118644068,4.0,25-34,B,125-149K,Homeowner,2 Adults No Kids,2,None/Unknown,True,최상
2059,698,114,37,1938.76,7,584,52.398918918918916,9.5,,,,,,,,False,중
2060,696,238,28,523.26,9,458,18.687857142857144,13.0,,,,,,,,False,최저
2061,645,111,16,214.88,60,534,13.43,23.0,,,,,,,,False,최저
2062,691,114,131,4135.29,14,577,31.567099236641223,3.0,25-34,U,25-34K,Unknown,2 Adults No Kids,2,None/Unknown,True,상
2063,701,115,61,2160.38,4,586,35.416065573770496,8.0,55-64,A,75-99K,Homeowner,2 Adults No Kids,2,None/Unknown,True,중
2064,704,116,203,5010.97,1,588,24.68458128078818,2.0,19-24,U,50-74K,Unknown,Single Female,1,None/Unknown,True,최상
2065,705,137,72,3048.87,0,568,42.345416666666665,5.0,,,,,,,,False,상
2066,576,114,78,1952.31,129,462,25.029615384615383,5.0,,,,,,,,False,중
2067,702,130,3,84.71000000000001,3,572,28.236666666666668,,,,,,,,,False,최저
2068,696,113,92,2317.61,9,583,25.191413043478263,5.0,55-64,A,50-74K,Homeowner,Single Female,2,None/Unknown,True,중
2069,694,121,62,1716.63,11,573,27.687580645161294,6.0,35-44,U,15-24K,Unknown,Single Female,1,None/Unknown,True,중
2070,705,112,345,8500.58,0,593,24.63936231884058,1.0,45-54,U,50-74K,Unknown,Unknown,1,None/Unknown,True,최상
2071,703,115,152,1686.7,2,588,11.096710526315789,3.0,,,,,,,,False,중
2072,676,118,6,148.68,29,558,24.78,9.0,,,,,,,,False,최저
2073,583,112,35,887.35,122,471,25.352857142857143,5.5,,,,,,,,False,하
2074,645,130,27,654.99,60,515,24.25888888888889,16.0,,,,,,,,False,하
2075,703,179,103,3661.94,2,524,35.552815533980585,3.0,,,,,,,,False,상
2076,705,113,157,5730.81,0,592,36.501974522293,3.0,25-34,A,100-124K,Homeowner,2 Adults Kids,3,1,True,최상
2077,698,111,78,1465.8700000000001,7,587,18.79320512820513,5.0,,,,,,,,False,중
2078,701,114,44,1406.09,4,587,31.956590909090906,7.0,,,,,,,,False,하
2079,698,123,85,4168.35,7,575,49.03941176470589,4.0,,,,,,,,False,상
2080,687,112,80,4931.26,18,575,61.640750000000004,3.0,,,,,,,,False,최상
2081,679,116,26,766.43,26,563,29.47807692307692,12.0,,,,,,,,False,하
2082,703,113,133,3830.83,2,590,28.803233082706765,3.0,45-54,A,Under 15K,Homeowner,2 Adults Kids,3,1,True,상
2083,704,112,267,6692.93,1,592,25.067153558052436,2.0,,,,,,,,False,최상
2084,705,138,105,2494.4,0,567,23.756190476190476,4.0,55-64,A,125-149K,Homeowner,2 Adults No Kids,2,None/Unknown,True,상
2085,703,111,218,10970.32,2,592,50.32256880733945,2.0,35-44,A,35-49K,Homeowner,2 Adults No Kids,2,None/Unknown,True,최상
2086,705,111,363,5994.11,0,594,16.512699724517905,1.0,45-54,A,25-34K,Homeowner,2 Adults No Kids,2,None/Unknown,True,최상
2087,704,125,154,5980.76,1,579,38.8361038961039,3.0,45-54,B,100-124K,Homeowner,Unknown,1,None/Unknown,True,최상
2088,701,115,89,4344.65,4,586,48.81629213483146,5.0,25-34,U,35-49K,Unknown,Single Female,1,None/Unknown,True,최상
2089,694,130,33,146.8,11,564,4.448484848484849,15.0,,,,,,,,False,최저
2090,697,111,41,961.9300000000001,8,586,23.461707317073174,11.5,,,,,,,,False,하
2091,692,189,13,738.21,13,503,56.785384615384615,35.5,,,,,,,,False,하
2092,559,113,87,1860.82,146,446,21.388735632183906,3.0,35-44,A,Under 15K,Homeowner,1 Adult Kids,3,1,True,중
2093,661,167,12,307.46000000000004,44,494,25.62166666666667,26.0,,,,,,,,False,최저
2094,680,117,65,2695.73,25,563,41.47276923076923,7.0,45-54,A,50-74K,Homeowner,2 Adults No Kids,2,None/Unknown,True,상
2095,701,114,91,3064.9900000000002,4,587,33.681208791208796,6.0,,,,,,,,False,상
2096,591,128,22,1259.68,114,463,57.25818181818182,13.0,,,,,,,,False,하
2097,645,113,116,5707.2,60,532,49.199999999999996,3.0,35-44,A,15-24K,Homeowner,2 Adults Kids,5+,3+,True,최상
2098,632,295,12,664.34,73,337,55.36166666666667,19.0,,,,,,,,False,하
2099,696,118,44,423.62,9,578,9.627727272727272,7.0,,,,,,,,False,최저
2100,688,122,53,3009.98,17,566,56.79207547169811,8.0,65+,A,35-49K,Homeowner,2 Adults No Kids,2,None/Unknown,True,상
2101,703,568,9,378.33,2,135,42.03666666666666,16.0,,,,,,,,False,최저
2102,704,127,97,3441.1,1,577,35.47525773195876,5.0,55-64,A,175-199K,Homeowner,2 Adults No Kids,2,None/Unknown,True,상
2103,705,112,27,326.5,0,593,12.092592592592593,14.5,,,,,,,,False,최저
2104,629,259,17,375.61,76,370,22.09470588235294,13.5,,,,,,,,False,최저
2105,701,156,16,394.0,4,545,24.625,12.0,,,,,,,,False,최저
2106,492,111,24,1395.98,213,381,58.16583333333333,11.0,,,,,,,,False,하
2107,697,117,80,3220.84,8,580,40.2605,5.0,35-44,A,75-99K,Homeowner,2 Adults Kids,5+,3+,True,상
2108,703,114,117,1777.22,2,589,15.18991452991453,4.0,,,,,,,,False,중
2109,697,126,105,2398.82,8,571,22.845904761904762,5.0,,,,,,,,False,중
2110,704,111,144,9173.28,1,593,63.70333333333334,4.0,35-44,A,125-149K,Homeowner,2 Adults No Kids,2,None/Unknown,True,최상
2111,687,113,82,2008.83,18,574,24.49792682926829,6.0,45-54,U,75-99K,Homeowner,2 Adults No Kids,2,None/Unknown,True,중
2112,705,116,91,4523.9800000000005,0,589,49.71406593406594,6.0,45-54,A,35-49K,Homeowner,2 Adults Kids,5+,3+,True,최상
2113,690,132,54,1522.73,15,558,28.198703703703703,6.0,,,,,,,,False,중
2114,688,118,121,2709.63,17,570,22.393636363636364,4.0,,,,,,,,False,상
2115,705,112,183,9342.08,0,593,51.049617486338796,3.0,35-44,A,150-174K,Homeowner,2 Adults Kids,5+,3+,True,최상
2116,705,121,140,9018.17,0,584,64.4155,4.0,35-44,A,75-99K,Homeowner,2 Adults Kids,5+,3+,True,최상
2117,655,111,61,1010.52,50,544,16.56590163934426,8.0,,,,,,,,False,하
2118,592,115,22,1039.97,113,477,47.27136363636364,21.0,,,,,,,,False,하
2119,698,137,31,1927.03,7,561,62.16225806451613,14.0,25-34,U,50-74K,Homeowner,Single Male,1,None/Unknown,True,중
2120,695,153,46,1428.08,10,542,31.045217391304345,9.0,,,,,,,,False,중
2121,705,112,98,4382.32,0,593,44.71755102040816,5.0,55-64,B,35-49K,Homeowner,2 Adults No Kids,2,None/Unknown,True,최상
2122,684,160,9,372.55,21,524,41.394444444444446,18.0,,,,,,,,False,최저
2123,696,118,58,4286.860000000001,9,578,73.91137931034484,8.0,45-54,U,75-99K,Homeowner,2 Adults No Kids,2,None/Unknown,True,상
2124,704,137,126,4788.4,1,567,38.0031746031746,4.0,25-34,A,50-74K,Homeowner,2 Adults Kids,4,2,True,최상
2125,700,149,73,3459.29,5,551,47.38753424657534,4.0,,,,,,,,False,상
2126,699,112,108,4446.52,6,587,41.171481481481486,4.0,,,,,,,,False,최상
2127,692,224,18,1133.49,13,468,62.971666666666664,22.0,,,,,,,,False,하
2128,696,117,49,1173.15,9,579,23.94183673469388,5.0,,,,,,,,False,하
2129,688,117,115,6133.78,17,571,53.33721739130434,4.0,25-34,U,35-49K,Unknown,1 Adult Kids,2,1,True,최상
2130,705,117,81,5912.2300000000005,0,588,72.9904938271605,6.0,25-34,B,50-74K,Homeowner,Single Female,1,None/Unknown,True,최상
2131,682,115,110,3982.87,23,567,36.20790909090909,4.0,,,,,,,,False,상
2132,699,116,34,537.66,6,583,15.813529411764705,10.0,,,,,,,,False,최저
2133,705,135,107,5695.78,0,570,53.231588785046725,4.0,55-64,A,100-124K,Unknown,2 Adults No Kids,2,None/Unknown,True,최상
2134,697,114,69,8232.92,8,583,119.31768115942029,7.0,35-44,U,35-49K,Unknown,Single Female,1,None/Unknown,True,최상
2135,677,115,35,650.33,28,562,18.580857142857145,15.0,,,,,,,,False,하
2136,704,291,17,1543.46,1,413,90.79176470588236,13.0,,,,,,,,False,중
2137,685,113,136,2333.69,20,572,17.159485294117648,3.0,,,,,,,,False,중
2138,689,111,61,1861.98,16,578,30.524262295081968,5.5,,,,,,,,False,중
2139,703,113,226,4310.29,2,590,19.0720796460177,2.0,,,,,,,,False,상
2140,652,365,46,1516.44,53,287,32.96608695652174,5.0,65+,A,15-24K,Homeowner,2 Adults No Kids,2,None/Unknown,True,중
2141,701,122,77,4691.33,4,579,60.92636363636363,6.0,,,,,,,,False,최상
2142,698,118,80,6844.57,7,580,85.557125,7.0,,,,,,,,False,최상
2143,610,141,4,198.32,95,469,49.58,190.0,,,,,,,,False,최저
2144,642,138,38,2026.58,63,504,53.33105263157895,8.0,,,,,,,,False,중
2145,684,142,28,836.37,21,542,29.87035714285714,18.0,,,,,,,,False,하
2146,694,119,45,1346.46,11,575,29.921333333333333,7.0,,,,,,,,False,하
2147,700,118,80,5342.96,5,582,66.787,7.0,25-34,A,75-99K,Homeowner,2 Adults Kids,3,1,True,최상
2148,703,115,101,2712.33,2,588,26.854752475247523,5.0,55-64,A,35-49K,Homeowner,2 Adults Kids,4,2,True,상
2149,702,116,72,2838.85,3,586,39.42847222222222,6.0,,,,,,,,False,상
2150,591,122,7,67.32,114,469,9.617142857142856,18.0,,,,,,,,False,최저
2151,699,114,31,764.31,6,585,24.655161290322578,3.0,,,,,,,,False,하
2152,627,177,22,120.07,78,450,5.457727272727272,13.0,,,,,,,,False,최저
2153,694,188,33,836.33,11,506,25.343333333333334,8.0,,,,,,,,False,하
2154,701,229,103,2261.7400000000002,4,472,21.95864077669903,3.0,45-54,A,35-49K,Homeowner,2 Adults No Kids,2,None/Unknown,True,중
2155,670,115,10,279.02,35,555,27.901999999999997,44.0,,,,,,,,False,최저
2156,703,111,70,4715.43,2,592,67.36328571428572,8.0,45-54,A,50-74K,Homeowner,2 Adults No Kids,2,None/Unknown,True,최상
2157,598,123,9,338.19,107,475,37.57666666666667,42.0,,,,,,,,False,최저
2158,700,114,70,1968.94,5,586,28.127714285714287,8.0,25-34,B,50-74K,Probable Renter,Single Female,1,None/Unknown,True,중
2159,692,111,78,1727.01,13,581,22.141153846153845,4.0,,,,,,,,False,중
2160,692,118,51,668.84,13,574,13.11450980392157,7.0,,,,,,,,False,하
2161,699,119,22,1344.3100000000002,6,580,61.10500000000001,6.0,,,,,,,,False,하
2162,703,126,108,11920.07,2,577,110.37101851851851,4.0,45-54,U,75-99K,Homeowner,Unknown,1,None/Unknown,True,최상
2163,674,170,13,330.94,31,504,25.456923076923076,31.0,,,,,,,,False,최저
2164,400,112,37,1576.48,305,288,42.60756756756757,7.5,,,,,,,,False,중
2165,641,345,10,154.31,64,296,15.431000000000001,11.0,,,,,,,,False,최저
2166,507,111,19,75.85000000000001,198,396,3.992105263157895,10.5,,,,,,,,False,최저
2167,691,118,71,1696.62,14,573,23.896056338028167,3.5,,,,,,,,False,중
2168,701,111,165,4938.9800000000005,4,590,29.933212121212126,3.0,35-44,U,50-74K,Unknown,Single Female,1,None/Unknown,True,최상
2169,695,155,32,742.65,10,540,23.2078125,15.0,,,,,,,,False,하
2170,705,113,202,4979.27,0,592,24.649851485148517,2.0,,,,,,,,False,최상
2171,705,114,94,3844.2,0,591,40.89574468085106,5.0,,,,,,,,False,상
2172,705,116,93,2408.11,0,589,25.893655913978495,4.0,25-34,A,100-124K,Homeowner,2 Adults No Kids,2,None/Unknown,True,상
2173,691,172,63,1859.06,14,519,29.508888888888887,3.5,25-34,U,35-49K,Unknown,2 Adults No Kids,2,None/Unknown,True,중
2174,680,134,33,602.92,25,546,18.27030303030303,15.0,,,,,,,,False,최저
2175,671,111,16,610.22,34,560,38.13875,23.0,,,,,,,,False,최저
2176,682,113,121,2086.18,23,569,17.241157024793388,2.0,,,,,,,,False,중
2177,608,558,2,42.24,97,50,21.12,,,,,,,,,False,최저
2178,610,117,119,3149.92,95,493,26.469915966386555,3.0,,,,,,,,False,상
2179,704,113,39,1294.35,1,591,33.18846153846154,13.0,45-54,A,35-49K,Homeowner,2 Adults Kids,3,1,True,하
2180,628,184,24,644.46,77,444,26.852500000000003,13.0,,,,,,,,False,하
2181,702,119,48,2718.1800000000003,3,583,56.628750000000004,5.0,55-64,A,100-124K,Homeowner,2 Adults Kids,3,1,True,상
2182,699,113,69,1286.49,6,586,18.644782608695653,7.0,45-54,A,75-99K,Homeowner,2 Adults No Kids,2,None/Unknown,True,하
2183,701,114,116,3026.55,4,587,26.090948275862072,5.0,65+,A,25-34K,Homeowner,2 Adults No Kids,2,None/Unknown,True,상
2184,705,112,152,3865.06,0,593,25.428026315789474,3.0,25-34,U,50-74K,Unknown,Single Female,1,None/Unknown,True,상
2185,704,113,59,5850.59,1,591,99.16254237288136,8.5,25-34,U,125-149K,Homeowner,2 Adults Kids,4,2,True,최상
2186,702,112,98,5141.82,3,590,52.46755102040816,3.0,35-44,U,25-34K,Unknown,Single Female,1,None/Unknown,True,최상
2187,691,121,36,2093.16,14,570,58.14333333333333,10.0,,,,,,,,False,중
2188,702,116,113,3630.2799999999997,3,586,32.126371681415925,5.0,65+,B,35-49K,Homeowner,2 Adults No Kids,2,None/Unknown,True,상
2189,694,126,63,987.94,11,568,15.681587301587303,8.0,,,,,,,,False,하
2190,705,114,141,6831.71,0,591,48.451843971631206,3.0,35-44,A,50-74K,Homeowner,2 Adults Kids,4,2,True,최상
2191,692,117,12,755.7,13,575,62.975,46.0,,,,,,,,False,하
2192,663,151,21,319.13,42,512,15.196666666666667,13.5,,,,,,,,False,최저
2193,703,116,76,7395.57,2,587,97.31013157894736,7.0,25-34,A,50-74K,Homeowner,2 Adults No Kids,2,None/Unknown,True,최상
2194,705,114,255,5434.3,0,591,21.310980392156864,2.0,55-64,B,25-34K,Homeowner,Single Male,1,None/Unknown,True,최상
2195,705,129,74,1082.13,0,576,14.62337837837838,4.0,,,,,,,,False,하
2196,688,116,59,1061.16,17,572,17.985762711864407,9.5,,,,,,,,False,하
2197,701,116,44,662.09,4,585,15.047500000000001,5.0,,,,,,,,False,하
2198,702,113,233,5835.13,3,589,25.043476394849787,2.0,35-44,B,25-34K,Unknown,Single Female,1,None/Unknown,True,최상
2199,701,111,116,4499.63,4,590,38.78991379310345,5.0,19-24,U,50-74K,Unknown,2 Adults Kids,3,1,True,최상
2200,696,115,125,6055.05,9,581,48.440400000000004,4.0,45-54,U,Under 15K,Unknown,Single Male,1,None/Unknown,True,최상
2202,680,112,15,289.69,25,568,19.312666666666665,11.5,,,,,,,,False,최저
2203,691,112,68,3939.34,14,579,57.9314705882353,6.0,45-54,A,50-74K,Homeowner,2 Adults No Kids,2,None/Unknown,True,상
2204,701,111,137,2224.08,4,590,16.234160583941605,3.0,,,,,,,,False,중
2205,699,119,74,1481.47,6,580,20.019864864864864,5.0,,,,,,,,False,중
2206,701,123,36,458.3,4,578,12.730555555555556,9.0,,,,,,,,False,최저
2207,694,113,204,4741.43,11,581,23.242303921568627,2.0,,,,,,,,False,최상
2208,698,112,133,8022.26,7,586,60.31774436090226,3.0,35-44,U,50-74K,Unknown,1 Adult Kids,3,2,True,최상
2209,705,112,156,5267.41,0,593,33.765448717948715,3.0,25-34,A,35-49K,Renter,2 Adults Kids,5+,3+,True,최상
2210,648,202,31,1658.4099999999999,57,446,53.497096774193544,6.5,,,,,,,,False,중
2211,698,167,54,1567.23,7,531,29.02277777777778,8.0,,,,,,,,False,중
2212,679,114,46,251.33,26,565,5.4636956521739135,3.0,,,,,,,,False,최저
2213,692,118,37,2370.58,13,574,64.06972972972973,11.0,,,,,,,,False,중
2214,683,111,13,398.23,22,572,30.633076923076924,26.0,,,,,,,,False,최저
2215,705,113,105,2177.46,0,592,20.737714285714286,5.0,,,,,,,,False,중
2216,694,117,31,422.4,11,577,13.625806451612902,13.5,,,,,,,,False,최저
2217,704,135,153,3795.12,1,569,24.80470588235294,3.0,35-44,B,15-24K,Unknown,Single Female,1,None/Unknown,True,상
2218,663,172,16,719.59,42,491,44.974375,31.0,,,,,,,,False,하
2219,702,150,7,84.2,3,552,12.028571428571428,57.0,,,,,,,,False,최저
2220,644,116,9,127.75,61,528,14.194444444444445,32.0,,,,,,,,False,최저
2221,701,115,109,2243.51,4,586,20.58266055045872,5.0,65+,B,35-49K,Homeowner,Single Male,1,None/Unknown,True,중
2222,695,123,35,2661.23,10,572,76.03514285714286,13.5,,,,,,,,False,상
2223,681,111,115,1500.22,24,570,13.045391304347826,2.0,,,,,,,,False,중
2224,704,113,90,3303.88,1,591,36.70977777777778,6.0,19-24,B,250K+,Homeowner,Single Male,1,None/Unknown,True,상
2225,684,125,78,2899.5,21,559,37.17307692307692,6.0,,,,,,,,False,상
2226,704,111,334,7510.84,1,593,22.48754491017964,1.0,,,,,,,,False,최상
2227,650,115,138,4679.92,55,535,33.91246376811594,2.0,,,,,,,,False,최상
2228,700,114,112,4025.28,5,586,35.940000000000005,3.0,,,,,,,,False,상
2229,701,144,53,2365.45,4,557,44.6311320754717,5.0,,,,,,,,False,중
2230,662,114,33,1195.65,43,548,36.231818181818184,8.5,,,,,,,,False,하
2231,704,113,65,3482.82,1,591,53.58184615384616,7.0,35-44,A,200-249K,Homeowner,2 Adults No Kids,2,None/Unknown,True,상
2232,698,113,31,935.7900000000001,7,585,30.18677419354839,12.5,,,,,,,,False,하
2233,696,111,187,6537.17,9,585,34.95812834224599,3.0,25-34,B,150-174K,Homeowner,Single Male,1,None/Unknown,True,최상
2234,703,111,144,6345.5,2,592,44.06597222222222,3.0,65+,A,Under 15K,Homeowner,2 Adults No Kids,2,None/Unknown,True,최상
2235,705,115,74,3174.08,0,590,42.89297297297297,4.0,45-54,U,175-199K,Homeowner,2 Adults Kids,3,1,True,상
2236,688,112,168,2368.39,17,576,14.097559523809522,2.0,,,,,,,,False,중
2237,705,122,120,4062.97,0,583,33.85808333333333,4.0,45-54,U,50-74K,Homeowner,Single Female,1,None/Unknown,True,상
2238,703,111,139,2399.54,2,592,17.262877697841727,2.0,,,,,,,,False,중
2239,691,248,25,1575.09,14,443,63.0036,12.5,,,,,,,,False,중
2240,704,111,124,4481.52,1,593,36.14129032258065,4.0,,,,,,,,False,최상
2241,703,129,63,1256.88,2,574,19.95047619047619,5.0,,,,,,,,False,하
2242,704,116,69,981.53,1,588,14.225072463768116,4.0,,,,,,,,False,하
2243,684,125,41,3927.91,21,559,95.80268292682926,10.0,45-54,A,50-74K,Homeowner,2 Adults No Kids,2,None/Unknown,True,상
2244,702,117,191,4810.46,3,585,25.18565445026178,2.0,,,,,,,,False,최상
2245,703,111,100,3614.54,2,592,36.1454,5.0,,,,,,,,False,상
2246,452,186,4,251.26,253,266,62.815,57.0,,,,,,,,False,최저
2247,704,111,73,3812.64,1,593,52.22794520547945,5.0,,,,,,,,False,상
2248,703,144,23,849.0500000000001,2,559,36.91521739130435,11.5,,,,,,,,False,하
2249,305,305,1,139.68,400,0,139.68,,,,,,,,,False,최저
2250,690,118,49,1947.04,15,572,39.735510204081635,11.0,35-44,U,75-99K,Unknown,Unknown,1,None/Unknown,True,중
2251,662,330,14,1238.92,43,332,88.49428571428572,10.0,,,,,,,,False,하
2252,703,116,196,7089.11,2,587,36.16892857142857,2.0,45-54,A,50-74K,Homeowner,2 Adults Kids,4,2,True,최상
2253,692,114,18,290.57,13,578,16.142777777777777,17.0,,,,,,,,False,최저
2254,569,123,57,1048.97,136,446,18.40298245614035,6.0,19-24,U,35-49K,Unknown,Single Male,1,None/Unknown,True,하
2255,649,207,16,378.31,56,442,23.644375,20.0,,,,,,,,False,최저
2256,670,178,22,1216.75,35,492,55.30681818181818,21.0,,,,,,,,False,하
2257,704,116,58,679.6800000000001,1,588,11.718620689655173,10.0,,,,,,,,False,하
2258,702,116,36,1050.81,3,586,29.189166666666665,13.0,,,,,,,,False,하
2259,704,663,7,503.35,1,41,71.90714285714286,4.5,,,,,,,,False,최저
2260,702,117,68,4460.51,3,585,65.59573529411765,8.0,45-54,U,25-34K,Homeowner,Single Female,1,None/Unknown,True,최상
2261,705,112,209,10801.33,0,593,51.681004784688994,2.0,,,,,,,,False,최상
2262,703,114,118,1240.72,2,589,10.51457627118644,4.0,,,,,,,,False,하
2263,704,112,238,4023.38,1,592,16.904957983193277,2.0,,,,,,,,False,상
2264,704,115,263,16729.8,1,589,63.61140684410646,2.0,45-54,A,250K+,Homeowner,2 Adults No Kids,2,None/Unknown,True,최상
2266,704,117,115,7505.34,1,587,65.26382608695653,4.0,25-34,B,35-49K,Homeowner,Single Male,1,None/Unknown,True,최상
2267,704,112,51,2020.66,1,592,39.620784313725494,7.0,,,,,,,,False,중
2268,658,136,20,560.87,47,522,28.0435,17.0,,,,,,,,False,최저
2269,702,111,171,3138.13,3,591,18.351637426900584,3.0,55-64,A,35-49K,Homeowner,2 Adults No Kids,2,None/Unknown,True,상
2270,702,111,216,4295.31,3,591,19.885694444444447,2.0,,,,,,,,False,상
2271,678,116,45,361.88,27,562,8.041777777777778,10.0,,,,,,,,False,최저
2272,699,111,56,2167.58,6,588,38.706785714285715,3.0,65+,A,25-34K,Homeowner,2 Adults No Kids,2,None/Unknown,True,중
2273,704,122,45,1497.17,1,582,33.27044444444444,10.5,,,,,,,,False,중
2274,703,115,49,5767.92,2,588,117.71265306122449,7.5,,,,,,,,False,최상
2275,704,112,114,2631.23,1,592,23.080964912280702,4.0,,,,,,,,False,상
2276,674,116,28,989.03,31,558,35.3225,13.0,,,,,,,,False,하
2277,701,120,96,3496.85,4,581,36.42552083333333,3.0,,,,,,,,False,상
2278,687,118,42,1127.63,18,569,26.848333333333336,10.0,,,,,,,,False,하
2279,705,116,54,913.13,0,589,16.909814814814816,7.0,25-34,U,50-74K,Unknown,2 Adults No Kids,2,None/Unknown,True,하
2280,703,117,139,10794.53,2,586,77.6584892086331,4.0,35-44,U,15-24K,Homeowner,2 Adults Kids,3,1,True,최상
2281,703,121,88,4840.86,2,582,55.009772727272725,4.0,,,,,,,,False,최상
2282,703,113,74,1052.71,2,590,14.225810810810811,6.0,55-64,B,175-199K,Homeowner,Single Female,1,None/Unknown,True,하
2283,691,284,11,1106.03,14,407,100.54818181818182,17.5,,,,,,,,False,하
2284,703,134,211,16438.09,2,569,77.90563981042654,2.0,45-54,A,250K+,Homeowner,2 Adults No Kids,2,None/Unknown,True,최상
2285,698,111,53,1664.4,7,587,31.40377358490566,7.0,,,,,,,,False,중
2286,659,121,20,799.01,46,538,39.9505,20.0,,,,,,,,False,하
2287,702,113,31,764.57,3,589,24.663548387096775,9.0,,,,,,,,False,하
2288,705,111,91,1790.56,0,594,19.676483516483515,4.0,,,,,,,,False,중
2289,704,111,85,2292.7,1,593,26.972941176470584,5.0,,,,,,,,False,중
2290,694,173,44,650.17,11,521,14.776590909090908,7.0,,,,,,,,False,하
2291,665,190,47,391.98,40,475,8.34,3.0,,,,,,,,False,최저
2292,701,120,89,957.98,4,581,10.763820224719101,2.0,45-54,A,35-49K,Renter,2 Adults Kids,5+,3+,True,하
2293,697,165,31,2167.11,8,532,69.90677419354839,11.5,,,,,,,,False,중
2294,682,117,107,7578.1900000000005,23,565,70.82420560747664,4.0,45-54,B,25-34K,Renter,2 Adults Kids,4,2,True,최상
2295,691,120,63,6751.46,14,571,107.16603174603175,8.0,35-44,B,35-49K,Renter,Single Male,1,None/Unknown,True,최상
2296,705,116,202,12997.67,0,589,64.344900990099,2.0,35-44,U,125-149K,Homeowner,2 Adults No Kids,2,None/Unknown,True,최상
2297,698,113,36,631.9399999999999,7,585,17.55388888888889,13.0,,,,,,,,False,하
2298,705,136,69,2414.88,0,569,34.99826086956522,7.0,65+,A,50-74K,Probable Renter,Single Female,2,None/Unknown,True,상
2299,695,116,58,2019.73,10,579,34.82293103448276,7.0,,,,,,,,False,중
2300,704,123,108,4364.12,1,581,40.40851851851852,5.0,45-54,U,50-74K,Homeowner,2 Adults No Kids,2,None/Unknown,True,최상
2301,702,124,102,4165.03,3,578,40.83362745098039,4.0,,,,,,,,False,상
2302,683,112,69,1881.93,22,571,27.274347826086956,6.0,35-44,A,35-49K,Homeowner,1 Adult Kids,3,1,True,중
2303,705,135,56,1935.1399999999999,0,570,34.55607142857143,8.0,,,,,,,,False,중
2304,574,111,54,208.38,131,463,3.8588888888888886,2.0,,,,,,,,False,최저
2305,704,126,91,5057.99,1,578,55.58230769230769,6.0,45-54,B,50-74K,Homeowner,Single Female,1,None/Unknown,True,최상
2306,341,123,4,32.53,364,218,8.1325,14.0,,,,,,,,False,최저
2307,700,122,127,4468.35,5,578,35.18385826771654,4.0,45-54,A,75-99K,Homeowner,2 Adults Kids,3,1,True,최상
2308,698,119,27,555.08,7,579,20.55851851851852,7.5,,,,,,,,False,최저
2309,636,293,10,249.04,69,343,24.904,14.0,,,,,,,,False,최저
2310,705,124,60,1333.72,0,581,22.228666666666665,7.0,,,,,,,,False,하
2311,694,112,42,1340.3,11,582,31.91190476190476,9.0,,,,,,,,False,하
2312,705,111,284,13957.63,0,594,49.14658450704225,2.0,45-54,A,250K+,Homeowner,2 Adults No Kids,2,None/Unknown,True,최상
2313,610,192,5,49.53,95,418,9.906,108.5,,,,,,,,False,최저
2314,695,120,78,4718.24,10,575,60.49025641025641,7.0,45-54,A,125-149K,Homeowner,2 Adults No Kids,2,None/Unknown,True,최상
2315,683,119,4,188.69,22,564,47.1725,6.0,,,,,,,,False,최저
2316,577,112,17,553.34,128,465,32.54941176470589,14.0,,,,,,,,False,최저
2317,705,111,105,11627.04,0,594,110.7337142857143,4.0,35-44,A,50-74K,Homeowner,2 Adults Kids,5+,3+,True,최상
2318,622,111,193,8887.08,83,511,46.04704663212435,2.0,19-24,U,Under 15K,Unknown,Single Female,1,None/Unknown,True,최상
2319,699,112,33,789.6,6,587,23.92727272727273,11.0,,,,,,,,False,하
2320,686,172,23,364.47,19,514,15.846521739130436,17.0,,,,,,,,False,최저
2321,692,472,13,226.6,13,220,17.43076923076923,6.5,,,,,,,,False,최저
2322,699,111,214,19642.75,6,588,91.78855140186916,2.0,45-54,U,175-199K,Homeowner,Single Male,1,None/Unknown,True,최상
2323,684,116,13,365.12,21,568,28.086153846153845,21.0,,,,,,,,False,최저
2324,703,111,115,2312.92,2,592,20.112347826086957,4.0,35-44,A,50-74K,Homeowner,2 Adults No Kids,2,None/Unknown,True,중
2325,697,671,3,106.36,8,26,35.45333333333333,,,,,,,,,False,최저
2326,692,158,38,1261.54,13,534,33.19842105263158,11.0,,,,,,,,False,하
2327,566,132,21,1051.13,139,434,50.05380952380953,16.5,,,,,,,,False,하
2328,702,114,133,11417.27,3,588,85.84413533834586,3.0,45-54,U,250K+,Homeowner,2 Adults No Kids,2,None/Unknown,True,최상
2329,581,117,77,2274.44,124,464,29.53818181818182,4.0,,,,,,,,False,중
2330,700,140,43,4133.95,5,560,96.13837209302325,9.0,45-54,U,50-74K,Homeowner,Unknown,1,None/Unknown,True,상
2331,697,113,60,4195.0,8,584,69.91666666666667,8.0,35-44,A,35-49K,Homeowner,2 Adults Kids,5+,3+,True,상
2332,650,275,11,219.15,55,375,19.922727272727272,16.0,,,,,,,,False,최저
2333,704,170,15,218.42,1,534,14.561333333333332,7.0,,,,,,,,False,최저
2334,704,111,259,10976.55,1,593,42.38050193050193,2.0,35-44,U,50-74K,Homeowner,Unknown,1,None/Unknown,True,최상
2335,705,227,42,1939.16,0,478,46.170476190476194,6.0,,,,,,,,False,중
2336,699,113,64,2181.18,6,586,34.0809375,7.0,,,,,,,,False,중
2337,705,114,442,11566.52,0,591,26.168597285067875,1.0,65+,U,Under 15K,Homeowner,1 Adult Kids,3,2,True,최상
2338,705,118,57,1860.02,0,587,32.631929824561404,7.0,,,,,,,,False,중
2339,686,170,6,142.4,19,516,23.733333333333334,18.0,,,,,,,,False,최저
2340,705,131,102,2422.73,0,574,23.752254901960786,4.0,,,,,,,,False,상
2341,697,111,199,4725.92,8,586,23.748341708542714,2.0,45-54,U,50-74K,Homeowner,Unknown,1,None/Unknown,True,최상
2342,703,116,114,3426.93,2,587,30.06078947368421,4.0,55-64,U,100-124K,Homeowner,Unknown,1,None/Unknown,True,상
2343,698,117,166,3745.41,7,581,22.562710843373495,3.0,19-24,U,50-74K,Unknown,Single Male,1,None/Unknown,True,상
2344,669,118,48,2280.88,36,551,47.51833333333334,9.0,,,,,,,,False,중
2345,698,114,81,3586.09,7,584,44.272716049382716,4.5,,,,,,,,False,상
2346,658,192,23,1026.52,47,466,44.63130434782609,15.5,,,,,,,,False,하
2347,697,118,61,2627.9900000000002,8,579,43.081803278688525,6.5,45-54,U,35-49K,Unknown,2 Adults No Kids,2,None/Unknown,True,상
2348,657,120,24,249.58,48,537,10.399166666666668,2.0,,,,,,,,False,최저
2349,704,116,55,1755.54,1,588,31.91890909090909,7.0,,,,,,,,False,중
2350,704,157,35,1586.81,1,547,45.33742857142857,9.5,,,,,,,,False,중
2351,705,116,217,13635.72,0,589,62.83741935483871,3.0,45-54,A,75-99K,Homeowner,2 Adults No Kids,2,None/Unknown,True,최상
2352,679,305,38,898.4,26,374,23.642105263157895,9.0,,,,,,,,False,하
2353,688,125,12,351.61,17,563,29.300833333333333,35.0,,,,,,,,False,최저
2354,704,111,63,3866.35,1,593,61.37063492063492,7.0,,,,,,,,False,상
2355,654,128,15,107.31,51,526,7.154,36.0,,,,,,,,False,최저
2356,617,111,65,1226.6100000000001,88,506,18.870923076923077,5.0,,,,,,,,False,하
2357,662,121,19,159.21,43,541,8.379473684210527,21.0,,,,,,,,False,최저
2358,659,111,66,2176.02,46,548,32.97,7.0,,,,,,,,False,중
2359,697,116,124,2307.2599999999998,8,581,18.606935483870966,3.0,45-54,A,25-34K,Homeowner,2 Adults No Kids,2,None/Unknown,True,중
2360,705,116,217,6577.54,0,589,30.311244239631336,2.0,25-34,B,50-74K,Homeowner,Unknown,1,None/Unknown,True,최상
2361,697,116,87,4528.71,8,581,52.05413793103448,5.0,25-34,U,35-49K,Unknown,2 Adults No Kids,2,None/Unknown,True,최상
2362,662,143,27,315.94,43,519,11.701481481481482,11.5,,,,,,,,False,최저
2363,679,122,37,803.25,26,557,21.70945945945946,9.0,,,,,,,,False,하
2364,702,112,107,7142.57,3,590,66.7529906542056,5.0,45-54,A,25-34K,Renter,2 Adults No Kids,2,None/Unknown,True,최상
2365,225,113,6,270.12,480,112,45.02,18.0,,,,,,,,False,최저
2366,705,115,121,4399.39,0,590,36.35859504132232,4.0,,,,,,,,False,최상
2367,641,132,106,4235.6900000000005,64,509,39.959339622641515,3.0,45-54,U,Under 15K,Unknown,2 Adults No Kids,2,None/Unknown,True,상
2368,673,173,24,1333.34,32,500,55.55583333333333,17.0,,,,,,,,False,하
2369,690,126,47,1981.4,15,564,42.15744680851064,8.0,,,,,,,,False,중
2370,704,114,125,4255.06,1,590,34.04048,4.0,25-34,A,Under 15K,Homeowner,2 Adults No Kids,2,None/Unknown,True,상
2371,692,115,71,1774.73,13,577,24.99619718309859,5.0,,,,,,,,False,중
2372,705,113,61,2930.34,0,592,48.038360655737705,8.0,,,,,,,,False,상
2373,697,116,89,2182.6,8,581,24.523595505617976,3.5,,,,,,,,False,중
2374,683,111,68,5678.900000000001,22,572,83.51323529411765,7.0,45-54,U,150-174K,Homeowner,2 Adults No Kids,2,None/Unknown,True,최상
2375,705,241,92,2647.84,0,464,28.780869565217394,3.0,,,,,,,,False,상
2376,702,114,114,3050.72,3,588,26.760701754385963,4.0,45-54,U,35-49K,Unknown,Single Female,1,None/Unknown,True,상
2377,704,117,54,807.11,1,587,14.946481481481483,9.0,,,,,,,,False,하
2378,705,112,137,7782.08,0,593,56.80350364963503,3.0,25-34,A,50-74K,Unknown,2 Adults Kids,5+,3+,True,최상
2379,693,132,47,1144.55,12,561,24.352127659574467,8.0,,,,,,,,False,하
2380,705,131,120,3553.51,0,574,29.612583333333337,4.0,45-54,U,50-74K,Homeowner,Unknown,1,None/Unknown,True,상
2381,698,114,81,1955.92,7,584,24.147160493827162,6.5,,,,,,,,False,중
2382,602,115,32,702.63,103,487,21.9571875,11.0,,,,,,,,False,하
2383,649,181,10,406.22,56,468,40.622,33.0,,,,,,,,False,최저
2384,443,119,9,408.45,262,324,45.38333333333333,35.5,,,,,,,,False,최저
2385,698,144,171,4920.84,7,554,28.77684210526316,1.0,,,,,,,,False,최상
2386,704,117,44,995.28,1,587,22.62,10.0,,,,,,,,False,하
2387,700,164,15,586.1700000000001,5,536,39.078,28.0,,,,,,,,False,최저
2388,695,114,44,1658.85,10,581,37.70113636363636,10.0,,,,,,,,False,중
2389,688,151,41,1329.66,17,537,32.43073170731707,9.5,,,,,,,,False,하
2390,624,120,40,842.97,81,504,21.07425,8.0,25-34,A,50-74K,Unknown,Single Female,2,None/Unknown,True,하
2391,607,118,35,405.86,98,489,11.596,10.0,,,,,,,,False,최저
2392,705,220,22,1120.65,0,485,50.93863636363637,14.0,,,,,,,,False,하
2393,702,122,56,3853.3,3,580,68.80892857142858,9.0,35-44,U,75-99K,Homeowner,Single Male,1,None/Unknown,True,상
2394,702,112,45,592.8000000000001,3,590,13.173333333333336,9.5,,,,,,,,False,최저
2395,695,111,168,4874.51,10,584,29.01494047619048,3.0,,,,,,,,False,최상
2396,642,115,14,507.46000000000004,63,527,36.24714285714286,21.0,,,,,,,,False,최저
2397,704,494,30,1065.77,1,210,35.525666666666666,4.0,65+,B,125-149K,Unknown,2 Adults No Kids,2,None/Unknown,True,하
2398,645,114,64,1911.3899999999999,60,531,29.865468749999998,5.0,,,,,,,,False,중
2399,683,351,5,77.08,22,332,15.416,56.5,,,,,,,,False,최저
2400,705,118,132,10845.19,0,587,82.16053030303031,3.0,35-44,A,25-34K,Homeowner,2 Adults Kids,3,1,True,최상
2401,701,121,56,659.34,4,580,11.773928571428572,8.0,,,,,,,,False,하
2402,660,190,29,999.22,45,470,34.455862068965516,10.5,,,,,,,,False,하
2403,602,112,10,118.69,103,490,11.869,17.0,,,,,,,,False,최저
2404,692,147,13,429.07,13,545,33.005384615384614,15.5,,,,,,,,False,최저
2405,705,127,89,2400.84,0,578,26.97573033707865,5.0,25-34,U,15-24K,Unknown,Single Female,1,None/Unknown,True,중
2406,695,129,106,4016.29,10,566,37.88952830188679,5.0,25-34,A,125-149K,Homeowner,2 Adults Kids,3,1,True,상
2407,704,117,123,4911.69,1,587,39.93243902439024,4.0,45-54,A,100-124K,Homeowner,2 Adults No Kids,2,None/Unknown,True,최상
2408,692,111,25,2108.17,13,581,84.3268,10.0,,,,,,,,False,중
2409,704,186,5,483.66999999999996,1,518,96.734,129.0,,,,,,,,False,최저
2410,693,133,53,2326.42,12,560,43.89471698113208,8.5,,,,,,,,False,중
2411,703,122,69,1983.29,2,581,28.743333333333332,4.0,65+,A,Under 15K,Homeowner,2 Adults No Kids,2,None/Unknown,True,중
2412,702,149,220,12617.04,3,553,57.350181818181824,2.0,,,,,,,,False,최상
2413,618,113,14,219.13,87,505,15.652142857142858,22.0,,,,,,,,False,최저
2414,600,262,5,175.5,105,338,35.1,80.0,,,,,,,,False,최저
2415,700,112,97,1484.28,5,588,15.301855670103093,3.0,,,,,,,,False,중
2416,703,130,97,3949.81,2,573,40.719690721649485,5.0,,,,,,,,False,상
2417,424,194,6,113.27000000000001,281,230,18.878333333333334,30.0,,,,,,,,False,최저
2418,703,148,103,1514.56,2,555,14.704466019417476,4.0,,,,,,,,False,중
2419,692,116,55,1006.08,13,576,18.292363636363635,7.0,,,,,,,,False,하
2420,666,114,64,3730.68,39,552,58.291875,7.0,45-54,U,15-24K,Unknown,2 Adults Kids,3,1,True,상
2421,705,114,70,7623.04,0,591,108.90057142857142,7.0,45-54,A,150-174K,Homeowner,2 Adults Kids,5+,3+,True,최상
2422,441,441,1,93.89,264,0,93.89,,,,,,,,,False,최저
2423,686,121,34,2436.75,19,565,71.66911764705883,15.0,,,,,,,,False,상
2424,705,111,93,3721.32,0,594,40.0141935483871,5.5,,,,,,,,False,상
2425,705,117,75,3270.59,0,588,43.607866666666666,5.0,,,,,,,,False,상
2426,703,115,95,1968.51,2,588,20.72115789473684,6.0,19-24,U,Under 15K,Probable Renter,Single Female,1,None/Unknown,True,중
2427,704,112,205,6092.57,1,592,29.719853658536582,2.0,35-44,A,50-74K,Homeowner,2 Adults Kids,3,1,True,최상
2428,702,320,9,77.27,3,382,8.585555555555555,52.0,,,,,,,,False,최저
2429,703,126,50,1708.58,2,577,34.1716,7.0,,,,,,,,False,중
2430,642,116,45,1537.89,63,526,34.175333333333334,8.5,,,,,,,,False,중
2431,699,114,35,783.53,6,585,22.38657142857143,11.0,,,,,,,,False,하
2432,697,115,177,4644.2,8,582,26.238418079096043,2.0,19-24,U,35-49K,Unknown,Single Female,1,None/Unknown,True,최상
2433,618,118,29,609.75,87,500,21.025862068965516,10.5,,,,,,,,False,최저
2434,672,185,19,705.77,33,487,37.14578947368421,24.5,,,,,,,,False,하
2435,703,214,32,2764.65,2,489,86.3953125,11.0,45-54,U,50-74K,Homeowner,1 Adult Kids,5+,3+,True,상
2436,596,114,12,922.67,109,482,76.88916666666667,34.0,,,,,,,,False,하
2437,699,113,65,4693.1,6,586,72.20153846153846,7.0,35-44,A,125-149K,Homeowner,2 Adults Kids,5+,3+,True,최상
2438,704,115,146,2477.95,1,589,16.9722602739726,2.0,,,,,,,,False,상
2439,698,116,62,525.97,7,582,8.483387096774194,6.0,,,,,,,,False,최저
2440,697,113,99,2170.63,8,584,21.925555555555558,4.0,,,,,,,,False,중
2441,702,122,84,1071.52,3,580,12.756190476190476,6.0,,,,,,,,False,하
2442,691,128,32,562.5,14,563,17.578125,9.0,,,,,,,,False,최저
2443,453,114,98,2607.52,252,339,26.60734693877551,3.0,,,,,,,,False,상
2444,696,696,1,33.11,9,0,33.11,,,,,,,,,False,최저
2445,692,114,119,5118.86,13,578,43.015630252100834,4.0,45-54,U,35-49K,Unknown,Unknown,1,None/Unknown,True,최상
2446,700,113,115,4060.16,5,587,35.30573913043478,5.0,35-44,U,125-149K,Homeowner,2 Adults No Kids,2,None/Unknown,True,상
2447,689,113,109,6849.45,16,576,62.83899082568807,3.0,35-44,A,25-34K,Homeowner,2 Adults No Kids,2,None/Unknown,True,최상
2448,705,111,146,7428.64,0,594,50.88109589041096,4.0,45-54,A,50-74K,Homeowner,2 Adults No Kids,2,None/Unknown,True,최상
2449,703,118,208,9041.58,2,585,43.46913461538462,2.0,35-44,A,175-199K,Homeowner,2 Adults Kids,5+,3+,True,최상
2450,698,131,63,2436.6,7,567,38.67619047619048,6.0,,,,,,,,False,상
2451,704,111,150,6456.13,1,593,43.040866666666666,3.0,,,,,,,,False,최상
2452,705,120,91,2722.45,0,585,29.917032967032966,5.0,,,,,,,,False,상
2453,705,127,100,4378.01,0,578,43.780100000000004,5.0,45-54,B,50-74K,Homeowner,Single Female,1,None/Unknown,True,최상
2454,704,124,27,380.53,1,580,14.093703703703703,14.0,,,,,,,,False,최저
2455,697,113,96,4934.4,8,584,51.4,5.0,45-54,B,25-34K,Homeowner,2 Adults No Kids,2,None/Unknown,True,최상
2456,702,131,61,1136.38,3,571,18.629180327868855,6.0,,,,,,,,False,하
2457,679,111,67,1286.26,26,568,19.197910447761195,6.0,,,,,,,,False,하
2458,698,133,41,993.4100000000001,7,565,24.229512195121952,7.0,,,,,,,,False,하
2459,704,111,389,16094.960000000001,1,593,41.375218508997435,1.0,,,,,,,,False,최상
2460,705,261,27,850.09,0,444,31.484814814814815,11.5,,,,,,,,False,하
2461,698,125,15,790.04,7,573,52.669333333333334,18.5,,,,,,,,False,하
2462,705,114,154,10202.98,0,591,66.25311688311687,4.0,,,,,,,,False,최상
2463,495,131,8,100.37,210,364,12.54625,38.0,,,,,,,,False,최저
2464,695,114,44,1085.58,10,581,24.672272727272727,11.0,,,,,,,,False,하
2465,686,111,113,1584.25,19,575,14.019911504424778,4.0,65+,A,15-24K,Homeowner,Single Female,2,None/Unknown,True,중
2466,705,113,90,2551.34,0,592,28.348222222222223,4.0,,,,,,,,False,상
2467,705,112,288,12067.37,0,593,41.90059027777778,2.0,35-44,A,75-99K,Homeowner,2 Adults Kids,3,1,True,최상
2468,662,137,75,2476.68,43,525,33.0224,4.0,,,,,,,,False,상
2469,693,116,24,404.54,12,577,16.855833333333333,15.0,,,,,,,,False,최저
2470,689,117,77,729.37,16,572,9.472337662337662,7.0,,,,,,,,False,하
2471,693,173,33,852.42,12,520,25.83090909090909,10.0,,,,,,,,False,하
2472,694,158,33,1176.11,11,536,35.63969696969696,10.5,,,,,,,,False,하
2473,603,187,4,153.64,102,416,38.41,153.0,,,,,,,,False,최저
2474,690,118,47,505.41,15,572,10.753404255319149,8.0,,,,,,,,False,최저
2475,685,113,115,4936.33,20,572,42.924608695652175,4.0,,,,,,,,False,최상
2476,481,113,8,217.8,224,368,27.225,37.0,,,,,,,,False,최저
2477,690,113,22,1415.3600000000001,15,577,64.33454545454546,15.0,,,,,,,,False,중
2478,700,114,111,2728.75,5,586,24.583333333333332,4.0,,,,,,,,False,상
2479,704,111,108,13267.61,1,593,122.84824074074075,6.0,25-34,U,150-174K,Homeowner,2 Adults No Kids,2,None/Unknown,True,최상
2480,687,192,24,1382.68,18,495,57.61166666666667,9.0,,,,,,,,False,하
2481,704,116,109,4257.25,1,588,39.05733944954128,4.0,,,,,,,,False,상
2482,682,112,40,1757.64,23,570,43.941,7.0,,,,,,,,False,중
2483,705,334,76,1649.26,0,371,21.70078947368421,6.0,45-54,B,75-99K,Homeowner,Single Male,1,None/Unknown,True,중
2484,703,112,103,6692.63,2,591,64.97699029126214,5.0,,,,,,,,False,최상
2485,702,137,68,1330.45,3,565,19.56544117647059,6.0,,,,,,,,False,하
2486,703,179,62,2880.5,2,524,46.45967741935484,6.0,35-44,B,25-34K,Unknown,Single Male,1,None/Unknown,True,상
2487,686,242,18,448.36,19,444,24.90888888888889,22.0,,,,,,,,False,최저
2488,704,115,89,5205.37,1,589,58.48730337078651,5.0,45-54,B,35-49K,Homeowner,Single Female,1,None/Unknown,True,최상
2489,702,111,109,8697.58,3,591,79.7943119266055,4.0,35-44,A,50-74K,Homeowner,2 Adults No Kids,2,None/Unknown,True,최상
2490,696,111,27,641.87,9,585,23.772962962962964,19.5,,,,,,,,False,하
2491,570,134,48,891.34,135,436,18.569583333333334,3.0,,,,,,,,False,하
2492,705,112,64,2276.39,0,593,35.56859375,6.0,,,,,,,,False,중
2493,543,111,74,2035.83,162,432,27.511216216216216,3.0,,,,,,,,False,중
2494,702,114,29,2007.99,3,588,69.24103448275862,13.0,35-44,U,50-74K,Homeowner,2 Adults No Kids,2,None/Unknown,True,중
2495,644,132,15,185.81,61,512,12.387333333333334,6.0,,,,,,,,False,최저
2496,683,117,44,3951.58,22,566,89.80863636363637,12.0,45-54,A,75-99K,Homeowner,Unknown,3,1,True,상
2497,700,112,175,6705.5,5,588,38.317142857142855,3.0,45-54,U,35-49K,Unknown,Single Male,1,None/Unknown,True,최상
2498,704,111,143,2462.25,1,593,17.21853146853147,2.0,25-34,U,50-74K,Homeowner,2 Adults No Kids,2,None/Unknown,True,상
2499,704,116,67,2753.37,1,588,41.09507462686567,6.5,25-34,U,Under 15K,Unknown,2 Adults Kids,3,1,True,상
2500,704,111,86,4654.54,1,593,54.12255813953488,6.0,,,,,,,,False,최상
