household_key,comparison,preferred_products,total_preference_weight,profiled_products,profiled_weight,multistore_profiled_products,multistore_profiled_weight,sales_positive_weight,penetration_positive_weight,any_positive_weight,joint_positive_weight,home_store_profiled_products,home_store_profiled_weight,home_store_sales_positive_weight,home_store_penetration_positive_weight,weighted_median_spv_difference,weighted_median_bpr_difference
1,both_vs_additive,20,0.9999999999999997,2,0.07407407407407407,0,0.0,0.0,0.0,0.0,0.0,0,0.0,0.0,0.0,,
1,both_vs_none,20,0.9999999999999997,3,0.16049382716049382,0,0.0,0.0,0.0,0.0,0.0,0,0.0,0.0,0.0,,
1,display_only_vs_none,20,0.9999999999999997,3,0.16049382716049382,0,0.0,0.0,0.0,0.0,0.0,0,0.0,0.0,0.0,,
1,mailer_only_vs_none,20,0.9999999999999997,2,0.07407407407407407,0,0.0,0.0,0.0,0.0,0.0,0,0.0,0.0,0.0,,
2,both_vs_additive,11,0.9999999999999998,1,0.12,0,0.0,0.0,0.0,0.0,0.0,0,0.0,0.0,0.0,,
2,both_vs_none,11,0.9999999999999998,1,0.12,0,0.0,0.0,0.0,0.0,0.0,0,0.0,0.0,0.0,,
2,display_only_vs_none,11,0.9999999999999998,2,0.2,0,0.0,0.0,0.0,0.0,0.0,0,0.0,0.0,0.0,,
2,mailer_only_vs_none,11,0.9999999999999998,2,0.2,0,0.0,0.0,0.0,0.0,0.0,0,0.0,0.0,0.0,,
6,both_vs_additive,20,0.9999999999999996,3,0.10606060606060606,1,0.030303030303030304,0.030303030303030304,0.030303030303030304,0.030303030303030304,0.030303030303030304,0,0.0,0.0,0.0,0.16836150148988288,0.04128756979795421
6,both_vs_none,20,0.9999999999999996,4,0.13636363636363635,1,0.030303030303030304,0.0,0.0,0.0,0.0,0,0.0,0.0,0.0,-0.07045406843319933,-0.0015695903236861222
6,display_only_vs_none,20,0.9999999999999996,4,0.13636363636363635,1,0.030303030303030304,0.0,0.0,0.0,0.0,0,0.0,0.0,0.0,-0.10056833513172979,-0.016514079457296535
6,mailer_only_vs_none,20,0.9999999999999996,3,0.10606060606060606,1,0.030303030303030304,0.0,0.0,0.0,0.0,0,0.0,0.0,0.0,-0.13824723479135242,-0.026096656611362498
8,both_vs_additive,20,0.9999999999999997,4,0.2391304347826087,2,0.10869565217391304,0.10869565217391304,0.10869565217391304,0.10869565217391304,0.10869565217391304,0,0.0,0.0,0.0,0.026550979872273405,0.020291161389009472
8,both_vs_none,20,0.9999999999999997,5,0.30434782608695654,4,0.21739130434782608,0.08695652173913043,0.08695652173913043,0.08695652173913043,0.08695652173913043,0,0.0,0.0,0.0,1.688139538178692e-05,0.0042034334873556406
8,display_only_vs_none,20,0.9999999999999997,6,0.3478260869565218,4,0.2173913043478261,0.043478260869565216,0.043478260869565216,0.043478260869565216,0.043478260869565216,1,0.06521739130434782,0.06521739130434782,0.06521739130434782,0.005573191668725727,6.522157822692395e-05
8,mailer_only_vs_none,20,0.9999999999999997,6,0.34782608695652173,2,0.10869565217391304,0.0,0.0,0.0,0.0,0,0.0,0.0,0.0,-0.013385750669084004,-0.00650241733575067
13,both_vs_additive,20,1.0,4,0.3968253968253968,1,0.047619047619047616,0.047619047619047616,0.0,0.047619047619047616,0.0,0,0.0,0.0,0.0,0.011671364168835293,0.017323537206823055
13,both_vs_none,20,1.0,4,0.3968253968253968,1,0.047619047619047616,0.0,0.0,0.0,0.0,0,0.0,0.0,0.0,0.005561485543565982,0.003282490860840013
13,display_only_vs_none,20,1.0,5,0.42857142857142855,2,0.07936507936507936,0.0,0.0,0.0,0.0,0,0.0,0.0,0.0,-0.0022939288546819517,-0.004835192900700517
13,mailer_only_vs_none,20,1.0,5,0.42857142857142855,2,0.07936507936507936,0.031746031746031744,0.031746031746031744,0.031746031746031744,0.031746031746031744,0,0.0,0.0,0.0,0.0020260519132328197,-0.0013037206211750274
14,both_vs_additive,18,0.9999999999999996,5,0.29545454545454547,1,0.045454545454545456,0.045454545454545456,0.045454545454545456,0.045454545454545456,0.045454545454545456,0,0.0,0.0,0.0,0.04912943453693389,0.03471983002641545
14,both_vs_none,18,0.9999999999999996,5,0.29545454545454547,1,0.045454545454545456,0.045454545454545456,0.045454545454545456,0.045454545454545456,0.045454545454545456,0,0.0,0.0,0.0,0.021788048552754433,0.017740429505135387
14,display_only_vs_none,18,0.9999999999999996,6,0.34090909090909094,1,0.045454545454545456,0.0,0.0,0.0,0.0,0,0.0,0.0,0.0,-0.019918224131757967,-0.009509488005728607
14,mailer_only_vs_none,18,0.9999999999999996,5,0.29545454545454547,1,0.045454545454545456,0.0,0.0,0.0,0.0,0,0.0,0.0,0.0,-0.0054304648905958266,-0.0009339765037198258
17,both_vs_additive,20,1.0,1,0.030612244897959183,0,0.0,0.0,0.0,0.0,0.0,0,0.0,0.0,0.0,,
17,both_vs_none,20,1.0,1,0.030612244897959183,0,0.0,0.0,0.0,0.0,0.0,0,0.0,0.0,0.0,,
17,display_only_vs_none,20,1.0000000000000002,3,0.12244897959183673,0,0.0,0.0,0.0,0.0,0.0,0,0.0,0.0,0.0,,
17,mailer_only_vs_none,20,1.0,2,0.061224489795918366,0,0.0,0.0,0.0,0.0,0.0,0,0.0,0.0,0.0,,
18,both_vs_additive,20,1.0000000000000002,3,0.1923076923076923,2,0.14102564102564102,0.14102564102564102,0.0641025641025641,0.14102564102564102,0.0641025641025641,0,0.0,0.0,0.0,0.008435258593291263,0.01217021737335353
18,both_vs_none,20,1.0000000000000002,3,0.1923076923076923,2,0.14102564102564102,0.0641025641025641,0.0641025641025641,0.0641025641025641,0.0641025641025641,0,0.0,0.0,0.0,0.004717039252719492,0.0056101592625208314
18,display_only_vs_none,20,1.0000000000000002,3,0.1923076923076923,2,0.14102564102564102,0.0,0.0,0.0,0.0,0,0.0,0.0,0.0,0.00034921256670975074,-0.004162529676627512
18,mailer_only_vs_none,20,1.0000000000000002,3,0.1923076923076923,2,0.14102564102564102,0.0,0.0,0.0,0.0,0,0.0,0.0,0.0,-0.0016168092830084599,-0.005454264833768839
19,both_vs_additive,20,0.9999999999999996,6,0.32978723404255317,2,0.09574468085106383,0.09574468085106383,0.0425531914893617,0.09574468085106383,0.0425531914893617,0,0.0,0.0,0.0,0.02740523384827337,0.010457671206067064
19,both_vs_none,20,0.9999999999999996,6,0.32978723404255317,3,0.14893617021276595,0.05319148936170213,0.05319148936170213,0.05319148936170213,0.05319148936170213,0,0.0,0.0,0.0,0.013739348196022618,0.00785715049331931
19,display_only_vs_none,20,0.9999999999999997,7,0.45744680851063835,4,0.276595744680851,0.18085106382978722,0.18085106382978722,0.18085106382978722,0.18085106382978722,0,0.0,0.0,0.0,0.008948134864869173,0.0015326614023261679
19,mailer_only_vs_none,20,0.9999999999999997,7,0.3723404255319149,2,0.09574468085106383,0.0,0.0,0.0,0.0,0,0.0,0.0,0.0,-0.003615275497515399,-0.002652000168161655
22,both_vs_additive,19,1.0,2,0.16666666666666666,2,0.16666666666666666,0.16666666666666666,0.16666666666666666,0.16666666666666666,0.16666666666666666,0,0.0,0.0,0.0,0.14739531187324242,0.03586099632626855
22,both_vs_none,19,1.0,2,0.16666666666666666,2,0.16666666666666666,0.022222222222222223,0.022222222222222223,0.022222222222222223,0.022222222222222223,0,0.0,0.0,0.0,-0.05826213267737946,0.00031517339495703634
22,display_only_vs_none,19,1.0,3,0.18888888888888888,2,0.16666666666666666,0.0,0.0,0.0,0.0,0,0.0,0.0,0.0,-0.08715922378083248,-0.014312202196323662
22,mailer_only_vs_none,19,1.0,4,0.27777777777777773,2,0.16666666666666666,0.0,0.0,0.0,0.0,0,0.0,0.0,0.0,-0.11914163544421856,-0.022458372237784005
24,both_vs_additive,20,0.9999999999999998,3,0.1917808219178082,0,0.0,0.0,0.0,0.0,0.0,0,0.0,0.0,0.0,,
24,both_vs_none,20,0.9999999999999997,4,0.2191780821917808,0,0.0,0.0,0.0,0.0,0.0,0,0.0,0.0,0.0,,
24,display_only_vs_none,20,0.9999999999999997,4,0.2191780821917808,0,0.0,0.0,0.0,0.0,0.0,0,0.0,0.0,0.0,,
24,mailer_only_vs_none,20,0.9999999999999997,4,0.2191780821917808,0,0.0,0.0,0.0,0.0,0.0,0,0.0,0.0,0.0,,
25,both_vs_additive,20,1.0,5,0.3194444444444444,2,0.08333333333333333,0.027777777777777776,0.0,0.027777777777777776,0.0,0,0.0,0.0,0.0,0.004476639930096068,0.007877200673879538
25,both_vs_none,20,1.0,5,0.3194444444444444,2,0.08333333333333333,0.0,0.0,0.0,0.0,0,0.0,0.0,0.0,0.001715229558718739,0.003476966003082388
25,display_only_vs_none,20,1.0,5,0.3194444444444444,2,0.08333333333333333,0.0,0.0,0.0,0.0,0,0.0,0.0,0.0,0.001155118917663494,-0.0015318171237657997
25,mailer_only_vs_none,20,1.0,5,0.3194444444444444,2,0.08333333333333333,0.0,0.0,0.0,0.0,0,0.0,0.0,0.0,-0.00023891511391123095,-0.004471411043796294
26,both_vs_additive,20,1.0000000000000004,2,0.0819672131147541,1,0.04918032786885246,0.04918032786885246,0.04918032786885246,0.04918032786885246,0.04918032786885246,0,0.0,0.0,0.0,0.030309441978264528,0.02224906074547422
26,both_vs_none,20,1.0000000000000004,2,0.0819672131147541,1,0.04918032786885246,0.0,0.0,0.0,0.0,0,0.0,0.0,0.0,-0.009896729395254995,-0.0022554718493841587
26,display_only_vs_none,20,1.0000000000000004,2,0.0819672131147541,1,0.04918032786885246,0.0,0.0,0.0,0.0,0,0.0,0.0,0.0,-0.02060975503111725,-0.01295828469122752
26,mailer_only_vs_none,20,1.0000000000000004,3,0.22950819672131148,1,0.04918032786885246,0.0,0.0,0.0,0.0,0,0.0,0.0,0.0,-0.02006837606837607,-0.009401709401709403
28,both_vs_additive,7,1.0,0,0.0,0,0.0,0.0,0.0,0.0,0.0,0,0.0,0.0,0.0,,
28,both_vs_none,7,1.0,0,0.0,0,0.0,0.0,0.0,0.0,0.0,0,0.0,0.0,0.0,,
28,display_only_vs_none,7,1.0,0,0.0,0,0.0,0.0,0.0,0.0,0.0,0,0.0,0.0,0.0,,
28,mailer_only_vs_none,7,1.0,0,0.0,0,0.0,0.0,0.0,0.0,0.0,0,0.0,0.0,0.0,,
29,both_vs_additive,20,1.0000000000000004,3,0.16326530612244897,1,0.061224489795918366,0.061224489795918366,0.0,0.061224489795918366,0.0,0,0.0,0.0,0.0,0.011671364168835293,0.017323537206823055
29,both_vs_none,20,1.0000000000000004,3,0.16326530612244897,1,0.061224489795918366,0.0,0.0,0.0,0.0,0,0.0,0.0,0.0,0.005561485543565982,0.003282490860840013
29,display_only_vs_none,20,1.0000000000000004,3,0.16326530612244897,1,0.061224489795918366,0.0,0.0,0.0,0.0,0,0.0,0.0,0.0,-0.0038232147578032526,-0.008058654834500863
29,mailer_only_vs_none,20,1.0000000000000004,3,0.16326530612244897,1,0.061224489795918366,0.0,0.0,0.0,0.0,0,0.0,0.0,0.0,-0.0029470563350881586,-0.005982391511482188
36,both_vs_additive,20,1.0,3,0.17142857142857143,1,0.07142857142857142,0.07142857142857142,0.0,0.07142857142857142,0.0,0,0.0,0.0,0.0,0.011671364168835293,0.017323537206823055
36,both_vs_none,20,1.0,3,0.17142857142857143,1,0.07142857142857142,0.0,0.0,0.0,0.0,0,0.0,0.0,0.0,0.005561485543565982,0.003282490860840013
36,display_only_vs_none,20,1.0,4,0.2,2,0.09999999999999999,0.02857142857142857,0.02857142857142857,0.02857142857142857,0.02857142857142857,0,0.0,0.0,0.0,0.002219606736392266,-0.004474582293864837
36,mailer_only_vs_none,20,1.0,4,0.2,1,0.07142857142857142,0.0,0.0,0.0,0.0,0,0.0,0.0,0.0,-0.0029470563350881586,-0.005982391511482188
39,both_vs_additive,20,0.9999999999999996,4,0.1935483870967742,1,0.03225806451612903,0.03225806451612903,0.0,0.03225806451612903,0.0,0,0.0,0.0,0.0,0.011671364168835293,0.017323537206823055
39,both_vs_none,20,0.9999999999999997,6,0.29032258064516125,1,0.03225806451612903,0.0,0.0,0.0,0.0,0,0.0,0.0,0.0,0.005561485543565982,0.003282490860840013
39,display_only_vs_none,20,0.9999999999999996,4,0.1935483870967742,1,0.03225806451612903,0.0,0.0,0.0,0.0,0,0.0,0.0,0.0,-0.0038232147578032526,-0.008058654834500863
39,mailer_only_vs_none,20,0.9999999999999997,6,0.29032258064516125,1,0.03225806451612903,0.0,0.0,0.0,0.0,0,0.0,0.0,0.0,-0.0029470563350881586,-0.005982391511482188
40,both_vs_additive,20,1.0,0,0.0,0,0.0,0.0,0.0,0.0,0.0,0,0.0,0.0,0.0,,
40,both_vs_none,20,1.0,1,0.14864864864864866,0,0.0,0.0,0.0,0.0,0.0,0,0.0,0.0,0.0,,
40,display_only_vs_none,20,1.0,1,0.02702702702702703,1,0.02702702702702703,0.0,0.0,0.0,0.0,0,0.0,0.0,0.0,-0.0025159265237910122,-0.0015654498929115487
40,mailer_only_vs_none,20,0.9999999999999998,2,0.1891891891891892,1,0.04054054054054054,0.04054054054054054,0.04054054054054054,0.04054054054054054,0.04054054054054054,0,0.0,0.0,0.0,0.01003608869183632,0.020952216853171706
42,both_vs_additive,15,0.9999999999999998,1,0.125,0,0.0,0.0,0.0,0.0,0.0,0,0.0,0.0,0.0,,
42,both_vs_none,15,0.9999999999999998,1,0.125,0,0.0,0.0,0.0,0.0,0.0,0,0.0,0.0,0.0,,
42,display_only_vs_none,15,0.9999999999999998,1,0.125,0,0.0,0.0,0.0,0.0,0.0,0,0.0,0.0,0.0,,
42,mailer_only_vs_none,15,0.9999999999999998,1,0.125,0,0.0,0.0,0.0,0.0,0.0,0,0.0,0.0,0.0,,
47,both_vs_additive,13,1.0,1,0.07407407407407407,1,0.07407407407407407,0.07407407407407407,0.0,0.07407407407407407,0.0,0,0.0,0.0,0.0,0.011671364168835293,0.017323537206823055
47,both_vs_none,13,1.0,1,0.07407407407407407,1,0.07407407407407407,0.0,0.0,0.0,0.0,0,0.0,0.0,0.0,0.005561485543565982,0.003282490860840013
47,display_only_vs_none,13,1.0,2,0.14814814814814814,2,0.14814814814814814,0.0,0.0,0.0,0.0,0,0.0,0.0,0.0,-0.0327013617421854,-0.011953266223542178
47,mailer_only_vs_none,13,1.0,1,0.07407407407407407,1,0.07407407407407407,0.0,0.0,0.0,0.0,0,0.0,0.0,0.0,-0.0029470563350881586,-0.005982391511482188
49,both_vs_additive,9,0.9999999999999999,1,0.09523809523809523,0,0.0,0.0,0.0,0.0,0.0,0,0.0,0.0,0.0,,
49,both_vs_none,9,0.9999999999999999,1,0.09523809523809523,0,0.0,0.0,0.0,0.0,0.0,0,0.0,0.0,0.0,,
49,display_only_vs_none,9,0.9999999999999999,1,0.09523809523809523,0,0.0,0.0,0.0,0.0,0.0,0,0.0,0.0,0.0,,
49,mailer_only_vs_none,9,0.9999999999999999,1,0.09523809523809523,0,0.0,0.0,0.0,0.0,0.0,0,0.0,0.0,0.0,,
51,both_vs_additive,15,1.0,3,0.1891891891891892,1,0.05405405405405406,0.05405405405405406,0.05405405405405406,0.05405405405405406,0.05405405405405406,0,0.0,0.0,0.0,0.1439351481851482,0.08693806193806193
51,both_vs_none,15,1.0,3,0.1891891891891892,1,0.05405405405405406,0.05405405405405406,0.05405405405405406,0.05405405405405406,0.05405405405405406,0,0.0,0.0,0.0,0.041376546159154856,0.02234070277548538
51,display_only_vs_none,15,1.0,4,0.24324324324324326,1,0.05405405405405406,0.0,0.0,0.0,0.0,0,0.0,0.0,0.0,-0.007484684382074921,-0.01689899080041509
51,mailer_only_vs_none,15,1.0,4,0.24324324324324326,1,0.05405405405405406,0.0,0.0,0.0,0.0,0,0.0,0.0,0.0,0.0,0.0
52,both_vs_additive,13,1.0,2,0.15625,0,0.0,0.0,0.0,0.0,0.0,0,0.0,0.0,0.0,,
52,both_vs_none,13,1.0,3,0.21875,0,0.0,0.0,0.0,0.0,0.0,0,0.0,0.0,0.0,,
52,display_only_vs_none,13,1.0,4,0.28125,1,0.09375,0.0,0.0,0.0,0.0,0,0.0,0.0,0.0,-0.004785714285714286,-0.0017857142857142857
52,mailer_only_vs_none,13,1.0,2,0.15625,1,0.09375,0.09375,0.09375,0.09375,0.09375,0,0.0,0.0,0.0,0.02574652238445342,0.009881587681361437
56,both_vs_additive,10,0.9999999999999998,1,0.11538461538461539,0,0.0,0.0,0.0,0.0,0.0,0,0.0,0.0,0.0,,
56,both_vs_none,10,0.9999999999999998,1,0.11538461538461539,0,0.0,0.0,0.0,0.0,0.0,0,0.0,0.0,0.0,,
56,display_only_vs_none,10,0.9999999999999998,2,0.19230769230769232,0,0.0,0.0,0.0,0.0,0.0,0,0.0,0.0,0.0,,
56,mailer_only_vs_none,10,0.9999999999999998,2,0.19230769230769232,0,0.0,0.0,0.0,0.0,0.0,0,0.0,0.0,0.0,,
57,both_vs_additive,12,0.9999999999999998,2,0.12121212121212122,1,0.06060606060606061,0.06060606060606061,0.0,0.06060606060606061,0.0,0,0.0,0.0,0.0,0.011671364168835293,0.017323537206823055
57,both_vs_none,12,0.9999999999999998,2,0.12121212121212122,1,0.06060606060606061,0.0,0.0,0.0,0.0,0,0.0,0.0,0.0,0.005561485543565982,0.003282490860840013
57,display_only_vs_none,12,0.9999999999999998,2,0.12121212121212122,1,0.06060606060606061,0.0,0.0,0.0,0.0,0,0.0,0.0,0.0,-0.0038232147578032526,-0.008058654834500863
57,mailer_only_vs_none,12,0.9999999999999998,2,0.12121212121212122,1,0.06060606060606061,0.0,0.0,0.0,0.0,0,0.0,0.0,0.0,-0.0029470563350881586,-0.005982391511482188
58,both_vs_additive,20,1.0000000000000002,3,0.2077922077922078,0,0.0,0.0,0.0,0.0,0.0,0,0.0,0.0,0.0,,
58,both_vs_none,20,1.0000000000000002,3,0.2077922077922078,1,0.03896103896103896,0.03896103896103896,0.03896103896103896,0.03896103896103896,0.03896103896103896,0,0.0,0.0,0.0,0.009946581196581199,0.004896723646723647
58,display_only_vs_none,20,1.0000000000000002,3,0.2077922077922078,1,0.03896103896103896,0.03896103896103896,0.03896103896103896,0.03896103896103896,0.03896103896103896,0,0.0,0.0,0.0,0.018516409164775406,0.007250766294843045
58,mailer_only_vs_none,20,1.0000000000000002,3,0.2077922077922078,1,0.03896103896103896,0.03896103896103896,0.0,0.03896103896103896,0.0,0,0.0,0.0,0.0,0.06360998023767421,0.008201694139194141
67,both_vs_additive,20,0.9999999999999996,6,0.30107526881720426,3,0.11827956989247312,0.03225806451612903,0.0,0.03225806451612903,0.0,0,0.0,0.0,0.0,-0.01200067758396824,-0.00412258787025966
67,both_vs_none,20,0.9999999999999996,6,0.30107526881720426,3,0.11827956989247312,0.043010752688172046,0.043010752688172046,0.043010752688172046,0.043010752688172046,0,0.0,0.0,0.0,0.010474079994721875,0.00402513040900703
67,display_only_vs_none,20,0.9999999999999998,8,0.3870967741935484,4,0.16129032258064516,0.08602150537634409,0.043010752688172046,0.08602150537634409,0.043010752688172046,0,0.0,0.0,0.0,0.002604057409178114,-0.003282486047206578
67,mailer_only_vs_none,20,0.9999999999999998,7,0.34408602150537637,3,0.11827956989247312,0.08602150537634409,0.08602150537634409,0.08602150537634409,0.08602150537634409,0,0.0,0.0,0.0,0.010351111864521808,0.008215545226549827
68,both_vs_additive,14,0.9999999999999999,4,0.2830188679245283,2,0.09433962264150944,0.0,0.0,0.0,0.0,0,0.0,0.0,0.0,-0.02235010059890667,-0.008584552649904646
68,both_vs_none,14,0.9999999999999999,4,0.2830188679245283,2,0.09433962264150944,0.09433962264150944,0.09433962264150944,0.09433962264150944,0.09433962264150944,0,0.0,0.0,0.0,0.019953670711743844,0.00845953671446335
68,display_only_vs_none,14,0.9999999999999999,5,0.33962264150943394,3,0.1509433962264151,0.05660377358490566,0.09433962264150944,0.09433962264150944,0.05660377358490566,0,0.0,0.0,0.0,-0.011914935066924143,-0.0016963339592983577
68,mailer_only_vs_none,14,0.9999999999999999,4,0.2830188679245283,2,0.09433962264150944,0.05660377358490566,0.05660377358490566,0.05660377358490566,0.05660377358490566,0,0.0,0.0,0.0,0.013811036658788979,0.014475390349581735
71,both_vs_additive,12,0.9999999999999996,2,0.12903225806451613,0,0.0,0.0,0.0,0.0,0.0,0,0.0,0.0,0.0,,
71,both_vs_none,12,0.9999999999999996,2,0.12903225806451613,0,0.0,0.0,0.0,0.0,0.0,0,0.0,0.0,0.0,,
71,display_only_vs_none,12,0.9999999999999996,2,0.12903225806451613,0,0.0,0.0,0.0,0.0,0.0,0,0.0,0.0,0.0,,
71,mailer_only_vs_none,12,0.9999999999999998,3,0.1935483870967742,0,0.0,0.0,0.0,0.0,0.0,0,0.0,0.0,0.0,,
73,both_vs_additive,5,1.0,0,0.0,0,0.0,0.0,0.0,0.0,0.0,0,0.0,0.0,0.0,,
73,both_vs_none,5,1.0,0,0.0,0,0.0,0.0,0.0,0.0,0.0,0,0.0,0.0,0.0,,
73,display_only_vs_none,5,1.0,0,0.0,0,0.0,0.0,0.0,0.0,0.0,0,0.0,0.0,0.0,,
73,mailer_only_vs_none,5,1.0,0,0.0,0,0.0,0.0,0.0,0.0,0.0,0,0.0,0.0,0.0,,
74,both_vs_additive,20,1.0000000000000002,3,0.18095238095238095,1,0.047619047619047616,0.0,0.0,0.0,0.0,0,0.0,0.0,0.0,-0.02361294789866217,-0.00957896012344794
74,both_vs_none,20,1.0000000000000002,4,0.23809523809523808,1,0.047619047619047616,0.047619047619047616,0.047619047619047616,0.047619047619047616,0.047619047619047616,0,0.0,0.0,0.0,0.02600718622897478,0.009469598227809288
74,display_only_vs_none,20,1.0000000000000002,4,0.21904761904761905,1,0.047619047619047616,0.047619047619047616,0.047619047619047616,0.047619047619047616,0.047619047619047616,0,0.0,0.0,0.0,0.02366349140524601,0.006562415625883111
74,mailer_only_vs_none,20,1.0,5,0.26666666666666666,1,0.047619047619047616,0.047619047619047616,0.047619047619047616,0.047619047619047616,0.047619047619047616,0,0.0,0.0,0.0,0.02383542775536583,0.020688411462405274
77,both_vs_additive,20,1.0000000000000004,3,0.27439024390243905,1,0.03048780487804878,0.0,0.0,0.0,0.0,0,0.0,0.0,0.0,-0.020455829649273415,-0.007092941439589707
77,both_vs_none,20,1.0000000000000004,5,0.32317073170731714,1,0.03048780487804878,0.03048780487804878,0.03048780487804878,0.03048780487804878,0.03048780487804878,0,0.0,0.0,0.0,0.010873397435897436,0.006944444444444444
77,display_only_vs_none,20,1.0000000000000004,7,0.38414634146341475,3,0.07926829268292683,0.0,0.03048780487804878,0.03048780487804878,0.0,0,0.0,0.0,0.0,-0.0012860113742466654,0.00029946010474792104
77,mailer_only_vs_none,20,1.0000000000000004,6,0.35365853658536595,4,0.1097560975609756,0.0,0.0,0.0,0.0,0,0.0,0.0,0.0,-0.009160781298164241,-0.0018432686266719124
85,both_vs_additive,20,0.9999999999999998,1,0.10714285714285714,1,0.10714285714285714,0.10714285714285714,0.0,0.10714285714285714,0.0,0,0.0,0.0,0.0,0.011671364168835295,0.017323537206823055
85,both_vs_none,20,0.9999999999999998,1,0.10714285714285714,1,0.10714285714285714,0.0,0.0,0.0,0.0,0,0.0,0.0,0.0,0.005561485543565982,0.003282490860840013
85,display_only_vs_none,20,0.9999999999999998,1,0.10714285714285714,1,0.10714285714285714,0.0,0.0,0.0,0.0,0,0.0,0.0,0.0,-0.0038232147578032526,-0.008058654834500863
85,mailer_only_vs_none,20,0.9999999999999999,2,0.14285714285714285,1,0.10714285714285714,0.0,0.0,0.0,0.0,0,0.0,0.0,0.0,-0.002947056335088159,-0.005982391511482188
88,both_vs_additive,20,0.9999999999999996,1,0.08870967741935484,0,0.0,0.0,0.0,0.0,0.0,0,0.0,0.0,0.0,,
88,both_vs_none,20,0.9999999999999996,1,0.08870967741935484,0,0.0,0.0,0.0,0.0,0.0,0,0.0,0.0,0.0,,
88,display_only_vs_none,20,0.9999999999999996,1,0.08870967741935484,0,0.0,0.0,0.0,0.0,0.0,0,0.0,0.0,0.0,,
88,mailer_only_vs_none,20,0.9999999999999996,1,0.08870967741935484,0,0.0,0.0,0.0,0.0,0.0,0,0.0,0.0,0.0,,
93,both_vs_additive,20,0.9999999999999998,0,0.0,0,0.0,0.0,0.0,0.0,0.0,0,0.0,0.0,0.0,,
93,both_vs_none,20,0.9999999999999998,0,0.0,0,0.0,0.0,0.0,0.0,0.0,0,0.0,0.0,0.0,,
93,display_only_vs_none,20,0.9999999999999998,0,0.0,0,0.0,0.0,0.0,0.0,0.0,0,0.0,0.0,0.0,,
93,mailer_only_vs_none,20,0.9999999999999998,0,0.0,0,0.0,0.0,0.0,0.0,0.0,0,0.0,0.0,0.0,,
95,both_vs_additive,20,0.9999999999999996,3,0.29333333333333333,1,0.06666666666666667,0.06666666666666667,0.06666666666666667,0.06666666666666667,0.06666666666666667,0,0.0,0.0,0.0,0.030309441978264535,0.02224906074547422
95,both_vs_none,20,0.9999999999999996,3,0.29333333333333333,1,0.06666666666666667,0.0,0.0,0.0,0.0,0,0.0,0.0,0.0,-0.009896729395254995,-0.0022554718493841587
95,display_only_vs_none,20,0.9999999999999996,3,0.29333333333333333,1,0.06666666666666667,0.0,0.0,0.0,0.0,0,0.0,0.0,0.0,-0.020609755031117248,-0.01295828469122752
95,mailer_only_vs_none,20,0.9999999999999996,3,0.29333333333333333,1,0.06666666666666667,0.0,0.0,0.0,0.0,0,0.0,0.0,0.0,-0.02006837606837607,-0.009401709401709403
96,both_vs_additive,8,1.0,1,0.1,0,0.0,0.0,0.0,0.0,0.0,0,0.0,0.0,0.0,,
96,both_vs_none,8,1.0,1,0.1,0,0.0,0.0,0.0,0.0,0.0,0,0.0,0.0,0.0,,
96,display_only_vs_none,8,1.0,1,0.1,0,0.0,0.0,0.0,0.0,0.0,0,0.0,0.0,0.0,,
96,mailer_only_vs_none,8,1.0,1,0.1,0,0.0,0.0,0.0,0.0,0.0,0,0.0,0.0,0.0,,
97,both_vs_additive,20,1.0000000000000002,4,0.2,1,0.05454545454545454,0.0,0.0,0.0,0.0,0,0.0,0.0,0.0,-0.005907280883367841,0.0031492781874170126
97,both_vs_none,20,1.0000000000000002,4,0.2,2,0.10909090909090909,0.10909090909090909,0.10909090909090909,0.10909090909090909,0.10909090909090909,0,0.0,0.0,0.0,0.010513320460901109,0.005165753127709649
97,display_only_vs_none,20,1.0000000000000002,5,0.2545454545454545,3,0.16363636363636364,0.05454545454545454,0.05454545454545454,0.05454545454545454,0.05454545454545454,0,0.0,0.0,0.0,-0.014940923808649078,-0.003931267099925383
97,mailer_only_vs_none,20,1.0000000000000002,4,0.2,2,0.10909090909090909,0.10909090909090909,0.0,0.10909090909090909,0.0,0,0.0,0.0,0.0,0.04031818887660108,0.005149664766012022
98,both_vs_additive,7,1.0,2,0.25,1,0.125,0.125,0.125,0.125,0.125,0,0.0,0.0,0.0,0.03030944197826453,0.02224906074547422
98,both_vs_none,7,1.0,2,0.25,1,0.125,0.0,0.0,0.0,0.0,0,0.0,0.0,0.0,-0.009896729395254995,-0.0022554718493841587
98,display_only_vs_none,7,1.0,2,0.25,1,0.125,0.0,0.0,0.0,0.0,0,0.0,0.0,0.0,-0.020609755031117248,-0.01295828469122752
98,mailer_only_vs_none,7,1.0,2,0.25,1,0.125,0.0,0.0,0.0,0.0,0,0.0,0.0,0.0,-0.02006837606837607,-0.009401709401709403
99,both_vs_additive,20,1.0,4,0.16842105263157892,2,0.08421052631578947,0.08421052631578947,0.08421052631578947,0.08421052631578947,0.08421052631578947,0,0.0,0.0,0.0,0.039719438257599216,0.02848444538594484
99,both_vs_none,20,1.0,4,0.16842105263157892,2,0.08421052631578947,0.042105263157894736,0.042105263157894736,0.042105263157894736,0.042105263157894736,0,0.0,0.0,0.0,0.005945659578749718,0.007742478827875614
99,display_only_vs_none,20,1.0,4,0.16842105263157892,2,0.08421052631578947,0.0,0.0,0.0,0.0,0,0.0,0.0,0.0,-0.02026398958143761,-0.011233886348478063
99,mailer_only_vs_none,20,0.9999999999999999,5,0.21052631578947367,2,0.08421052631578947,0.0,0.0,0.0,0.0,0,0.0,0.0,0.0,-0.012749420479485948,-0.005167842952714614
105,both_vs_additive,20,1.0,6,0.2578125,1,0.0390625,0.0,0.0,0.0,0.0,0,0.0,0.0,0.0,-0.0059072808833678415,0.003149278187417012
105,both_vs_none,20,1.0,6,0.2578125,1,0.0390625,0.0390625,0.0390625,0.0390625,0.0390625,0,0.0,0.0,0.0,0.011080059725221018,0.005434782608695652
105,display_only_vs_none,20,1.0,7,0.296875,2,0.078125,0.0,0.0,0.0,0.0,0,0.0,0.0,0.0,0.0003517122674631017,-0.004547508096430953
105,mailer_only_vs_none,20,1.0,8,0.328125,4,0.171875,0.1328125,0.09375,0.1328125,0.09375,0,0.0,0.0,0.0,0.013388511110672406,0.011015734682463195
107,both_vs_additive,16,1.0,2,0.10810810810810811,2,0.10810810810810811,0.05405405405405406,0.05405405405405406,0.05405405405405406,0.05405405405405406,1,0.05405405405405406,0.0,0.0,0.007598319823441425,0.002036338931767399
107,both_vs_none,16,1.0,2,0.10810810810810811,2,0.10810810810810811,0.0,0.05405405405405406,0.05405405405405406,0.0,1,0.05405405405405406,0.05405405405405406,0.05405405405405406,0.0032805535108166683,0.003091207038575461
107,display_only_vs_none,16,1.0,5,0.2972972972972973,3,0.1891891891891892,0.0,0.10810810810810811,0.10810810810810811,0.0,1,0.05405405405405406,0.05405405405405406,0.05405405405405406,-0.025075567555152865,-0.004718259301982146
107,mailer_only_vs_none,16,1.0,4,0.21621621621621623,3,0.16216216216216217,0.0,0.0,0.0,0.0,1,0.05405405405405406,0.0,0.0,-0.008680894214799279,-0.0026882823660339256
110,both_vs_additive,20,1.0000000000000002,3,0.12000000000000001,1,0.04,0.0,0.0,0.0,0.0,0,0.0,0.0,0.0,-0.023612947898662175,-0.00957896012344794
110,both_vs_none,20,1.0,3,0.12,1,0.04,0.04,0.04,0.04,0.04,1,0.04,0.04,0.04,0.02600718622897478,0.009469598227809288
110,display_only_vs_none,20,1.0,6,0.26666666666666666,3,0.13333333333333333,0.04,0.04,0.04,0.04,1,0.05333333333333334,0.05333333333333334,0.05333333333333334,-0.011508710094388046,-0.004693117228488746
110,mailer_only_vs_none,20,1.0,4,0.17333333333333334,2,0.09333333333333334,0.04,0.09333333333333334,0.09333333333333334,0.04,2,0.09333333333333334,0.09333333333333334,0.09333333333333334,0.011334841443386333,0.009714793290644685
111,both_vs_additive,13,1.0000000000000002,3,0.27586206896551724,2,0.20689655172413793,0.13793103448275862,0.0,0.13793103448275862,0.0,0,0.0,0.0,0.0,0.0017334299179312105,0.006632088329587566
111,both_vs_none,13,1.0000000000000002,4,0.3448275862068966,2,0.20689655172413793,0.0,0.0,0.0,0.0,0,0.0,0.0,0.0,0.0032494635619892843,0.00190087465767002
111,display_only_vs_none,13,1.0000000000000002,3,0.27586206896551724,2,0.20689655172413793,0.06896551724137931,0.0,0.06896551724137931,0.0,0,0.0,0.0,0.0,0.00035706773046126155,-0.0035815714640627283
111,mailer_only_vs_none,13,1.0000000000000002,5,0.4137931034482759,2,0.20689655172413793,0.06896551724137931,0.06896551724137931,0.06896551724137931,0.06896551724137931,0,0.0,0.0,0.0,0.00031543648440298153,-0.0018578838262486613
113,both_vs_additive,20,0.9999999999999999,1,0.08653846153846154,1,0.08653846153846154,0.08653846153846154,0.08653846153846154,0.08653846153846154,0.08653846153846154,0,0.0,0.0,0.0,0.16836150148988288,0.04128756979795421
113,both_vs_none,20,0.9999999999999999,2,0.1346153846153846,1,0.08653846153846154,0.0,0.0,0.0,0.0,1,0.04807692307692308,0.04807692307692308,0.04807692307692308,-0.07045406843319933,-0.0015695903236861222
113,display_only_vs_none,20,0.9999999999999999,1,0.08653846153846154,1,0.08653846153846154,0.0,0.0,0.0,0.0,0,0.0,0.0,0.0,-0.10056833513172979,-0.016514079457296535
113,mailer_only_vs_none,20,1.0,3,0.20192307692307693,1,0.08653846153846154,0.0,0.0,0.0,0.0,1,0.04807692307692308,0.04807692307692308,0.0,-0.13824723479135242,-0.026096656611362498
114,both_vs_additive,20,1.0,1,0.08247422680412371,0,0.0,0.0,0.0,0.0,0.0,0,0.0,0.0,0.0,,
114,both_vs_none,20,1.0,1,0.08247422680412371,0,0.0,0.0,0.0,0.0,0.0,0,0.0,0.0,0.0,,
114,display_only_vs_none,20,1.0,1,0.08247422680412371,0,0.0,0.0,0.0,0.0,0.0,0,0.0,0.0,0.0,,
114,mailer_only_vs_none,20,1.0,2,0.10309278350515463,0,0.0,0.0,0.0,0.0,0.0,0,0.0,0.0,0.0,,
115,both_vs_additive,20,0.9999999999999999,3,0.16379310344827586,0,0.0,0.0,0.0,0.0,0.0,0,0.0,0.0,0.0,,
115,both_vs_none,20,0.9999999999999999,3,0.16379310344827586,0,0.0,0.0,0.0,0.0,0.0,0,0.0,0.0,0.0,,
115,display_only_vs_none,20,0.9999999999999999,3,0.16379310344827586,0,0.0,0.0,0.0,0.0,0.0,0,0.0,0.0,0.0,,
115,mailer_only_vs_none,20,0.9999999999999999,3,0.16379310344827586,0,0.0,0.0,0.0,0.0,0.0,0,0.0,0.0,0.0,,
117,both_vs_additive,20,1.0000000000000002,3,0.11864406779661016,1,0.03389830508474576,0.03389830508474576,0.0,0.03389830508474576,0.0,0,0.0,0.0,0.0,0.011671364168835293,0.017323537206823055
117,both_vs_none,20,1.0000000000000002,4,0.15254237288135591,1,0.03389830508474576,0.0,0.0,0.0,0.0,0,0.0,0.0,0.0,0.005561485543565982,0.003282490860840013
117,display_only_vs_none,20,1.0000000000000002,3,0.11864406779661016,1,0.03389830508474576,0.0,0.0,0.0,0.0,0,0.0,0.0,0.0,-0.003823214757803253,-0.008058654834500863
117,mailer_only_vs_none,20,1.0000000000000002,6,0.22033898305084743,1,0.03389830508474576,0.0,0.0,0.0,0.0,0,0.0,0.0,0.0,-0.0029470563350881586,-0.005982391511482188
118,both_vs_additive,20,1.0,2,0.11594202898550725,1,0.028985507246376812,0.028985507246376812,0.028985507246376812,0.028985507246376812,0.028985507246376812,0,0.0,0.0,0.0,0.03030944197826453,0.02224906074547422
118,both_vs_none,20,1.0,2,0.11594202898550725,1,0.028985507246376812,0.0,0.0,0.0,0.0,0,0.0,0.0,0.0,-0.009896729395254995,-0.0022554718493841587
118,display_only_vs_none,20,1.0,2,0.11594202898550725,1,0.028985507246376812,0.0,0.0,0.0,0.0,0,0.0,0.0,0.0,-0.020609755031117248,-0.01295828469122752
118,mailer_only_vs_none,20,1.0,4,0.18840579710144925,1,0.028985507246376812,0.0,0.0,0.0,0.0,0,0.0,0.0,0.0,-0.02006837606837607,-0.009401709401709403
122,both_vs_additive,20,0.9999999999999999,3,0.20930232558139536,0,0.0,0.0,0.0,0.0,0.0,0,0.0,0.0,0.0,,
122,both_vs_none,20,0.9999999999999999,3,0.20930232558139536,0,0.0,0.0,0.0,0.0,0.0,0,0.0,0.0,0.0,,
122,display_only_vs_none,20,0.9999999999999999,4,0.3023255813953489,0,0.0,0.0,0.0,0.0,0.0,0,0.0,0.0,0.0,,
122,mailer_only_vs_none,20,0.9999999999999999,5,0.4186046511627907,0,0.0,0.0,0.0,0.0,0.0,0,0.0,0.0,0.0,,
124,both_vs_additive,13,0.9999999999999998,5,0.3571428571428571,1,0.07142857142857142,0.0,0.0,0.0,0.0,0,0.0,0.0,0.0,-0.018142438583876954,-0.014750809424883408
124,both_vs_none,13,0.9999999999999998,5,0.3571428571428571,1,0.07142857142857142,0.0,0.0,0.0,0.0,0,0.0,0.0,0.0,-0.0013745804011641109,-0.0008623577486699656
124,display_only_vs_none,13,0.9999999999999998,5,0.3571428571428571,1,0.07142857142857142,0.07142857142857142,0.0,0.07142857142857142,0.0,0,0.0,0.0,0.0,0.00871763270699029,0.005372595276813542
124,mailer_only_vs_none,13,0.9999999999999998,7,0.4999999999999999,2,0.14285714285714285,0.14285714285714285,0.14285714285714285,0.14285714285714285,0.14285714285714285,2,0.14285714285714285,0.07142857142857142,0.14285714285714285,0.00843825540761079,0.01367167419869505
125,both_vs_additive,20,1.0000000000000002,4,0.2702702702702703,1,0.04054054054054054,0.04054054054054054,0.04054054054054054,0.04054054054054054,0.04054054054054054,0,0.0,0.0,0.0,0.16836150148988288,0.04128756979795421
125,both_vs_none,20,1.0000000000000002,4,0.2702702702702703,2,0.06756756756756757,0.02702702702702703,0.02702702702702703,0.02702702702702703,0.02702702702702703,0,0.0,0.0,0.0,-0.03829380858128712,0.0010169352644777854
125,display_only_vs_none,20,1.0000000000000002,4,0.2702702702702703,2,0.06756756756756757,0.02702702702702703,0.02702702702702703,0.02702702702702703,0.02702702702702703,0,0.0,0.0,0.0,-0.05293443741312771,-0.007008141156440704
125,mailer_only_vs_none,20,1.0000000000000002,4,0.2702702702702703,2,0.06756756756756757,0.02702702702702703,0.0,0.02702702702702703,0.0,0,0.0,0.0,0.0,-0.05750434877974177,-0.012377316311139844
130,both_vs_additive,8,0.9999999999999999,2,0.24,1,0.12,0.12,0.12,0.12,0.12,1,0.12,0.12,0.12,0.0491294345369339,0.03471983002641545
130,both_vs_none,8,0.9999999999999999,2,0.24,1,0.12,0.12,0.12,0.12,0.12,1,0.12,0.12,0.0,0.021788048552754433,0.017740429505135387
130,display_only_vs_none,8,0.9999999999999999,3,0.52,2,0.4,0.0,0.0,0.0,0.0,1,0.12,0.0,0.0,-0.049081123348124665,-0.013946360730527027
130,mailer_only_vs_none,8,0.9999999999999999,2,0.24,1,0.12,0.0,0.0,0.0,0.0,1,0.12,0.0,0.0,-0.005430464890595826,-0.0009339765037198258
131,both_vs_additive,20,1.0,2,0.1411764705882353,0,0.0,0.0,0.0,0.0,0.0,0,0.0,0.0,0.0,,
131,both_vs_none,20,1.0,2,0.1411764705882353,0,0.0,0.0,0.0,0.0,0.0,0,0.0,0.0,0.0,,
131,display_only_vs_none,20,1.0,2,0.1411764705882353,0,0.0,0.0,0.0,0.0,0.0,0,0.0,0.0,0.0,,
131,mailer_only_vs_none,20,1.0,2,0.1411764705882353,0,0.0,0.0,0.0,0.0,0.0,0,0.0,0.0,0.0,,
132,both_vs_additive,20,0.9999999999999996,4,0.22580645161290322,0,0.0,0.0,0.0,0.0,0.0,0,0.0,0.0,0.0,,
132,both_vs_none,20,0.9999999999999996,5,0.25806451612903225,1,0.11290322580645161,0.11290322580645161,0.11290322580645161,0.11290322580645161,0.11290322580645161,0,0.0,0.0,0.0,0.0099465811965812,0.004896723646723647
132,display_only_vs_none,20,0.9999999999999996,5,0.30645161290322576,1,0.11290322580645161,0.11290322580645161,0.11290322580645161,0.11290322580645161,0.11290322580645161,0,0.0,0.0,0.0,0.018516409164775406,0.007250766294843044
132,mailer_only_vs_none,20,0.9999999999999996,5,0.25806451612903225,1,0.11290322580645161,0.11290322580645161,0.0,0.11290322580645161,0.0,0,0.0,0.0,0.0,0.06360998023767421,0.008201694139194141
133,both_vs_additive,6,1.0,2,0.3157894736842105,0,0.0,0.0,0.0,0.0,0.0,0,0.0,0.0,0.0,,
133,both_vs_none,6,1.0,2,0.3157894736842105,0,0.0,0.0,0.0,0.0,0.0,0,0.0,0.0,0.0,,
133,display_only_vs_none,6,1.0,2,0.3157894736842105,0,0.0,0.0,0.0,0.0,0.0,0,0.0,0.0,0.0,,
133,mailer_only_vs_none,6,1.0,2,0.3157894736842105,0,0.0,0.0,0.0,0.0,0.0,0,0.0,0.0,0.0,,
134,both_vs_additive,20,0.9999999999999993,3,0.14893617021276595,1,0.0425531914893617,0.0,0.0,0.0,0.0,0,0.0,0.0,0.0,-0.023612947898662175,-0.00957896012344794
134,both_vs_none,20,0.9999999999999993,3,0.14893617021276595,2,0.10638297872340424,0.10638297872340424,0.10638297872340424,0.10638297872340424,0.10638297872340424,0,0.0,0.0,0.0,0.016370823209538633,0.006725873479157904
134,display_only_vs_none,20,0.9999999999999994,4,0.19148936170212766,2,0.10638297872340424,0.10638297872340424,0.10638297872340424,0.10638297872340424,0.10638297872340424,0,0.0,0.0,0.0,0.020575242060963644,0.006975426027259072
134,mailer_only_vs_none,20,0.9999999999999994,4,0.19148936170212766,2,0.10638297872340424,0.10638297872340424,0.0425531914893617,0.10638297872340424,0.0425531914893617,0,0.0,0.0,0.0,0.047700159244750864,0.013196381068478593
140,both_vs_additive,20,0.9999999999999998,4,0.16,1,0.05333333333333334,0.0,0.0,0.0,0.0,1,0.05333333333333334,0.0,0.0,-0.023612947898662175,-0.009578960123447942
140,both_vs_none,20,0.9999999999999998,4,0.16,1,0.05333333333333334,0.05333333333333334,0.05333333333333334,0.05333333333333334,0.05333333333333334,1,0.05333333333333334,0.05333333333333334,0.05333333333333334,0.02600718622897478,0.009469598227809288
140,display_only_vs_none,20,0.9999999999999998,4,0.16,1,0.05333333333333334,0.05333333333333334,0.05333333333333334,0.05333333333333334,0.05333333333333334,1,0.05333333333333334,0.05333333333333334,0.05333333333333334,0.023663491405246012,0.006562415625883111
140,mailer_only_vs_none,20,0.9999999999999998,5,0.21333333333333335,1,0.05333333333333334,0.05333333333333334,0.05333333333333334,0.05333333333333334,0.05333333333333334,1,0.05333333333333334,0.0,0.0,0.02383542775536583,0.020688411462405267
142,both_vs_additive,20,1.0000000000000002,3,0.14912280701754385,2,0.043859649122807015,0.0,0.017543859649122806,0.017543859649122806,0.0,0,0.0,0.0,0.0,0.0020022756213327227,0.0033374000398471303
142,both_vs_none,20,1.0000000000000002,3,0.14912280701754385,2,0.043859649122807015,0.043859649122807015,0.043859649122807015,0.043859649122807015,0.043859649122807015,0,0.0,0.0,0.0,0.01768341991356128,0.008362916551401603
142,display_only_vs_none,20,1.0000000000000002,3,0.14912280701754385,2,0.043859649122807015,0.017543859649122806,0.02631578947368421,0.043859649122807015,0.0,0,0.0,0.0,0.0,-0.0007580851765259571,0.0015132815313224897
142,mailer_only_vs_none,20,1.0000000000000002,5,0.20175438596491227,2,0.043859649122807015,0.043859649122807015,0.017543859649122806,0.043859649122807015,0.017543859649122806,0,0.0,0.0,0.0,0.01462724095500877,0.0040315726403771825
147,both_vs_additive,16,0.9999999999999996,2,0.11363636363636363,1,0.06818181818181818,0.0,0.0,0.0,0.0,0,0.0,0.0,0.0,-0.020455829649273415,-0.007092941439589707
147,both_vs_none,16,0.9999999999999996,2,0.11363636363636363,1,0.06818181818181818,0.06818181818181818,0.06818181818181818,0.06818181818181818,0.06818181818181818,0,0.0,0.0,0.0,0.010873397435897436,0.006944444444444444
147,display_only_vs_none,16,0.9999999999999996,2,0.11363636363636363,1,0.06818181818181818,0.0,0.06818181818181818,0.06818181818181818,0.0,0,0.0,0.0,0.0,0.009214285714285715,0.0071428571428571435
147,mailer_only_vs_none,16,0.9999999999999996,3,0.1590909090909091,1,0.06818181818181818,0.0,0.0,0.0,0.0,0,0.0,0.0,0.0,-0.0012255499860763016,0.005155858680346433
149,both_vs_additive,20,1.0000000000000002,3,0.1956521739130435,0,0.0,0.0,0.0,0.0,0.0,0,0.0,0.0,0.0,,
149,both_vs_none,20,1.0000000000000002,3,0.1956521739130435,1,0.043478260869565216,0.043478260869565216,0.043478260869565216,0.043478260869565216,0.043478260869565216,0,0.0,0.0,0.0,0.009946581196581199,0.004896723646723647
149,display_only_vs_none,20,1.0000000000000002,4,0.2391304347826087,1,0.043478260869565216,0.043478260869565216,0.043478260869565216,0.043478260869565216,0.043478260869565216,0,0.0,0.0,0.0,0.018516409164775406,0.007250766294843045
149,mailer_only_vs_none,20,1.0000000000000002,4,0.2391304347826087,1,0.043478260869565216,0.043478260869565216,0.0,0.043478260869565216,0.0,0,0.0,0.0,0.0,0.06360998023767421,0.008201694139194141
155,both_vs_additive,14,1.0000000000000002,3,0.2857142857142857,2,0.16666666666666666,0.16666666666666666,0.11904761904761904,0.16666666666666666,0.11904761904761904,0,0.0,0.0,0.0,0.03842712871747715,0.029749460649389055
155,both_vs_none,14,1.0000000000000002,3,0.2857142857142857,2,0.16666666666666666,0.11904761904761904,0.11904761904761904,0.11904761904761904,0.11904761904761904,0,0.0,0.0,0.0,0.017151887692986305,0.013609589892479566
155,display_only_vs_none,14,1.0000000000000002,4,0.3333333333333333,3,0.21428571428571427,0.0,0.0,0.0,0.0,1,0.047619047619047616,0.0,0.0,-0.0163038384103698,-0.011118381622815122
155,mailer_only_vs_none,14,1.0000000000000002,5,0.40476190476190477,2,0.16666666666666666,0.0,0.0,0.0,0.0,0,0.0,0.0,0.0,-0.0047209195890222065,-0.0023763807916519293
156,both_vs_additive,20,1.0000000000000002,4,0.15476190476190477,1,0.03571428571428571,0.03571428571428571,0.03571428571428571,0.03571428571428571,0.03571428571428571,0,0.0,0.0,0.0,0.030309441978264528,0.02224906074547422
156,both_vs_none,20,1.0000000000000002,4,0.15476190476190477,1,0.03571428571428571,0.0,0.0,0.0,0.0,0,0.0,0.0,0.0,-0.009896729395254995,-0.0022554718493841587
156,display_only_vs_none,20,0.9999999999999999,5,0.21428571428571425,2,0.09523809523809523,0.0,0.0,0.0,0.0,0,0.0,0.0,0.0,-0.046215851090773676,-0.014764280267075002
156,mailer_only_vs_none,20,0.9999999999999999,5,0.21428571428571425,1,0.03571428571428571,0.0,0.0,0.0,0.0,0,0.0,0.0,0.0,-0.02006837606837607,-0.009401709401709403
157,both_vs_additive,10,0.9999999999999998,2,0.2608695652173913,1,0.17391304347826086,0.17391304347826086,0.17391304347826086,0.17391304347826086,0.17391304347826086,0,0.0,0.0,0.0,0.0491294345369339,0.03471983002641545
157,both_vs_none,10,0.9999999999999998,2,0.2608695652173913,1,0.17391304347826086,0.17391304347826086,0.17391304347826086,0.17391304347826086,0.17391304347826086,0,0.0,0.0,0.0,0.021788048552754433,0.017740429505135387
157,display_only_vs_none,10,0.9999999999999998,4,0.4782608695652174,2,0.30434782608695654,0.13043478260869565,0.13043478260869565,0.13043478260869565,0.13043478260869565,0,0.0,0.0,0.0,-0.003956130730198382,-0.003511593549962677
157,mailer_only_vs_none,10,0.9999999999999998,3,0.34782608695652173,1,0.17391304347826086,0.0,0.0,0.0,0.0,0,0.0,0.0,0.0,-0.005430464890595826,-0.0009339765037198258
158,both_vs_additive,11,1.0,1,0.09375,0,0.0,0.0,0.0,0.0,0.0,0,0.0,0.0,0.0,,
158,both_vs_none,11,1.0,1,0.09375,0,0.0,0.0,0.0,0.0,0.0,0,0.0,0.0,0.0,,
158,display_only_vs_none,11,1.0,2,0.15625,0,0.0,0.0,0.0,0.0,0.0,0,0.0,0.0,0.0,,
158,mailer_only_vs_none,11,1.0,1,0.09375,0,0.0,0.0,0.0,0.0,0.0,0,0.0,0.0,0.0,,
161,both_vs_additive,20,1.0000000000000002,1,0.07058823529411765,0,0.0,0.0,0.0,0.0,0.0,0,0.0,0.0,0.0,,
161,both_vs_none,20,1.0000000000000002,1,0.07058823529411765,0,0.0,0.0,0.0,0.0,0.0,0,0.0,0.0,0.0,,
161,display_only_vs_none,20,1.0000000000000002,1,0.07058823529411765,0,0.0,0.0,0.0,0.0,0.0,0,0.0,0.0,0.0,,
161,mailer_only_vs_none,20,1.0000000000000002,1,0.07058823529411765,0,0.0,0.0,0.0,0.0,0.0,0,0.0,0.0,0.0,,
162,both_vs_additive,15,0.9999999999999998,1,0.125,0,0.0,0.0,0.0,0.0,0.0,0,0.0,0.0,0.0,,
162,both_vs_none,15,0.9999999999999998,1,0.125,0,0.0,0.0,0.0,0.0,0.0,0,0.0,0.0,0.0,,
162,display_only_vs_none,15,0.9999999999999998,1,0.125,0,0.0,0.0,0.0,0.0,0.0,0,0.0,0.0,0.0,,
162,mailer_only_vs_none,15,0.9999999999999998,3,0.26785714285714285,0,0.0,0.0,0.0,0.0,0.0,0,0.0,0.0,0.0,,
165,both_vs_additive,18,0.9999999999999998,3,0.2037037037037037,2,0.16666666666666666,0.16666666666666666,0.16666666666666666,0.16666666666666666,0.16666666666666666,0,0.0,0.0,0.0,0.1414084058138136,0.0325292962217693
165,both_vs_none,18,0.9999999999999998,3,0.2037037037037037,2,0.16666666666666666,0.0,0.0,0.0,0.0,0,0.0,0.0,0.0,-0.056217648761387254,-0.00222187526591546
165,display_only_vs_none,18,0.9999999999999998,3,0.2037037037037037,2,0.16666666666666666,0.0,0.0,0.0,0.0,0,0.0,0.0,0.0,-0.07820595784970925,-0.012899229077286805
165,mailer_only_vs_none,18,0.9999999999999998,3,0.2037037037037037,2,0.16666666666666666,0.0,0.0,0.0,0.0,0,0.0,0.0,0.0,-0.10851463804895176,-0.01996162425083994
166,both_vs_additive,5,1.0,2,0.7272727272727273,0,0.0,0.0,0.0,0.0,0.0,0,0.0,0.0,0.0,,
166,both_vs_none,5,1.0,2,0.7272727272727273,1,0.13636363636363635,0.13636363636363635,0.13636363636363635,0.13636363636363635,0.13636363636363635,0,0.0,0.0,0.0,0.009946581196581199,0.004896723646723647
166,display_only_vs_none,5,1.0,2,0.7272727272727273,1,0.13636363636363635,0.13636363636363635,0.13636363636363635,0.13636363636363635,0.13636363636363635,0,0.0,0.0,0.0,0.018516409164775406,0.007250766294843045
166,mailer_only_vs_none,5,1.0,2,0.7272727272727273,1,0.13636363636363635,0.13636363636363635,0.0,0.13636363636363635,0.0,0,0.0,0.0,0.0,0.06360998023767421,0.008201694139194141
170,both_vs_additive,14,1.0,3,0.17142857142857143,1,0.05714285714285714,0.05714285714285714,0.0,0.05714285714285714,0.0,0,0.0,0.0,0.0,0.011671364168835293,0.01732353720682305
170,both_vs_none,14,1.0,3,0.17142857142857143,1,0.05714285714285714,0.0,0.0,0.0,0.0,0,0.0,0.0,0.0,0.005561485543565982,0.003282490860840013
170,display_only_vs_none,14,1.0,4,0.3142857142857143,2,0.19999999999999998,0.0,0.0,0.0,0.0,0,0.0,0.0,0.0,-0.015198416901848028,-0.015302717419747154
170,mailer_only_vs_none,14,1.0,3,0.17142857142857143,1,0.05714285714285714,0.0,0.0,0.0,0.0,0,0.0,0.0,0.0,-0.002947056335088159,-0.005982391511482188
174,both_vs_additive,9,1.0,4,0.4,1,0.08,0.08,0.0,0.08,0.0,0,0.0,0.0,0.0,0.011671364168835293,0.017323537206823055
174,both_vs_none,9,1.0,4,0.4,1,0.08,0.0,0.0,0.0,0.0,0,0.0,0.0,0.0,0.005561485543565982,0.003282490860840013
174,display_only_vs_none,9,1.0,4,0.4,1,0.08,0.0,0.0,0.0,0.0,0,0.0,0.0,0.0,-0.0038232147578032526,-0.008058654834500863
174,mailer_only_vs_none,9,1.0,4,0.4,1,0.08,0.0,0.0,0.0,0.0,0,0.0,0.0,0.0,-0.0029470563350881586,-0.005982391511482188
181,both_vs_additive,15,0.9999999999999999,3,0.16279069767441862,1,0.06976744186046512,0.06976744186046512,0.0,0.06976744186046512,0.0,0,0.0,0.0,0.0,0.011671364168835293,0.017323537206823055
181,both_vs_none,15,0.9999999999999998,4,0.20930232558139536,1,0.06976744186046512,0.0,0.0,0.0,0.0,0,0.0,0.0,0.0,0.005561485543565982,0.003282490860840013
181,display_only_vs_none,15,0.9999999999999999,5,0.27906976744186046,2,0.13953488372093023,0.0,0.0,0.0,0.0,0,0.0,0.0,0.0,-0.032701361742185395,-0.01195326622354218
181,mailer_only_vs_none,15,0.9999999999999998,4,0.20930232558139536,1,0.06976744186046512,0.0,0.0,0.0,0.0,0,0.0,0.0,0.0,-0.0029470563350881586,-0.005982391511482188
183,both_vs_additive,20,1.0000000000000002,3,0.2,1,0.05,0.0,0.0,0.0,0.0,0,0.0,0.0,0.0,-0.006556290931290922,0.002709096459096453
183,both_vs_none,20,1.0000000000000002,3,0.2,1,0.05,0.0,0.0,0.0,0.0,0,0.0,0.0,0.0,0.0026227106227106225,0.0014652014652014635
183,display_only_vs_none,20,1.0000000000000002,3,0.2,1,0.05,0.05,0.05,0.05,0.05,0,0.0,0.0,0.0,0.010406965481817259,0.005877431198577444
183,mailer_only_vs_none,20,1.0,5,0.36666666666666664,1,0.05,0.0,0.0,0.0,0.0,0,0.0,0.0,0.0,-0.005966666666666665,-0.003333333333333334
184,both_vs_additive,20,0.9999999999999996,0,0.0,0,0.0,0.0,0.0,0.0,0.0,0,0.0,0.0,0.0,,
184,both_vs_none,20,0.9999999999999996,0,0.0,0,0.0,0.0,0.0,0.0,0.0,0,0.0,0.0,0.0,,
184,display_only_vs_none,20,0.9999999999999996,0,0.0,0,0.0,0.0,0.0,0.0,0.0,0,0.0,0.0,0.0,,
184,mailer_only_vs_none,20,0.9999999999999996,2,0.08333333333333333,0,0.0,0.0,0.0,0.0,0.0,0,0.0,0.0,0.0,,
188,both_vs_additive,5,1.0,0,0.0,0,0.0,0.0,0.0,0.0,0.0,0,0.0,0.0,0.0,,
188,both_vs_none,5,1.0,0,0.0,0,0.0,0.0,0.0,0.0,0.0,0,0.0,0.0,0.0,,
188,display_only_vs_none,5,1.0,0,0.0,0,0.0,0.0,0.0,0.0,0.0,0,0.0,0.0,0.0,,
188,mailer_only_vs_none,5,1.0,0,0.0,0,0.0,0.0,0.0,0.0,0.0,0,0.0,0.0,0.0,,
192,both_vs_additive,20,0.9999999999999998,3,0.3953488372093023,0,0.0,0.0,0.0,0.0,0.0,0,0.0,0.0,0.0,,
192,both_vs_none,20,0.9999999999999999,4,0.43023255813953487,1,0.03488372093023256,0.03488372093023256,0.03488372093023256,0.03488372093023256,0.03488372093023256,0,0.0,0.0,0.0,0.03802083333333333,0.022321428571428572
192,display_only_vs_none,20,0.9999999999999999,4,0.43023255813953487,2,0.06976744186046512,0.03488372093023256,0.03488372093023256,0.03488372093023256,0.03488372093023256,0,0.0,0.0,0.0,-0.004625240284583898,-0.0009098036819811005
192,mailer_only_vs_none,20,0.9999999999999998,4,0.43023255813953487,1,0.03488372093023256,0.0,0.0,0.0,0.0,1,0.03488372093023256,0.0,0.0,-0.016805267778825135,-0.00739976635355326
193,both_vs_additive,16,0.9999999999999997,2,0.1568627450980392,0,0.0,0.0,0.0,0.0,0.0,0,0.0,0.0,0.0,,
193,both_vs_none,16,0.9999999999999997,2,0.1568627450980392,0,0.0,0.0,0.0,0.0,0.0,0,0.0,0.0,0.0,,
193,display_only_vs_none,16,0.9999999999999997,2,0.1568627450980392,0,0.0,0.0,0.0,0.0,0.0,0,0.0,0.0,0.0,,
193,mailer_only_vs_none,16,0.9999999999999997,2,0.1568627450980392,0,0.0,0.0,0.0,0.0,0.0,0,0.0,0.0,0.0,,
194,both_vs_additive,9,0.9999999999999999,2,0.2,1,0.1,0.0,0.0,0.0,0.0,0,0.0,0.0,0.0,-0.006556290931290922,0.002709096459096453
194,both_vs_none,9,1.0,3,0.30000000000000004,1,0.1,0.0,0.0,0.0,0.0,0,0.0,0.0,0.0,0.0026227106227106225,0.0014652014652014635
194,display_only_vs_none,9,0.9999999999999999,3,0.35,2,0.25,0.25,0.25,0.25,0.25,0,0.0,0.0,0.0,0.014558782475855542,0.005042331914066115
194,mailer_only_vs_none,9,1.0,3,0.30000000000000004,1,0.1,0.0,0.0,0.0,0.0,0,0.0,0.0,0.0,-0.005966666666666665,-0.003333333333333334
195,both_vs_additive,20,1.0000000000000002,4,0.25510204081632654,0,0.0,0.0,0.0,0.0,0.0,0,0.0,0.0,0.0,,
195,both_vs_none,20,1.0000000000000002,5,0.2755102040816327,0,0.0,0.0,0.0,0.0,0.0,1,0.02040816326530612,0.02040816326530612,0.02040816326530612,,
195,display_only_vs_none,20,1.0000000000000004,6,0.33673469387755106,0,0.0,0.0,0.0,0.0,0.0,2,0.1326530612244898,0.02040816326530612,0.02040816326530612,,
195,mailer_only_vs_none,20,1.0000000000000002,6,0.326530612244898,1,0.04081632653061224,0.04081632653061224,0.04081632653061224,0.04081632653061224,0.04081632653061224,1,0.11224489795918367,0.0,0.11224489795918367,0.01003608869183632,0.020952216853171706
196,both_vs_additive,20,0.9999999999999997,4,0.2058823529411765,3,0.16176470588235295,0.11764705882352941,0.058823529411764705,0.11764705882352941,0.058823529411764705,0,0.0,0.0,0.0,0.015669486466099114,0.016312417142055474
196,both_vs_none,20,0.9999999999999997,4,0.2058823529411765,3,0.16176470588235295,0.10294117647058823,0.10294117647058823,0.10294117647058823,0.10294117647058823,0,0.0,0.0,0.0,0.017038154097473272,0.010227316013393587
196,display_only_vs_none,20,0.9999999999999997,5,0.25,4,0.2058823529411765,0.08823529411764706,0.08823529411764706,0.08823529411764706,0.08823529411764706,0,0.0,0.0,0.0,0.002000335719509739,-0.0026520376650066325
196,mailer_only_vs_none,20,0.9999999999999997,4,0.2058823529411765,3,0.16176470588235295,0.04411764705882353,0.04411764705882353,0.04411764705882353,0.04411764705882353,0,0.0,0.0,0.0,0.003454199851214687,0.003127251120582523
198,both_vs_additive,20,1.0,4,0.2285714285714286,1,0.04285714285714286,0.04285714285714286,0.0,0.04285714285714286,0.0,0,0.0,0.0,0.0,0.011671364168835293,0.017323537206823055
198,both_vs_none,20,1.0,4,0.2285714285714286,1,0.04285714285714286,0.0,0.0,0.0,0.0,0,0.0,0.0,0.0,0.005561485543565982,0.0032824908608400133
198,display_only_vs_none,20,1.0,6,0.32857142857142857,1,0.04285714285714286,0.0,0.0,0.0,0.0,0,0.0,0.0,0.0,-0.0038232147578032526,-0.008058654834500863
198,mailer_only_vs_none,20,1.0,5,0.27142857142857146,1,0.04285714285714286,0.0,0.0,0.0,0.0,0,0.0,0.0,0.0,-0.0029470563350881586,-0.005982391511482188
208,both_vs_additive,20,0.9999999999999996,4,0.1935483870967742,1,0.06451612903225806,0.06451612903225806,0.06451612903225806,0.06451612903225806,0.06451612903225806,0,0.0,0.0,0.0,0.16836150148988288,0.04128756979795421
208,both_vs_none,20,0.9999999999999996,4,0.1935483870967742,1,0.06451612903225806,0.0,0.0,0.0,0.0,0,0.0,0.0,0.0,-0.07045406843319933,-0.0015695903236861222
208,display_only_vs_none,20,0.9999999999999998,6,0.29032258064516125,3,0.12903225806451613,0.0,0.0,0.0,0.0,0,0.0,0.0,0.0,-0.06825026423682971,-0.012759282072781906
208,mailer_only_vs_none,20,0.9999999999999996,4,0.1935483870967742,2,0.0967741935483871,0.0,0.0,0.0,0.0,0,0.0,0.0,0.0,-0.09756605776213619,-0.01769197750637913
209,both_vs_additive,9,0.9999999999999998,3,0.43478260869565216,2,0.2608695652173913,0.17391304347826086,0.17391304347826086,0.17391304347826086,0.17391304347826086,0,0.0,0.0,0.0,0.013387684769085214,0.012468393350452913
209,both_vs_none,9,0.9999999999999998,3,0.43478260869565216,2,0.2608695652173913,0.08695652173913043,0.08695652173913043,0.08695652173913043,0.08695652173913043,0,0.0,0.0,0.0,-0.0029733537848708517,0.0008111669152253757
209,display_only_vs_none,9,0.9999999999999998,3,0.43478260869565216,2,0.2608695652173913,0.0,0.08695652173913043,0.08695652173913043,0.0,0,0.0,0.0,0.0,-0.010668408115982927,-0.006257904079865964
209,mailer_only_vs_none,9,0.9999999999999998,3,0.43478260869565216,2,0.2608695652173913,0.0,0.0,0.0,0.0,0,0.0,0.0,0.0,-0.013787434040942815,-0.004549186707690791
210,both_vs_additive,20,1.0,2,0.1016949152542373,1,0.06779661016949153,0.06779661016949153,0.06779661016949153,0.06779661016949153,0.06779661016949153,0,0.0,0.0,0.0,0.030309441978264535,0.02224906074547422
210,both_vs_none,20,1.0,2,0.1016949152542373,1,0.06779661016949153,0.0,0.0,0.0,0.0,0,0.0,0.0,0.0,-0.009896729395254995,-0.0022554718493841587
210,display_only_vs_none,20,1.0,3,0.1694915254237288,1,0.06779661016949153,0.0,0.0,0.0,0.0,0,0.0,0.0,0.0,-0.020609755031117248,-0.01295828469122752
210,mailer_only_vs_none,20,1.0,3,0.1694915254237288,2,0.13559322033898305,0.0,0.0,0.0,0.0,0,0.0,0.0,0.0,-0.017607088989441935,-0.007085347779792224
211,both_vs_additive,20,1.0,2,0.08888888888888888,1,0.03333333333333333,0.0,0.0,0.0,0.0,0,0.0,0.0,0.0,-0.010076274087768337,-0.004084315003855232
211,both_vs_none,20,1.0,2,0.08888888888888888,1,0.03333333333333333,0.0,0.0,0.0,0.0,0,0.0,0.0,0.0,-0.006585543080108294,-0.0002883122312470135
211,display_only_vs_none,20,1.0,3,0.25555555555555554,2,0.19999999999999998,0.16666666666666666,0.16666666666666666,0.16666666666666666,0.16666666666666666,1,0.16666666666666666,0.16666666666666666,0.16666666666666666,0.011966186970306226,0.0027495943509131438
211,mailer_only_vs_none,20,1.0,2,0.08888888888888888,1,0.03333333333333333,0.0,0.03333333333333333,0.03333333333333333,0.0,0,0.0,0.0,0.0,-0.004540541896560141,0.00021532814838080144
212,both_vs_additive,20,0.9999999999999998,3,0.15714285714285714,0,0.0,0.0,0.0,0.0,0.0,0,0.0,0.0,0.0,,
212,both_vs_none,20,0.9999999999999998,3,0.15714285714285714,0,0.0,0.0,0.0,0.0,0.0,0,0.0,0.0,0.0,,
212,display_only_vs_none,20,0.9999999999999998,4,0.18571428571428572,0,0.0,0.0,0.0,0.0,0.0,0,0.0,0.0,0.0,,
212,mailer_only_vs_none,20,0.9999999999999998,4,0.18571428571428572,0,0.0,0.0,0.0,0.0,0.0,0,0.0,0.0,0.0,,
214,both_vs_additive,12,0.9999999999999998,1,0.06451612903225806,0,0.0,0.0,0.0,0.0,0.0,0,0.0,0.0,0.0,,
214,both_vs_none,12,0.9999999999999998,1,0.06451612903225806,0,0.0,0.0,0.0,0.0,0.0,0,0.0,0.0,0.0,,
214,display_only_vs_none,12,0.9999999999999998,1,0.06451612903225806,0,0.0,0.0,0.0,0.0,0.0,0,0.0,0.0,0.0,,
214,mailer_only_vs_none,12,0.9999999999999998,2,0.12903225806451613,0,0.0,0.0,0.0,0.0,0.0,0,0.0,0.0,0.0,,
218,both_vs_additive,19,1.0000000000000002,2,0.07272727272727272,2,0.07272727272727272,0.07272727272727272,0.03636363636363636,0.07272727272727272,0.03636363636363636,0,0.0,0.0,0.0,0.020990403073549914,0.01978629897614864
218,both_vs_none,19,1.0000000000000002,2,0.07272727272727272,2,0.07272727272727272,0.0,0.0,0.0,0.0,0,0.0,0.0,0.0,-0.002167621925844507,0.000513509505727927
218,display_only_vs_none,19,1.0000000000000002,2,0.07272727272727272,2,0.07272727272727272,0.0,0.0,0.0,0.0,0,0.0,0.0,0.0,-0.01221648489446025,-0.010508469762864191
218,mailer_only_vs_none,19,1.0000000000000002,2,0.07272727272727272,2,0.07272727272727272,0.0,0.0,0.0,0.0,0,0.0,0.0,0.0,-0.011507716201732115,-0.0076920504565957965
219,both_vs_additive,20,1.0000000000000002,1,0.11016949152542373,0,0.0,0.0,0.0,0.0,0.0,0,0.0,0.0,0.0,,
219,both_vs_none,20,1.0000000000000002,1,0.11016949152542373,0,0.0,0.0,0.0,0.0,0.0,0,0.0,0.0,0.0,,
219,display_only_vs_none,20,1.0000000000000002,2,0.1694915254237288,1,0.059322033898305086,0.0,0.0,0.0,0.0,0,0.0,0.0,0.0,-0.06157950872656754,-0.015847877612583494
219,mailer_only_vs_none,20,1.0000000000000002,1,0.11016949152542373,0,0.0,0.0,0.0,0.0,0.0,0,0.0,0.0,0.0,,
220,both_vs_additive,20,1.0000000000000002,0,0.0,0,0.0,0.0,0.0,0.0,0.0,0,0.0,0.0,0.0,,
220,both_vs_none,20,1.0000000000000002,0,0.0,0,0.0,0.0,0.0,0.0,0.0,0,0.0,0.0,0.0,,
220,display_only_vs_none,20,1.0000000000000002,1,0.09278350515463918,0,0.0,0.0,0.0,0.0,0.0,0,0.0,0.0,0.0,,
220,mailer_only_vs_none,20,1.0000000000000002,2,0.12371134020618557,0,0.0,0.0,0.0,0.0,0.0,0,0.0,0.0,0.0,,
221,both_vs_additive,20,0.9999999999999996,8,0.37037037037037035,3,0.16666666666666666,0.12962962962962962,0.12962962962962962,0.12962962962962962,0.12962962962962962,0,0.0,0.0,0.0,0.017093938952062987,0.015289777033605186
221,both_vs_none,20,0.9999999999999996,9,0.4074074074074074,4,0.2037037037037037,0.12962962962962962,0.12962962962962962,0.12962962962962962,0.12962962962962962,0,0.0,0.0,0.0,0.007414356662577637,0.004388194931120099
221,display_only_vs_none,20,0.9999999999999996,8,0.37037037037037035,4,0.2037037037037037,0.037037037037037035,0.037037037037037035,0.037037037037037035,0.037037037037037035,0,0.0,0.0,0.0,-0.0012529474742865969,-0.003240003799344798
221,mailer_only_vs_none,20,0.9999999999999996,9,0.4074074074074074,4,0.2037037037037037,0.037037037037037035,0.0,0.037037037037037035,0.0,0,0.0,0.0,0.0,-0.0029846902919473265,-0.0033477971855024632
222,both_vs_additive,20,0.9999999999999996,0,0.0,0,0.0,0.0,0.0,0.0,0.0,0,0.0,0.0,0.0,,
222,both_vs_none,20,0.9999999999999996,0,0.0,0,0.0,0.0,0.0,0.0,0.0,0,0.0,0.0,0.0,,
222,display_only_vs_none,20,0.9999999999999996,0,0.0,0,0.0,0.0,0.0,0.0,0.0,0,0.0,0.0,0.0,,
222,mailer_only_vs_none,20,0.9999999999999997,1,0.041379310344827586,0,0.0,0.0,0.0,0.0,0.0,0,0.0,0.0,0.0,,
226,both_vs_additive,13,1.0,2,0.1875,0,0.0,0.0,0.0,0.0,0.0,0,0.0,0.0,0.0,,
226,both_vs_none,13,1.0,3,0.25,0,0.0,0.0,0.0,0.0,0.0,0,0.0,0.0,0.0,,
226,display_only_vs_none,13,1.0,4,0.3125,0,0.0,0.0,0.0,0.0,0.0,0,0.0,0.0,0.0,,
226,mailer_only_vs_none,13,1.0,3,0.25,0,0.0,0.0,0.0,0.0,0.0,0,0.0,0.0,0.0,,
227,both_vs_additive,20,1.0000000000000002,0,0.0,0,0.0,0.0,0.0,0.0,0.0,0,0.0,0.0,0.0,,
227,both_vs_none,20,1.0000000000000002,0,0.0,0,0.0,0.0,0.0,0.0,0.0,0,0.0,0.0,0.0,,
227,display_only_vs_none,20,1.0000000000000002,1,0.09259259259259259,0,0.0,0.0,0.0,0.0,0.0,1,0.09259259259259259,0.09259259259259259,0.09259259259259259,,
227,mailer_only_vs_none,20,1.0000000000000002,2,0.17901234567901234,0,0.0,0.0,0.0,0.0,0.0,1,0.09259259259259259,0.09259259259259259,0.09259259259259259,,
228,both_vs_additive,16,1.0000000000000004,0,0.0,0,0.0,0.0,0.0,0.0,0.0,0,0.0,0.0,0.0,,
228,both_vs_none,16,1.0000000000000004,1,0.04878048780487805,0,0.0,0.0,0.0,0.0,0.0,0,0.0,0.0,0.0,,
228,display_only_vs_none,16,1.0000000000000004,1,0.04878048780487805,0,0.0,0.0,0.0,0.0,0.0,0,0.0,0.0,0.0,,
228,mailer_only_vs_none,16,1.0000000000000004,1,0.04878048780487805,0,0.0,0.0,0.0,0.0,0.0,0,0.0,0.0,0.0,,
232,both_vs_additive,20,1.0,3,0.136986301369863,1,0.03424657534246575,0.0,0.0,0.0,0.0,0,0.0,0.0,0.0,-0.014668860542808916,-0.008923016398955288
232,both_vs_none,20,1.0,3,0.136986301369863,1,0.03424657534246575,0.03424657534246575,0.0,0.03424657534246575,0.0,0,0.0,0.0,0.0,0.013326077512069559,0.0028637770897832816
232,display_only_vs_none,20,0.9999999999999999,4,0.17123287671232876,2,0.0684931506849315,0.03424657534246575,0.03424657534246575,0.03424657534246575,0.03424657534246575,0,0.0,0.0,0.0,0.012009194897594666,0.004122498776982914
232,mailer_only_vs_none,20,1.0,3,0.136986301369863,1,0.03424657534246575,0.03424657534246575,0.0,0.03424657534246575,0.0,0,0.0,0.0,0.0,0.008831521739130434,-0.00028920934562619467
236,both_vs_additive,20,1.0,2,0.11428571428571428,1,0.04285714285714286,0.04285714285714286,0.0,0.04285714285714286,0.0,0,0.0,0.0,0.0,0.011671364168835293,0.017323537206823055
236,both_vs_none,20,1.0,2,0.11428571428571428,1,0.04285714285714286,0.0,0.0,0.0,0.0,0,0.0,0.0,0.0,0.005561485543565982,0.0032824908608400133
236,display_only_vs_none,20,1.0,2,0.11428571428571428,1,0.04285714285714286,0.0,0.0,0.0,0.0,0,0.0,0.0,0.0,-0.0038232147578032526,-0.008058654834500863
236,mailer_only_vs_none,20,0.9999999999999999,3,0.17142857142857143,1,0.04285714285714286,0.0,0.0,0.0,0.0,0,0.0,0.0,0.0,-0.0029470563350881586,-0.005982391511482188
238,both_vs_additive,6,0.9999999999999998,0,0.0,0,0.0,0.0,0.0,0.0,0.0,0,0.0,0.0,0.0,,
238,both_vs_none,6,0.9999999999999998,0,0.0,0,0.0,0.0,0.0,0.0,0.0,0,0.0,0.0,0.0,,
238,display_only_vs_none,6,0.9999999999999998,0,0.0,0,0.0,0.0,0.0,0.0,0.0,0,0.0,0.0,0.0,,
238,mailer_only_vs_none,6,0.9999999999999998,1,0.14285714285714285,0,0.0,0.0,0.0,0.0,0.0,0,0.0,0.0,0.0,,
239,both_vs_additive,20,0.9999999999999998,4,0.18018018018018017,0,0.0,0.0,0.0,0.0,0.0,0,0.0,0.0,0.0,,
239,both_vs_none,20,0.9999999999999998,4,0.18018018018018017,0,0.0,0.0,0.0,0.0,0.0,0,0.0,0.0,0.0,,
239,display_only_vs_none,20,0.9999999999999998,6,0.2882882882882883,0,0.0,0.0,0.0,0.0,0.0,1,0.036036036036036036,0.036036036036036036,0.036036036036036036,,
239,mailer_only_vs_none,20,0.9999999999999998,4,0.18018018018018017,0,0.0,0.0,0.0,0.0,0.0,0,0.0,0.0,0.0,,
242,both_vs_additive,20,0.9999999999999996,5,0.3548387096774194,1,0.08064516129032258,0.08064516129032258,0.08064516129032258,0.08064516129032258,0.08064516129032258,0,0.0,0.0,0.0,0.030309441978264528,0.02224906074547422
242,both_vs_none,20,0.9999999999999996,5,0.3548387096774194,1,0.08064516129032258,0.0,0.0,0.0,0.0,0,0.0,0.0,0.0,-0.009896729395254995,-0.0022554718493841587
242,display_only_vs_none,20,0.9999999999999996,5,0.3548387096774194,1,0.08064516129032258,0.0,0.0,0.0,0.0,0,0.0,0.0,0.0,-0.020609755031117248,-0.01295828469122752
242,mailer_only_vs_none,20,0.9999999999999996,5,0.3548387096774194,1,0.08064516129032258,0.0,0.0,0.0,0.0,0,0.0,0.0,0.0,-0.02006837606837607,-0.009401709401709403
243,both_vs_additive,18,1.0000000000000002,3,0.24999999999999997,0,0.0,0.0,0.0,0.0,0.0,0,0.0,0.0,0.0,,
243,both_vs_none,18,1.0000000000000002,3,0.24999999999999997,1,0.03333333333333333,0.03333333333333333,0.03333333333333333,0.03333333333333333,0.03333333333333333,0,0.0,0.0,0.0,0.04166208791208791,0.01872710622710623
243,display_only_vs_none,18,1.0000000000000002,4,0.2833333333333333,1,0.03333333333333333,0.03333333333333333,0.03333333333333333,0.03333333333333333,0.03333333333333333,0,0.0,0.0,0.0,0.03919230879486297,0.014758717562443409
243,mailer_only_vs_none,18,1.0000000000000002,4,0.3,0,0.0,0.0,0.0,0.0,0.0,0,0.0,0.0,0.0,,
244,both_vs_additive,20,1.0,0,0.0,0,0.0,0.0,0.0,0.0,0.0,0,0.0,0.0,0.0,,
244,both_vs_none,20,1.0,1,0.047619047619047616,0,0.0,0.0,0.0,0.0,0.0,0,0.0,0.0,0.0,,
244,display_only_vs_none,20,1.0,0,0.0,0,0.0,0.0,0.0,0.0,0.0,0,0.0,0.0,0.0,,
244,mailer_only_vs_none,20,1.0,1,0.047619047619047616,0,0.0,0.0,0.0,0.0,0.0,0,0.0,0.0,0.0,,
249,both_vs_additive,12,0.9999999999999996,3,0.3548387096774193,0,0.0,0.0,0.0,0.0,0.0,0,0.0,0.0,0.0,,
249,both_vs_none,12,0.9999999999999996,3,0.3548387096774193,0,0.0,0.0,0.0,0.0,0.0,0,0.0,0.0,0.0,,
249,display_only_vs_none,12,0.9999999999999998,5,0.48387096774193544,0,0.0,0.0,0.0,0.0,0.0,0,0.0,0.0,0.0,,
249,mailer_only_vs_none,12,0.9999999999999998,5,0.48387096774193544,0,0.0,0.0,0.0,0.0,0.0,0,0.0,0.0,0.0,,
250,both_vs_additive,20,0.9999999999999998,2,0.09302325581395349,1,0.023255813953488372,0.023255813953488372,0.0,0.023255813953488372,0.0,0,0.0,0.0,0.0,0.007468705092873997,0.0003739767027040597
250,both_vs_none,20,0.9999999999999998,2,0.09302325581395349,1,0.023255813953488372,0.023255813953488372,0.023255813953488372,0.023255813953488372,0.023255813953488372,0,0.0,0.0,0.0,0.013535266295423714,0.004887377739701576
250,display_only_vs_none,20,0.9999999999999998,3,0.16279069767441862,2,0.09302325581395349,0.023255813953488372,0.023255813953488372,0.023255813953488372,0.023255813953488372,0,0.0,0.0,0.0,-0.04292919980074231,-0.010208550452861688
250,mailer_only_vs_none,20,0.9999999999999998,2,0.09302325581395349,1,0.023255813953488372,0.0,0.0,0.0,0.0,0,0.0,0.0,0.0,-0.004708657767890249,-0.0011517426770485725
251,both_vs_additive,12,1.0,0,0.0,0,0.0,0.0,0.0,0.0,0.0,0,0.0,0.0,0.0,,
251,both_vs_none,12,1.0,2,0.16666666666666666,0,0.0,0.0,0.0,0.0,0.0,0,0.0,0.0,0.0,,
251,display_only_vs_none,12,1.0,3,0.25,2,0.16666666666666666,0.08333333333333333,0.08333333333333333,0.08333333333333333,0.08333333333333333,0,0.0,0.0,0.0,0.011910434438927087,0.0017293106758832567
251,mailer_only_vs_none,12,1.0,5,0.41666666666666663,2,0.16666666666666666,0.0,0.0,0.0,0.0,0,0.0,0.0,0.0,-0.008402633889412568,-0.00369988317677663
253,both_vs_additive,20,1.0,3,0.10952380952380952,0,0.0,0.0,0.0,0.0,0.0,0,0.0,0.0,0.0,,
253,both_vs_none,20,1.0,3,0.10952380952380952,0,0.0,0.0,0.0,0.0,0.0,0,0.0,0.0,0.0,,
253,display_only_vs_none,20,1.0,3,0.10952380952380952,0,0.0,0.0,0.0,0.0,0.0,0,0.0,0.0,0.0,,
253,mailer_only_vs_none,20,1.0,4,0.19999999999999998,0,0.0,0.0,0.0,0.0,0.0,0,0.0,0.0,0.0,,
256,both_vs_additive,20,0.9999999999999999,3,0.15270935960591134,0,0.0,0.0,0.0,0.0,0.0,0,0.0,0.0,0.0,,
256,both_vs_none,20,0.9999999999999999,5,0.24630541871921183,0,0.0,0.0,0.0,0.0,0.0,0,0.0,0.0,0.0,,
256,display_only_vs_none,20,1.0,5,0.2512315270935961,1,0.059113300492610835,0.0,0.0,0.0,0.0,0,0.0,0.0,0.0,-0.017970121381886084,-0.007280465949820788
256,mailer_only_vs_none,20,1.0,7,0.3399014778325123,1,0.059113300492610835,0.0,0.0,0.0,0.0,2,0.11330049261083744,0.11330049261083744,0.054187192118226604,-0.016805267778825135,-0.00739976635355326
257,both_vs_additive,8,1.0,3,0.4,0,0.0,0.0,0.0,0.0,0.0,0,0.0,0.0,0.0,,
257,both_vs_none,8,1.0,3,0.4,0,0.0,0.0,0.0,0.0,0.0,0,0.0,0.0,0.0,,
257,display_only_vs_none,8,1.0,3,0.4,0,0.0,0.0,0.0,0.0,0.0,0,0.0,0.0,0.0,,
257,mailer_only_vs_none,8,1.0,3,0.4,0,0.0,0.0,0.0,0.0,0.0,0,0.0,0.0,0.0,,
262,both_vs_additive,12,0.9999999999999998,1,0.08,0,0.0,0.0,0.0,0.0,0.0,0,0.0,0.0,0.0,,
262,both_vs_none,12,0.9999999999999998,1,0.08,0,0.0,0.0,0.0,0.0,0.0,0,0.0,0.0,0.0,,
262,display_only_vs_none,12,0.9999999999999998,1,0.08,0,0.0,0.0,0.0,0.0,0.0,0,0.0,0.0,0.0,,
262,mailer_only_vs_none,12,0.9999999999999998,1,0.08,0,0.0,0.0,0.0,0.0,0.0,0,0.0,0.0,0.0,,
263,both_vs_additive,20,0.9999999999999996,4,0.3522727272727273,1,0.045454545454545456,0.045454545454545456,0.045454545454545456,0.045454545454545456,0.045454545454545456,0,0.0,0.0,0.0,0.06888543039086517,0.008195862130072656
263,both_vs_none,20,0.9999999999999996,4,0.3522727272727273,1,0.045454545454545456,0.0,0.0,0.0,0.0,0,0.0,0.0,0.0,0.0017575757575757631,0.0
263,display_only_vs_none,20,0.9999999999999996,4,0.3522727272727273,1,0.045454545454545456,0.0,0.0,0.0,0.0,0,0.0,0.0,0.0,-0.01988095238095238,-0.010869565217391304
263,mailer_only_vs_none,20,0.9999999999999996,4,0.3522727272727273,1,0.045454545454545456,0.0,0.0,0.0,0.0,0,0.0,0.0,0.0,-0.008747619047619047,-0.0007803703529097455
266,both_vs_additive,20,0.9999999999999998,4,0.26923076923076916,2,0.10256410256410256,0.10256410256410256,0.05128205128205128,0.10256410256410256,0.05128205128205128,2,0.08974358974358974,0.05128205128205128,0.0,0.07780325617699174,0.052130799572442495
266,both_vs_none,20,0.9999999999999998,5,0.3076923076923077,2,0.10256410256410256,0.05128205128205128,0.05128205128205128,0.05128205128205128,0.05128205128205128,2,0.08974358974358974,0.08974358974358974,0.08974358974358974,0.023469015851360416,0.012811596818162697
266,display_only_vs_none,20,0.9999999999999998,6,0.3589743589743589,3,0.14102564102564102,0.0,0.0,0.0,0.0,4,0.1794871794871795,0.1282051282051282,0.1282051282051282,-0.009012905518651904,-0.011061089126284198
266,mailer_only_vs_none,20,0.9999999999999998,6,0.3589743589743589,3,0.14102564102564102,0.0,0.0,0.0,0.0,3,0.1282051282051282,0.08974358974358974,0.08974358974358974,-0.005654911697893459,-0.004193533191508048
269,both_vs_additive,6,1.0,2,0.2631578947368421,0,0.0,0.0,0.0,0.0,0.0,0,0.0,0.0,0.0,,
269,both_vs_none,6,1.0,2,0.2631578947368421,1,0.10526315789473684,0.10526315789473684,0.10526315789473684,0.10526315789473684,0.10526315789473684,0,0.0,0.0,0.0,0.04166208791208791,0.018727106227106226
269,display_only_vs_none,6,1.0,2,0.2631578947368421,1,0.10526315789473684,0.10526315789473684,0.10526315789473684,0.10526315789473684,0.10526315789473684,0,0.0,0.0,0.0,0.03919230879486297,0.014758717562443409
269,mailer_only_vs_none,6,1.0,2,0.2631578947368421,0,0.0,0.0,0.0,0.0,0.0,0,0.0,0.0,0.0,,
271,both_vs_additive,10,0.9999999999999999,1,0.061224489795918366,0,0.0,0.0,0.0,0.0,0.0,0,0.0,0.0,0.0,,
271,both_vs_none,10,0.9999999999999999,1,0.061224489795918366,0,0.0,0.0,0.0,0.0,0.0,0,0.0,0.0,0.0,,
271,display_only_vs_none,10,0.9999999999999999,1,0.061224489795918366,0,0.0,0.0,0.0,0.0,0.0,0,0.0,0.0,0.0,,
271,mailer_only_vs_none,10,0.9999999999999999,1,0.061224489795918366,0,0.0,0.0,0.0,0.0,0.0,0,0.0,0.0,0.0,,
273,both_vs_additive,7,1.0,4,0.5555555555555556,2,0.2777777777777778,0.2777777777777778,0.1111111111111111,0.2777777777777778,0.1111111111111111,1,0.1111111111111111,0.1111111111111111,0.0,0.012266935506269887,0.012205315901595194
273,both_vs_none,7,1.0,4,0.5555555555555556,2,0.2777777777777778,0.0,0.0,0.0,0.0,1,0.1111111111111111,0.0,0.0,0.005833093653224267,0.0026614137084232
273,display_only_vs_none,7,1.0,4,0.5555555555555556,2,0.2777777777777778,0.0,0.0,0.0,0.0,1,0.1111111111111111,0.0,0.0,-0.0046285970429449114,-0.005381912868882357
273,mailer_only_vs_none,7,1.0,4,0.5555555555555556,2,0.2777777777777778,0.0,0.0,0.0,0.0,1,0.1111111111111111,0.0,0.1111111111111111,-0.0016253766581957516,-0.0037267269259017607
275,both_vs_additive,20,1.0,2,0.1588785046728972,1,0.04672897196261682,0.04672897196261682,0.0,0.04672897196261682,0.0,0,0.0,0.0,0.0,0.011671364168835293,0.017323537206823055
275,both_vs_none,20,1.0,2,0.1588785046728972,1,0.04672897196261682,0.0,0.0,0.0,0.0,0,0.0,0.0,0.0,0.005561485543565982,0.003282490860840013
275,display_only_vs_none,20,1.0,3,0.2523364485981308,1,0.04672897196261682,0.0,0.0,0.0,0.0,0,0.0,0.0,0.0,-0.003823214757803252,-0.008058654834500863
275,mailer_only_vs_none,20,1.0,6,0.3644859813084112,1,0.04672897196261682,0.0,0.0,0.0,0.0,0,0.0,0.0,0.0,-0.002947056335088159,-0.005982391511482188
277,both_vs_additive,5,1.0,2,0.23529411764705882,1,0.11764705882352941,0.11764705882352941,0.0,0.11764705882352941,0.0,0,0.0,0.0,0.0,0.011671364168835293,0.017323537206823055
277,both_vs_none,5,1.0,2,0.23529411764705882,1,0.11764705882352941,0.0,0.0,0.0,0.0,0,0.0,0.0,0.0,0.005561485543565982,0.003282490860840013
277,display_only_vs_none,5,1.0,2,0.23529411764705882,1,0.11764705882352941,0.0,0.0,0.0,0.0,0,0.0,0.0,0.0,-0.0038232147578032526,-0.008058654834500863
277,mailer_only_vs_none,5,1.0,2,0.23529411764705882,1,0.11764705882352941,0.0,0.0,0.0,0.0,0,0.0,0.0,0.0,-0.0029470563350881586,-0.005982391511482188
278,both_vs_additive,20,0.9999999999999998,4,0.2857142857142857,2,0.08928571428571427,0.05357142857142857,0.0,0.05357142857142857,0.0,0,0.0,0.0,0.0,0.008430108812189687,0.011886475964123637
278,both_vs_none,20,0.9999999999999998,4,0.2857142857142857,2,0.08928571428571427,0.0,0.0,0.0,0.0,0,0.0,0.0,0.0,-0.000492168204649471,-0.0007842814124722341
278,display_only_vs_none,20,0.9999999999999998,5,0.3214285714285714,3,0.12499999999999999,0.0,0.0,0.0,0.0,0,0.0,0.0,0.0,-0.004562768590483907,-0.005072329234312904
278,mailer_only_vs_none,20,0.9999999999999998,4,0.2857142857142857,2,0.08928571428571427,0.0,0.0,0.0,0.0,0,0.0,0.0,0.0,-0.002140904608506312,-0.004003513581837554
280,both_vs_additive,7,1.0,2,0.375,0,0.0,0.0,0.0,0.0,0.0,0,0.0,0.0,0.0,,
280,both_vs_none,7,1.0,2,0.375,0,0.0,0.0,0.0,0.0,0.0,0,0.0,0.0,0.0,,
280,display_only_vs_none,7,1.0,2,0.375,0,0.0,0.0,0.0,0.0,0.0,0,0.0,0.0,0.0,,
280,mailer_only_vs_none,7,1.0,2,0.375,0,0.0,0.0,0.0,0.0,0.0,0,0.0,0.0,0.0,,
281,both_vs_additive,20,1.0,2,0.1875,1,0.140625,0.140625,0.140625,0.140625,0.140625,0,0.0,0.0,0.0,0.16836150148988288,0.04128756979795421
281,both_vs_none,20,1.0,2,0.1875,1,0.140625,0.0,0.0,0.0,0.0,0,0.0,0.0,0.0,-0.07045406843319933,-0.0015695903236861222
281,display_only_vs_none,20,1.0,2,0.1875,1,0.140625,0.0,0.0,0.0,0.0,0,0.0,0.0,0.0,-0.10056833513172979,-0.016514079457296535
281,mailer_only_vs_none,20,1.0,3,0.234375,1,0.140625,0.0,0.0,0.0,0.0,0,0.0,0.0,0.0,-0.13824723479135242,-0.026096656611362498
282,both_vs_additive,17,0.9999999999999996,2,0.10526315789473684,1,0.05263157894736842,0.05263157894736842,0.05263157894736842,0.05263157894736842,0.05263157894736842,1,0.05263157894736842,0.0,0.0,0.030309441978264528,0.02224906074547422
282,both_vs_none,17,0.9999999999999996,2,0.10526315789473684,1,0.05263157894736842,0.0,0.0,0.0,0.0,1,0.05263157894736842,0.0,0.0,-0.009896729395254995,-0.0022554718493841587
282,display_only_vs_none,17,0.9999999999999996,3,0.15789473684210525,1,0.05263157894736842,0.0,0.0,0.0,0.0,1,0.05263157894736842,0.05263157894736842,0.05263157894736842,-0.020609755031117248,-0.01295828469122752
282,mailer_only_vs_none,17,0.9999999999999996,4,0.23684210526315788,1,0.05263157894736842,0.0,0.0,0.0,0.0,1,0.05263157894736842,0.05263157894736842,0.05263157894736842,-0.02006837606837607,-0.009401709401709403
285,both_vs_additive,14,0.9999999999999998,2,0.15151515151515152,1,0.09090909090909091,0.09090909090909091,0.09090909090909091,0.09090909090909091,0.09090909090909091,0,0.0,0.0,0.0,0.030309441978264528,0.02224906074547422
285,both_vs_none,14,0.9999999999999998,2,0.15151515151515152,1,0.09090909090909091,0.0,0.0,0.0,0.0,0,0.0,0.0,0.0,-0.009896729395254995,-0.0022554718493841587
285,display_only_vs_none,14,0.9999999999999998,2,0.15151515151515152,1,0.09090909090909091,0.0,0.0,0.0,0.0,0,0.0,0.0,0.0,-0.020609755031117248,-0.012958284691227522
285,mailer_only_vs_none,14,0.9999999999999998,3,0.24242424242424243,1,0.09090909090909091,0.0,0.0,0.0,0.0,0,0.0,0.0,0.0,-0.02006837606837607,-0.009401709401709403
288,both_vs_additive,9,0.9999999999999999,1,0.1,1,0.1,0.1,0.0,0.1,0.0,0,0.0,0.0,0.0,0.011671364168835291,0.017323537206823055
288,both_vs_none,9,0.9999999999999999,2,0.2,1,0.1,0.0,0.0,0.0,0.0,0,0.0,0.0,0.0,0.005561485543565982,0.0032824908608400133
288,display_only_vs_none,9,0.9999999999999999,1,0.1,1,0.1,0.0,0.0,0.0,0.0,0,0.0,0.0,0.0,-0.0038232147578032526,-0.008058654834500863
288,mailer_only_vs_none,9,0.9999999999999999,2,0.2,1,0.1,0.0,0.0,0.0,0.0,0,0.0,0.0,0.0,-0.0029470563350881586,-0.005982391511482189
292,both_vs_additive,8,1.0000000000000002,1,0.1111111111111111,0,0.0,0.0,0.0,0.0,0.0,0,0.0,0.0,0.0,,
292,both_vs_none,8,1.0000000000000002,1,0.1111111111111111,0,0.0,0.0,0.0,0.0,0.0,0,0.0,0.0,0.0,,
292,display_only_vs_none,8,1.0000000000000002,2,0.2777777777777778,1,0.16666666666666666,0.0,0.0,0.0,0.0,0,0.0,0.0,0.0,-0.06157950872656754,-0.015847877612583494
292,mailer_only_vs_none,8,1.0000000000000002,1,0.1111111111111111,0,0.0,0.0,0.0,0.0,0.0,0,0.0,0.0,0.0,,
293,both_vs_additive,10,0.9999999999999998,2,0.28,1,0.12,0.0,0.0,0.0,0.0,0,0.0,0.0,0.0,-0.009428287658487113,-6.331144583812676e-05
293,both_vs_none,10,0.9999999999999998,3,0.36000000000000004,1,0.12,0.12,0.12,0.12,0.12,0,0.0,0.0,0.0,0.046018653838346926,0.017053027445988855
293,display_only_vs_none,10,0.9999999999999998,3,0.36000000000000004,1,0.12,0.12,0.12,0.12,0.12,0,0.0,0.0,0.0,0.026171438105598695,0.007455165327337752
293,mailer_only_vs_none,10,0.9999999999999999,4,0.44000000000000006,1,0.12,0.12,0.12,0.12,0.12,0,0.0,0.0,0.0,0.03505704365079365,0.013416005291005291
294,both_vs_additive,20,1.0000000000000002,3,0.1956521739130435,0,0.0,0.0,0.0,0.0,0.0,0,0.0,0.0,0.0,,
294,both_vs_none,20,1.0000000000000002,3,0.1956521739130435,1,0.07065217391304347,0.07065217391304347,0.07065217391304347,0.07065217391304347,0.07065217391304347,0,0.0,0.0,0.0,0.009946581196581199,0.004896723646723647
294,display_only_vs_none,20,1.0000000000000002,4,0.2282608695652174,1,0.07065217391304347,0.07065217391304347,0.07065217391304347,0.07065217391304347,0.07065217391304347,0,0.0,0.0,0.0,0.018516409164775406,0.0072507662948430454
294,mailer_only_vs_none,20,1.0000000000000002,4,0.2282608695652174,1,0.07065217391304347,0.07065217391304347,0.0,0.07065217391304347,0.0,0,0.0,0.0,0.0,0.06360998023767421,0.008201694139194141
300,both_vs_additive,20,0.9999999999999999,2,0.16417910447761191,0,0.0,0.0,0.0,0.0,0.0,0,0.0,0.0,0.0,,
300,both_vs_none,20,0.9999999999999999,2,0.16417910447761191,0,0.0,0.0,0.0,0.0,0.0,0,0.0,0.0,0.0,,
300,display_only_vs_none,20,0.9999999999999999,3,0.25373134328358204,1,0.08955223880597014,0.08955223880597014,0.08955223880597014,0.08955223880597014,0.08955223880597014,1,0.08955223880597014,0.08955223880597014,0.08955223880597014,0.017326660471881063,0.004485599057725228
300,mailer_only_vs_none,20,0.9999999999999999,2,0.16417910447761191,0,0.0,0.0,0.0,0.0,0.0,0,0.0,0.0,0.0,,
301,both_vs_additive,20,0.9999999999999996,2,0.08641975308641975,0,0.0,0.0,0.0,0.0,0.0,0,0.0,0.0,0.0,,
301,both_vs_none,20,0.9999999999999996,2,0.08641975308641975,0,0.0,0.0,0.0,0.0,0.0,0,0.0,0.0,0.0,,
301,display_only_vs_none,20,0.9999999999999997,3,0.16049382716049382,0,0.0,0.0,0.0,0.0,0.0,1,0.07407407407407407,0.0,0.0,,
301,mailer_only_vs_none,20,0.9999999999999997,3,0.16049382716049382,0,0.0,0.0,0.0,0.0,0.0,1,0.07407407407407407,0.0,0.0,,
302,both_vs_additive,7,1.0,3,0.4117647058823529,1,0.11764705882352941,0.0,0.0,0.0,0.0,0,0.0,0.0,0.0,-0.04554927330733782,-0.022977102642174414
302,both_vs_none,7,1.0,3,0.4117647058823529,1,0.11764705882352941,0.0,0.0,0.0,0.0,0,0.0,0.0,0.0,0.0,0.0
302,display_only_vs_none,7,1.0,3,0.4117647058823529,1,0.11764705882352941,0.0,0.0,0.0,0.0,0,0.0,0.0,0.0,-0.009750985125985125,-0.004371704684204684
302,mailer_only_vs_none,7,1.0,4,0.5294117647058824,1,0.11764705882352941,0.0,0.0,0.0,0.0,0,0.0,0.0,0.0,0.001218253968253969,0.0010912698412698417
304,both_vs_additive,20,0.9999999999999997,1,0.1702127659574468,0,0.0,0.0,0.0,0.0,0.0,0,0.0,0.0,0.0,,
304,both_vs_none,20,0.9999999999999997,1,0.1702127659574468,0,0.0,0.0,0.0,0.0,0.0,0,0.0,0.0,0.0,,
304,display_only_vs_none,20,0.9999999999999997,2,0.2127659574468085,0,0.0,0.0,0.0,0.0,0.0,0,0.0,0.0,0.0,,
304,mailer_only_vs_none,20,0.9999999999999997,3,0.2765957446808511,1,0.0425531914893617,0.0,0.0,0.0,0.0,0,0.0,0.0,0.0,-0.011694311767260093,-0.006795484151107251
305,both_vs_additive,10,1.0000000000000002,1,0.09090909090909091,1,0.09090909090909091,0.09090909090909091,0.09090909090909091,0.09090909090909091,0.09090909090909091,1,0.09090909090909091,0.09090909090909091,0.09090909090909091,0.01316029251242178,0.004527983943753406
305,both_vs_none,10,1.0000000000000002,1,0.09090909090909091,1,0.09090909090909091,0.0,0.0,0.0,0.0,1,0.09090909090909091,0.09090909090909091,0.09090909090909091,0.006240505817711698,0.0017297979797979805
305,display_only_vs_none,10,1.0000000000000002,1,0.09090909090909091,1,0.09090909090909091,0.0,0.0,0.0,0.0,1,0.09090909090909091,0.0,0.0,-0.0058366704706574,-0.0013667999204545998
305,mailer_only_vs_none,10,1.0000000000000002,1,0.09090909090909091,1,0.09090909090909091,0.0,0.0,0.0,0.0,1,0.09090909090909091,0.0,0.0,0.00035714285714285796,-0.0003432300475311213
306,both_vs_additive,20,1.0000000000000004,4,0.1951219512195122,1,0.036585365853658534,0.036585365853658534,0.0,0.036585365853658534,0.0,0,0.0,0.0,0.0,0.011671364168835293,0.017323537206823055
306,both_vs_none,20,1.0000000000000004,5,0.2926829268292683,1,0.036585365853658534,0.0,0.0,0.0,0.0,0,0.0,0.0,0.0,0.005561485543565982,0.003282490860840013
306,display_only_vs_none,20,1.0000000000000002,7,0.3780487804878048,1,0.036585365853658534,0.0,0.0,0.0,0.0,0,0.0,0.0,0.0,-0.0038232147578032526,-0.008058654834500863
306,mailer_only_vs_none,20,1.0000000000000002,9,0.4756097560975609,2,0.08536585365853658,0.0,0.0,0.0,0.0,0,0.0,0.0,0.0,-0.00794548801061498,-0.006447015876982226
317,both_vs_additive,20,1.0,4,0.26153846153846155,2,0.07692307692307693,0.07692307692307693,0.03076923076923077,0.07692307692307693,0.03076923076923077,0,0.0,0.0,0.0,0.04941430632677772,-0.004262878114890497
317,both_vs_none,20,1.0,5,0.2923076923076923,2,0.07692307692307693,0.0,0.0,0.0,0.0,1,0.03076923076923077,0.0,0.0,-0.010179345647995532,-0.013215709284359167
317,display_only_vs_none,20,1.0,6,0.36923076923076925,4,0.18461538461538463,0.0,0.0,0.0,0.0,1,0.03076923076923077,0.0,0.0,-0.0366265599582163,-0.013756797911622182
317,mailer_only_vs_none,20,1.0000000000000002,5,0.2923076923076923,3,0.1076923076923077,0.0,0.0,0.0,0.0,0,0.0,0.0,0.0,-0.022699899417156406,-0.010537077258884772
319,both_vs_additive,20,1.0,4,0.23214285714285715,1,0.03571428571428571,0.0,0.03571428571428571,0.03571428571428571,0.0,0,0.0,0.0,0.0,-0.00462882819110097,0.006938139500882644
319,both_vs_none,20,1.0,4,0.23214285714285715,1,0.03571428571428571,0.03571428571428571,0.03571428571428571,0.03571428571428571,0.03571428571428571,0,0.0,0.0,0.0,0.02642962337789924,0.01472768132250891
319,display_only_vs_none,20,1.0,5,0.26785714285714285,2,0.07142857142857142,0.03571428571428571,0.0,0.03571428571428571,0.0,0,0.0,0.0,0.0,9.040422102969667e-05,-0.001849726168067191
319,mailer_only_vs_none,20,0.9999999999999999,5,0.30357142857142855,1,0.03571428571428571,0.03571428571428571,0.03571428571428571,0.03571428571428571,0.03571428571428571,0,0.0,0.0,0.0,0.028361716603149803,0.009923544264849099
321,both_vs_additive,20,1.0,1,0.05434782608695652,0,0.0,0.0,0.0,0.0,0.0,0,0.0,0.0,0.0,,
321,both_vs_none,20,1.0,1,0.05434782608695652,0,0.0,0.0,0.0,0.0,0.0,0,0.0,0.0,0.0,,
321,display_only_vs_none,20,1.0,1,0.05434782608695652,0,0.0,0.0,0.0,0.0,0.0,0,0.0,0.0,0.0,,
321,mailer_only_vs_none,20,1.0,1,0.05434782608695652,0,0.0,0.0,0.0,0.0,0.0,0,0.0,0.0,0.0,,
324,both_vs_additive,20,1.0,2,0.13924050632911392,1,0.08860759493670886,0.08860759493670886,0.08860759493670886,0.08860759493670886,0.08860759493670886,0,0.0,0.0,0.0,0.16836150148988288,0.04128756979795421
324,both_vs_none,20,1.0,3,0.20253164556962025,1,0.08860759493670886,0.0,0.0,0.0,0.0,0,0.0,0.0,0.0,-0.07045406843319933,-0.0015695903236861224
324,display_only_vs_none,20,1.0,2,0.13924050632911392,1,0.08860759493670886,0.0,0.0,0.0,0.0,0,0.0,0.0,0.0,-0.10056833513172979,-0.016514079457296535
324,mailer_only_vs_none,20,1.0,3,0.20253164556962025,1,0.08860759493670886,0.0,0.0,0.0,0.0,0,0.0,0.0,0.0,-0.13824723479135242,-0.026096656611362498
325,both_vs_additive,13,1.0000000000000002,3,0.2413793103448276,1,0.06896551724137931,0.06896551724137931,0.06896551724137931,0.06896551724137931,0.06896551724137931,0,0.0,0.0,0.0,0.1439351481851482,0.08693806193806193
325,both_vs_none,13,1.0000000000000002,3,0.2413793103448276,1,0.06896551724137931,0.06896551724137931,0.06896551724137931,0.06896551724137931,0.06896551724137931,0,0.0,0.0,0.0,0.041376546159154856,0.02234070277548538
325,display_only_vs_none,13,1.0000000000000002,3,0.2413793103448276,1,0.06896551724137931,0.0,0.0,0.0,0.0,0,0.0,0.0,0.0,-0.007484684382074922,-0.01689899080041509
325,mailer_only_vs_none,13,1.0000000000000002,3,0.2413793103448276,1,0.06896551724137931,0.0,0.0,0.0,0.0,0,0.0,0.0,0.0,0.0,0.0
327,both_vs_additive,5,1.0,2,0.45454545454545453,0,0.0,0.0,0.0,0.0,0.0,0,0.0,0.0,0.0,,
327,both_vs_none,5,1.0,2,0.45454545454545453,0,0.0,0.0,0.0,0.0,0.0,0,0.0,0.0,0.0,,
327,display_only_vs_none,5,1.0,2,0.45454545454545453,0,0.0,0.0,0.0,0.0,0.0,0,0.0,0.0,0.0,,
327,mailer_only_vs_none,5,1.0,2,0.45454545454545453,0,0.0,0.0,0.0,0.0,0.0,0,0.0,0.0,0.0,,
328,both_vs_additive,20,1.0,2,0.15652173913043477,1,0.11304347826086956,0.11304347826086956,0.11304347826086956,0.11304347826086956,0.11304347826086956,0,0.0,0.0,0.0,0.1683615014898829,0.04128756979795421
328,both_vs_none,20,1.0,2,0.15652173913043477,1,0.11304347826086956,0.0,0.0,0.0,0.0,0,0.0,0.0,0.0,-0.07045406843319933,-0.0015695903236861224
328,display_only_vs_none,20,1.0,3,0.20869565217391303,1,0.11304347826086956,0.0,0.0,0.0,0.0,0,0.0,0.0,0.0,-0.10056833513172979,-0.016514079457296535
328,mailer_only_vs_none,20,1.0,4,0.2608695652173913,2,0.16521739130434782,0.0,0.0,0.0,0.0,1,0.05217391304347826,0.0,0.0,-0.09701070300528504,-0.021485371220478517
329,both_vs_additive,12,1.0,0,0.0,0,0.0,0.0,0.0,0.0,0.0,0,0.0,0.0,0.0,,
329,both_vs_none,12,1.0,0,0.0,0,0.0,0.0,0.0,0.0,0.0,0,0.0,0.0,0.0,,
329,display_only_vs_none,12,1.0,0,0.0,0,0.0,0.0,0.0,0.0,0.0,0,0.0,0.0,0.0,,
329,mailer_only_vs_none,12,1.0,1,0.058823529411764705,0,0.0,0.0,0.0,0.0,0.0,0,0.0,0.0,0.0,,
334,both_vs_additive,20,1.0000000000000004,1,0.0297029702970297,1,0.0297029702970297,0.0297029702970297,0.0297029702970297,0.0297029702970297,0.0297029702970297,0,0.0,0.0,0.0,0.03030944197826453,0.02224906074547422
334,both_vs_none,20,1.0000000000000004,1,0.0297029702970297,1,0.0297029702970297,0.0,0.0,0.0,0.0,0,0.0,0.0,0.0,-0.009896729395254995,-0.0022554718493841587
334,display_only_vs_none,20,1.0000000000000004,1,0.0297029702970297,1,0.0297029702970297,0.0,0.0,0.0,0.0,0,0.0,0.0,0.0,-0.020609755031117248,-0.01295828469122752
334,mailer_only_vs_none,20,1.0000000000000004,3,0.12871287128712872,1,0.0297029702970297,0.0,0.0,0.0,0.0,0,0.0,0.0,0.0,-0.02006837606837607,-0.009401709401709401
337,both_vs_additive,11,0.9999999999999998,2,0.19230769230769232,1,0.07692307692307693,0.07692307692307693,0.07692307692307693,0.07692307692307693,0.07692307692307693,0,0.0,0.0,0.0,0.030309441978264535,0.02224906074547422
337,both_vs_none,11,0.9999999999999998,2,0.19230769230769232,1,0.07692307692307693,0.0,0.0,0.0,0.0,0,0.0,0.0,0.0,-0.009896729395254995,-0.0022554718493841587
337,display_only_vs_none,11,0.9999999999999998,3,0.2692307692307693,2,0.15384615384615385,0.0,0.0,0.0,0.0,0,0.0,0.0,0.0,-0.020179126395291593,-0.015579313572536595
337,mailer_only_vs_none,11,0.9999999999999998,2,0.19230769230769232,1,0.07692307692307693,0.0,0.0,0.0,0.0,0,0.0,0.0,0.0,-0.02006837606837607,-0.009401709401709403
339,both_vs_additive,11,0.9999999999999999,2,0.18518518518518517,1,0.07407407407407407,0.07407407407407407,0.07407407407407407,0.07407407407407407,0.07407407407407407,0,0.0,0.0,0.0,0.1439351481851482,0.08693806193806193
339,both_vs_none,11,0.9999999999999999,2,0.18518518518518517,1,0.07407407407407407,0.07407407407407407,0.07407407407407407,0.07407407407407407,0.07407407407407407,0,0.0,0.0,0.0,0.041376546159154856,0.02234070277548538
339,display_only_vs_none,11,1.0,4,0.37037037037037035,1,0.07407407407407407,0.0,0.0,0.0,0.0,0,0.0,0.0,0.0,-0.007484684382074922,-0.01689899080041509
339,mailer_only_vs_none,11,1.0,4,0.37037037037037035,1,0.07407407407407407,0.0,0.0,0.0,0.0,0,0.0,0.0,0.0,0.0,0.0
344,both_vs_additive,14,1.0,2,0.21875,0,0.0,0.0,0.0,0.0,0.0,1,0.0625,0.0,0.0,,
344,both_vs_none,14,1.0,2,0.21875,0,0.0,0.0,0.0,0.0,0.0,1,0.0625,0.0625,0.0625,,
344,display_only_vs_none,14,1.0,2,0.21875,0,0.0,0.0,0.0,0.0,0.0,1,0.0625,0.0625,0.0625,,
344,mailer_only_vs_none,14,1.0,3,0.3125,0,0.0,0.0,0.0,0.0,0.0,1,0.0625,0.0625,0.0625,,
345,both_vs_additive,20,0.9999999999999998,5,0.23611111111111108,0,0.0,0.0,0.0,0.0,0.0,0,0.0,0.0,0.0,,
345,both_vs_none,20,0.9999999999999998,5,0.23611111111111108,0,0.0,0.0,0.0,0.0,0.0,0,0.0,0.0,0.0,,
345,display_only_vs_none,20,0.9999999999999998,5,0.23611111111111108,0,0.0,0.0,0.0,0.0,0.0,0,0.0,0.0,0.0,,
345,mailer_only_vs_none,20,0.9999999999999998,6,0.27777777777777773,0,0.0,0.0,0.0,0.0,0.0,0,0.0,0.0,0.0,,
350,both_vs_additive,10,0.9999999999999998,2,0.21739130434782608,0,0.0,0.0,0.0,0.0,0.0,0,0.0,0.0,0.0,,
350,both_vs_none,10,0.9999999999999998,2,0.21739130434782608,0,0.0,0.0,0.0,0.0,0.0,0,0.0,0.0,0.0,,
350,display_only_vs_none,10,0.9999999999999998,3,0.30434782608695654,0,0.0,0.0,0.0,0.0,0.0,0,0.0,0.0,0.0,,
350,mailer_only_vs_none,10,0.9999999999999998,2,0.21739130434782608,0,0.0,0.0,0.0,0.0,0.0,0,0.0,0.0,0.0,,
351,both_vs_additive,15,1.0,5,0.17391304347826086,2,0.07246376811594203,0.043478260869565216,0.043478260869565216,0.043478260869565216,0.043478260869565216,0,0.0,0.0,0.0,0.02129532886245097,0.01799472144001339
351,both_vs_none,15,1.0,5,0.17391304347826086,3,0.11594202898550725,0.11594202898550725,0.11594202898550725,0.11594202898550725,0.11594202898550725,0,0.0,0.0,0.0,0.02651215053329024,0.015411437010701717
351,display_only_vs_none,15,0.9999999999999999,6,0.20289855072463767,4,0.14492753623188406,0.043478260869565216,0.07246376811594203,0.07246376811594203,0.043478260869565216,0,0.0,0.0,0.0,-0.004690819203524864,-0.00016623522693082953
351,mailer_only_vs_none,15,1.0,5,0.17391304347826086,2,0.07246376811594203,0.0,0.0,0.0,0.0,0,0.0,0.0,0.0,-0.003748498928788016,0.0015019575699066778
354,both_vs_additive,20,0.9999999999999999,3,0.17924528301886794,1,0.04716981132075472,0.04716981132075472,0.0,0.04716981132075472,0.0,0,0.0,0.0,0.0,0.011671364168835291,0.017323537206823055
354,both_vs_none,20,0.9999999999999999,3,0.17924528301886794,1,0.04716981132075472,0.0,0.0,0.0,0.0,0,0.0,0.0,0.0,0.005561485543565982,0.003282490860840013
354,display_only_vs_none,20,0.9999999999999999,4,0.25471698113207547,2,0.12264150943396226,0.0,0.0,0.0,0.0,0,0.0,0.0,0.0,-0.03936554950781204,-0.012852022697936328
354,mailer_only_vs_none,20,0.9999999999999999,3,0.17924528301886794,1,0.04716981132075472,0.0,0.0,0.0,0.0,0,0.0,0.0,0.0,-0.002947056335088158,-0.005982391511482188
356,both_vs_additive,20,0.9999999999999997,5,0.15789473684210525,2,0.042105263157894736,0.021052631578947368,0.0,0.021052631578947368,0.0,1,0.021052631578947368,0.021052631578947368,0.021052631578947368,0.007619794973028285,0.01052721065344878
356,both_vs_none,20,0.9999999999999997,7,0.2210526315789474,3,0.06315789473684211,0.021052631578947368,0.021052631578947368,0.021052631578947368,0.021052631578947368,1,0.021052631578947368,0.021052631578947368,0.021052631578947368,0.0019784726377248436,0.00043159156170768513
356,display_only_vs_none,20,0.9999999999999998,8,0.24210526315789477,4,0.09473684210526315,0.021052631578947368,0.021052631578947368,0.021052631578947368,0.021052631578947368,1,0.021052631578947368,0.021052631578947368,0.021052631578947368,0.002307409757747844,-0.001315533093904441
356,mailer_only_vs_none,20,0.9999999999999997,8,0.25263157894736843,4,0.09473684210526315,0.021052631578947368,0.0,0.021052631578947368,0.0,1,0.021052631578947368,0.021052631578947368,0.021052631578947368,0.01051747012824163,0.0006479977774027483
358,both_vs_additive,20,0.9999999999999996,3,0.3698630136986301,0,0.0,0.0,0.0,0.0,0.0,0,0.0,0.0,0.0,,
358,both_vs_none,20,0.9999999999999996,3,0.3698630136986301,0,0.0,0.0,0.0,0.0,0.0,0,0.0,0.0,0.0,,
358,display_only_vs_none,20,0.9999999999999996,3,0.3698630136986301,0,0.0,0.0,0.0,0.0,0.0,0,0.0,0.0,0.0,,
358,mailer_only_vs_none,20,0.9999999999999996,4,0.410958904109589,1,0.0410958904109589,0.0410958904109589,0.0410958904109589,0.0410958904109589,0.0410958904109589,0,0.0,0.0,0.0,0.01003608869183632,0.020952216853171706
361,both_vs_additive,20,0.9999999999999999,3,0.13855421686746988,1,0.06626506024096386,0.06626506024096386,0.0,0.06626506024096386,0.0,0,0.0,0.0,0.0,0.011671364168835293,0.017323537206823055
361,both_vs_none,20,0.9999999999999999,4,0.1746987951807229,1,0.06626506024096386,0.0,0.0,0.0,0.0,0,0.0,0.0,0.0,0.005561485543565982,0.003282490860840013
361,display_only_vs_none,20,1.0,5,0.2349397590361446,1,0.06626506024096386,0.0,0.0,0.0,0.0,0,0.0,0.0,0.0,-0.0038232147578032526,-0.008058654834500863
361,mailer_only_vs_none,20,0.9999999999999999,3,0.13855421686746988,1,0.06626506024096386,0.0,0.0,0.0,0.0,0,0.0,0.0,0.0,-0.0029470563350881586,-0.005982391511482188
362,both_vs_additive,20,0.9999999999999997,2,0.1095890410958904,1,0.0547945205479452,0.0547945205479452,0.0547945205479452,0.0547945205479452,0.0547945205479452,0,0.0,0.0,0.0,0.030309441978264528,0.02224906074547422
362,both_vs_none,20,0.9999999999999997,2,0.1095890410958904,1,0.0547945205479452,0.0,0.0,0.0,0.0,0,0.0,0.0,0.0,-0.009896729395254995,-0.0022554718493841587
362,display_only_vs_none,20,0.9999999999999997,2,0.1095890410958904,1,0.0547945205479452,0.0,0.0,0.0,0.0,0,0.0,0.0,0.0,-0.020609755031117248,-0.01295828469122752
362,mailer_only_vs_none,20,0.9999999999999997,4,0.273972602739726,1,0.0547945205479452,0.0,0.0,0.0,0.0,0,0.0,0.0,0.0,-0.02006837606837607,-0.009401709401709403
365,both_vs_additive,20,1.0,4,0.2753623188405797,0,0.0,0.0,0.0,0.0,0.0,1,0.043478260869565216,0.0,0.0,,
365,both_vs_none,20,1.0000000000000002,5,0.3188405797101449,0,0.0,0.0,0.0,0.0,0.0,1,0.043478260869565216,0.0,0.0,,
365,display_only_vs_none,20,1.0,4,0.2753623188405797,1,0.057971014492753624,0.0,0.0,0.0,0.0,1,0.043478260869565216,0.0,0.0,0.0024630963990813094,-0.005898326210826208
365,mailer_only_vs_none,20,1.0000000000000002,5,0.3188405797101449,2,0.10144927536231885,0.0,0.0,0.0,0.0,1,0.043478260869565216,0.043478260869565216,0.043478260869565216,0.004548882963480593,0.0030895691609977333
367,both_vs_additive,20,1.0,2,0.1171875,1,0.078125,0.078125,0.078125,0.078125,0.078125,0,0.0,0.0,0.0,0.16836150148988288,0.04128756979795421
367,both_vs_none,20,1.0,2,0.1171875,1,0.078125,0.0,0.0,0.0,0.0,0,0.0,0.0,0.0,-0.07045406843319933,-0.0015695903236861222
367,display_only_vs_none,20,1.0,3,0.1796875,1,0.078125,0.0,0.0,0.0,0.0,0,0.0,0.0,0.0,-0.10056833513172977,-0.016514079457296535
367,mailer_only_vs_none,20,1.0,4,0.2421875,2,0.140625,0.0625,0.0625,0.0625,0.0625,1,0.0625,0.0625,0.0625,-0.07234353546549076,-0.005186046182680631
370,both_vs_additive,20,1.0000000000000002,1,0.10126582278481013,0,0.0,0.0,0.0,0.0,0.0,0,0.0,0.0,0.0,,
370,both_vs_none,20,1.0000000000000002,1,0.10126582278481013,0,0.0,0.0,0.0,0.0,0.0,0,0.0,0.0,0.0,,
370,display_only_vs_none,20,1.0000000000000002,2,0.13924050632911392,1,0.0379746835443038,0.0,0.0,0.0,0.0,0,0.0,0.0,0.0,-0.06157950872656753,-0.015847877612583494
370,mailer_only_vs_none,20,1.0000000000000002,1,0.10126582278481013,0,0.0,0.0,0.0,0.0,0.0,0,0.0,0.0,0.0,,
371,both_vs_additive,20,1.0000000000000002,3,0.12698412698412698,2,0.0873015873015873,0.0,0.0,0.0,0.0,0,0.0,0.0,0.0,-0.00953580445541219,-0.0021730207397423376
371,both_vs_none,20,1.0000000000000002,3,0.12698412698412698,2,0.0873015873015873,0.047619047619047616,0.047619047619047616,0.047619047619047616,0.047619047619047616,0,0.0,0.0,0.0,0.0015797400436837604,0.0006585879594966947
371,display_only_vs_none,20,1.0000000000000002,3,0.12698412698412698,2,0.0873015873015873,0.0,0.047619047619047616,0.047619047619047616,0.0,0,0.0,0.0,0.0,0.0015173642958841273,0.0020325947254528423
371,mailer_only_vs_none,20,0.9999999999999999,5,0.2222222222222222,3,0.1349206349206349,0.047619047619047616,0.047619047619047616,0.047619047619047616,0.047619047619047616,0,0.0,0.0,0.0,0.0028355792436113177,0.008910145280250342
374,both_vs_additive,20,0.9999999999999996,2,0.1896551724137931,1,0.05172413793103448,0.05172413793103448,0.05172413793103448,0.05172413793103448,0.05172413793103448,0,0.0,0.0,0.0,0.16836150148988288,0.04128756979795421
374,both_vs_none,20,0.9999999999999996,2,0.1896551724137931,1,0.05172413793103448,0.0,0.0,0.0,0.0,0,0.0,0.0,0.0,-0.07045406843319933,-0.0015695903236861222
374,display_only_vs_none,20,0.9999999999999996,3,0.24137931034482757,1,0.05172413793103448,0.0,0.0,0.0,0.0,0,0.0,0.0,0.0,-0.10056833513172979,-0.016514079457296535
374,mailer_only_vs_none,20,0.9999999999999996,3,0.24137931034482757,1,0.05172413793103448,0.0,0.0,0.0,0.0,0,0.0,0.0,0.0,-0.13824723479135242,-0.026096656611362498
376,both_vs_additive,20,0.9999999999999999,6,0.33613445378151263,3,0.24369747899159663,0.17647058823529413,0.17647058823529413,0.17647058823529413,0.17647058823529413,0,0.0,0.0,0.0,0.02142157923459706,0.01693543886445817
376,both_vs_none,20,0.9999999999999999,6,0.33613445378151263,3,0.24369747899159663,0.0,0.0,0.0,0.0,0,0.0,0.0,0.0,-0.006931126813818878,-0.0008654581576015541
376,display_only_vs_none,20,0.9999999999999999,7,0.3613445378151261,3,0.24369747899159663,0.025210084033613446,0.025210084033613446,0.025210084033613446,0.025210084033613446,0,0.0,0.0,0.0,-0.013219397601069868,-0.008477023319380586
376,mailer_only_vs_none,20,0.9999999999999999,7,0.3613445378151261,4,0.2689075630252101,0.0,0.0,0.0,0.0,0,0.0,0.0,0.0,-0.014974922677626087,-0.007510076873727793
377,both_vs_additive,20,0.9999999999999996,2,0.11827956989247312,0,0.0,0.0,0.0,0.0,0.0,0,0.0,0.0,0.0,,
377,both_vs_none,20,0.9999999999999998,4,0.19354838709677422,0,0.0,0.0,0.0,0.0,0.0,0,0.0,0.0,0.0,,
377,display_only_vs_none,20,0.9999999999999996,2,0.11827956989247312,0,0.0,0.0,0.0,0.0,0.0,0,0.0,0.0,0.0,,
377,mailer_only_vs_none,20,0.9999999999999998,4,0.19354838709677422,0,0.0,0.0,0.0,0.0,0.0,0,0.0,0.0,0.0,,
378,both_vs_additive,20,0.9999999999999998,5,0.19718309859154928,2,0.08450704225352113,0.056338028169014086,0.056338028169014086,0.056338028169014086,0.056338028169014086,0,0.0,0.0,0.0,-0.00266417558909949,-0.0021538559341028195
378,both_vs_none,20,0.9999999999999998,5,0.19718309859154928,2,0.08450704225352113,0.0,0.0,0.0,0.0,0,0.0,0.0,0.0,-0.011320627329488566,-0.008782605259077148
378,display_only_vs_none,20,0.9999999999999998,5,0.19718309859154928,2,0.08450704225352113,0.028169014084507043,0.0,0.028169014084507043,0.0,0,0.0,0.0,0.0,0.0016159350012764162,0.0041972036097208095
378,mailer_only_vs_none,20,0.9999999999999998,7,0.2676056338028169,2,0.08450704225352113,0.028169014084507043,0.028169014084507043,0.028169014084507043,0.028169014084507043,0,0.0,0.0,0.0,0.0036627635798607357,-3.2398273260004783e-05
380,both_vs_additive,20,1.0000000000000002,5,0.2971014492753623,1,0.07971014492753623,0.07971014492753623,0.0,0.07971014492753623,0.0,0,0.0,0.0,0.0,0.011671364168835293,0.017323537206823055
380,both_vs_none,20,1.0000000000000002,5,0.2971014492753623,1,0.07971014492753623,0.0,0.0,0.0,0.0,0,0.0,0.0,0.0,0.005561485543565982,0.0032824908608400124
380,display_only_vs_none,20,1.0000000000000002,6,0.391304347826087,2,0.17391304347826086,0.0,0.0,0.0,0.0,0,0.0,0.0,0.0,-0.03510787399088391,-0.012277817172628954
380,mailer_only_vs_none,20,1.0000000000000002,6,0.3333333333333333,1,0.07971014492753623,0.0,0.0,0.0,0.0,0,0.0,0.0,0.0,-0.0029470563350881586,-0.005982391511482188
381,both_vs_additive,20,1.0,3,0.2388059701492537,1,0.04477611940298507,0.04477611940298507,0.04477611940298507,0.04477611940298507,0.04477611940298507,0,0.0,0.0,0.0,0.01316029251242178,0.004527983943753406
381,both_vs_none,20,1.0,4,0.2835820895522388,1,0.04477611940298507,0.0,0.0,0.0,0.0,0,0.0,0.0,0.0,0.006240505817711698,0.0017297979797979805
381,display_only_vs_none,20,1.0,5,0.3134328358208955,1,0.04477611940298507,0.0,0.0,0.0,0.0,0,0.0,0.0,0.0,-0.005836670470657401,-0.0013667999204545998
381,mailer_only_vs_none,20,0.9999999999999999,7,0.40298507462686567,2,0.08955223880597014,0.0,0.0,0.0,0.0,0,0.0,0.0,0.0,-0.00739432952668247,-0.0025561081027030844
383,both_vs_additive,20,0.9999999999999998,1,0.09574468085106383,0,0.0,0.0,0.0,0.0,0.0,0,0.0,0.0,0.0,,
383,both_vs_none,20,0.9999999999999998,1,0.09574468085106383,0,0.0,0.0,0.0,0.0,0.0,0,0.0,0.0,0.0,,
383,display_only_vs_none,20,0.9999999999999998,1,0.09574468085106383,0,0.0,0.0,0.0,0.0,0.0,0,0.0,0.0,0.0,,
383,mailer_only_vs_none,20,0.9999999999999998,1,0.09574468085106383,0,0.0,0.0,0.0,0.0,0.0,0,0.0,0.0,0.0,,
388,both_vs_additive,8,0.9999999999999999,0,0.0,0,0.0,0.0,0.0,0.0,0.0,0,0.0,0.0,0.0,,
388,both_vs_none,8,0.9999999999999999,0,0.0,0,0.0,0.0,0.0,0.0,0.0,0,0.0,0.0,0.0,,
388,display_only_vs_none,8,0.9999999999999999,1,0.19047619047619047,0,0.0,0.0,0.0,0.0,0.0,0,0.0,0.0,0.0,,
388,mailer_only_vs_none,8,1.0,2,0.2857142857142857,0,0.0,0.0,0.0,0.0,0.0,0,0.0,0.0,0.0,,
389,both_vs_additive,20,1.0,1,0.1346153846153846,0,0.0,0.0,0.0,0.0,0.0,0,0.0,0.0,0.0,,
389,both_vs_none,20,1.0,1,0.1346153846153846,0,0.0,0.0,0.0,0.0,0.0,0,0.0,0.0,0.0,,
389,display_only_vs_none,20,1.0,2,0.18269230769230768,0,0.0,0.0,0.0,0.0,0.0,0,0.0,0.0,0.0,,
389,mailer_only_vs_none,20,1.0,1,0.1346153846153846,0,0.0,0.0,0.0,0.0,0.0,0,0.0,0.0,0.0,,
390,both_vs_additive,6,1.0,1,0.15384615384615385,0,0.0,0.0,0.0,0.0,0.0,0,0.0,0.0,0.0,,
390,both_vs_none,6,1.0,1,0.15384615384615385,0,0.0,0.0,0.0,0.0,0.0,0,0.0,0.0,0.0,,
390,display_only_vs_none,6,1.0,1,0.15384615384615385,0,0.0,0.0,0.0,0.0,0.0,0,0.0,0.0,0.0,,
390,mailer_only_vs_none,6,1.0,1,0.15384615384615385,0,0.0,0.0,0.0,0.0,0.0,0,0.0,0.0,0.0,,
392,both_vs_additive,20,1.0,2,0.10526315789473684,0,0.0,0.0,0.0,0.0,0.0,0,0.0,0.0,0.0,,
392,both_vs_none,20,1.0,3,0.14473684210526316,0,0.0,0.0,0.0,0.0,0.0,0,0.0,0.0,0.0,,
392,display_only_vs_none,20,1.0,3,0.14473684210526316,1,0.039473684210526314,0.0,0.0,0.0,0.0,0,0.0,0.0,0.0,-0.06157950872656754,-0.015847877612583494
392,mailer_only_vs_none,20,0.9999999999999998,4,0.1842105263157895,0,0.0,0.0,0.0,0.0,0.0,0,0.0,0.0,0.0,,
393,both_vs_additive,18,0.9999999999999998,2,0.15384615384615385,1,0.038461538461538464,0.0,0.0,0.0,0.0,0,0.0,0.0,0.0,-0.023612947898662175,-0.00957896012344794
393,both_vs_none,18,0.9999999999999998,2,0.15384615384615385,1,0.038461538461538464,0.038461538461538464,0.038461538461538464,0.038461538461538464,0.038461538461538464,0,0.0,0.0,0.0,0.02600718622897478,0.009469598227809288
393,display_only_vs_none,18,0.9999999999999998,2,0.15384615384615385,1,0.038461538461538464,0.038461538461538464,0.038461538461538464,0.038461538461538464,0.038461538461538464,0,0.0,0.0,0.0,0.023663491405246012,0.006562415625883111
393,mailer_only_vs_none,18,0.9999999999999998,4,0.2692307692307693,1,0.038461538461538464,0.038461538461538464,0.038461538461538464,0.038461538461538464,0.038461538461538464,0,0.0,0.0,0.0,0.02383542775536583,0.02068841146240527
397,both_vs_additive,20,0.9999999999999999,6,0.3584905660377358,2,0.09433962264150944,0.03773584905660377,0.03773584905660377,0.03773584905660377,0.03773584905660377,0,0.0,0.0,0.0,0.010850457489088208,0.008534122171193008
397,both_vs_none,20,0.9999999999999999,6,0.3584905660377358,2,0.09433962264150944,0.09433962264150944,0.03773584905660377,0.09433962264150944,0.03773584905660377,0,0.0,0.0,0.0,0.016710865928343508,0.008814438055924122
397,display_only_vs_none,20,0.9999999999999999,6,0.3584905660377358,2,0.09433962264150944,0.0,0.0,0.0,0.0,0,0.0,0.0,0.0,-0.003952252058718225,-0.001548156104547082
397,mailer_only_vs_none,20,0.9999999999999999,7,0.3962264150943396,2,0.09433962264150944,0.05660377358490566,0.0,0.05660377358490566,0.0,0,0.0,0.0,0.0,0.0031267270872399303,-0.0005471162088636471
400,both_vs_additive,20,0.9999999999999998,3,0.24000000000000002,1,0.04,0.0,0.0,0.0,0.0,0,0.0,0.0,0.0,-0.020455829649273415,-0.007092941439589707
400,both_vs_none,20,0.9999999999999998,3,0.24000000000000002,1,0.04,0.04,0.04,0.04,0.04,0,0.0,0.0,0.0,0.010873397435897436,0.006944444444444444
400,display_only_vs_none,20,0.9999999999999998,4,0.26666666666666666,1,0.04,0.0,0.04,0.04,0.0,0,0.0,0.0,0.0,0.009214285714285715,0.0071428571428571435
400,mailer_only_vs_none,20,0.9999999999999998,4,0.26666666666666666,1,0.04,0.0,0.0,0.0,0.0,0,0.0,0.0,0.0,-0.0012255499860763016,0.005155858680346433
404,both_vs_additive,20,0.9999999999999999,1,0.03571428571428571,1,0.03571428571428571,0.0,0.0,0.0,0.0,0,0.0,0.0,0.0,-0.023612947898662175,-0.00957896012344794
404,both_vs_none,20,0.9999999999999999,1,0.03571428571428571,1,0.03571428571428571,0.03571428571428571,0.03571428571428571,0.03571428571428571,0.03571428571428571,0,0.0,0.0,0.0,0.02600718622897478,0.009469598227809288
404,display_only_vs_none,20,0.9999999999999999,1,0.03571428571428571,1,0.03571428571428571,0.03571428571428571,0.03571428571428571,0.03571428571428571,0.03571428571428571,0,0.0,0.0,0.0,0.023663491405246012,0.006562415625883111
404,mailer_only_vs_none,20,0.9999999999999998,2,0.07142857142857142,1,0.03571428571428571,0.03571428571428571,0.03571428571428571,0.03571428571428571,0.03571428571428571,0,0.0,0.0,0.0,0.02383542775536583,0.02068841146240527
405,both_vs_additive,20,1.0,2,0.09375,1,0.03125,0.0,0.0,0.0,0.0,1,0.03125,0.0,0.0,-0.0059072808833678415,0.0031492781874170126
405,both_vs_none,20,1.0,2,0.09375,1,0.03125,0.03125,0.03125,0.03125,0.03125,1,0.03125,0.0,0.0,0.011080059725221018,0.005434782608695652
405,display_only_vs_none,20,1.0,4,0.1875,3,0.125,0.09375,0.09375,0.09375,0.09375,1,0.03125,0.0,0.0,0.007669474468819782,0.002133427351218068
405,mailer_only_vs_none,20,1.0,3,0.171875,1,0.03125,0.03125,0.0,0.03125,0.0,1,0.03125,0.03125,0.03125,0.017026397515527952,0.002097635392829901
409,both_vs_additive,18,0.9999999999999994,1,0.06382978723404255,1,0.06382978723404255,0.06382978723404255,0.06382978723404255,0.06382978723404255,0.06382978723404255,0,0.0,0.0,0.0,0.16836150148988288,0.04128756979795421
409,both_vs_none,18,0.9999999999999994,1,0.06382978723404255,1,0.06382978723404255,0.0,0.0,0.0,0.0,0,0.0,0.0,0.0,-0.07045406843319933,-0.0015695903236861222
409,display_only_vs_none,18,0.9999999999999994,1,0.06382978723404255,1,0.06382978723404255,0.0,0.0,0.0,0.0,0,0.0,0.0,0.0,-0.10056833513172979,-0.016514079457296535
409,mailer_only_vs_none,18,0.9999999999999994,1,0.06382978723404255,1,0.06382978723404255,0.0,0.0,0.0,0.0,0,0.0,0.0,0.0,-0.13824723479135242,-0.026096656611362498
411,both_vs_additive,12,1.0,3,0.34375,0,0.0,0.0,0.0,0.0,0.0,0,0.0,0.0,0.0,,
411,both_vs_none,12,1.0,3,0.34375,0,0.0,0.0,0.0,0.0,0.0,0,0.0,0.0,0.0,,
411,display_only_vs_none,12,1.0,3,0.34375,0,0.0,0.0,0.0,0.0,0.0,0,0.0,0.0,0.0,,
411,mailer_only_vs_none,12,1.0,3,0.34375,0,0.0,0.0,0.0,0.0,0.0,0,0.0,0.0,0.0,,
412,both_vs_additive,20,0.9999999999999996,1,0.05555555555555555,0,0.0,0.0,0.0,0.0,0.0,0,0.0,0.0,0.0,,
412,both_vs_none,20,0.9999999999999996,1,0.05555555555555555,0,0.0,0.0,0.0,0.0,0.0,0,0.0,0.0,0.0,,
412,display_only_vs_none,20,0.9999999999999996,1,0.05555555555555555,0,0.0,0.0,0.0,0.0,0.0,0,0.0,0.0,0.0,,
412,mailer_only_vs_none,20,0.9999999999999996,2,0.09259259259259259,0,0.0,0.0,0.0,0.0,0.0,0,0.0,0.0,0.0,,
414,both_vs_additive,5,0.9999999999999999,1,0.16666666666666666,1,0.16666666666666666,0.0,0.0,0.0,0.0,0,0.0,0.0,0.0,-0.018142438583876954,-0.01475080942488341
414,both_vs_none,5,0.9999999999999999,1,0.16666666666666666,1,0.16666666666666666,0.0,0.0,0.0,0.0,0,0.0,0.0,0.0,-0.0013745804011641109,-0.0008623577486699657
414,display_only_vs_none,5,0.9999999999999999,1,0.16666666666666666,1,0.16666666666666666,0.16666666666666666,0.0,0.16666666666666666,0.0,0,0.0,0.0,0.0,0.00871763270699029,0.005372595276813542
414,mailer_only_vs_none,5,0.9999999999999999,1,0.16666666666666666,1,0.16666666666666666,0.16666666666666666,0.16666666666666666,0.16666666666666666,0.16666666666666666,0,0.0,0.0,0.0,0.006840422123385262,0.006391131544218392
417,both_vs_additive,19,0.9999999999999997,4,0.21568627450980393,1,0.058823529411764705,0.058823529411764705,0.058823529411764705,0.058823529411764705,0.058823529411764705,0,0.0,0.0,0.0,0.03030944197826453,0.02224906074547422
417,both_vs_none,19,0.9999999999999997,4,0.21568627450980393,1,0.058823529411764705,0.0,0.0,0.0,0.0,0,0.0,0.0,0.0,-0.009896729395254995,-0.0022554718493841587
417,display_only_vs_none,19,0.9999999999999998,5,0.3137254901960784,2,0.1568627450980392,0.0,0.0,0.0,0.0,1,0.09803921568627451,0.09803921568627451,0.09803921568627451,-0.007937884539780823,-0.007839792122458182
417,mailer_only_vs_none,19,0.9999999999999998,6,0.37254901960784315,3,0.21568627450980393,0.058823529411764705,0.1568627450980392,0.1568627450980392,0.058823529411764705,1,0.09803921568627451,0.09803921568627451,0.09803921568627451,-0.0018454412347827928,0.0038249473330461935
425,both_vs_additive,20,0.9999999999999999,7,0.40650406504065045,3,0.13008130081300814,0.032520325203252036,0.032520325203252036,0.032520325203252036,0.032520325203252036,1,0.06504065040650407,0.06504065040650407,0.06504065040650407,0.004321215867812626,0.0018476460739748962
425,both_vs_none,20,0.9999999999999999,7,0.40650406504065045,3,0.13008130081300814,0.0,0.032520325203252036,0.032520325203252036,0.0,1,0.06504065040650407,0.0,0.0,-0.0003371676160956343,0.0007160549530663703
425,display_only_vs_none,20,0.9999999999999999,8,0.4390243902439025,3,0.13008130081300814,0.0,0.0975609756097561,0.0975609756097561,0.0,2,0.0975609756097561,0.032520325203252036,0.032520325203252036,9.074718513657125e-05,0.0021671867363741598
425,mailer_only_vs_none,20,0.9999999999999998,10,0.5284552845528455,3,0.13008130081300814,0.0,0.0,0.0,0.0,2,0.0975609756097561,0.032520325203252036,0.032520325203252036,-0.005565207197398913,-1.209043149832602e-05
426,both_vs_additive,20,0.9999999999999993,1,0.037037037037037035,1,0.037037037037037035,0.037037037037037035,0.0,0.037037037037037035,0.0,0,0.0,0.0,0.0,0.011671364168835293,0.017323537206823055
426,both_vs_none,20,0.9999999999999993,1,0.037037037037037035,1,0.037037037037037035,0.0,0.0,0.0,0.0,0,0.0,0.0,0.0,0.005561485543565982,0.003282490860840013
426,display_only_vs_none,20,0.9999999999999996,2,0.07407407407407407,1,0.037037037037037035,0.0,0.0,0.0,0.0,0,0.0,0.0,0.0,-0.003823214757803252,-0.008058654834500863
426,mailer_only_vs_none,20,0.9999999999999996,2,0.07407407407407407,2,0.07407407407407407,0.037037037037037035,0.037037037037037035,0.037037037037037035,0.037037037037037035,0,0.0,0.0,0.0,0.0035445161783740804,0.007484912670844758
428,both_vs_additive,20,0.9999999999999998,5,0.27586206896551724,3,0.1839080459770115,0.14942528735632182,0.14942528735632182,0.14942528735632182,0.14942528735632182,0,0.0,0.0,0.0,0.026080241550924952,0.02017842223284545
428,both_vs_none,20,0.9999999999999998,6,0.29885057471264365,3,0.1839080459770115,0.09195402298850575,0.09195402298850575,0.09195402298850575,0.09195402298850575,0,0.0,0.0,0.0,0.006736747893041036,0.0061916979633769706
428,display_only_vs_none,20,0.9999999999999998,8,0.4367816091954023,3,0.1839080459770115,0.034482758620689655,0.034482758620689655,0.034482758620689655,0.034482758620689655,0,0.0,0.0,0.0,-0.012092417918249361,-0.008220404417550866
428,mailer_only_vs_none,20,0.9999999999999996,10,0.5632183908045976,3,0.1839080459770115,0.034482758620689655,0.034482758620689655,0.034482758620689655,0.034482758620689655,1,0.034482758620689655,0.0,0.034482758620689655,-0.007262065608368138,-0.0011136452090661584
433,both_vs_additive,10,1.0,2,0.2647058823529412,0,0.0,0.0,0.0,0.0,0.0,0,0.0,0.0,0.0,,
433,both_vs_none,10,1.0,2,0.2647058823529412,1,0.058823529411764705,0.058823529411764705,0.058823529411764705,0.058823529411764705,0.058823529411764705,0,0.0,0.0,0.0,0.04166208791208791,0.01872710622710623
433,display_only_vs_none,10,1.0,2,0.2647058823529412,1,0.058823529411764705,0.058823529411764705,0.058823529411764705,0.058823529411764705,0.058823529411764705,0,0.0,0.0,0.0,0.03919230879486297,0.014758717562443409
433,mailer_only_vs_none,10,1.0,3,0.3235294117647059,0,0.0,0.0,0.0,0.0,0.0,0,0.0,0.0,0.0,,
434,both_vs_additive,20,1.0000000000000002,1,0.025,0,0.0,0.0,0.0,0.0,0.0,0,0.0,0.0,0.0,,
434,both_vs_none,20,1.0,3,0.0875,0,0.0,0.0,0.0,0.0,0.0,0,0.0,0.0,0.0,,
434,display_only_vs_none,20,1.0,2,0.0625,0,0.0,0.0,0.0,0.0,0.0,0,0.0,0.0,0.0,,
434,mailer_only_vs_none,20,1.0,3,0.0875,1,0.0375,0.0,0.0,0.0,0.0,0,0.0,0.0,0.0,0.011357142857142859,0.005357142857142856
437,both_vs_additive,20,1.0000000000000002,3,0.13333333333333333,1,0.04,0.04,0.0,0.04,0.0,0,0.0,0.0,0.0,0.0007357397504456336,-5.941770647652916e-05
437,both_vs_none,20,1.0000000000000002,3,0.13333333333333333,1,0.04,0.0,0.0,0.0,0.0,0,0.0,0.0,0.0,-0.004836507936507936,0.003910934744268079
437,display_only_vs_none,20,1.0000000000000002,3,0.13333333333333333,1,0.04,0.0,0.0,0.0,0.0,0,0.0,0.0,0.0,0.0,0.0
437,mailer_only_vs_none,20,1.0000000000000002,3,0.13333333333333333,1,0.04,0.0,0.0,0.0,0.0,0,0.0,0.0,0.0,-0.0007357397504456336,-0.007516339869281047
445,both_vs_additive,20,1.0,1,0.18333333333333332,0,0.0,0.0,0.0,0.0,0.0,0,0.0,0.0,0.0,,
445,both_vs_none,20,1.0,1,0.18333333333333332,0,0.0,0.0,0.0,0.0,0.0,0,0.0,0.0,0.0,,
445,display_only_vs_none,20,1.0,1,0.18333333333333332,0,0.0,0.0,0.0,0.0,0.0,0,0.0,0.0,0.0,,
445,mailer_only_vs_none,20,1.0,2,0.23333333333333334,0,0.0,0.0,0.0,0.0,0.0,0,0.0,0.0,0.0,,
447,both_vs_additive,19,1.0,7,0.4545454545454546,2,0.12727272727272726,0.12727272727272726,0.12727272727272726,0.12727272727272726,0.12727272727272726,0,0.0,0.0,0.0,0.04106372344036131,0.029375214620297786
447,both_vs_none,19,1.0,7,0.4545454545454546,2,0.12727272727272726,0.07272727272727272,0.07272727272727272,0.07272727272727272,0.07272727272727272,0,0.0,0.0,0.0,0.008208858003607536,0.009170757496055582
447,display_only_vs_none,19,1.0000000000000002,8,0.5818181818181819,2,0.12727272727272726,0.0,0.0,0.0,0.0,0,0.0,0.0,0.0,-0.02021459451719766,-0.010987543728085285
447,mailer_only_vs_none,19,1.0000000000000002,8,0.5818181818181819,2,0.12727272727272726,0.0,0.0,0.0,0.0,0,0.0,0.0,0.0,-0.011703855395358788,-0.004563004888572501
451,both_vs_additive,7,0.9999999999999999,2,0.21052631578947367,1,0.10526315789473684,0.10526315789473684,0.10526315789473684,0.10526315789473684,0.10526315789473684,0,0.0,0.0,0.0,0.16836150148988288,0.04128756979795421
451,both_vs_none,7,0.9999999999999999,2,0.21052631578947367,1,0.10526315789473684,0.0,0.0,0.0,0.0,0,0.0,0.0,0.0,-0.07045406843319933,-0.0015695903236861222
451,display_only_vs_none,7,1.0,3,0.3157894736842105,2,0.21052631578947367,0.0,0.0,0.0,0.0,0,0.0,0.0,0.0,-0.08107392192914867,-0.016180978534940015
451,mailer_only_vs_none,7,0.9999999999999999,2,0.21052631578947367,1,0.10526315789473684,0.0,0.0,0.0,0.0,0,0.0,0.0,0.0,-0.13824723479135242,-0.026096656611362498
454,both_vs_additive,20,1.0000000000000002,7,0.44186046511627913,1,0.031007751937984496,0.031007751937984496,0.0,0.031007751937984496,0.0,0,0.0,0.0,0.0,0.011671364168835293,0.017323537206823055
454,both_vs_none,20,1.0000000000000002,7,0.44186046511627913,2,0.06976744186046512,0.03875968992248062,0.03875968992248062,0.03875968992248062,0.03875968992248062,0,0.0,0.0,0.0,0.025617375748300388,0.011862832730987911
454,display_only_vs_none,20,1.0000000000000002,7,0.44186046511627913,2,0.06976744186046512,0.03875968992248062,0.03875968992248062,0.03875968992248062,0.03875968992248062,0,0.0,0.0,0.0,0.020074298327011315,0.004617663163801511
454,mailer_only_vs_none,20,1.0000000000000002,7,0.44186046511627913,1,0.031007751937984496,0.0,0.0,0.0,0.0,0,0.0,0.0,0.0,-0.0029470563350881586,-0.005982391511482188
456,both_vs_additive,20,0.9999999999999999,5,0.27941176470588236,3,0.16176470588235295,0.11764705882352941,0.04411764705882353,0.11764705882352941,0.04411764705882353,1,0.04411764705882353,0.0,0.0,0.011669572008614409,0.0038430876816190904
456,both_vs_none,20,0.9999999999999999,5,0.27941176470588236,3,0.16176470588235295,0.0,0.0,0.0,0.0,1,0.04411764705882353,0.04411764705882353,0.04411764705882353,0.003007286817323382,0.001492041300381824
456,display_only_vs_none,20,0.9999999999999999,6,0.3235294117647059,3,0.16176470588235295,0.0,0.0,0.0,0.0,1,0.04411764705882353,0.04411764705882353,0.04411764705882353,-0.009819262391802617,-0.007819734897935662
456,mailer_only_vs_none,20,0.9999999999999999,5,0.27941176470588236,3,0.16176470588235295,0.0,0.0,0.0,0.0,1,0.04411764705882353,0.04411764705882353,0.04411764705882353,-0.0033930342648669115,-0.0026344780993027865
459,both_vs_additive,5,1.0,0,0.0,0,0.0,0.0,0.0,0.0,0.0,0,0.0,0.0,0.0,,
459,both_vs_none,5,1.0,0,0.0,0,0.0,0.0,0.0,0.0,0.0,0,0.0,0.0,0.0,,
459,display_only_vs_none,5,1.0,0,0.0,0,0.0,0.0,0.0,0.0,0.0,0,0.0,0.0,0.0,,
459,mailer_only_vs_none,5,1.0,0,0.0,0,0.0,0.0,0.0,0.0,0.0,0,0.0,0.0,0.0,,
462,both_vs_additive,6,1.0,3,0.4117647058823529,1,0.11764705882352941,0.11764705882352941,0.11764705882352941,0.11764705882352941,0.11764705882352941,0,0.0,0.0,0.0,0.04707257094757097,0.0018753387051220743
462,both_vs_none,6,1.0,3,0.4117647058823529,1,0.11764705882352941,0.0,0.0,0.0,0.0,0,0.0,0.0,0.0,-0.006390179910044983,-0.004504872563718143
462,display_only_vs_none,6,1.0,3,0.4117647058823529,1,0.11764705882352941,0.0,0.0,0.0,0.0,0,0.0,0.0,0.0,6.236263736263646e-05,-0.000247252747252747
462,mailer_only_vs_none,6,1.0,3,0.4117647058823529,1,0.11764705882352941,0.0,0.0,0.0,0.0,0,0.0,0.0,0.0,-0.00445054945054945,0.0015109890109890106
463,both_vs_additive,20,0.9999999999999993,3,0.18309859154929578,0,0.0,0.0,0.0,0.0,0.0,0,0.0,0.0,0.0,,
463,both_vs_none,20,0.9999999999999993,3,0.18309859154929578,0,0.0,0.0,0.0,0.0,0.0,0,0.0,0.0,0.0,,
463,display_only_vs_none,20,0.9999999999999993,3,0.18309859154929578,0,0.0,0.0,0.0,0.0,0.0,0,0.0,0.0,0.0,,
463,mailer_only_vs_none,20,0.9999999999999993,3,0.18309859154929578,0,0.0,0.0,0.0,0.0,0.0,0,0.0,0.0,0.0,,
464,both_vs_additive,16,1.0,3,0.16216216216216217,1,0.05405405405405406,0.05405405405405406,0.05405405405405406,0.05405405405405406,0.05405405405405406,0,0.0,0.0,0.0,0.0491294345369339,0.03471983002641545
464,both_vs_none,16,1.0,4,0.21621621621621623,1,0.05405405405405406,0.05405405405405406,0.05405405405405406,0.05405405405405406,0.05405405405405406,0,0.0,0.0,0.0,0.021788048552754433,0.017740429505135387
464,display_only_vs_none,16,1.0,5,0.2702702702702703,1,0.05405405405405406,0.0,0.0,0.0,0.0,0,0.0,0.0,0.0,-0.019918224131757967,-0.009509488005728607
464,mailer_only_vs_none,16,1.0,5,0.2972972972972973,1,0.05405405405405406,0.0,0.0,0.0,0.0,0,0.0,0.0,0.0,-0.005430464890595826,-0.0009339765037198258
467,both_vs_additive,11,1.0,3,0.2413793103448276,1,0.06896551724137931,0.06896551724137931,0.0,0.06896551724137931,0.0,0,0.0,0.0,0.0,0.00802739449355988,0.008894488969676938
467,both_vs_none,11,1.0,3,0.2413793103448276,1,0.06896551724137931,0.0,0.06896551724137931,0.06896551724137931,0.0,0,0.0,0.0,0.0,0.008035714285714287,0.009334554334554334
467,display_only_vs_none,11,1.0,4,0.3103448275862069,2,0.13793103448275862,0.0,0.0,0.0,0.0,0,0.0,0.0,0.0,-0.03322500916695963,-0.006944849669307874
467,mailer_only_vs_none,11,1.0,3,0.2413793103448276,1,0.06896551724137931,0.06896551724137931,0.06896551724137931,0.06896551724137931,0.06896551724137931,0,0.0,0.0,0.0,0.013945578231292517,0.006972789115646258
468,both_vs_additive,14,1.0000000000000002,3,0.2,0,0.0,0.0,0.0,0.0,0.0,0,0.0,0.0,0.0,,
468,both_vs_none,14,1.0000000000000004,4,0.275,1,0.075,0.0,0.0,0.0,0.0,1,0.075,0.0,0.0,-0.02046746770727413,-0.0004746749343554468
468,display_only_vs_none,14,1.0000000000000004,4,0.275,1,0.075,0.0,0.0,0.0,0.0,1,0.075,0.0,0.0,0.009029183535762486,0.0002709741435458367
468,mailer_only_vs_none,14,1.0000000000000002,4,0.27499999999999997,0,0.0,0.0,0.0,0.0,0.0,0,0.0,0.0,0.0,,
469,both_vs_additive,20,1.0,1,0.07142857142857142,1,0.07142857142857142,0.07142857142857142,0.07142857142857142,0.07142857142857142,0.07142857142857142,0,0.0,0.0,0.0,0.16836150148988288,0.04128756979795421
469,both_vs_none,20,1.0,1,0.07142857142857142,1,0.07142857142857142,0.0,0.0,0.0,0.0,0,0.0,0.0,0.0,-0.07045406843319933,-0.0015695903236861222
469,display_only_vs_none,20,1.0,1,0.07142857142857142,1,0.07142857142857142,0.0,0.0,0.0,0.0,0,0.0,0.0,0.0,-0.10056833513172979,-0.016514079457296535
469,mailer_only_vs_none,20,1.0,1,0.07142857142857142,1,0.07142857142857142,0.0,0.0,0.0,0.0,0,0.0,0.0,0.0,-0.13824723479135242,-0.026096656611362498
472,both_vs_additive,20,1.0,4,0.29411764705882354,1,0.03529411764705882,0.0,0.03529411764705882,0.03529411764705882,0.0,1,0.1411764705882353,0.0,0.0,0.0044710405387866844,0.007136903288786227
472,both_vs_none,20,1.0,4,0.29411764705882354,1,0.03529411764705882,0.0,0.0,0.0,0.0,1,0.1411764705882353,0.1411764705882353,0.1411764705882353,0.03493919101731601,0.01744453463203463
472,display_only_vs_none,20,1.0,5,0.35294117647058826,2,0.09411764705882353,0.0,0.0,0.0,0.0,2,0.2,0.1411764705882353,0.1411764705882353,-0.03087596929587207,-0.006412043528837359
472,mailer_only_vs_none,20,0.9999999999999998,5,0.32941176470588235,1,0.03529411764705882,0.0,0.0,0.0,0.0,1,0.1411764705882353,0.1411764705882353,0.1411764705882353,-0.0012132944282728757,1.8426257650396016e-05
473,both_vs_additive,13,1.0,2,0.13793103448275862,0,0.0,0.0,0.0,0.0,0.0,0,0.0,0.0,0.0,,
473,both_vs_none,13,1.0,2,0.13793103448275862,0,0.0,0.0,0.0,0.0,0.0,0,0.0,0.0,0.0,,
473,display_only_vs_none,13,1.0,2,0.13793103448275862,0,0.0,0.0,0.0,0.0,0.0,0,0.0,0.0,0.0,,
473,mailer_only_vs_none,13,1.0,2,0.13793103448275862,0,0.0,0.0,0.0,0.0,0.0,0,0.0,0.0,0.0,,
479,both_vs_additive,13,0.9999999999999998,1,0.06060606060606061,0,0.0,0.0,0.0,0.0,0.0,0,0.0,0.0,0.0,,
479,both_vs_none,13,0.9999999999999998,1,0.06060606060606061,0,0.0,0.0,0.0,0.0,0.0,0,0.0,0.0,0.0,,
479,display_only_vs_none,13,0.9999999999999998,1,0.06060606060606061,0,0.0,0.0,0.0,0.0,0.0,0,0.0,0.0,0.0,,
479,mailer_only_vs_none,13,0.9999999999999998,1,0.06060606060606061,0,0.0,0.0,0.0,0.0,0.0,0,0.0,0.0,0.0,,
480,both_vs_additive,20,0.9999999999999993,2,0.14084507042253522,1,0.07042253521126761,0.07042253521126761,0.07042253521126761,0.07042253521126761,0.07042253521126761,0,0.0,0.0,0.0,0.16836150148988288,0.04128756979795421
480,both_vs_none,20,0.9999999999999993,2,0.14084507042253522,1,0.07042253521126761,0.0,0.0,0.0,0.0,0,0.0,0.0,0.0,-0.07045406843319933,-0.0015695903236861222
480,display_only_vs_none,20,0.9999999999999993,2,0.14084507042253522,1,0.07042253521126761,0.0,0.0,0.0,0.0,0,0.0,0.0,0.0,-0.10056833513172979,-0.016514079457296535
480,mailer_only_vs_none,20,0.9999999999999993,3,0.18309859154929578,1,0.07042253521126761,0.0,0.0,0.0,0.0,0,0.0,0.0,0.0,-0.13824723479135242,-0.026096656611362498
481,both_vs_additive,20,1.0000000000000004,3,0.2,1,0.04,0.0,0.0,0.0,0.0,0,0.0,0.0,0.0,0.002483426203307333,0.00015922902297245932
481,both_vs_none,20,1.0000000000000004,3,0.2,1,0.04,0.0,0.0,0.0,0.0,0,0.0,0.0,0.0,-0.012948439992025525,-0.008053221288515405
481,display_only_vs_none,20,1.0000000000000004,4,0.26,2,0.1,0.06,0.06,0.06,0.06,0,0.0,0.0,0.0,0.008064091167865202,0.002501068577177862
481,mailer_only_vs_none,20,1.0000000000000004,5,0.28,1,0.04,0.0,0.0,0.0,0.0,0,0.0,0.0,0.0,-0.002232142857142857,9.712509712509788e-05
483,both_vs_additive,6,1.0,1,0.1875,0,0.0,0.0,0.0,0.0,0.0,0,0.0,0.0,0.0,,
483,both_vs_none,6,1.0,1,0.1875,0,0.0,0.0,0.0,0.0,0.0,0,0.0,0.0,0.0,,
483,display_only_vs_none,6,1.0,1,0.1875,0,0.0,0.0,0.0,0.0,0.0,0,0.0,0.0,0.0,,
483,mailer_only_vs_none,6,1.0,1,0.1875,0,0.0,0.0,0.0,0.0,0.0,0,0.0,0.0,0.0,,
485,both_vs_additive,20,0.9999999999999996,3,0.125,1,0.041666666666666664,0.0,0.0,0.0,0.0,1,0.041666666666666664,0.041666666666666664,0.041666666666666664,0.006423011496288518,0.0009369070658234542
485,both_vs_none,20,0.9999999999999997,4,0.18749999999999997,1,0.041666666666666664,0.041666666666666664,0.041666666666666664,0.041666666666666664,0.041666666666666664,2,0.10416666666666666,0.0,0.041666666666666664,0.011852617604002646,0.004119740037330063
485,display_only_vs_none,20,0.9999999999999996,4,0.22916666666666666,2,0.14583333333333334,0.0,0.041666666666666664,0.041666666666666664,0.0,1,0.041666666666666664,0.0,0.0,-0.04486002012034163,-0.010192825671554103
485,mailer_only_vs_none,20,0.9999999999999996,6,0.2708333333333333,1,0.041666666666666664,0.041666666666666664,0.0,0.041666666666666664,0.0,2,0.10416666666666666,0.0,0.10416666666666666,0.005470923856248084,0.00010359155739590469
489,both_vs_additive,13,0.9999999999999997,0,0.0,0,0.0,0.0,0.0,0.0,0.0,0,0.0,0.0,0.0,,
489,both_vs_none,13,0.9999999999999997,0,0.0,0,0.0,0.0,0.0,0.0,0.0,0,0.0,0.0,0.0,,
489,display_only_vs_none,13,0.9999999999999997,0,0.0,0,0.0,0.0,0.0,0.0,0.0,0,0.0,0.0,0.0,,
489,mailer_only_vs_none,13,0.9999999999999997,1,0.07142857142857142,0,0.0,0.0,0.0,0.0,0.0,0,0.0,0.0,0.0,,
490,both_vs_additive,20,0.9999999999999996,4,0.1935483870967742,2,0.0967741935483871,0.06451612903225806,0.06451612903225806,0.06451612903225806,0.06451612903225806,0,0.0,0.0,0.0,0.012815422958155872,0.003518437714088653
490,both_vs_none,20,0.9999999999999996,4,0.1935483870967742,2,0.0967741935483871,0.0,0.06451612903225806,0.06451612903225806,0.0,0,0.0,0.0,0.0,0.0008921837965955618,0.002244385963909958
490,display_only_vs_none,20,0.9999999999999996,5,0.24193548387096772,2,0.0967741935483871,0.0,0.06451612903225806,0.06451612903225806,0.0,0,0.0,0.0,0.0,-0.00047632737850129267,0.0021299271882992206
490,mailer_only_vs_none,20,0.9999999999999996,5,0.24193548387096772,2,0.0967741935483871,0.0,0.0,0.0,0.0,0,0.0,0.0,0.0,-0.007573436925948171,-0.0016602427786638306
491,both_vs_additive,6,0.9999999999999998,0,0.0,0,0.0,0.0,0.0,0.0,0.0,0,0.0,0.0,0.0,,
491,both_vs_none,6,0.9999999999999998,1,0.14285714285714285,0,0.0,0.0,0.0,0.0,0.0,1,0.14285714285714285,0.14285714285714285,0.14285714285714285,,
491,display_only_vs_none,6,0.9999999999999998,1,0.14285714285714285,1,0.14285714285714285,0.0,0.0,0.0,0.0,1,0.14285714285714285,0.14285714285714285,0.14285714285714285,-0.01974849775946594,-0.01820034245384567
491,mailer_only_vs_none,6,0.9999999999999998,1,0.14285714285714285,0,0.0,0.0,0.0,0.0,0.0,1,0.14285714285714285,0.14285714285714285,0.0,,
493,both_vs_additive,14,1.0,1,0.058823529411764705,0,0.0,0.0,0.0,0.0,0.0,0,0.0,0.0,0.0,,
493,both_vs_none,14,1.0,1,0.058823529411764705,0,0.0,0.0,0.0,0.0,0.0,0,0.0,0.0,0.0,,
493,display_only_vs_none,14,1.0,3,0.20588235294117646,0,0.0,0.0,0.0,0.0,0.0,0,0.0,0.0,0.0,,
493,mailer_only_vs_none,14,1.0,3,0.20588235294117646,1,0.058823529411764705,0.058823529411764705,0.058823529411764705,0.058823529411764705,0.058823529411764705,0,0.0,0.0,0.0,0.007133333333333332,0.003333333333333334
495,both_vs_additive,20,0.9999999999999993,2,0.1276595744680851,0,0.0,0.0,0.0,0.0,0.0,0,0.0,0.0,0.0,,
495,both_vs_none,20,0.9999999999999993,2,0.1276595744680851,0,0.0,0.0,0.0,0.0,0.0,0,0.0,0.0,0.0,,
495,display_only_vs_none,20,0.9999999999999993,2,0.1276595744680851,0,0.0,0.0,0.0,0.0,0.0,0,0.0,0.0,0.0,,
495,mailer_only_vs_none,20,0.9999999999999993,4,0.2553191489361702,0,0.0,0.0,0.0,0.0,0.0,0,0.0,0.0,0.0,,
499,both_vs_additive,20,0.9999999999999994,2,0.0851063829787234,0,0.0,0.0,0.0,0.0,0.0,0,0.0,0.0,0.0,,
499,both_vs_none,20,0.9999999999999994,2,0.0851063829787234,0,0.0,0.0,0.0,0.0,0.0,0,0.0,0.0,0.0,,
499,display_only_vs_none,20,0.9999999999999994,2,0.0851063829787234,0,0.0,0.0,0.0,0.0,0.0,0,0.0,0.0,0.0,,
499,mailer_only_vs_none,20,0.9999999999999994,2,0.0851063829787234,0,0.0,0.0,0.0,0.0,0.0,0,0.0,0.0,0.0,,
503,both_vs_additive,20,0.9999999999999994,1,0.10638297872340426,1,0.10638297872340426,0.10638297872340426,0.10638297872340426,0.10638297872340426,0.10638297872340426,0,0.0,0.0,0.0,0.16836150148988288,0.04128756979795421
503,both_vs_none,20,0.9999999999999994,1,0.10638297872340426,1,0.10638297872340426,0.0,0.0,0.0,0.0,0,0.0,0.0,0.0,-0.07045406843319933,-0.0015695903236861222
503,display_only_vs_none,20,0.9999999999999994,1,0.10638297872340426,1,0.10638297872340426,0.0,0.0,0.0,0.0,0,0.0,0.0,0.0,-0.10056833513172977,-0.016514079457296535
503,mailer_only_vs_none,20,0.9999999999999994,2,0.14893617021276595,2,0.14893617021276595,0.0425531914893617,0.0425531914893617,0.0425531914893617,0.0425531914893617,0,0.0,0.0,0.0,-0.09588057093901278,-0.0126541213357813
507,both_vs_additive,13,1.0,0,0.0,0,0.0,0.0,0.0,0.0,0.0,0,0.0,0.0,0.0,,
507,both_vs_none,13,1.0,0,0.0,0,0.0,0.0,0.0,0.0,0.0,0,0.0,0.0,0.0,,
507,display_only_vs_none,13,1.0,0,0.0,0,0.0,0.0,0.0,0.0,0.0,0,0.0,0.0,0.0,,
507,mailer_only_vs_none,13,1.0,0,0.0,0,0.0,0.0,0.0,0.0,0.0,0,0.0,0.0,0.0,,
510,both_vs_additive,20,1.0,2,0.08860759493670886,1,0.05063291139240506,0.05063291139240506,0.05063291139240506,0.05063291139240506,0.05063291139240506,0,0.0,0.0,0.0,0.16836150148988288,0.04128756979795422
510,both_vs_none,20,1.0,3,0.13924050632911392,1,0.05063291139240506,0.0,0.0,0.0,0.0,0,0.0,0.0,0.0,-0.07045406843319933,-0.0015695903236861222
510,display_only_vs_none,20,1.0,2,0.08860759493670886,1,0.05063291139240506,0.0,0.0,0.0,0.0,0,0.0,0.0,0.0,-0.10056833513172979,-0.016514079457296535
510,mailer_only_vs_none,20,1.0,3,0.13924050632911392,1,0.05063291139240506,0.0,0.0,0.0,0.0,0,0.0,0.0,0.0,-0.13824723479135242,-0.026096656611362498
511,both_vs_additive,20,0.9999999999999997,5,0.34408602150537637,1,0.053763440860215055,0.053763440860215055,0.0,0.053763440860215055,0.0,0,0.0,0.0,0.0,0.011671364168835293,0.017323537206823055
511,both_vs_none,20,0.9999999999999997,5,0.34408602150537637,1,0.053763440860215055,0.0,0.0,0.0,0.0,0,0.0,0.0,0.0,0.005561485543565982,0.003282490860840013
511,display_only_vs_none,20,0.9999999999999997,5,0.34408602150537637,1,0.053763440860215055,0.0,0.0,0.0,0.0,0,0.0,0.0,0.0,-0.0038232147578032526,-0.008058654834500863
511,mailer_only_vs_none,20,0.9999999999999997,6,0.38709677419354843,1,0.053763440860215055,0.0,0.0,0.0,0.0,0,0.0,0.0,0.0,-0.0029470563350881586,-0.005982391511482188
512,both_vs_additive,20,1.0,6,0.29729729729729737,2,0.08108108108108109,0.0,0.0,0.0,0.0,0,0.0,0.0,0.0,-0.01136683504396786,-0.003212463858020081
512,both_vs_none,20,1.0,6,0.29729729729729737,2,0.08108108108108109,0.04054054054054054,0.04054054054054054,0.04054054054054054,0.04054054054054054,0,0.0,0.0,0.0,0.01289964389763495,0.0065219009010064315
512,display_only_vs_none,20,1.0,9,0.4864864864864866,4,0.20270270270270271,0.04054054054054054,0.04054054054054054,0.04054054054054054,0.04054054054054054,0,0.0,0.0,0.0,-0.021227223649956793,-0.005112565926326638
512,mailer_only_vs_none,20,1.0,7,0.3648648648648649,4,0.1891891891891892,0.04054054054054054,0.04054054054054054,0.04054054054054054,0.04054054054054054,1,0.04054054054054054,0.0,0.0,-0.0023022085850915993,0.0010208709508987368
513,both_vs_additive,20,0.9999999999999999,0,0.0,0,0.0,0.0,0.0,0.0,0.0,0,0.0,0.0,0.0,,
513,both_vs_none,20,0.9999999999999999,0,0.0,0,0.0,0.0,0.0,0.0,0.0,0,0.0,0.0,0.0,,
513,display_only_vs_none,20,0.9999999999999999,0,0.0,0,0.0,0.0,0.0,0.0,0.0,0,0.0,0.0,0.0,,
513,mailer_only_vs_none,20,0.9999999999999999,0,0.0,0,0.0,0.0,0.0,0.0,0.0,0,0.0,0.0,0.0,,
517,both_vs_additive,13,1.0000000000000002,4,0.3448275862068966,1,0.06896551724137931,0.06896551724137931,0.06896551724137931,0.06896551724137931,0.06896551724137931,2,0.1724137931034483,0.0,0.0,0.03030944197826453,0.02224906074547422
517,both_vs_none,13,1.0000000000000002,4,0.3448275862068966,1,0.06896551724137931,0.0,0.0,0.0,0.0,2,0.1724137931034483,0.10344827586206896,0.10344827586206896,-0.009896729395254995,-0.0022554718493841587
517,display_only_vs_none,13,1.0000000000000002,4,0.3448275862068966,1,0.06896551724137931,0.0,0.0,0.0,0.0,2,0.1724137931034483,0.1724137931034483,0.1724137931034483,-0.020609755031117248,-0.01295828469122752
517,mailer_only_vs_none,13,1.0000000000000002,4,0.3448275862068966,2,0.1724137931034483,0.10344827586206896,0.10344827586206896,0.10344827586206896,0.10344827586206896,2,0.1724137931034483,0.06896551724137931,0.06896551724137931,0.004876959213172446,0.006822166803784449
518,both_vs_additive,5,1.0,0,0.0,0,0.0,0.0,0.0,0.0,0.0,0,0.0,0.0,0.0,,
518,both_vs_none,5,1.0,0,0.0,0,0.0,0.0,0.0,0.0,0.0,0,0.0,0.0,0.0,,
518,display_only_vs_none,5,1.0,0,0.0,0,0.0,0.0,0.0,0.0,0.0,0,0.0,0.0,0.0,,
518,mailer_only_vs_none,5,1.0,1,0.15384615384615385,0,0.0,0.0,0.0,0.0,0.0,0,0.0,0.0,0.0,,
523,both_vs_additive,17,1.0000000000000002,1,0.10714285714285714,0,0.0,0.0,0.0,0.0,0.0,0,0.0,0.0,0.0,,
523,both_vs_none,17,1.0000000000000002,1,0.10714285714285714,0,0.0,0.0,0.0,0.0,0.0,0,0.0,0.0,0.0,,
523,display_only_vs_none,17,1.0000000000000002,1,0.10714285714285714,0,0.0,0.0,0.0,0.0,0.0,0,0.0,0.0,0.0,,
523,mailer_only_vs_none,17,1.0000000000000002,1,0.10714285714285714,0,0.0,0.0,0.0,0.0,0.0,0,0.0,0.0,0.0,,
524,both_vs_additive,20,1.0,2,0.10810810810810811,0,0.0,0.0,0.0,0.0,0.0,0,0.0,0.0,0.0,,
524,both_vs_none,20,1.0,3,0.16216216216216217,0,0.0,0.0,0.0,0.0,0.0,0,0.0,0.0,0.0,,
524,display_only_vs_none,20,1.0,2,0.10810810810810811,0,0.0,0.0,0.0,0.0,0.0,0,0.0,0.0,0.0,,
524,mailer_only_vs_none,20,1.0,3,0.16216216216216217,0,0.0,0.0,0.0,0.0,0.0,0,0.0,0.0,0.0,,
525,both_vs_additive,18,0.9999999999999994,1,0.0425531914893617,0,0.0,0.0,0.0,0.0,0.0,0,0.0,0.0,0.0,,
525,both_vs_none,18,0.9999999999999994,1,0.0425531914893617,0,0.0,0.0,0.0,0.0,0.0,0,0.0,0.0,0.0,,
525,display_only_vs_none,18,0.9999999999999994,2,0.1276595744680851,0,0.0,0.0,0.0,0.0,0.0,0,0.0,0.0,0.0,,
525,mailer_only_vs_none,18,0.9999999999999994,1,0.0425531914893617,0,0.0,0.0,0.0,0.0,0.0,0,0.0,0.0,0.0,,
526,both_vs_additive,5,1.0,0,0.0,0,0.0,0.0,0.0,0.0,0.0,0,0.0,0.0,0.0,,
526,both_vs_none,5,1.0,0,0.0,0,0.0,0.0,0.0,0.0,0.0,0,0.0,0.0,0.0,,
526,display_only_vs_none,5,1.0,1,0.18181818181818182,0,0.0,0.0,0.0,0.0,0.0,0,0.0,0.0,0.0,,
526,mailer_only_vs_none,5,1.0,2,0.36363636363636365,0,0.0,0.0,0.0,0.0,0.0,0,0.0,0.0,0.0,,
527,both_vs_additive,9,1.0000000000000002,1,0.275,0,0.0,0.0,0.0,0.0,0.0,0,0.0,0.0,0.0,,
527,both_vs_none,9,1.0000000000000002,2,0.325,0,0.0,0.0,0.0,0.0,0.0,0,0.0,0.0,0.0,,
527,display_only_vs_none,9,1.0,3,0.375,0,0.0,0.0,0.0,0.0,0.0,0,0.0,0.0,0.0,,
527,mailer_only_vs_none,9,1.0000000000000002,2,0.325,0,0.0,0.0,0.0,0.0,0.0,0,0.0,0.0,0.0,,
529,both_vs_additive,10,0.9999999999999998,0,0.0,0,0.0,0.0,0.0,0.0,0.0,0,0.0,0.0,0.0,,
529,both_vs_none,10,0.9999999999999998,0,0.0,0,0.0,0.0,0.0,0.0,0.0,0,0.0,0.0,0.0,,
529,display_only_vs_none,10,0.9999999999999998,0,0.0,0,0.0,0.0,0.0,0.0,0.0,0,0.0,0.0,0.0,,
529,mailer_only_vs_none,10,0.9999999999999998,0,0.0,0,0.0,0.0,0.0,0.0,0.0,0,0.0,0.0,0.0,,
530,both_vs_additive,5,1.0,0,0.0,0,0.0,0.0,0.0,0.0,0.0,0,0.0,0.0,0.0,,
530,both_vs_none,5,1.0,0,0.0,0,0.0,0.0,0.0,0.0,0.0,0,0.0,0.0,0.0,,
530,display_only_vs_none,5,1.0,0,0.0,0,0.0,0.0,0.0,0.0,0.0,0,0.0,0.0,0.0,,
530,mailer_only_vs_none,5,1.0,0,0.0,0,0.0,0.0,0.0,0.0,0.0,0,0.0,0.0,0.0,,
533,both_vs_additive,15,1.0000000000000002,4,0.25,1,0.08333333333333333,0.08333333333333333,0.0,0.08333333333333333,0.0,0,0.0,0.0,0.0,0.011671364168835293,0.017323537206823055
533,both_vs_none,15,1.0000000000000002,4,0.25,1,0.08333333333333333,0.0,0.0,0.0,0.0,0,0.0,0.0,0.0,0.005561485543565982,0.003282490860840013
533,display_only_vs_none,15,1.0000000000000002,4,0.25,1,0.08333333333333333,0.0,0.0,0.0,0.0,0,0.0,0.0,0.0,-0.003823214757803252,-0.008058654834500863
533,mailer_only_vs_none,15,1.0000000000000002,4,0.25,1,0.08333333333333333,0.0,0.0,0.0,0.0,0,0.0,0.0,0.0,-0.002947056335088158,-0.005982391511482187
536,both_vs_additive,19,0.9999999999999996,2,0.16666666666666666,0,0.0,0.0,0.0,0.0,0.0,0,0.0,0.0,0.0,,
536,both_vs_none,19,0.9999999999999996,3,0.20833333333333331,0,0.0,0.0,0.0,0.0,0.0,0,0.0,0.0,0.0,,
536,display_only_vs_none,19,0.9999999999999996,3,0.20833333333333331,0,0.0,0.0,0.0,0.0,0.0,0,0.0,0.0,0.0,,
536,mailer_only_vs_none,19,0.9999999999999996,3,0.20833333333333331,0,0.0,0.0,0.0,0.0,0.0,0,0.0,0.0,0.0,,
541,both_vs_additive,16,1.0000000000000002,3,0.22857142857142856,2,0.14285714285714285,0.05714285714285714,0.05714285714285714,0.05714285714285714,0.05714285714285714,0,0.0,0.0,0.0,0.02030238848047898,0.002060596707180558
541,both_vs_none,16,1.0000000000000002,3,0.22857142857142856,2,0.14285714285714285,0.08571428571428572,0.08571428571428572,0.08571428571428572,0.08571428571428572,1,0.05714285714285714,0.05714285714285714,0.05714285714285714,0.010165530303030303,0.005558061188420226
541,display_only_vs_none,16,1.0000000000000002,3,0.22857142857142856,2,0.14285714285714285,0.08571428571428572,0.08571428571428572,0.08571428571428572,0.08571428571428572,1,0.05714285714285714,0.05714285714285714,0.05714285714285714,-0.0012662811921107088,-0.0010066395373741692
541,mailer_only_vs_none,16,1.0000000000000002,3,0.22857142857142856,2,0.14285714285714285,0.08571428571428572,0.08571428571428572,0.08571428571428572,0.08571428571428572,0,0.0,0.0,0.0,0.004695250626566415,0.005196398867383109
542,both_vs_additive,20,1.0,5,0.35593220338983045,3,0.20338983050847456,0.20338983050847456,0.15254237288135591,0.20338983050847456,0.15254237288135591,0,0.0,0.0,0.0,0.03192325337879701,0.025174602954458506
542,both_vs_none,20,1.0,5,0.35593220338983045,3,0.20338983050847456,0.06779661016949153,0.06779661016949153,0.06779661016949153,0.06779661016949153,0,0.0,0.0,0.0,0.004529416988786725,0.005794319279678399
542,display_only_vs_none,20,1.0,5,0.35593220338983045,3,0.20338983050847456,0.0,0.0,0.0,0.0,0,0.0,0.0,0.0,-0.016182609663002324,-0.010583778331879552
542,mailer_only_vs_none,20,1.0,5,0.35593220338983045,3,0.20338983050847456,0.0,0.0,0.0,0.0,0,0.0,0.0,0.0,-0.010908742409127346,-0.005724302296489407
543,both_vs_additive,20,0.9999999999999999,0,0.0,0,0.0,0.0,0.0,0.0,0.0,0,0.0,0.0,0.0,,
543,both_vs_none,20,0.9999999999999999,0,0.0,0,0.0,0.0,0.0,0.0,0.0,0,0.0,0.0,0.0,,
543,display_only_vs_none,20,0.9999999999999999,0,0.0,0,0.0,0.0,0.0,0.0,0.0,0,0.0,0.0,0.0,,
543,mailer_only_vs_none,20,0.9999999999999999,0,0.0,0,0.0,0.0,0.0,0.0,0.0,0,0.0,0.0,0.0,,
545,both_vs_additive,20,0.9999999999999998,1,0.038461538461538464,1,0.038461538461538464,0.0,0.0,0.0,0.0,0,0.0,0.0,0.0,-0.04554927330733782,-0.022977102642174414
545,both_vs_none,20,0.9999999999999998,1,0.038461538461538464,1,0.038461538461538464,0.0,0.0,0.0,0.0,0,0.0,0.0,0.0,0.0,0.0
545,display_only_vs_none,20,0.9999999999999998,1,0.038461538461538464,1,0.038461538461538464,0.0,0.0,0.0,0.0,0,0.0,0.0,0.0,-0.009750985125985125,-0.004371704684204684
545,mailer_only_vs_none,20,0.9999999999999998,2,0.09615384615384616,1,0.038461538461538464,0.0,0.0,0.0,0.0,0,0.0,0.0,0.0,0.001218253968253969,0.0010912698412698417
546,both_vs_additive,15,0.9999999999999997,0,0.0,0,0.0,0.0,0.0,0.0,0.0,0,0.0,0.0,0.0,,
546,both_vs_none,15,0.9999999999999997,0,0.0,0,0.0,0.0,0.0,0.0,0.0,0,0.0,0.0,0.0,,
546,display_only_vs_none,15,0.9999999999999997,0,0.0,0,0.0,0.0,0.0,0.0,0.0,0,0.0,0.0,0.0,,
546,mailer_only_vs_none,15,0.9999999999999997,0,0.0,0,0.0,0.0,0.0,0.0,0.0,0,0.0,0.0,0.0,,
547,both_vs_additive,14,1.0,3,0.1875,2,0.125,0.125,0.125,0.125,0.125,2,0.125,0.0625,0.0625,0.03196842467217435,0.024412114004160355
547,both_vs_none,14,1.0,3,0.1875,2,0.125,0.125,0.125,0.125,0.125,2,0.125,0.125,0.0625,0.01350411520883657,0.010364923747276688
547,display_only_vs_none,14,1.0,6,0.375,3,0.1875,0.0,0.0,0.0,0.0,2,0.125,0.0625,0.0625,-0.027855763836563976,-0.009222561671514936
547,mailer_only_vs_none,14,1.0,4,0.25,2,0.125,0.0,0.0,0.0,0.0,2,0.125,0.0625,0.0625,-0.0042694273925075665,-0.0028217362407990786
548,both_vs_additive,16,1.0,2,0.10810810810810811,1,0.05405405405405406,0.0,0.0,0.0,0.0,2,0.10810810810810811,0.0,0.0,-0.014668860542808918,-0.008923016398955288
548,both_vs_none,16,1.0,2,0.10810810810810811,2,0.10810810810810811,0.10810810810810811,0.05405405405405406,0.10810810810810811,0.05405405405405406,2,0.10810810810810811,0.10810810810810811,0.05405405405405406,0.013573080998738312,0.007317065196197324
548,display_only_vs_none,16,1.0,2,0.10810810810810811,1,0.05405405405405406,0.0,0.0,0.0,0.0,2,0.10810810810810811,0.10810810810810811,0.10810810810810811,0.00669172932330827,0.0037593984962406013
548,mailer_only_vs_none,16,1.0,3,0.1891891891891892,2,0.10810810810810811,0.10810810810810811,0.05405405405405406,0.10810810810810811,0.05405405405405406,2,0.10810810810810811,0.10810810810810811,0.05405405405405406,0.009457629745125101,0.0026902915210882863
549,both_vs_additive,20,0.9999999999999997,3,0.14893617021276595,1,0.05319148936170213,0.05319148936170213,0.0,0.05319148936170213,0.0,0,0.0,0.0,0.0,0.011671364168835293,0.017323537206823055
549,both_vs_none,20,0.9999999999999997,4,0.19148936170212766,1,0.05319148936170213,0.0,0.0,0.0,0.0,0,0.0,0.0,0.0,0.005561485543565982,0.003282490860840013
549,display_only_vs_none,20,0.9999999999999997,3,0.14893617021276595,1,0.05319148936170213,0.0,0.0,0.0,0.0,0,0.0,0.0,0.0,-0.003823214757803253,-0.008058654834500863
549,mailer_only_vs_none,20,0.9999999999999997,4,0.19148936170212766,1,0.05319148936170213,0.0,0.0,0.0,0.0,0,0.0,0.0,0.0,-0.0029470563350881586,-0.005982391511482188
550,both_vs_additive,8,1.0,1,0.09090909090909091,0,0.0,0.0,0.0,0.0,0.0,0,0.0,0.0,0.0,,
550,both_vs_none,8,1.0,1,0.09090909090909091,0,0.0,0.0,0.0,0.0,0.0,0,0.0,0.0,0.0,,
550,display_only_vs_none,8,1.0,1,0.09090909090909091,0,0.0,0.0,0.0,0.0,0.0,0,0.0,0.0,0.0,,
550,mailer_only_vs_none,8,1.0,1,0.09090909090909091,0,0.0,0.0,0.0,0.0,0.0,0,0.0,0.0,0.0,,
553,both_vs_additive,20,0.9999999999999996,0,0.0,0,0.0,0.0,0.0,0.0,0.0,0,0.0,0.0,0.0,,
553,both_vs_none,20,0.9999999999999996,0,0.0,0,0.0,0.0,0.0,0.0,0.0,0,0.0,0.0,0.0,,
553,display_only_vs_none,20,0.9999999999999996,0,0.0,0,0.0,0.0,0.0,0.0,0.0,0,0.0,0.0,0.0,,
553,mailer_only_vs_none,20,0.9999999999999996,0,0.0,0,0.0,0.0,0.0,0.0,0.0,0,0.0,0.0,0.0,,
560,both_vs_additive,20,1.0000000000000004,5,0.4146341463414634,2,0.07317073170731707,0.036585365853658534,0.07317073170731707,0.07317073170731707,0.036585365853658534,1,0.036585365853658534,0.036585365853658534,0.036585365853658534,0.020708651086812364,0.013038110619650692
560,both_vs_none,20,1.0000000000000004,5,0.4146341463414634,2,0.07317073170731707,0.0,0.0,0.0,0.0,1,0.036585365853658534,0.036585365853658534,0.036585365853658534,-0.00623145198071478,-0.0011277359246920794
560,display_only_vs_none,20,1.0000000000000004,5,0.4146341463414634,2,0.07317073170731707,0.0,0.0,0.0,0.0,1,0.036585365853658534,0.0,0.0,-0.01140303423773944,-0.007908388098904921
560,mailer_only_vs_none,20,1.0000000000000004,5,0.4146341463414634,2,0.07317073170731707,0.0,0.0,0.0,0.0,1,0.036585365853658534,0.0,0.0,-0.01046816548990462,-0.006614434947768282
562,both_vs_additive,14,0.9999999999999999,4,0.3,2,0.13333333333333333,0.0,0.0,0.0,0.0,1,0.06666666666666667,0.0,0.0,-0.015266051868520876,-0.005588628221722469
562,both_vs_none,14,0.9999999999999999,4,0.3,2,0.13333333333333333,0.06666666666666667,0.06666666666666667,0.06666666666666667,0.06666666666666667,2,0.13333333333333333,0.06666666666666667,0.13333333333333333,0.002143927177894571,0.0033280661065987153
562,display_only_vs_none,14,0.9999999999999999,4,0.3,3,0.23333333333333334,0.1,0.16666666666666669,0.16666666666666669,0.1,3,0.23333333333333334,0.16666666666666669,0.23333333333333334,0.007936601479062213,0.0060606937027742475
562,mailer_only_vs_none,14,0.9999999999999999,4,0.3,3,0.23333333333333334,0.0,0.16666666666666669,0.16666666666666669,0.0,2,0.16666666666666669,0.16666666666666669,0.16666666666666669,-0.019040775788359957,0.005167629734316156
566,both_vs_additive,18,0.9999999999999998,3,0.19230769230769232,1,0.038461538461538464,0.038461538461538464,0.0,0.038461538461538464,0.0,0,0.0,0.0,0.0,0.011671364168835293,0.017323537206823055
566,both_vs_none,18,0.9999999999999999,4,0.23076923076923078,1,0.038461538461538464,0.0,0.0,0.0,0.0,0,0.0,0.0,0.0,0.005561485543565982,0.0032824908608400133
566,display_only_vs_none,18,0.9999999999999999,4,0.23076923076923078,1,0.038461538461538464,0.0,0.0,0.0,0.0,0,0.0,0.0,0.0,-0.0038232147578032526,-0.008058654834500863
566,mailer_only_vs_none,18,0.9999999999999999,4,0.23076923076923078,1,0.038461538461538464,0.0,0.0,0.0,0.0,0,0.0,0.0,0.0,-0.0029470563350881586,-0.005982391511482188
573,both_vs_additive,17,0.9999999999999999,3,0.2641509433962264,1,0.05660377358490566,0.05660377358490566,0.05660377358490566,0.05660377358490566,0.05660377358490566,0,0.0,0.0,0.0,0.03030944197826453,0.02224906074547422
573,both_vs_none,17,0.9999999999999999,3,0.2641509433962264,2,0.09433962264150944,0.03773584905660377,0.03773584905660377,0.03773584905660377,0.03773584905660377,0,0.0,0.0,0.0,0.010726797527682167,0.006137559381211996
573,display_only_vs_none,17,0.9999999999999999,4,0.3018867924528302,2,0.09433962264150944,0.03773584905660377,0.03773584905660377,0.03773584905660377,0.03773584905660377,0,0.0,0.0,0.0,0.0033110704992748386,-0.0018714837897591489
573,mailer_only_vs_none,17,0.9999999999999999,4,0.3018867924528302,1,0.05660377358490566,0.0,0.0,0.0,0.0,0,0.0,0.0,0.0,-0.02006837606837607,-0.009401709401709403
574,both_vs_additive,20,1.0,3,0.16867469879518074,2,0.07228915662650602,0.0,0.03614457831325301,0.03614457831325301,0.0,0,0.0,0.0,0.0,-0.006252543851650989,-0.0028758998148103896
574,both_vs_none,20,1.0,3,0.16867469879518074,2,0.07228915662650602,0.03614457831325301,0.03614457831325301,0.03614457831325301,0.03614457831325301,0,0.0,0.0,0.0,0.01172050583140011,0.004734799113904644
574,display_only_vs_none,20,1.0,4,0.2891566265060241,3,0.1927710843373494,0.03614457831325301,0.03614457831325301,0.03614457831325301,0.03614457831325301,0,0.0,0.0,0.0,-0.03446209708643889,-0.009210437735495784
574,mailer_only_vs_none,20,1.0,4,0.26506024096385544,2,0.07228915662650602,0.03614457831325301,0.03614457831325301,0.03614457831325301,0.03614457831325301,0,0.0,0.0,0.0,0.01148373642196633,0.008430625484289056
576,both_vs_additive,16,0.9999999999999996,2,0.0851063829787234,2,0.0851063829787234,0.0425531914893617,0.0425531914893617,0.0425531914893617,0.0425531914893617,0,0.0,0.0,0.0,0.060161100143243,0.03867955090730699
576,both_vs_none,16,0.9999999999999996,2,0.0851063829787234,2,0.0851063829787234,0.0851063829787234,0.0851063829787234,0.0851063829787234,0.0851063829787234,0,0.0,0.0,0.0,0.033691866194064814,0.015905150501647335
576,display_only_vs_none,16,0.9999999999999997,3,0.1276595744680851,2,0.0851063829787234,0.0425531914893617,0.0425531914893617,0.0425531914893617,0.0425531914893617,0,0.0,0.0,0.0,0.008089403511585543,-0.005168287587265989
576,mailer_only_vs_none,16,0.9999999999999997,3,0.1276595744680851,2,0.0851063829787234,0.0425531914893617,0.0425531914893617,0.0425531914893617,0.0425531914893617,0,0.0,0.0,0.0,0.011917713877682918,0.010344205731202635
580,both_vs_additive,9,0.9999999999999998,2,0.12903225806451613,1,0.06451612903225806,0.0,0.0,0.0,0.0,1,0.06451612903225806,0.06451612903225806,0.06451612903225806,-0.020455829649273415,-0.007092941439589707
580,both_vs_none,9,1.0,3,0.1935483870967742,1,0.06451612903225806,0.06451612903225806,0.06451612903225806,0.06451612903225806,0.06451612903225806,1,0.06451612903225806,0.0,0.06451612903225806,0.010873397435897436,0.006944444444444444
580,display_only_vs_none,9,0.9999999999999998,2,0.12903225806451613,1,0.06451612903225806,0.0,0.06451612903225806,0.06451612903225806,0.0,1,0.06451612903225806,0.0,0.0,0.009214285714285715,0.0071428571428571435
580,mailer_only_vs_none,9,1.0,3,0.1935483870967742,1,0.06451612903225806,0.0,0.0,0.0,0.0,1,0.06451612903225806,0.06451612903225806,0.06451612903225806,-0.0012255499860763016,0.005155858680346433
582,both_vs_additive,19,1.0000000000000004,2,0.18367346938775508,0,0.0,0.0,0.0,0.0,0.0,0,0.0,0.0,0.0,,
582,both_vs_none,19,1.0000000000000004,2,0.18367346938775508,0,0.0,0.0,0.0,0.0,0.0,0,0.0,0.0,0.0,,
582,display_only_vs_none,19,1.0000000000000004,2,0.18367346938775508,0,0.0,0.0,0.0,0.0,0.0,0,0.0,0.0,0.0,,
582,mailer_only_vs_none,19,1.0000000000000004,2,0.18367346938775508,0,0.0,0.0,0.0,0.0,0.0,0,0.0,0.0,0.0,,
583,both_vs_additive,10,0.9999999999999998,2,0.17391304347826086,0,0.0,0.0,0.0,0.0,0.0,0,0.0,0.0,0.0,,
583,both_vs_none,10,0.9999999999999998,2,0.17391304347826086,0,0.0,0.0,0.0,0.0,0.0,0,0.0,0.0,0.0,,
583,display_only_vs_none,10,0.9999999999999998,2,0.17391304347826086,0,0.0,0.0,0.0,0.0,0.0,0,0.0,0.0,0.0,,
583,mailer_only_vs_none,10,0.9999999999999998,2,0.17391304347826086,0,0.0,0.0,0.0,0.0,0.0,0,0.0,0.0,0.0,,
585,both_vs_additive,7,1.0,1,0.17647058823529413,0,0.0,0.0,0.0,0.0,0.0,0,0.0,0.0,0.0,,
585,both_vs_none,7,1.0,1,0.17647058823529413,0,0.0,0.0,0.0,0.0,0.0,0,0.0,0.0,0.0,,
585,display_only_vs_none,7,1.0,1,0.17647058823529413,0,0.0,0.0,0.0,0.0,0.0,0,0.0,0.0,0.0,,
585,mailer_only_vs_none,7,1.0,2,0.29411764705882354,0,0.0,0.0,0.0,0.0,0.0,0,0.0,0.0,0.0,,
586,both_vs_additive,15,0.9999999999999997,3,0.32608695652173914,2,0.10869565217391304,0.043478260869565216,0.043478260869565216,0.043478260869565216,0.043478260869565216,0,0.0,0.0,0.0,0.006555530589464339,-0.0035056293817049946
586,both_vs_none,15,0.9999999999999997,3,0.32608695652173914,2,0.10869565217391304,0.06521739130434782,0.06521739130434782,0.06521739130434782,0.06521739130434782,0,0.0,0.0,0.0,0.003967966497520468,0.0023647176411794087
586,display_only_vs_none,15,0.9999999999999997,3,0.32608695652173914,2,0.10869565217391304,0.0,0.06521739130434782,0.06521739130434782,0.0,0,0.0,0.0,0.0,0.0055535164835164835,0.0041868131868131875
586,mailer_only_vs_none,15,0.9999999999999997,3,0.32608695652173914,2,0.10869565217391304,0.0,0.0,0.0,0.0,0,0.0,0.0,0.0,-0.0025155497718655612,0.0036979108126034637
588,both_vs_additive,14,0.9999999999999998,3,0.21212121212121213,1,0.06060606060606061,0.06060606060606061,0.0,0.06060606060606061,0.0,1,0.06060606060606061,0.06060606060606061,0.06060606060606061,0.011671364168835293,0.017323537206823055
588,both_vs_none,14,0.9999999999999998,3,0.21212121212121213,2,0.12121212121212122,0.06060606060606061,0.06060606060606061,0.06060606060606061,0.06060606060606061,1,0.06060606060606061,0.0,0.0,0.023611786727826947,0.011004798543973121
588,display_only_vs_none,14,0.9999999999999998,4,0.30303030303030304,2,0.12121212121212122,0.06060606060606061,0.06060606060606061,0.06060606060606061,0.06060606060606061,1,0.06060606060606061,0.0,0.0,0.01768454701852986,0.0033500313639712727
588,mailer_only_vs_none,14,0.9999999999999996,5,0.3939393939393939,2,0.15151515151515152,0.09090909090909091,0.09090909090909091,0.09090909090909091,0.09090909090909091,1,0.06060606060606061,0.0,0.0,0.004842830681066528,0.010178373507310148
590,both_vs_additive,20,0.9999999999999999,3,0.17088607594936708,0,0.0,0.0,0.0,0.0,0.0,1,0.05063291139240506,0.05063291139240506,0.05063291139240506,,
590,both_vs_none,20,0.9999999999999999,3,0.17088607594936708,0,0.0,0.0,0.0,0.0,0.0,1,0.05063291139240506,0.05063291139240506,0.05063291139240506,,
590,display_only_vs_none,20,0.9999999999999999,5,0.2911392405063291,1,0.08227848101265822,0.0,0.0,0.0,0.0,1,0.05063291139240506,0.0,0.0,-0.06157950872656753,-0.015847877612583494
590,mailer_only_vs_none,20,1.0,5,0.2468354430379747,0,0.0,0.0,0.0,0.0,0.0,1,0.05063291139240506,0.05063291139240506,0.05063291139240506,,
591,both_vs_additive,20,0.9999999999999999,4,0.21333333333333332,1,0.04666666666666667,0.04666666666666667,0.0,0.04666666666666667,0.0,0,0.0,0.0,0.0,0.011671364168835293,0.017323537206823055
591,both_vs_none,20,0.9999999999999999,4,0.21333333333333332,1,0.04666666666666667,0.0,0.0,0.0,0.0,0,0.0,0.0,0.0,0.005561485543565981,0.003282490860840013
591,display_only_vs_none,20,0.9999999999999999,5,0.2866666666666667,2,0.12,0.0,0.0,0.0,0.0,0,0.0,0.0,0.0,-0.013555332147708227,-0.014256352824100468
591,mailer_only_vs_none,20,0.9999999999999999,5,0.2733333333333333,1,0.04666666666666667,0.0,0.0,0.0,0.0,0,0.0,0.0,0.0,-0.0029470563350881586,-0.005982391511482188
594,both_vs_additive,7,1.0000000000000002,1,0.2222222222222222,0,0.0,0.0,0.0,0.0,0.0,0,0.0,0.0,0.0,,
594,both_vs_none,7,1.0000000000000002,1,0.2222222222222222,0,0.0,0.0,0.0,0.0,0.0,0,0.0,0.0,0.0,,
594,display_only_vs_none,7,1.0000000000000002,1,0.2222222222222222,0,0.0,0.0,0.0,0.0,0.0,0,0.0,0.0,0.0,,
594,mailer_only_vs_none,7,1.0000000000000002,1,0.2222222222222222,0,0.0,0.0,0.0,0.0,0.0,0,0.0,0.0,0.0,,
595,both_vs_additive,8,1.0,1,0.2727272727272727,0,0.0,0.0,0.0,0.0,0.0,0,0.0,0.0,0.0,,
595,both_vs_none,8,1.0,1,0.2727272727272727,0,0.0,0.0,0.0,0.0,0.0,0,0.0,0.0,0.0,,
595,display_only_vs_none,8,1.0,1,0.2727272727272727,0,0.0,0.0,0.0,0.0,0.0,0,0.0,0.0,0.0,,
595,mailer_only_vs_none,8,1.0,1,0.2727272727272727,0,0.0,0.0,0.0,0.0,0.0,0,0.0,0.0,0.0,,
596,both_vs_additive,8,0.9999999999999999,0,0.0,0,0.0,0.0,0.0,0.0,0.0,0,0.0,0.0,0.0,,
596,both_vs_none,8,0.9999999999999999,0,0.0,0,0.0,0.0,0.0,0.0,0.0,0,0.0,0.0,0.0,,
596,display_only_vs_none,8,0.9999999999999999,1,0.12,1,0.12,0.0,0.0,0.0,0.0,1,0.12,0.0,0.0,-0.06157950872656754,-0.015847877612583494
596,mailer_only_vs_none,8,0.9999999999999999,0,0.0,0,0.0,0.0,0.0,0.0,0.0,0,0.0,0.0,0.0,,
598,both_vs_additive,13,0.9999999999999997,1,0.0425531914893617,0,0.0,0.0,0.0,0.0,0.0,0,0.0,0.0,0.0,,
598,both_vs_none,13,0.9999999999999997,1,0.0425531914893617,0,0.0,0.0,0.0,0.0,0.0,0,0.0,0.0,0.0,,
598,display_only_vs_none,13,0.9999999999999997,1,0.0425531914893617,0,0.0,0.0,0.0,0.0,0.0,0,0.0,0.0,0.0,,
598,mailer_only_vs_none,13,0.9999999999999997,1,0.0425531914893617,0,0.0,0.0,0.0,0.0,0.0,0,0.0,0.0,0.0,,
601,both_vs_additive,20,1.0000000000000002,2,0.1076923076923077,0,0.0,0.0,0.0,0.0,0.0,0,0.0,0.0,0.0,,
601,both_vs_none,20,1.0000000000000002,2,0.1076923076923077,0,0.0,0.0,0.0,0.0,0.0,0,0.0,0.0,0.0,,
601,display_only_vs_none,20,1.0000000000000002,2,0.1076923076923077,0,0.0,0.0,0.0,0.0,0.0,0,0.0,0.0,0.0,,
601,mailer_only_vs_none,20,1.0000000000000002,2,0.1076923076923077,0,0.0,0.0,0.0,0.0,0.0,0,0.0,0.0,0.0,,
603,both_vs_additive,20,1.0,5,0.3232323232323232,3,0.18181818181818182,0.09090909090909091,0.09090909090909091,0.09090909090909091,0.09090909090909091,0,0.0,0.0,0.0,0.018711872324469036,0.014834484157427094
603,both_vs_none,20,1.0,7,0.404040404040404,3,0.18181818181818182,0.09090909090909091,0.09090909090909091,0.09090909090909091,0.09090909090909091,0,0.0,0.0,0.0,0.011317092693538143,0.009085580104308107
603,display_only_vs_none,20,1.0,9,0.5454545454545454,4,0.23232323232323232,0.09090909090909091,0.050505050505050504,0.09090909090909091,0.050505050505050504,0,0.0,0.0,0.0,-0.003521522721092951,-0.0016557458975224163
603,mailer_only_vs_none,20,1.0,9,0.5555555555555556,4,0.23232323232323232,0.04040404040404041,0.04040404040404041,0.04040404040404041,0.04040404040404041,0,0.0,0.0,0.0,-0.004029910139624868,0.0002723920798535589
604,both_vs_additive,20,1.0000000000000002,0,0.0,0,0.0,0.0,0.0,0.0,0.0,0,0.0,0.0,0.0,,
604,both_vs_none,20,1.0000000000000002,0,0.0,0,0.0,0.0,0.0,0.0,0.0,0,0.0,0.0,0.0,,
604,display_only_vs_none,20,1.0000000000000002,0,0.0,0,0.0,0.0,0.0,0.0,0.0,0,0.0,0.0,0.0,,
604,mailer_only_vs_none,20,1.0000000000000002,0,0.0,0,0.0,0.0,0.0,0.0,0.0,0,0.0,0.0,0.0,,
606,both_vs_additive,18,0.9999999999999996,4,0.2708333333333333,1,0.041666666666666664,0.041666666666666664,0.041666666666666664,0.041666666666666664,0.041666666666666664,0,0.0,0.0,0.0,0.03030944197826453,0.02224906074547422
606,both_vs_none,18,0.9999999999999996,4,0.2708333333333333,1,0.041666666666666664,0.0,0.0,0.0,0.0,0,0.0,0.0,0.0,-0.009896729395254995,-0.0022554718493841587
606,display_only_vs_none,18,0.9999999999999996,4,0.2708333333333333,1,0.041666666666666664,0.0,0.0,0.0,0.0,0,0.0,0.0,0.0,-0.020609755031117248,-0.012958284691227518
606,mailer_only_vs_none,18,0.9999999999999996,4,0.2708333333333333,1,0.041666666666666664,0.0,0.0,0.0,0.0,0,0.0,0.0,0.0,-0.02006837606837607,-0.009401709401709403
608,both_vs_additive,20,1.0000000000000004,3,0.16923076923076924,1,0.06153846153846154,0.06153846153846154,0.06153846153846154,0.06153846153846154,0.06153846153846154,0,0.0,0.0,0.0,0.0491294345369339,0.03471983002641545
608,both_vs_none,20,1.0,4,0.2153846153846154,1,0.06153846153846154,0.06153846153846154,0.06153846153846154,0.06153846153846154,0.06153846153846154,0,0.0,0.0,0.0,0.021788048552754433,0.017740429505135387
608,display_only_vs_none,20,1.0000000000000002,5,0.27692307692307694,1,0.06153846153846154,0.0,0.0,0.0,0.0,0,0.0,0.0,0.0,-0.019918224131757967,-0.009509488005728607
608,mailer_only_vs_none,20,1.0000000000000002,6,0.3230769230769231,2,0.09230769230769231,0.03076923076923077,0.03076923076923077,0.03076923076923077,0.03076923076923077,0,0.0,0.0,0.0,0.0052451221717015484,0.003574879861717647
609,both_vs_additive,9,0.9999999999999999,2,0.25806451612903225,1,0.0967741935483871,0.0967741935483871,0.0967741935483871,0.0967741935483871,0.0967741935483871,1,0.0967741935483871,0.0967741935483871,0.0967741935483871,0.030309441978264535,0.022249060745474218
609,both_vs_none,9,0.9999999999999999,2,0.25806451612903225,1,0.0967741935483871,0.0,0.0,0.0,0.0,1,0.0967741935483871,0.0,0.0,-0.009896729395254995,-0.0022554718493841587
609,display_only_vs_none,9,0.9999999999999999,2,0.25806451612903225,1,0.0967741935483871,0.0,0.0,0.0,0.0,1,0.0967741935483871,0.0,0.0,-0.020609755031117245,-0.01295828469122752
609,mailer_only_vs_none,9,0.9999999999999999,2,0.25806451612903225,1,0.0967741935483871,0.0,0.0,0.0,0.0,1,0.0967741935483871,0.0,0.0,-0.02006837606837607,-0.009401709401709403
612,both_vs_additive,17,0.9999999999999997,3,0.16279069767441862,1,0.046511627906976744,0.046511627906976744,0.046511627906976744,0.046511627906976744,0.046511627906976744,0,0.0,0.0,0.0,0.04912943453693391,0.03471983002641545
612,both_vs_none,17,0.9999999999999997,3,0.16279069767441862,1,0.046511627906976744,0.046511627906976744,0.046511627906976744,0.046511627906976744,0.046511627906976744,0,0.0,0.0,0.0,0.021788048552754433,0.017740429505135387
612,display_only_vs_none,17,0.9999999999999998,5,0.3023255813953488,1,0.046511627906976744,0.0,0.0,0.0,0.0,0,0.0,0.0,0.0,-0.019918224131757967,-0.009509488005728607
612,mailer_only_vs_none,17,0.9999999999999998,5,0.3023255813953488,1,0.046511627906976744,0.0,0.0,0.0,0.0,0,0.0,0.0,0.0,-0.005430464890595826,-0.0009339765037198258
618,both_vs_additive,16,1.0000000000000002,2,0.20512820512820512,0,0.0,0.0,0.0,0.0,0.0,0,0.0,0.0,0.0,,
618,both_vs_none,16,1.0000000000000002,2,0.20512820512820512,1,0.1282051282051282,0.1282051282051282,0.1282051282051282,0.1282051282051282,0.1282051282051282,0,0.0,0.0,0.0,0.009946581196581199,0.004896723646723647
618,display_only_vs_none,16,1.0000000000000002,3,0.28205128205128205,2,0.20512820512820512,0.1282051282051282,0.1282051282051282,0.1282051282051282,0.1282051282051282,0,0.0,0.0,0.0,-0.011519560044478202,-0.0014112251704419074
618,mailer_only_vs_none,16,1.0000000000000002,2,0.20512820512820512,1,0.1282051282051282,0.1282051282051282,0.0,0.1282051282051282,0.0,0,0.0,0.0,0.0,0.06360998023767421,0.008201694139194141
623,both_vs_additive,20,1.0,4,0.328125,1,0.09375,0.09375,0.0,0.09375,0.0,0,0.0,0.0,0.0,0.011671364168835291,0.017323537206823055
623,both_vs_none,20,1.0,4,0.328125,1,0.09375,0.0,0.0,0.0,0.0,0,0.0,0.0,0.0,0.005561485543565982,0.003282490860840013
623,display_only_vs_none,20,1.0,4,0.328125,1,0.09375,0.0,0.0,0.0,0.0,0,0.0,0.0,0.0,-0.0038232147578032526,-0.008058654834500863
623,mailer_only_vs_none,20,1.0,4,0.328125,1,0.09375,0.0,0.0,0.0,0.0,0,0.0,0.0,0.0,-0.0029470563350881586,-0.005982391511482189
624,both_vs_additive,20,1.0,2,0.18803418803418803,1,0.09401709401709402,0.09401709401709402,0.09401709401709402,0.09401709401709402,0.09401709401709402,0,0.0,0.0,0.0,0.03030944197826453,0.022249060745474218
624,both_vs_none,20,1.0,2,0.18803418803418803,1,0.09401709401709402,0.0,0.0,0.0,0.0,0,0.0,0.0,0.0,-0.009896729395254995,-0.0022554718493841587
624,display_only_vs_none,20,1.0,2,0.18803418803418803,1,0.09401709401709402,0.0,0.0,0.0,0.0,0,0.0,0.0,0.0,-0.020609755031117248,-0.012958284691227518
624,mailer_only_vs_none,20,0.9999999999999999,3,0.2393162393162393,1,0.09401709401709402,0.0,0.0,0.0,0.0,0,0.0,0.0,0.0,-0.02006837606837607,-0.009401709401709403
628,both_vs_additive,6,0.9999999999999998,2,0.42857142857142855,0,0.0,0.0,0.0,0.0,0.0,0,0.0,0.0,0.0,,
628,both_vs_none,6,0.9999999999999998,2,0.42857142857142855,0,0.0,0.0,0.0,0.0,0.0,0,0.0,0.0,0.0,,
628,display_only_vs_none,6,0.9999999999999998,2,0.42857142857142855,0,0.0,0.0,0.0,0.0,0.0,0,0.0,0.0,0.0,,
628,mailer_only_vs_none,6,0.9999999999999998,2,0.42857142857142855,0,0.0,0.0,0.0,0.0,0.0,0,0.0,0.0,0.0,,
630,both_vs_additive,20,1.0,3,0.17757009345794392,1,0.09345794392523364,0.09345794392523364,0.09345794392523364,0.09345794392523364,0.09345794392523364,0,0.0,0.0,0.0,0.16836150148988288,0.04128756979795421
630,both_vs_none,20,1.0,3,0.17757009345794392,1,0.09345794392523364,0.0,0.0,0.0,0.0,0,0.0,0.0,0.0,-0.07045406843319933,-0.0015695903236861222
630,display_only_vs_none,20,1.0,3,0.17757009345794392,1,0.09345794392523364,0.0,0.0,0.0,0.0,0,0.0,0.0,0.0,-0.10056833513172979,-0.016514079457296535
630,mailer_only_vs_none,20,1.0,5,0.24299065420560748,1,0.09345794392523364,0.0,0.0,0.0,0.0,0,0.0,0.0,0.0,-0.13824723479135242,-0.026096656611362498
631,both_vs_additive,20,1.0,4,0.1282051282051282,1,0.06153846153846154,0.06153846153846154,0.06153846153846154,0.06153846153846154,0.06153846153846154,1,0.06153846153846154,0.06153846153846154,0.06153846153846154,0.014807414807414813,0.014104397981905256
631,both_vs_none,20,0.9999999999999999,5,0.15384615384615385,1,0.06153846153846154,0.06153846153846154,0.06153846153846154,0.06153846153846154,0.06153846153846154,1,0.06153846153846154,0.0,0.0,0.005220181864918707,0.0029894179894179897
631,display_only_vs_none,20,0.9999999999999999,5,0.17435897435897435,1,0.06153846153846154,0.0,0.0,0.0,0.0,1,0.06153846153846154,0.0,0.0,-0.0020695586513664317,-0.002310319396232708
631,mailer_only_vs_none,20,0.9999999999999999,8,0.29743589743589743,1,0.06153846153846154,0.0,0.0,0.0,0.0,1,0.06153846153846154,0.0,0.0,-0.0031083898944193077,-0.0047094959778783314
633,both_vs_additive,20,0.9999999999999996,4,0.16901408450704225,1,0.04225352112676056,0.04225352112676056,0.0,0.04225352112676056,0.0,0,0.0,0.0,0.0,0.011671364168835291,0.017323537206823055
633,both_vs_none,20,0.9999999999999996,4,0.16901408450704225,2,0.08450704225352113,0.04225352112676056,0.04225352112676056,0.04225352112676056,0.04225352112676056,0,0.0,0.0,0.0,0.009690785014486523,0.007526422081725691
633,display_only_vs_none,20,0.9999999999999996,4,0.16901408450704225,1,0.04225352112676056,0.0,0.0,0.0,0.0,0,0.0,0.0,0.0,-0.0038232147578032526,-0.008058654834500863
633,mailer_only_vs_none,20,0.9999999999999996,5,0.22535211267605634,2,0.08450704225352113,0.04225352112676056,0.04225352112676056,0.04225352112676056,0.04225352112676056,0,0.0,0.0,0.0,0.003568340708015805,-0.00015629956183971103
635,both_vs_additive,8,1.0,1,0.09090909090909091,0,0.0,0.0,0.0,0.0,0.0,0,0.0,0.0,0.0,,
635,both_vs_none,8,1.0,1,0.09090909090909091,0,0.0,0.0,0.0,0.0,0.0,0,0.0,0.0,0.0,,
635,display_only_vs_none,8,1.0,1,0.09090909090909091,0,0.0,0.0,0.0,0.0,0.0,0,0.0,0.0,0.0,,
635,mailer_only_vs_none,8,1.0,1,0.09090909090909091,0,0.0,0.0,0.0,0.0,0.0,0,0.0,0.0,0.0,,
636,both_vs_additive,20,1.0,3,0.28125,0,0.0,0.0,0.0,0.0,0.0,0,0.0,0.0,0.0,,
636,both_vs_none,20,1.0,4,0.3125,1,0.03125,0.03125,0.03125,0.03125,0.03125,0,0.0,0.0,0.0,0.04166208791208791,0.01872710622710623
636,display_only_vs_none,20,1.0,6,0.390625,2,0.0625,0.03125,0.03125,0.03125,0.03125,0,0.0,0.0,0.0,0.020732518033795125,0.007041928712061755
636,mailer_only_vs_none,20,1.0,5,0.359375,1,0.03125,0.0,0.0,0.0,0.0,0,0.0,0.0,0.0,-0.008268420871243451,0.0011545893719806769
638,both_vs_additive,20,0.9999999999999993,3,0.19148936170212766,2,0.0851063829787234,0.0425531914893617,0.0,0.0425531914893617,0.0,0,0.0,0.0,0.0,-0.005970791864913441,0.0038722885416875574
638,both_vs_none,20,0.9999999999999993,3,0.19148936170212766,2,0.0851063829787234,0.0425531914893617,0.0425531914893617,0.0425531914893617,0.0425531914893617,0,0.0,0.0,0.0,0.015784335886270384,0.0063760445443246504
638,display_only_vs_none,20,0.9999999999999993,4,0.23404255319148937,3,0.1276595744680851,0.0425531914893617,0.0425531914893617,0.0425531914893617,0.0425531914893617,0,0.0,0.0,0.0,-0.01391307735970826,-0.005781372273733748
638,mailer_only_vs_none,20,0.9999999999999993,3,0.19148936170212766,2,0.0851063829787234,0.0425531914893617,0.0425531914893617,0.0425531914893617,0.0425531914893617,0,0.0,0.0,0.0,0.010444185710138837,0.00735300997546154
640,both_vs_additive,20,1.0000000000000002,2,0.11392405063291139,1,0.02531645569620253,0.0,0.0,0.0,0.0,1,0.02531645569620253,0.02531645569620253,0.02531645569620253,-0.01208630612644515,-0.002029580241414173
640,both_vs_none,20,1.0000000000000002,2,0.11392405063291139,1,0.02531645569620253,0.02531645569620253,0.02531645569620253,0.02531645569620253,0.02531645569620253,1,0.02531645569620253,0.02531645569620253,0.02531645569620253,0.01577083333333333,0.00926343531403371
640,display_only_vs_none,20,1.0000000000000002,2,0.11392405063291139,1,0.02531645569620253,0.02531645569620253,0.02531645569620253,0.02531645569620253,0.02531645569620253,1,0.02531645569620253,0.02531645569620253,0.02531645569620253,0.011143499600450406,0.00556864424930392
640,mailer_only_vs_none,20,1.0000000000000002,2,0.11392405063291139,1,0.02531645569620253,0.02531645569620253,0.02531645569620253,0.02531645569620253,0.02531645569620253,1,0.02531645569620253,0.02531645569620253,0.02531645569620253,0.013657163742690055,0.00918091168091168
641,both_vs_additive,20,1.0000000000000004,3,0.2993197278911564,2,0.1292517006802721,0.09523809523809523,0.09523809523809523,0.09523809523809523,0.09523809523809523,0,0.0,0.0,0.0,0.11206919233271953,0.024375813892657205
641,both_vs_none,20,1.0000000000000004,4,0.3265306122448979,2,0.1292517006802721,0.0,0.0,0.0,0.0,0,0.0,0.0,0.0,-0.05191352410867319,-0.0011565402385055636
641,display_only_vs_none,20,1.0000000000000004,3,0.2993197278911564,2,0.1292517006802721,0.0,0.0,0.0,0.0,0,0.0,0.0,0.0,-0.07666903249863909,-0.013318717674903943
641,mailer_only_vs_none,20,1.0000000000000004,4,0.3265306122448979,2,0.1292517006802721,0.0,0.0,0.0,0.0,0,0.0,0.0,0.0,-0.10154579038092967,-0.018941939123827668
642,both_vs_additive,15,0.9999999999999998,1,0.06976744186046512,1,0.06976744186046512,0.0,0.06976744186046512,0.06976744186046512,0.0,0,0.0,0.0,0.0,-0.00462882819110097,0.006938139500882644
642,both_vs_none,15,0.9999999999999998,2,0.11627906976744186,2,0.11627906976744186,0.06976744186046512,0.06976744186046512,0.06976744186046512,0.06976744186046512,0,0.0,0.0,0.0,0.007670786943829892,0.008646738819763168
642,display_only_vs_none,15,0.9999999999999998,4,0.2558139534883721,3,0.20930232558139536,0.06976744186046512,0.0,0.06976744186046512,0.0,1,0.046511627906976744,0.046511627906976744,0.046511627906976744,-0.024463273659688218,-0.007694618832545644
642,mailer_only_vs_none,15,0.9999999999999998,3,0.16279069767441862,1,0.06976744186046512,0.06976744186046512,0.06976744186046512,0.06976744186046512,0.06976744186046512,1,0.046511627906976744,0.046511627906976744,0.046511627906976744,0.028361716603149803,0.009923544264849099
644,both_vs_additive,20,0.9999999999999997,1,0.038461538461538464,0,0.0,0.0,0.0,0.0,0.0,0,0.0,0.0,0.0,,
644,both_vs_none,20,0.9999999999999997,2,0.07692307692307693,0,0.0,0.0,0.0,0.0,0.0,0,0.0,0.0,0.0,,
644,display_only_vs_none,20,0.9999999999999997,2,0.11538461538461539,0,0.0,0.0,0.0,0.0,0.0,0,0.0,0.0,0.0,,
644,mailer_only_vs_none,20,0.9999999999999997,3,0.15384615384615385,1,0.038461538461538464,0.0,0.0,0.0,0.0,0,0.0,0.0,0.0,0.011357142857142859,0.005357142857142856
646,both_vs_additive,19,0.9999999999999997,3,0.21739130434782608,1,0.043478260869565216,0.0,0.0,0.0,0.0,0,0.0,0.0,0.0,-0.023612947898662178,-0.00957896012344794
646,both_vs_none,19,0.9999999999999997,3,0.21739130434782608,1,0.043478260869565216,0.043478260869565216,0.043478260869565216,0.043478260869565216,0.043478260869565216,0,0.0,0.0,0.0,0.02600718622897478,0.009469598227809288
646,display_only_vs_none,19,0.9999999999999997,5,0.30434782608695654,2,0.08695652173913043,0.043478260869565216,0.043478260869565216,0.043478260869565216,0.043478260869565216,1,0.043478260869565216,0.043478260869565216,0.0,0.011664364580133521,0.0008968595223432656
646,mailer_only_vs_none,19,0.9999999999999997,6,0.34782608695652173,2,0.08695652173913043,0.043478260869565216,0.08695652173913043,0.08695652173913043,0.043478260869565216,1,0.043478260869565216,0.043478260869565216,0.043478260869565216,0.012897414732383771,0.011086495562114758
652,both_vs_additive,20,0.9999999999999996,2,0.1267605633802817,1,0.04225352112676056,0.0,0.0,0.0,0.0,0,0.0,0.0,0.0,-0.010076274087768337,-0.004084315003855232
652,both_vs_none,20,0.9999999999999996,2,0.1267605633802817,1,0.04225352112676056,0.0,0.0,0.0,0.0,0,0.0,0.0,0.0,-0.006585543080108294,-0.0002883122312470135
652,display_only_vs_none,20,0.9999999999999996,3,0.15492957746478872,2,0.07042253521126761,0.028169014084507043,0.028169014084507043,0.028169014084507043,0.028169014084507043,1,0.028169014084507043,0.028169014084507043,0.028169014084507043,-0.001971044133788355,-0.0017640178867982764
652,mailer_only_vs_none,20,0.9999999999999996,2,0.1267605633802817,1,0.04225352112676056,0.0,0.04225352112676056,0.04225352112676056,0.0,0,0.0,0.0,0.0,-0.004540541896560141,0.00021532814838080144
654,both_vs_additive,17,1.0000000000000004,2,0.1,1,0.05,0.05,0.05,0.05,0.05,0,0.0,0.0,0.0,0.06888543039086517,0.008195862130072656
654,both_vs_none,17,1.0000000000000004,3,0.15000000000000002,1,0.05,0.0,0.0,0.0,0.0,0,0.0,0.0,0.0,0.0017575757575757633,0.0
654,display_only_vs_none,17,1.0000000000000004,4,0.2,2,0.1,0.0,0.0,0.0,0.0,0,0.0,0.0,0.0,-0.008804112554112549,-0.005772212677855601
654,mailer_only_vs_none,17,1.0000000000000004,3,0.15000000000000002,2,0.1,0.0,0.0,0.0,0.0,0,0.0,0.0,0.0,-0.008508019959431248,0.0001871095095354657
656,both_vs_additive,20,0.9999999999999999,4,0.2435897435897436,0,0.0,0.0,0.0,0.0,0.0,0,0.0,0.0,0.0,,
656,both_vs_none,20,0.9999999999999998,5,0.2948717948717948,1,0.038461538461538464,0.038461538461538464,0.038461538461538464,0.038461538461538464,0.038461538461538464,0,0.0,0.0,0.0,0.009946581196581199,0.004896723646723647
656,display_only_vs_none,20,0.9999999999999999,7,0.423076923076923,4,0.20512820512820512,0.038461538461538464,0.038461538461538464,0.038461538461538464,0.038461538461538464,0,0.0,0.0,0.0,-0.026710221104550024,-0.010092428149848185
656,mailer_only_vs_none,20,0.9999999999999999,5,0.28205128205128205,2,0.07692307692307693,0.038461538461538464,0.0,0.038461538461538464,0.0,0,0.0,0.0,0.0,0.031526334140454054,0.004795291514041516
659,both_vs_additive,8,1.0,1,0.10526315789473684,1,0.10526315789473684,0.10526315789473684,0.0,0.10526315789473684,0.0,0,0.0,0.0,0.0,0.011671364168835293,0.017323537206823055
659,both_vs_none,8,1.0,1,0.10526315789473684,1,0.10526315789473684,0.0,0.0,0.0,0.0,0,0.0,0.0,0.0,0.005561485543565983,0.0032824908608400124
659,display_only_vs_none,8,1.0,1,0.10526315789473684,1,0.10526315789473684,0.0,0.0,0.0,0.0,0,0.0,0.0,0.0,-0.0038232147578032526,-0.008058654834500863
659,mailer_only_vs_none,8,1.0,1,0.10526315789473684,1,0.10526315789473684,0.0,0.0,0.0,0.0,0,0.0,0.0,0.0,-0.0029470563350881586,-0.005982391511482188
660,both_vs_additive,19,1.0000000000000004,2,0.14,0,0.0,0.0,0.0,0.0,0.0,0,0.0,0.0,0.0,,
660,both_vs_none,19,1.0000000000000004,2,0.14,0,0.0,0.0,0.0,0.0,0.0,0,0.0,0.0,0.0,,
660,display_only_vs_none,19,1.0000000000000004,2,0.14,0,0.0,0.0,0.0,0.0,0.0,0,0.0,0.0,0.0,,
660,mailer_only_vs_none,19,1.0000000000000004,3,0.18000000000000002,0,0.0,0.0,0.0,0.0,0.0,0,0.0,0.0,0.0,,
661,both_vs_additive,20,0.9999999999999993,2,0.07407407407407407,0,0.0,0.0,0.0,0.0,0.0,0,0.0,0.0,0.0,,
661,both_vs_none,20,0.9999999999999993,2,0.07407407407407407,0,0.0,0.0,0.0,0.0,0.0,0,0.0,0.0,0.0,,
661,display_only_vs_none,20,0.9999999999999993,2,0.07407407407407407,0,0.0,0.0,0.0,0.0,0.0,0,0.0,0.0,0.0,,
661,mailer_only_vs_none,20,0.9999999999999993,2,0.07407407407407407,0,0.0,0.0,0.0,0.0,0.0,0,0.0,0.0,0.0,,
662,both_vs_additive,18,0.9999999999999998,5,0.28260869565217395,3,0.17391304347826086,0.08695652173913043,0.043478260869565216,0.08695652173913043,0.043478260869565216,2,0.13043478260869565,0.0,0.08695652173913043,0.006219937140901681,0.005424716185686832
662,both_vs_none,18,0.9999999999999998,5,0.28260869565217395,3,0.17391304347826086,0.0,0.043478260869565216,0.043478260869565216,0.0,2,0.13043478260869565,0.08695652173913043,0.08695652173913043,0.0032419719052551726,0.002559015900971611
662,display_only_vs_none,18,0.9999999999999998,5,0.28260869565217395,3,0.17391304347826086,0.0,0.13043478260869565,0.13043478260869565,0.0,2,0.13043478260869565,0.13043478260869565,0.13043478260869565,0.0007284527658254629,0.0005945530270706097
662,mailer_only_vs_none,18,0.9999999999999998,6,0.32608695652173914,3,0.17391304347826086,0.0,0.0,0.0,0.0,2,0.13043478260869565,0.0,0.13043478260869565,-0.005481264210463883,-0.0015076883093688733
668,both_vs_additive,7,0.9999999999999998,0,0.0,0,0.0,0.0,0.0,0.0,0.0,0,0.0,0.0,0.0,,
668,both_vs_none,7,0.9999999999999998,0,0.0,0,0.0,0.0,0.0,0.0,0.0,0,0.0,0.0,0.0,,
668,display_only_vs_none,7,0.9999999999999998,0,0.0,0,0.0,0.0,0.0,0.0,0.0,0,0.0,0.0,0.0,,
668,mailer_only_vs_none,7,0.9999999999999998,1,0.14285714285714285,0,0.0,0.0,0.0,0.0,0.0,0,0.0,0.0,0.0,,
669,both_vs_additive,20,1.0,2,0.15384615384615385,0,0.0,0.0,0.0,0.0,0.0,0,0.0,0.0,0.0,,
669,both_vs_none,20,1.0,2,0.15384615384615385,0,0.0,0.0,0.0,0.0,0.0,0,0.0,0.0,0.0,,
669,display_only_vs_none,20,1.0,4,0.23076923076923078,0,0.0,0.0,0.0,0.0,0.0,0,0.0,0.0,0.0,,
669,mailer_only_vs_none,20,1.0,5,0.3153846153846154,1,0.038461538461538464,0.038461538461538464,0.038461538461538464,0.038461538461538464,0.038461538461538464,0,0.0,0.0,0.0,0.01003608869183632,0.020952216853171706
671,both_vs_additive,20,1.0000000000000002,3,0.14666666666666667,1,0.04,0.04,0.04,0.04,0.04,0,0.0,0.0,0.0,0.014807414807414815,0.014104397981905256
671,both_vs_none,20,1.0000000000000002,3,0.14666666666666667,1,0.04,0.04,0.04,0.04,0.04,0,0.0,0.0,0.0,0.005220181864918707,0.0029894179894179897
671,display_only_vs_none,20,1.0000000000000002,3,0.14666666666666667,1,0.04,0.0,0.0,0.0,0.0,0,0.0,0.0,0.0,-0.0020695586513664317,-0.002310319396232708
671,mailer_only_vs_none,20,1.0000000000000002,3,0.14666666666666667,1,0.04,0.0,0.0,0.0,0.0,0,0.0,0.0,0.0,-0.0031083898944193077,-0.0047094959778783314
672,both_vs_additive,17,1.0000000000000002,5,0.25,3,0.15000000000000002,0.1,0.1,0.1,0.1,0,0.0,0.0,0.0,0.04770094107002319,0.0314106536455888
672,both_vs_none,17,1.0000000000000002,6,0.3,3,0.15000000000000002,0.1,0.1,0.1,0.1,0,0.0,0.0,0.0,0.012054318363575024,0.005010918789966765
672,display_only_vs_none,17,1.0000000000000002,6,0.3,3,0.15000000000000002,0.0,0.0,0.0,0.0,0,0.0,0.0,0.0,-0.0037264233659368494,-0.005495391002092114
672,mailer_only_vs_none,17,1.0000000000000002,5,0.25,4,0.2,0.1,0.05,0.1,0.05,0,0.0,0.0,0.0,0.006558416289239939,0.0005467013860410079
674,both_vs_additive,17,0.9999999999999996,1,0.13636363636363635,0,0.0,0.0,0.0,0.0,0.0,0,0.0,0.0,0.0,,
674,both_vs_none,17,0.9999999999999996,2,0.18181818181818182,0,0.0,0.0,0.0,0.0,0.0,0,0.0,0.0,0.0,,
674,display_only_vs_none,17,0.9999999999999996,1,0.13636363636363635,0,0.0,0.0,0.0,0.0,0.0,0,0.0,0.0,0.0,,
674,mailer_only_vs_none,17,0.9999999999999996,3,0.2272727272727273,0,0.0,0.0,0.0,0.0,0.0,0,0.0,0.0,0.0,,
675,both_vs_additive,12,0.9999999999999999,2,0.16666666666666669,0,0.0,0.0,0.0,0.0,0.0,1,0.06666666666666667,0.0,0.0,,
675,both_vs_none,12,0.9999999999999999,2,0.16666666666666669,0,0.0,0.0,0.0,0.0,0.0,1,0.06666666666666667,0.0,0.0,,
675,display_only_vs_none,12,0.9999999999999999,4,0.3,0,0.0,0.0,0.0,0.0,0.0,1,0.06666666666666667,0.06666666666666667,0.06666666666666667,,
675,mailer_only_vs_none,12,0.9999999999999999,4,0.3,0,0.0,0.0,0.0,0.0,0.0,1,0.06666666666666667,0.0,0.0,,
676,both_vs_additive,20,0.9999999999999999,1,0.05357142857142857,0,0.0,0.0,0.0,0.0,0.0,0,0.0,0.0,0.0,,
676,both_vs_none,20,0.9999999999999999,1,0.05357142857142857,0,0.0,0.0,0.0,0.0,0.0,0,0.0,0.0,0.0,,
676,display_only_vs_none,20,0.9999999999999999,2,0.14285714285714285,1,0.08928571428571429,0.0,0.0,0.0,0.0,0,0.0,0.0,0.0,-0.06157950872656753,-0.015847877612583494
676,mailer_only_vs_none,20,0.9999999999999999,1,0.05357142857142857,0,0.0,0.0,0.0,0.0,0.0,0,0.0,0.0,0.0,,
678,both_vs_additive,7,1.0,0,0.0,0,0.0,0.0,0.0,0.0,0.0,0,0.0,0.0,0.0,,
678,both_vs_none,7,1.0,0,0.0,0,0.0,0.0,0.0,0.0,0.0,0,0.0,0.0,0.0,,
678,display_only_vs_none,7,1.0,1,0.1875,0,0.0,0.0,0.0,0.0,0.0,0,0.0,0.0,0.0,,
678,mailer_only_vs_none,7,1.0,1,0.1875,0,0.0,0.0,0.0,0.0,0.0,0,0.0,0.0,0.0,,
679,both_vs_additive,20,1.0000000000000004,2,0.1485148514851485,1,0.0891089108910891,0.0,0.0891089108910891,0.0891089108910891,0.0,0,0.0,0.0,0.0,0.0111078601953602,0.0038271604938271606
679,both_vs_none,20,1.0000000000000004,2,0.1485148514851485,1,0.0891089108910891,0.0,0.0,0.0,0.0,0,0.0,0.0,0.0,-0.0025661745661745648,0.0
679,display_only_vs_none,20,1.0000000000000004,3,0.1782178217821782,1,0.0891089108910891,0.0,0.0,0.0,0.0,0,0.0,0.0,0.0,-0.002196313444361633,-0.002858491506582322
679,mailer_only_vs_none,20,1.0000000000000004,3,0.1782178217821782,1,0.0891089108910891,0.0,0.0,0.0,0.0,0,0.0,0.0,0.0,-0.0008679549114331722,-0.0038271604938271606
682,both_vs_additive,20,0.9999999999999997,6,0.2954545454545454,2,0.11363636363636363,0.056818181818181816,0.056818181818181816,0.056818181818181816,0.056818181818181816,0,0.0,0.0,0.0,0.0060835016971937895,0.0037491256602954063
682,both_vs_none,20,0.9999999999999997,6,0.2954545454545454,2,0.11363636363636363,0.0,0.0,0.0,0.0,0,0.0,0.0,0.0,-0.005635654898209553,-0.0015589147990270622
682,display_only_vs_none,20,0.9999999999999997,7,0.3295454545454545,2,0.11363636363636363,0.056818181818181816,0.0,0.056818181818181816,0.0,0,0.0,0.0,0.0,-0.005946061162063479,-0.003792844707206989
682,mailer_only_vs_none,20,0.9999999999999997,8,0.36363636363636354,2,0.11363636363636363,0.056818181818181816,0.056818181818181816,0.056818181818181816,0.056818181818181816,0,0.0,0.0,0.0,-0.006613976972495404,-0.0015052889287455052
684,both_vs_additive,7,1.0,1,0.23529411764705882,0,0.0,0.0,0.0,0.0,0.0,0,0.0,0.0,0.0,,
684,both_vs_none,7,1.0,1,0.23529411764705882,0,0.0,0.0,0.0,0.0,0.0,0,0.0,0.0,0.0,,
684,display_only_vs_none,7,1.0,1,0.23529411764705882,0,0.0,0.0,0.0,0.0,0.0,0,0.0,0.0,0.0,,
684,mailer_only_vs_none,7,1.0,2,0.3529411764705882,0,0.0,0.0,0.0,0.0,0.0,0,0.0,0.0,0.0,,
685,both_vs_additive,20,1.0000000000000004,2,0.08,0,0.0,0.0,0.0,0.0,0.0,0,0.0,0.0,0.0,,
685,both_vs_none,20,1.0000000000000004,2,0.08,1,0.04,0.04,0.04,0.04,0.04,0,0.0,0.0,0.0,0.03802083333333333,0.022321428571428572
685,display_only_vs_none,20,1.0000000000000004,3,0.12,2,0.08,0.04,0.04,0.04,0.04,1,0.04,0.0,0.0,0.004192439283869658,0.00034608100233100316
685,mailer_only_vs_none,20,1.0000000000000004,3,0.12,1,0.04,0.0,0.04,0.04,0.0,1,0.04,0.0,0.0,0.001959401709401708,0.0014845796618242436
687,both_vs_additive,16,0.9999999999999998,2,0.1764705882352941,0,0.0,0.0,0.0,0.0,0.0,0,0.0,0.0,0.0,,
687,both_vs_none,16,0.9999999999999998,2,0.1764705882352941,0,0.0,0.0,0.0,0.0,0.0,0,0.0,0.0,0.0,,
687,display_only_vs_none,16,0.9999999999999998,2,0.1764705882352941,0,0.0,0.0,0.0,0.0,0.0,0,0.0,0.0,0.0,,
687,mailer_only_vs_none,16,0.9999999999999998,2,0.1764705882352941,0,0.0,0.0,0.0,0.0,0.0,0,0.0,0.0,0.0,,
690,both_vs_additive,19,1.0000000000000004,6,0.2131147540983607,3,0.11475409836065575,0.11475409836065575,0.0819672131147541,0.11475409836065575,0.0819672131147541,0,0.0,0.0,0.0,0.030361417620904566,0.02440484524327138
690,both_vs_none,19,1.0000000000000004,6,0.2131147540983607,3,0.11475409836065575,0.03278688524590164,0.03278688524590164,0.03278688524590164,0.03278688524590164,0,0.0,0.0,0.0,0.0035726971438394066,0.005039917883399759
690,display_only_vs_none,19,1.0000000000000002,8,0.27868852459016397,3,0.11475409836065575,0.0,0.0,0.0,0.0,0,0.0,0.0,0.0,-0.015616020410353454,-0.010573019964877355
690,mailer_only_vs_none,19,1.0000000000000002,8,0.27868852459016397,3,0.11475409836065575,0.0,0.0,0.0,0.0,0,0.0,0.0,0.0,-0.010994310093785166,-0.006005409176504604
691,both_vs_additive,20,0.9999999999999999,6,0.27941176470588236,3,0.16176470588235292,0.10294117647058823,0.04411764705882353,0.10294117647058823,0.04411764705882353,1,0.058823529411764705,0.058823529411764705,0.058823529411764705,0.048012803419228964,0.018704906451892996
691,both_vs_none,20,0.9999999999999999,7,0.35294117647058826,3,0.16176470588235292,0.058823529411764705,0.058823529411764705,0.058823529411764705,0.058823529411764705,1,0.058823529411764705,0.0,0.0,-0.013163274929495457,0.002741847537007663
691,display_only_vs_none,20,0.9999999999999999,6,0.27941176470588236,3,0.16176470588235292,0.0,0.0,0.0,0.0,1,0.058823529411764705,0.0,0.0,-0.029457868353002077,-0.008596692512548715
691,mailer_only_vs_none,20,0.9999999999999999,8,0.411764705882353,3,0.16176470588235292,0.058823529411764705,0.0,0.058823529411764705,0.0,1,0.058823529411764705,0.0,0.0,-0.03258403087748165,-0.008529908573517878
692,both_vs_additive,12,0.9999999999999999,2,0.1320754716981132,0,0.0,0.0,0.0,0.0,0.0,0,0.0,0.0,0.0,,
692,both_vs_none,12,0.9999999999999999,2,0.1320754716981132,0,0.0,0.0,0.0,0.0,0.0,0,0.0,0.0,0.0,,
692,display_only_vs_none,12,0.9999999999999999,2,0.1320754716981132,0,0.0,0.0,0.0,0.0,0.0,0,0.0,0.0,0.0,,
692,mailer_only_vs_none,12,0.9999999999999999,2,0.1320754716981132,0,0.0,0.0,0.0,0.0,0.0,0,0.0,0.0,0.0,,
693,both_vs_additive,20,0.9999999999999998,4,0.2807017543859649,2,0.10526315789473684,0.05263157894736842,0.0,0.05263157894736842,0.0,0,0.0,0.0,0.0,-0.00323553720752083,0.0012863638909698224
693,both_vs_none,20,0.9999999999999998,4,0.2807017543859649,2,0.10526315789473684,0.0,0.0,0.0,0.0,0,0.0,0.0,0.0,0.002093452571200936,0.0012100665560850234
693,display_only_vs_none,20,0.9999999999999998,5,0.3508771929824561,3,0.17543859649122806,0.12280701754385964,0.07017543859649122,0.12280701754385964,0.07017543859649122,0,0.0,0.0,0.0,0.008398989573508537,0.0009884217557838953
693,mailer_only_vs_none,20,0.9999999999999998,4,0.2807017543859649,2,0.10526315789473684,0.05263157894736842,0.05263157894736842,0.05263157894736842,0.05263157894736842,0,0.0,0.0,0.0,0.0019466828941485516,0.00020437001636810224
694,both_vs_additive,20,1.0000000000000002,5,0.4180327868852459,1,0.07377049180327869,0.07377049180327869,0.0,0.07377049180327869,0.0,0,0.0,0.0,0.0,0.011671364168835293,0.017323537206823055
694,both_vs_none,20,1.0000000000000002,5,0.4180327868852459,1,0.07377049180327869,0.0,0.0,0.0,0.0,0,0.0,0.0,0.0,0.005561485543565982,0.003282490860840013
694,display_only_vs_none,20,1.0000000000000002,6,0.4426229508196722,1,0.07377049180327869,0.0,0.0,0.0,0.0,0,0.0,0.0,0.0,-0.003823214757803253,-0.008058654834500863
694,mailer_only_vs_none,20,1.0000000000000002,5,0.4180327868852459,1,0.07377049180327869,0.0,0.0,0.0,0.0,0,0.0,0.0,0.0,-0.0029470563350881586,-0.005982391511482188
696,both_vs_additive,20,1.0,2,0.1891891891891892,1,0.04054054054054054,0.0,0.0,0.0,0.0,0,0.0,0.0,0.0,-0.020455829649273415,-0.007092941439589708
696,both_vs_none,20,1.0,2,0.1891891891891892,1,0.04054054054054054,0.04054054054054054,0.04054054054054054,0.04054054054054054,0.04054054054054054,0,0.0,0.0,0.0,0.010873397435897436,0.006944444444444444
696,display_only_vs_none,20,1.0,2,0.1891891891891892,1,0.04054054054054054,0.0,0.04054054054054054,0.04054054054054054,0.0,0,0.0,0.0,0.0,0.009214285714285715,0.0071428571428571435
696,mailer_only_vs_none,20,1.0,3,0.2567567567567568,1,0.04054054054054054,0.0,0.0,0.0,0.0,0,0.0,0.0,0.0,-0.0012255499860763016,0.005155858680346433
697,both_vs_additive,20,1.0,1,0.10144927536231885,1,0.10144927536231885,0.10144927536231885,0.10144927536231885,0.10144927536231885,0.10144927536231885,0,0.0,0.0,0.0,0.16836150148988288,0.041287569797954206
697,both_vs_none,20,1.0,1,0.10144927536231885,1,0.10144927536231885,0.0,0.0,0.0,0.0,0,0.0,0.0,0.0,-0.07045406843319933,-0.0015695903236861222
697,display_only_vs_none,20,1.0,1,0.10144927536231885,1,0.10144927536231885,0.0,0.0,0.0,0.0,0,0.0,0.0,0.0,-0.10056833513172979,-0.016514079457296535
697,mailer_only_vs_none,20,1.0,3,0.2028985507246377,1,0.10144927536231885,0.0,0.0,0.0,0.0,0,0.0,0.0,0.0,-0.13824723479135242,-0.026096656611362498
698,both_vs_additive,13,1.0000000000000002,7,0.48275862068965525,2,0.13793103448275862,0.13793103448275862,0.06896551724137931,0.13793103448275862,0.06896551724137931,0,0.0,0.0,0.0,0.02099040307354991,0.01978629897614864
698,both_vs_none,13,1.0000000000000002,7,0.48275862068965525,2,0.13793103448275862,0.0,0.0,0.0,0.0,0,0.0,0.0,0.0,-0.002167621925844507,0.0005135095057279272
698,display_only_vs_none,13,1.0000000000000002,7,0.48275862068965525,2,0.13793103448275862,0.0,0.0,0.0,0.0,0,0.0,0.0,0.0,-0.01221648489446025,-0.010508469762864191
698,mailer_only_vs_none,13,1.0000000000000002,7,0.48275862068965525,2,0.13793103448275862,0.0,0.0,0.0,0.0,0,0.0,0.0,0.0,-0.011507716201732115,-0.007692050456595796
699,both_vs_additive,20,1.0000000000000004,1,0.04054054054054054,0,0.0,0.0,0.0,0.0,0.0,0,0.0,0.0,0.0,,
699,both_vs_none,20,1.0000000000000004,2,0.08108108108108109,0,0.0,0.0,0.0,0.0,0.0,1,0.04054054054054054,0.0,0.0,,
699,display_only_vs_none,20,1.0000000000000002,2,0.08108108108108109,0,0.0,0.0,0.0,0.0,0.0,0,0.0,0.0,0.0,,
699,mailer_only_vs_none,20,1.0000000000000002,2,0.08108108108108109,0,0.0,0.0,0.0,0.0,0.0,0,0.0,0.0,0.0,,
702,both_vs_additive,15,1.0,1,0.03389830508474576,0,0.0,0.0,0.0,0.0,0.0,0,0.0,0.0,0.0,,
702,both_vs_none,15,1.0,1,0.03389830508474576,0,0.0,0.0,0.0,0.0,0.0,0,0.0,0.0,0.0,,
702,display_only_vs_none,15,1.0,3,0.15254237288135591,1,0.03389830508474576,0.0,0.0,0.0,0.0,0,0.0,0.0,0.0,-0.06157950872656753,-0.015847877612583494
702,mailer_only_vs_none,15,1.0,1,0.03389830508474576,0,0.0,0.0,0.0,0.0,0.0,0,0.0,0.0,0.0,,
703,both_vs_additive,20,1.0000000000000002,3,0.14285714285714285,1,0.047619047619047616,0.0,0.047619047619047616,0.047619047619047616,0.0,0,0.0,0.0,0.0,0.0044710405387866844,0.007136903288786226
703,both_vs_none,20,1.0000000000000002,3,0.14285714285714285,1,0.047619047619047616,0.0,0.0,0.0,0.0,0,0.0,0.0,0.0,0.03493919101731601,0.01744453463203463
703,display_only_vs_none,20,1.0000000000000002,4,0.19047619047619047,1,0.047619047619047616,0.0,0.0,0.0,0.0,0,0.0,0.0,0.0,0.020296596421953722,0.009314346610739533
703,mailer_only_vs_none,20,1.0000000000000002,3,0.14285714285714285,1,0.047619047619047616,0.0,0.0,0.0,0.0,0,0.0,0.0,0.0,-0.0012132944282728757,1.8426257650396016e-05
705,both_vs_additive,12,0.9999999999999996,5,0.5526315789473684,2,0.21052631578947367,0.21052631578947367,0.15789473684210525,0.21052631578947367,0.15789473684210525,1,0.05263157894736842,0.05263157894736842,0.05263157894736842,0.039764916944909245,0.030370756821517353
705,both_vs_none,12,0.9999999999999996,5,0.5526315789473684,2,0.21052631578947367,0.15789473684210525,0.15789473684210525,0.15789473684210525,0.15789473684210525,1,0.05263157894736842,0.0,0.0,0.01773140780045732,0.014125944844061543
705,display_only_vs_none,12,0.9999999999999996,5,0.5526315789473684,2,0.21052631578947367,0.0,0.0,0.0,0.0,1,0.05263157894736842,0.0,0.0,-0.015894471788269287,-0.00914677971292167
705,mailer_only_vs_none,12,0.9999999999999996,5,0.5526315789473684,3,0.2631578947368421,0.05263157894736842,0.05263157894736842,0.05263157894736842,0.05263157894736842,1,0.05263157894736842,0.0,0.0,-0.002421023534708461,-0.0010901975378616662
707,both_vs_additive,20,0.9999999999999998,2,0.20952380952380953,1,0.0380952380952381,0.0,0.0,0.0,0.0,0,0.0,0.0,0.0,-0.04554927330733782,-0.022977102642174414
707,both_vs_none,20,0.9999999999999999,3,0.24761904761904763,1,0.0380952380952381,0.0,0.0,0.0,0.0,0,0.0,0.0,0.0,0.0,0.0
707,display_only_vs_none,20,0.9999999999999999,3,0.24761904761904763,1,0.0380952380952381,0.0,0.0,0.0,0.0,0,0.0,0.0,0.0,-0.009750985125985125,-0.004371704684204684
707,mailer_only_vs_none,20,1.0,5,0.35238095238095235,1,0.0380952380952381,0.0,0.0,0.0,0.0,0,0.0,0.0,0.0,0.001218253968253969,0.0010912698412698417
708,both_vs_additive,18,0.9999999999999998,2,0.14035087719298245,1,0.03508771929824561,0.0,0.0,0.0,0.0,0,0.0,0.0,0.0,-0.010076274087768337,-0.004084315003855232
708,both_vs_none,18,0.9999999999999998,3,0.17543859649122806,1,0.03508771929824561,0.0,0.0,0.0,0.0,1,0.03508771929824561,0.03508771929824561,0.03508771929824561,-0.006585543080108294,-0.0002883122312470135
708,display_only_vs_none,18,0.9999999999999998,4,0.24561403508771928,1,0.03508771929824561,0.0,0.0,0.0,0.0,1,0.03508771929824561,0.03508771929824561,0.03508771929824561,-0.014836180537567967,-0.0059304291831472795
708,mailer_only_vs_none,18,0.9999999999999997,4,0.24561403508771928,1,0.03508771929824561,0.0,0.03508771929824561,0.03508771929824561,0.0,0,0.0,0.0,0.0,-0.004540541896560141,0.00021532814838080144
709,both_vs_additive,20,0.9999999999999993,1,0.04225352112676056,1,0.04225352112676056,0.0,0.0,0.0,0.0,0,0.0,0.0,0.0,0.0035682257772212773,0.003730884100074506
709,both_vs_none,20,0.9999999999999993,1,0.04225352112676056,1,0.04225352112676056,0.0,0.0,0.0,0.0,0,0.0,0.0,0.0,-0.00957264882697265,-0.006884439822440604
709,display_only_vs_none,20,0.9999999999999993,2,0.09859154929577466,1,0.04225352112676056,0.0,0.0,0.0,0.0,0,0.0,0.0,0.0,-0.0077189414061977785,-0.004099720175432319
709,mailer_only_vs_none,20,0.9999999999999993,2,0.09859154929577466,1,0.04225352112676056,0.0,0.0,0.0,0.0,0,0.0,0.0,0.0,-0.0009316770186335414,-0.001035196687370601
710,both_vs_additive,20,0.9999999999999996,1,0.05555555555555555,0,0.0,0.0,0.0,0.0,0.0,0,0.0,0.0,0.0,,
710,both_vs_none,20,0.9999999999999996,1,0.05555555555555555,0,0.0,0.0,0.0,0.0,0.0,0,0.0,0.0,0.0,,
710,display_only_vs_none,20,0.9999999999999996,1,0.05555555555555555,0,0.0,0.0,0.0,0.0,0.0,0,0.0,0.0,0.0,,
710,mailer_only_vs_none,20,0.9999999999999996,1,0.05555555555555555,0,0.0,0.0,0.0,0.0,0.0,0,0.0,0.0,0.0,,
712,both_vs_additive,20,0.9999999999999998,3,0.1699346405228758,2,0.12418300653594772,0.12418300653594772,0.12418300653594772,0.12418300653594772,0.12418300653594772,1,0.032679738562091505,0.032679738562091505,0.032679738562091505,0.12539135791577927,0.03151310953830507
712,both_vs_none,20,0.9999999999999998,3,0.1699346405228758,2,0.12418300653594772,0.0,0.0,0.0,0.0,1,0.032679738562091505,0.032679738562091505,0.032679738562091505,-0.0562013269491076,-0.004509889979105758
712,display_only_vs_none,20,0.9999999999999998,4,0.2091503267973856,3,0.1633986928104575,0.0,0.0,0.0,0.0,1,0.032679738562091505,0.032679738562091505,0.032679738562091505,-0.07148433253846101,-0.01232947356787121
712,mailer_only_vs_none,20,0.9999999999999998,5,0.2352941176470588,3,0.1568627450980392,0.032679738562091505,0.032679738562091505,0.032679738562091505,0.032679738562091505,1,0.032679738562091505,0.0,0.0,-0.07812129883663582,-0.011533871841800518
714,both_vs_additive,20,0.9999999999999999,6,0.24444444444444444,3,0.1111111111111111,0.05555555555555555,0.0,0.05555555555555555,0.0,1,0.022222222222222223,0.0,0.0,-4.700541167724117e-06,0.004297055710424399
714,both_vs_none,20,0.9999999999999999,6,0.24444444444444444,3,0.1111111111111111,0.0,0.0,0.0,0.0,1,0.022222222222222223,0.022222222222222223,0.0,0.002537427662598032,0.0015367698389981187
714,display_only_vs_none,20,0.9999999999999999,6,0.24444444444444444,3,0.1111111111111111,0.03333333333333333,0.022222222222222223,0.05555555555555555,0.0,1,0.022222222222222223,0.0,0.0,0.0011301322680532242,-0.0017817572180372548
714,mailer_only_vs_none,20,0.9999999999999999,6,0.24444444444444444,3,0.1111111111111111,0.03333333333333333,0.03333333333333333,0.03333333333333333,0.03333333333333333,1,0.022222222222222223,0.022222222222222223,0.022222222222222223,-0.0003473274564544267,-0.0008296560482753321
715,both_vs_additive,20,0.9999999999999999,2,0.08771929824561403,1,0.05263157894736842,0.05263157894736842,0.0,0.05263157894736842,0.0,0,0.0,0.0,0.0,0.00802739449355988,0.008894488969676938
715,both_vs_none,20,0.9999999999999999,2,0.08771929824561403,1,0.05263157894736842,0.0,0.05263157894736842,0.05263157894736842,0.0,0,0.0,0.0,0.0,0.008035714285714287,0.009334554334554334
715,display_only_vs_none,20,0.9999999999999999,4,0.2631578947368421,1,0.05263157894736842,0.0,0.0,0.0,0.0,0,0.0,0.0,0.0,-0.004870509607351713,0.001958178273967747
715,mailer_only_vs_none,20,0.9999999999999998,3,0.12280701754385964,1,0.05263157894736842,0.05263157894736842,0.05263157894736842,0.05263157894736842,0.05263157894736842,0,0.0,0.0,0.0,0.013945578231292517,0.006972789115646258
716,both_vs_additive,8,1.0,1,0.10526315789473684,0,0.0,0.0,0.0,0.0,0.0,0,0.0,0.0,0.0,,
716,both_vs_none,8,1.0,1,0.10526315789473684,0,0.0,0.0,0.0,0.0,0.0,0,0.0,0.0,0.0,,
716,display_only_vs_none,8,1.0,1,0.10526315789473684,0,0.0,0.0,0.0,0.0,0.0,0,0.0,0.0,0.0,,
716,mailer_only_vs_none,8,1.0,1,0.10526315789473684,0,0.0,0.0,0.0,0.0,0.0,0,0.0,0.0,0.0,,
718,both_vs_additive,20,1.0000000000000002,5,0.26815642458100564,2,0.09497206703910616,0.05027932960893855,0.05027932960893855,0.05027932960893855,0.05027932960893855,0,0.0,0.0,0.0,0.0049341996832402,0.007271168571863793
718,both_vs_none,20,1.0000000000000002,5,0.26815642458100564,3,0.12849162011173185,0.0782122905027933,0.0782122905027933,0.0782122905027933,0.0782122905027933,0,0.0,0.0,0.0,0.007768104889303933,0.0036886035242764677
718,display_only_vs_none,20,1.0000000000000002,6,0.32402234636871513,3,0.12849162011173185,0.0782122905027933,0.0782122905027933,0.0782122905027933,0.0782122905027933,0,0.0,0.0,0.0,0.004996460476111535,-0.0008965495410836751
718,mailer_only_vs_none,20,1.0,7,0.35754189944134085,3,0.12849162011173185,0.0782122905027933,0.0446927374301676,0.0782122905027933,0.0446927374301676,0,0.0,0.0,0.0,0.01703164864580814,0.00565661182256619
719,both_vs_additive,16,0.9999999999999999,2,0.09433962264150944,1,0.03773584905660377,0.03773584905660377,0.03773584905660377,0.03773584905660377,0.03773584905660377,0,0.0,0.0,0.0,0.03030944197826453,0.02224906074547422
719,both_vs_none,16,0.9999999999999999,2,0.09433962264150944,1,0.03773584905660377,0.0,0.0,0.0,0.0,0,0.0,0.0,0.0,-0.009896729395254995,-0.0022554718493841587
719,display_only_vs_none,16,0.9999999999999999,2,0.09433962264150944,1,0.03773584905660377,0.0,0.0,0.0,0.0,0,0.0,0.0,0.0,-0.020609755031117248,-0.01295828469122752
719,mailer_only_vs_none,16,0.9999999999999999,2,0.09433962264150944,1,0.03773584905660377,0.0,0.0,0.0,0.0,0,0.0,0.0,0.0,-0.02006837606837607,-0.009401709401709403
722,both_vs_additive,20,0.9999999999999996,1,0.045454545454545456,0,0.0,0.0,0.0,0.0,0.0,0,0.0,0.0,0.0,,
722,both_vs_none,20,0.9999999999999997,3,0.15151515151515152,0,0.0,0.0,0.0,0.0,0.0,1,0.07575757575757576,0.07575757575757576,0.07575757575757576,,
722,display_only_vs_none,20,0.9999999999999996,2,0.07575757575757576,0,0.0,0.0,0.0,0.0,0.0,0,0.0,0.0,0.0,,
722,mailer_only_vs_none,20,0.9999999999999997,4,0.18181818181818182,0,0.0,0.0,0.0,0.0,0.0,1,0.07575757575757576,0.0,0.0,,
724,both_vs_additive,8,1.0000000000000002,0,0.0,0,0.0,0.0,0.0,0.0,0.0,0,0.0,0.0,0.0,,
724,both_vs_none,8,1.0000000000000002,0,0.0,0,0.0,0.0,0.0,0.0,0.0,0,0.0,0.0,0.0,,
724,display_only_vs_none,8,1.0000000000000002,0,0.0,0,0.0,0.0,0.0,0.0,0.0,0,0.0,0.0,0.0,,
724,mailer_only_vs_none,8,1.0000000000000002,0,0.0,0,0.0,0.0,0.0,0.0,0.0,0,0.0,0.0,0.0,,
725,both_vs_additive,20,1.0000000000000002,8,0.3918918918918919,5,0.22972972972972974,0.05405405405405406,0.05405405405405406,0.05405405405405406,0.05405405405405406,3,0.14864864864864866,0.05405405405405406,0.05405405405405406,-0.0017384056995415626,0.0023799854868725
725,both_vs_none,20,1.0000000000000002,8,0.3918918918918919,6,0.29729729729729737,0.20270270270270271,0.20270270270270271,0.20270270270270271,0.20270270270270271,3,0.14864864864864866,0.0945945945945946,0.0945945945945946,0.018762921919190663,0.007778052017689101
725,display_only_vs_none,20,1.0000000000000002,8,0.3918918918918919,6,0.29729729729729737,0.14864864864864866,0.1891891891891892,0.1891891891891892,0.14864864864864866,3,0.14864864864864866,0.14864864864864866,0.14864864864864866,0.014458577141000652,0.004957702151833584
725,mailer_only_vs_none,20,1.0,9,0.43243243243243246,5,0.22972972972972974,0.08108108108108109,0.08108108108108109,0.08108108108108109,0.08108108108108109,3,0.14864864864864866,0.0945945945945946,0.04054054054054054,0.008071979565917601,0.005125780588924825
728,both_vs_additive,20,0.9999999999999999,2,0.18487394957983194,0,0.0,0.0,0.0,0.0,0.0,0,0.0,0.0,0.0,,
728,both_vs_none,20,0.9999999999999999,2,0.18487394957983194,0,0.0,0.0,0.0,0.0,0.0,0,0.0,0.0,0.0,,
728,display_only_vs_none,20,0.9999999999999999,3,0.23529411764705882,0,0.0,0.0,0.0,0.0,0.0,0,0.0,0.0,0.0,,
728,mailer_only_vs_none,20,0.9999999999999999,4,0.2857142857142857,0,0.0,0.0,0.0,0.0,0.0,0,0.0,0.0,0.0,,
730,both_vs_additive,10,1.0,1,0.05128205128205128,1,0.05128205128205128,0.05128205128205128,0.05128205128205128,0.05128205128205128,0.05128205128205128,0,0.0,0.0,0.0,0.03030944197826453,0.02224906074547422
730,both_vs_none,10,1.0,2,0.1282051282051282,1,0.05128205128205128,0.0,0.0,0.0,0.0,0,0.0,0.0,0.0,-0.009896729395254995,-0.0022554718493841587
730,display_only_vs_none,10,1.0,1,0.05128205128205128,1,0.05128205128205128,0.0,0.0,0.0,0.0,0,0.0,0.0,0.0,-0.020609755031117248,-0.01295828469122752
730,mailer_only_vs_none,10,1.0,2,0.1282051282051282,1,0.05128205128205128,0.0,0.0,0.0,0.0,0,0.0,0.0,0.0,-0.02006837606837607,-0.009401709401709403
733,both_vs_additive,20,1.0000000000000007,0,0.0,0,0.0,0.0,0.0,0.0,0.0,0,0.0,0.0,0.0,,
733,both_vs_none,20,1.0000000000000007,0,0.0,0,0.0,0.0,0.0,0.0,0.0,0,0.0,0.0,0.0,,
733,display_only_vs_none,20,1.0000000000000007,0,0.0,0,0.0,0.0,0.0,0.0,0.0,0,0.0,0.0,0.0,,
733,mailer_only_vs_none,20,1.0000000000000004,1,0.03278688524590164,0,0.0,0.0,0.0,0.0,0.0,0,0.0,0.0,0.0,,
735,both_vs_additive,7,1.0,3,0.49999999999999994,0,0.0,0.0,0.0,0.0,0.0,0,0.0,0.0,0.0,,
735,both_vs_none,7,1.0,3,0.49999999999999994,0,0.0,0.0,0.0,0.0,0.0,0,0.0,0.0,0.0,,
735,display_only_vs_none,7,1.0,3,0.49999999999999994,0,0.0,0.0,0.0,0.0,0.0,0,0.0,0.0,0.0,,
735,mailer_only_vs_none,7,1.0,3,0.49999999999999994,0,0.0,0.0,0.0,0.0,0.0,0,0.0,0.0,0.0,,
736,both_vs_additive,6,0.9999999999999998,0,0.0,0,0.0,0.0,0.0,0.0,0.0,0,0.0,0.0,0.0,,
736,both_vs_none,6,0.9999999999999998,0,0.0,0,0.0,0.0,0.0,0.0,0.0,0,0.0,0.0,0.0,,
736,display_only_vs_none,6,0.9999999999999998,0,0.0,0,0.0,0.0,0.0,0.0,0.0,0,0.0,0.0,0.0,,
736,mailer_only_vs_none,6,0.9999999999999998,0,0.0,0,0.0,0.0,0.0,0.0,0.0,0,0.0,0.0,0.0,,
737,both_vs_additive,12,0.9999999999999997,0,0.0,0,0.0,0.0,0.0,0.0,0.0,0,0.0,0.0,0.0,,
737,both_vs_none,12,0.9999999999999997,1,0.07142857142857142,0,0.0,0.0,0.0,0.0,0.0,0,0.0,0.0,0.0,,
737,display_only_vs_none,12,0.9999999999999997,0,0.0,0,0.0,0.0,0.0,0.0,0.0,0,0.0,0.0,0.0,,
737,mailer_only_vs_none,12,0.9999999999999997,1,0.07142857142857142,0,0.0,0.0,0.0,0.0,0.0,0,0.0,0.0,0.0,,
738,both_vs_additive,20,0.9999999999999993,7,0.46296296296296297,3,0.14814814814814814,0.05555555555555555,0.05555555555555555,0.05555555555555555,0.05555555555555555,1,0.037037037037037035,0.037037037037037035,0.037037037037037035,0.047392085553158325,0.02785872779429389
738,both_vs_none,20,0.9999999999999993,8,0.5,3,0.14814814814814814,0.05555555555555555,0.05555555555555555,0.05555555555555555,0.05555555555555555,3,0.12962962962962962,0.037037037037037035,0.07407407407407407,0.01494876255082031,0.008947930278606674
738,display_only_vs_none,20,0.9999999999999993,8,0.5,5,0.2222222222222222,0.05555555555555555,0.0,0.05555555555555555,0.0,3,0.12962962962962962,0.0,0.037037037037037035,0.0004967868716304855,-0.0030030943296391293
738,mailer_only_vs_none,20,0.9999999999999993,10,0.6111111111111109,5,0.2222222222222222,0.09259259259259259,0.09259259259259259,0.09259259259259259,0.09259259259259259,1,0.037037037037037035,0.0,0.0,0.00480898169916085,0.0028178255932860604
742,both_vs_additive,20,0.9999999999999998,5,0.1839080459770115,2,0.05747126436781609,0.040229885057471264,0.040229885057471264,0.040229885057471264,0.040229885057471264,1,0.017241379310344827,0.0,0.0,0.030764712337920188,0.023695006946066566
742,both_vs_none,20,0.9999999999999998,5,0.1839080459770115,2,0.05747126436781609,0.05747126436781609,0.05747126436781609,0.05747126436781609,0.05747126436781609,1,0.017241379310344827,0.017241379310344827,0.017241379310344827,0.0199828839869281,0.015197331247804884
742,display_only_vs_none,20,0.9999999999999998,6,0.21264367816091953,2,0.05747126436781609,0.017241379310344827,0.017241379310344827,0.017241379310344827,0.017241379310344827,1,0.017241379310344827,0.017241379310344827,0.017241379310344827,-0.010599707012095455,-0.004986048329218848
742,mailer_only_vs_none,20,0.9999999999999999,7,0.2586206896551724,2,0.05747126436781609,0.017241379310344827,0.017241379310344827,0.017241379310344827,0.017241379310344827,1,0.017241379310344827,0.017241379310344827,0.017241379310344827,0.0002958236993899389,0.0021004899516696256
745,both_vs_additive,20,0.9999999999999996,1,0.022988505747126436,0,0.0,0.0,0.0,0.0,0.0,0,0.0,0.0,0.0,,
745,both_vs_none,20,0.9999999999999996,1,0.022988505747126436,0,0.0,0.0,0.0,0.0,0.0,0,0.0,0.0,0.0,,
745,display_only_vs_none,20,0.9999999999999999,2,0.05747126436781609,1,0.034482758620689655,0.034482758620689655,0.034482758620689655,0.034482758620689655,0.034482758620689655,0,0.0,0.0,0.0,0.02117794486215539,0.007082924703062003
745,mailer_only_vs_none,20,0.9999999999999996,1,0.022988505747126436,0,0.0,0.0,0.0,0.0,0.0,0,0.0,0.0,0.0,,
752,both_vs_additive,20,0.9999999999999994,2,0.10638297872340424,1,0.06382978723404255,0.06382978723404255,0.0,0.06382978723404255,0.0,0,0.0,0.0,0.0,0.011671364168835293,0.017323537206823055
752,both_vs_none,20,0.9999999999999994,2,0.10638297872340424,1,0.06382978723404255,0.0,0.0,0.0,0.0,0,0.0,0.0,0.0,0.005561485543565982,0.003282490860840013
752,display_only_vs_none,20,0.9999999999999994,2,0.10638297872340424,1,0.06382978723404255,0.0,0.0,0.0,0.0,0,0.0,0.0,0.0,-0.0038232147578032526,-0.008058654834500863
752,mailer_only_vs_none,20,0.9999999999999994,5,0.2765957446808511,2,0.14893617021276595,0.0851063829787234,0.0851063829787234,0.0851063829787234,0.0851063829787234,0,0.0,0.0,0.0,0.004471883680297258,0.009408813268320037
760,both_vs_additive,9,0.9999999999999998,1,0.07692307692307693,0,0.0,0.0,0.0,0.0,0.0,0,0.0,0.0,0.0,,
760,both_vs_none,9,0.9999999999999998,1,0.07692307692307693,0,0.0,0.0,0.0,0.0,0.0,0,0.0,0.0,0.0,,
760,display_only_vs_none,9,0.9999999999999998,1,0.07692307692307693,0,0.0,0.0,0.0,0.0,0.0,0,0.0,0.0,0.0,,
760,mailer_only_vs_none,9,0.9999999999999998,1,0.07692307692307693,0,0.0,0.0,0.0,0.0,0.0,0,0.0,0.0,0.0,,
761,both_vs_additive,9,1.0000000000000002,3,0.4545454545454546,0,0.0,0.0,0.0,0.0,0.0,0,0.0,0.0,0.0,,
761,both_vs_none,9,1.0000000000000002,4,0.5454545454545455,0,0.0,0.0,0.0,0.0,0.0,0,0.0,0.0,0.0,,
761,display_only_vs_none,9,1.0000000000000002,3,0.4545454545454546,0,0.0,0.0,0.0,0.0,0.0,0,0.0,0.0,0.0,,
761,mailer_only_vs_none,9,1.0000000000000002,4,0.5454545454545455,0,0.0,0.0,0.0,0.0,0.0,0,0.0,0.0,0.0,,
762,both_vs_additive,11,1.0000000000000002,1,0.1111111111111111,1,0.1111111111111111,0.1111111111111111,0.1111111111111111,0.1111111111111111,0.1111111111111111,0,0.0,0.0,0.0,0.16836150148988288,0.04128756979795421
762,both_vs_none,11,1.0000000000000002,1,0.1111111111111111,1,0.1111111111111111,0.0,0.0,0.0,0.0,0,0.0,0.0,0.0,-0.07045406843319933,-0.0015695903236861224
762,display_only_vs_none,11,1.0000000000000002,1,0.1111111111111111,1,0.1111111111111111,0.0,0.0,0.0,0.0,0,0.0,0.0,0.0,-0.10056833513172979,-0.016514079457296535
762,mailer_only_vs_none,11,1.0000000000000002,1,0.1111111111111111,1,0.1111111111111111,0.0,0.0,0.0,0.0,0,0.0,0.0,0.0,-0.13824723479135242,-0.026096656611362498
763,both_vs_additive,20,0.9999999999999999,3,0.24528301886792453,0,0.0,0.0,0.0,0.0,0.0,0,0.0,0.0,0.0,,
763,both_vs_none,20,0.9999999999999999,4,0.2830188679245283,1,0.05660377358490566,0.05660377358490566,0.05660377358490566,0.05660377358490566,0.05660377358490566,1,0.03773584905660377,0.0,0.0,0.04166208791208791,0.01872710622710623
763,display_only_vs_none,20,0.9999999999999999,7,0.4716981132075471,4,0.16981132075471697,0.09433962264150944,0.09433962264150944,0.09433962264150944,0.09433962264150944,1,0.03773584905660377,0.0,0.0,0.0037351871578522777,0.002244652811219322
763,mailer_only_vs_none,20,0.9999999999999999,4,0.2830188679245283,1,0.03773584905660377,0.0,0.0,0.0,0.0,0,0.0,0.0,0.0,-0.008268420871243451,0.0011545893719806769
766,both_vs_additive,20,0.9999999999999999,1,0.04477611940298507,0,0.0,0.0,0.0,0.0,0.0,0,0.0,0.0,0.0,,
766,both_vs_none,20,0.9999999999999999,2,0.08955223880597014,0,0.0,0.0,0.0,0.0,0.0,0,0.0,0.0,0.0,,
766,display_only_vs_none,20,0.9999999999999999,1,0.04477611940298507,0,0.0,0.0,0.0,0.0,0.0,0,0.0,0.0,0.0,,
766,mailer_only_vs_none,20,0.9999999999999999,3,0.13432835820895522,1,0.04477611940298507,0.04477611940298507,0.04477611940298507,0.04477611940298507,0.04477611940298507,0,0.0,0.0,0.0,0.01003608869183632,0.020952216853171706
768,both_vs_additive,20,0.9999999999999999,2,0.16666666666666666,0,0.0,0.0,0.0,0.0,0.0,0,0.0,0.0,0.0,,
768,both_vs_none,20,0.9999999999999999,2,0.16666666666666666,1,0.041666666666666664,0.041666666666666664,0.041666666666666664,0.041666666666666664,0.041666666666666664,0,0.0,0.0,0.0,0.009946581196581199,0.004896723646723647
768,display_only_vs_none,20,1.0,4,0.24999999999999997,2,0.08333333333333333,0.08333333333333333,0.08333333333333333,0.08333333333333333,0.08333333333333333,0,0.0,0.0,0.0,0.017921534818328234,0.005868182676284136
768,mailer_only_vs_none,20,0.9999999999999999,3,0.20833333333333331,1,0.041666666666666664,0.041666666666666664,0.0,0.041666666666666664,0.0,0,0.0,0.0,0.0,0.06360998023767421,0.008201694139194141
771,both_vs_additive,13,0.9999999999999996,0,0.0,0,0.0,0.0,0.0,0.0,0.0,0,0.0,0.0,0.0,,
771,both_vs_none,13,0.9999999999999996,0,0.0,0,0.0,0.0,0.0,0.0,0.0,0,0.0,0.0,0.0,,
771,display_only_vs_none,13,0.9999999999999996,1,0.06451612903225806,0,0.0,0.0,0.0,0.0,0.0,0,0.0,0.0,0.0,,
771,mailer_only_vs_none,13,0.9999999999999998,2,0.12903225806451613,1,0.06451612903225806,0.06451612903225806,0.06451612903225806,0.06451612903225806,0.06451612903225806,0,0.0,0.0,0.0,0.01003608869183632,0.020952216853171706
776,both_vs_additive,20,1.0000000000000002,5,0.3333333333333333,1,0.05,0.05,0.05,0.05,0.05,0,0.0,0.0,0.0,0.0491294345369339,0.03471983002641545
776,both_vs_none,20,1.0000000000000002,5,0.3333333333333333,1,0.05,0.05,0.05,0.05,0.05,0,0.0,0.0,0.0,0.02178804855275443,0.017740429505135387
776,display_only_vs_none,20,1.0000000000000002,7,0.39999999999999997,2,0.08333333333333334,0.0,0.0,0.0,0.0,0,0.0,0.0,0.0,-0.0365827379696818,-0.01204484384847056
776,mailer_only_vs_none,20,1.0000000000000002,6,0.36666666666666664,1,0.05,0.0,0.0,0.0,0.0,0,0.0,0.0,0.0,-0.005430464890595826,-0.0009339765037198258
778,both_vs_additive,20,0.9999999999999999,6,0.40127388535031844,2,0.19745222929936307,0.19745222929936307,0.14012738853503184,0.19745222929936307,0.14012738853503184,0,0.0,0.0,0.0,0.038254510881679464,0.029669293401372497
778,both_vs_none,20,0.9999999999999999,6,0.40127388535031844,2,0.19745222929936307,0.14012738853503184,0.14012738853503184,0.14012738853503184,0.14012738853503184,0,0.0,0.0,0.0,0.017077110904925526,0.013542963447114148
778,display_only_vs_none,20,0.9999999999999999,7,0.4203821656050955,2,0.19745222929936307,0.0,0.0,0.0,0.0,0,0.0,0.0,0.0,-0.015245479474803373,-0.009088278375372166
778,mailer_only_vs_none,20,0.9999999999999999,6,0.40127388535031844,2,0.19745222929936307,0.0,0.0,0.0,0.0,0,0.0,0.0,0.0,-0.004709475309964567,-0.0023996453769411564
780,both_vs_additive,9,1.0,1,0.08333333333333333,0,0.0,0.0,0.0,0.0,0.0,0,0.0,0.0,0.0,,
780,both_vs_none,9,1.0,1,0.08333333333333333,0,0.0,0.0,0.0,0.0,0.0,0,0.0,0.0,0.0,,
780,display_only_vs_none,9,1.0,1,0.08333333333333333,0,0.0,0.0,0.0,0.0,0.0,0,0.0,0.0,0.0,,
780,mailer_only_vs_none,9,1.0,1,0.08333333333333333,0,0.0,0.0,0.0,0.0,0.0,0,0.0,0.0,0.0,,
785,both_vs_additive,14,0.9999999999999998,0,0.0,0,0.0,0.0,0.0,0.0,0.0,0,0.0,0.0,0.0,,
785,both_vs_none,14,0.9999999999999998,0,0.0,0,0.0,0.0,0.0,0.0,0.0,0,0.0,0.0,0.0,,
785,display_only_vs_none,14,0.9999999999999998,1,0.043478260869565216,0,0.0,0.0,0.0,0.0,0.0,0,0.0,0.0,0.0,,
785,mailer_only_vs_none,14,0.9999999999999998,1,0.043478260869565216,0,0.0,0.0,0.0,0.0,0.0,0,0.0,0.0,0.0,,
786,both_vs_additive,20,0.9999999999999997,4,0.26865671641791045,0,0.0,0.0,0.0,0.0,0.0,0,0.0,0.0,0.0,,
786,both_vs_none,20,0.9999999999999997,5,0.3582089552238806,0,0.0,0.0,0.0,0.0,0.0,0,0.0,0.0,0.0,,
786,display_only_vs_none,20,0.9999999999999997,6,0.417910447761194,0,0.0,0.0,0.0,0.0,0.0,0,0.0,0.0,0.0,,
786,mailer_only_vs_none,20,0.9999999999999997,6,0.3582089552238806,0,0.0,0.0,0.0,0.0,0.0,0,0.0,0.0,0.0,,
787,both_vs_additive,11,1.0,1,0.07407407407407407,0,0.0,0.0,0.0,0.0,0.0,0,0.0,0.0,0.0,,
787,both_vs_none,11,0.9999999999999999,2,0.14814814814814814,0,0.0,0.0,0.0,0.0,0.0,0,0.0,0.0,0.0,,
787,display_only_vs_none,11,1.0,1,0.07407407407407407,0,0.0,0.0,0.0,0.0,0.0,0,0.0,0.0,0.0,,
787,mailer_only_vs_none,11,0.9999999999999999,4,0.37037037037037035,0,0.0,0.0,0.0,0.0,0.0,1,0.07407407407407407,0.0,0.0,,
788,both_vs_additive,20,0.9999999999999996,5,0.27272727272727276,2,0.10606060606060606,0.06060606060606061,0.06060606060606061,0.06060606060606061,0.06060606060606061,0,0.0,0.0,0.0,0.014509842159883624,0.013874790337026606
788,both_vs_none,20,0.9999999999999996,5,0.27272727272727276,2,0.10606060606060606,0.0,0.0,0.0,0.0,0,0.0,0.0,0.0,-0.004531255101841159,-0.0006608975717046063
788,display_only_vs_none,20,0.9999999999999996,5,0.27272727272727276,2,0.10606060606060606,0.045454545454545456,0.045454545454545456,0.045454545454545456,0.045454545454545456,0,0.0,0.0,0.0,-0.007316874811288174,-0.00488583502416825
788,mailer_only_vs_none,20,0.9999999999999996,5,0.27272727272727276,2,0.10606060606060606,0.0,0.0,0.0,0.0,0,0.0,0.0,0.0,-0.014024786324786325,-0.006800976800976802
795,both_vs_additive,16,0.9999999999999996,1,0.09090909090909091,0,0.0,0.0,0.0,0.0,0.0,0,0.0,0.0,0.0,,
795,both_vs_none,16,0.9999999999999996,2,0.20454545454545453,0,0.0,0.0,0.0,0.0,0.0,0,0.0,0.0,0.0,,
795,display_only_vs_none,16,0.9999999999999996,3,0.2727272727272727,1,0.06818181818181818,0.0,0.0,0.0,0.0,0,0.0,0.0,0.0,-0.06157950872656753,-0.015847877612583494
795,mailer_only_vs_none,16,0.9999999999999996,1,0.09090909090909091,0,0.0,0.0,0.0,0.0,0.0,0,0.0,0.0,0.0,,
796,both_vs_additive,8,1.0,1,0.10526315789473684,0,0.0,0.0,0.0,0.0,0.0,0,0.0,0.0,0.0,,
796,both_vs_none,8,1.0,1,0.10526315789473684,0,0.0,0.0,0.0,0.0,0.0,0,0.0,0.0,0.0,,
796,display_only_vs_none,8,1.0,1,0.10526315789473684,0,0.0,0.0,0.0,0.0,0.0,0,0.0,0.0,0.0,,
796,mailer_only_vs_none,8,1.0,2,0.21052631578947367,1,0.10526315789473684,0.0,0.0,0.0,0.0,0,0.0,0.0,0.0,-0.01890463474285517,-0.006397324167799396
799,both_vs_additive,18,1.0000000000000004,1,0.047619047619047616,0,0.0,0.0,0.0,0.0,0.0,0,0.0,0.0,0.0,,
799,both_vs_none,18,1.0000000000000004,2,0.09523809523809523,0,0.0,0.0,0.0,0.0,0.0,0,0.0,0.0,0.0,,
799,display_only_vs_none,18,1.0000000000000004,2,0.09523809523809523,0,0.0,0.0,0.0,0.0,0.0,0,0.0,0.0,0.0,,
799,mailer_only_vs_none,18,1.0000000000000004,2,0.09523809523809523,0,0.0,0.0,0.0,0.0,0.0,0,0.0,0.0,0.0,,
800,both_vs_additive,20,0.9999999999999998,2,0.11510791366906475,0,0.0,0.0,0.0,0.0,0.0,0,0.0,0.0,0.0,,
800,both_vs_none,20,0.9999999999999999,4,0.19424460431654678,0,0.0,0.0,0.0,0.0,0.0,0,0.0,0.0,0.0,,
800,display_only_vs_none,20,0.9999999999999998,4,0.18705035971223022,1,0.03597122302158273,0.0,0.0,0.0,0.0,0,0.0,0.0,0.0,-0.017970121381886084,-0.007280465949820788
800,mailer_only_vs_none,20,0.9999999999999999,7,0.3525179856115108,2,0.07194244604316546,0.0,0.0,0.0,0.0,0,0.0,0.0,0.0,-0.014249789773042615,-0.007097625252330255
802,both_vs_additive,20,0.9999999999999996,2,0.13513513513513514,1,0.05405405405405406,0.0,0.05405405405405406,0.05405405405405406,0.0,0,0.0,0.0,0.0,0.0044710405387866844,0.007136903288786226
802,both_vs_none,20,0.9999999999999996,2,0.13513513513513514,1,0.05405405405405406,0.0,0.0,0.0,0.0,0,0.0,0.0,0.0,0.03493919101731601,0.01744453463203463
802,display_only_vs_none,20,0.9999999999999996,3,0.17567567567567569,1,0.05405405405405406,0.0,0.0,0.0,0.0,0,0.0,0.0,0.0,0.02029659642195372,0.009314346610739533
802,mailer_only_vs_none,20,0.9999999999999996,4,0.21621621621621623,1,0.05405405405405406,0.0,0.0,0.0,0.0,0,0.0,0.0,0.0,-0.0012132944282728757,1.8426257650396016e-05
803,both_vs_additive,13,0.9999999999999998,2,0.12121212121212122,1,0.06060606060606061,0.0,0.0,0.0,0.0,0,0.0,0.0,0.0,-0.006556290931290922,0.002709096459096453
803,both_vs_none,13,0.9999999999999998,2,0.12121212121212122,1,0.06060606060606061,0.0,0.0,0.0,0.0,0,0.0,0.0,0.0,0.002622710622710623,0.0014652014652014635
803,display_only_vs_none,13,0.9999999999999998,2,0.12121212121212122,2,0.12121212121212122,0.12121212121212122,0.12121212121212122,0.12121212121212122,0.12121212121212122,0,0.0,0.0,0.0,0.01633681607424196,0.00960538226595539
803,mailer_only_vs_none,13,0.9999999999999998,2,0.12121212121212122,2,0.12121212121212122,0.0,0.06060606060606061,0.06060606060606061,0.0,0,0.0,0.0,0.0,-0.02327554112554113,0.0025718390804597697
804,both_vs_additive,20,0.9999999999999996,7,0.4621212121212121,2,0.10606060606060606,0.10606060606060606,0.045454545454545456,0.10606060606060606,0.045454545454545456,1,0.045454545454545456,0.0,0.045454545454545456,0.015904470001239214,0.014958687927708412
804,both_vs_none,20,0.9999999999999996,7,0.4621212121212121,2,0.10606060606060606,0.045454545454545456,0.045454545454545456,0.045454545454545456,0.045454545454545456,1,0.045454545454545456,0.045454545454545456,0.0,0.010942872691561512,0.004589251845517488
804,display_only_vs_none,20,0.9999999999999996,8,0.5,2,0.10606060606060606,0.0,0.0,0.0,0.0,1,0.045454545454545456,0.045454545454545456,0.045454545454545456,-0.0031083394675131886,-0.005220709166512808
804,mailer_only_vs_none,20,0.9999999999999996,8,0.5,2,0.10606060606060606,0.0,0.0,0.0,0.0,1,0.045454545454545456,0.0,0.0,-0.003531322831873036,-0.0046500365287287385
805,both_vs_additive,20,0.9999999999999996,3,0.14393939393939395,1,0.05303030303030303,0.0,0.05303030303030303,0.05303030303030303,0.0,1,0.05303030303030303,0.0,0.05303030303030303,0.011107860195360197,0.003827160493827161
805,both_vs_none,20,0.9999999999999996,4,0.17424242424242425,1,0.05303030303030303,0.0,0.0,0.0,0.0,1,0.05303030303030303,0.0,0.05303030303030303,-0.0025661745661745648,0.0
805,display_only_vs_none,20,0.9999999999999996,5,0.28787878787878785,2,0.08333333333333334,0.0,0.0,0.0,0.0,1,0.05303030303030303,0.05303030303030303,0.05303030303030303,-0.0005712077290565735,-0.002064443736305077
805,mailer_only_vs_none,20,0.9999999999999997,6,0.35606060606060613,2,0.08333333333333334,0.0,0.0,0.0,0.0,1,0.05303030303030303,0.05303030303030303,0.0,-0.003559033442273273,-0.002015615088078856
806,both_vs_additive,15,0.9999999999999996,1,0.05263157894736842,0,0.0,0.0,0.0,0.0,0.0,0,0.0,0.0,0.0,,
806,both_vs_none,15,0.9999999999999996,1,0.05263157894736842,0,0.0,0.0,0.0,0.0,0.0,0,0.0,0.0,0.0,,
806,display_only_vs_none,15,0.9999999999999996,1,0.05263157894736842,0,0.0,0.0,0.0,0.0,0.0,0,0.0,0.0,0.0,,
806,mailer_only_vs_none,15,0.9999999999999996,2,0.13157894736842105,0,0.0,0.0,0.0,0.0,0.0,0,0.0,0.0,0.0,,
807,both_vs_additive,20,0.9999999999999999,3,0.15625,1,0.041666666666666664,0.041666666666666664,0.041666666666666664,0.041666666666666664,0.041666666666666664,0,0.0,0.0,0.0,0.004551931902638425,0.005986233573190094
807,both_vs_none,20,0.9999999999999999,3,0.15625,1,0.041666666666666664,0.041666666666666664,0.041666666666666664,0.041666666666666664,0.041666666666666664,0,0.0,0.0,0.0,0.003703703703703704,0.008403361344537815
807,display_only_vs_none,20,0.9999999999999999,3,0.15625,1,0.041666666666666664,0.0,0.0,0.0,0.0,0,0.0,0.0,0.0,0.0053561253561253555,0.0005128205128205107
807,mailer_only_vs_none,20,0.9999999999999998,4,0.19791666666666666,1,0.041666666666666664,0.0,0.0,0.0,0.0,0,0.0,0.0,0.0,-2.051282051282119e-05,-0.004820512820512822
808,both_vs_additive,10,1.0000000000000002,2,0.2916666666666667,1,0.08333333333333333,0.0,0.0,0.0,0.0,1,0.08333333333333333,0.0,0.0,-0.0059072808833678415,0.003149278187417012
808,both_vs_none,10,1.0000000000000002,2,0.2916666666666667,1,0.08333333333333333,0.08333333333333333,0.08333333333333333,0.08333333333333333,0.08333333333333333,1,0.08333333333333333,0.0,0.0,0.011080059725221018,0.005434782608695652
808,display_only_vs_none,10,1.0000000000000002,2,0.2916666666666667,1,0.08333333333333333,0.0,0.0,0.0,0.0,1,0.08333333333333333,0.0,0.0,-0.001759671864155106,-0.0031966899820356984
808,mailer_only_vs_none,10,1.0000000000000002,2,0.2916666666666667,1,0.08333333333333333,0.08333333333333333,0.0,0.08333333333333333,0.0,1,0.08333333333333333,0.08333333333333333,0.08333333333333333,0.017026397515527952,0.002097635392829901
812,both_vs_additive,15,0.9999999999999997,1,0.043478260869565216,0,0.0,0.0,0.0,0.0,0.0,0,0.0,0.0,0.0,,
812,both_vs_none,15,0.9999999999999997,1,0.043478260869565216,0,0.0,0.0,0.0,0.0,0.0,0,0.0,0.0,0.0,,
812,display_only_vs_none,15,0.9999999999999997,1,0.043478260869565216,0,0.0,0.0,0.0,0.0,0.0,0,0.0,0.0,0.0,,
812,mailer_only_vs_none,15,0.9999999999999997,1,0.043478260869565216,0,0.0,0.0,0.0,0.0,0.0,0,0.0,0.0,0.0,,
815,both_vs_additive,20,0.9999999999999996,5,0.39436619718309857,2,0.11267605633802817,0.056338028169014086,0.056338028169014086,0.056338028169014086,0.056338028169014086,0,0.0,0.0,0.0,0.027776223016611208,0.017828368546119452
815,both_vs_none,20,0.9999999999999996,5,0.39436619718309857,2,0.11267605633802817,0.11267605633802817,0.11267605633802817,0.11267605633802817,0.11267605633802817,0,0.0,0.0,0.0,0.01682033307837854,0.010930084771232725
815,display_only_vs_none,20,0.9999999999999996,7,0.4929577464788732,2,0.11267605633802817,0.0,0.056338028169014086,0.056338028169014086,0.0,0,0.0,0.0,0.0,-0.011489761368267416,-0.002782341912354618
815,mailer_only_vs_none,20,0.9999999999999996,6,0.45070422535211263,2,0.11267605633802817,0.056338028169014086,0.0,0.056338028169014086,0.0,0,0.0,0.0,0.0,2.022948282612916e-05,-0.0004151924731619605
820,both_vs_additive,20,0.9999999999999999,2,0.14285714285714285,1,0.05357142857142857,0.05357142857142857,0.05357142857142857,0.05357142857142857,0.05357142857142857,0,0.0,0.0,0.0,0.030309441978264528,0.02224906074547422
820,both_vs_none,20,0.9999999999999999,2,0.14285714285714285,1,0.05357142857142857,0.0,0.0,0.0,0.0,0,0.0,0.0,0.0,-0.009896729395254995,-0.0022554718493841587
820,display_only_vs_none,20,0.9999999999999999,2,0.14285714285714285,1,0.05357142857142857,0.0,0.0,0.0,0.0,0,0.0,0.0,0.0,-0.020609755031117248,-0.01295828469122752
820,mailer_only_vs_none,20,0.9999999999999999,2,0.14285714285714285,1,0.05357142857142857,0.0,0.0,0.0,0.0,0,0.0,0.0,0.0,-0.020068376068376068,-0.009401709401709403
822,both_vs_additive,16,0.9999999999999999,4,0.22916666666666663,1,0.041666666666666664,0.041666666666666664,0.041666666666666664,0.041666666666666664,0.041666666666666664,0,0.0,0.0,0.0,0.04912943453693389,0.03471983002641545
822,both_vs_none,16,0.9999999999999999,4,0.22916666666666663,2,0.08333333333333333,0.08333333333333333,0.08333333333333333,0.08333333333333333,0.08333333333333333,0,0.0,0.0,0.0,0.031725068232421175,0.01823376786612081
822,display_only_vs_none,16,0.9999999999999999,5,0.2708333333333333,2,0.08333333333333333,0.041666666666666664,0.041666666666666664,0.041666666666666664,0.041666666666666664,0,0.0,0.0,0.0,0.009637042331552501,0.0026246147783574006
822,mailer_only_vs_none,16,0.9999999999999999,8,0.5416666666666666,1,0.041666666666666664,0.0,0.0,0.0,0.0,0,0.0,0.0,0.0,-0.005430464890595826,-0.0009339765037198257
825,both_vs_additive,20,1.0,0,0.0,0,0.0,0.0,0.0,0.0,0.0,0,0.0,0.0,0.0,,
825,both_vs_none,20,1.0,1,0.039473684210526314,0,0.0,0.0,0.0,0.0,0.0,0,0.0,0.0,0.0,,
825,display_only_vs_none,20,1.0,2,0.09210526315789473,0,0.0,0.0,0.0,0.0,0.0,0,0.0,0.0,0.0,,
825,mailer_only_vs_none,20,0.9999999999999999,3,0.13157894736842105,0,0.0,0.0,0.0,0.0,0.0,0,0.0,0.0,0.0,,
830,both_vs_additive,20,0.9999999999999998,5,0.25773195876288657,0,0.0,0.0,0.0,0.0,0.0,0,0.0,0.0,0.0,,
830,both_vs_none,20,0.9999999999999998,5,0.25773195876288657,0,0.0,0.0,0.0,0.0,0.0,0,0.0,0.0,0.0,,
830,display_only_vs_none,20,0.9999999999999998,5,0.25773195876288657,0,0.0,0.0,0.0,0.0,0.0,0,0.0,0.0,0.0,,
830,mailer_only_vs_none,20,0.9999999999999998,5,0.25773195876288657,0,0.0,0.0,0.0,0.0,0.0,0,0.0,0.0,0.0,,
831,both_vs_additive,20,1.0000000000000004,3,0.14666666666666667,1,0.05333333333333334,0.0,0.0,0.0,0.0,1,0.05333333333333334,0.0,0.0,-0.00198825525211142,0.0003026496723894743
831,both_vs_none,20,1.0000000000000002,5,0.22666666666666668,2,0.09333333333333334,0.0,0.0,0.0,0.0,1,0.05333333333333334,0.0,0.0,-0.008288746128362414,0.00023722998007367132
831,display_only_vs_none,20,1.0000000000000002,7,0.37333333333333335,3,0.2,0.0,0.05333333333333334,0.05333333333333334,0.0,2,0.09333333333333334,0.04,0.09333333333333334,-0.03046796816720651,-0.007550284409776543
831,mailer_only_vs_none,20,1.0000000000000002,6,0.28,1,0.05333333333333334,0.0,0.0,0.0,0.0,1,0.05333333333333334,0.05333333333333334,0.05333333333333334,-0.004629629629629629,0.001221001221001221
833,both_vs_additive,18,0.9999999999999996,4,0.24444444444444446,2,0.08888888888888889,0.044444444444444446,0.044444444444444446,0.044444444444444446,0.044444444444444446,0,0.0,0.0,0.0,0.0023655703598232385,0.005010041489025012
833,both_vs_none,18,0.9999999999999997,6,0.33333333333333337,2,0.08888888888888889,0.044444444444444446,0.044444444444444446,0.044444444444444446,0.044444444444444446,0,0.0,0.0,0.0,-0.0006826806075947939,0.001350552879085488
833,display_only_vs_none,18,0.9999999999999997,7,0.4,3,0.13333333333333333,0.044444444444444446,0.044444444444444446,0.044444444444444446,0.044444444444444446,0,0.0,0.0,0.0,0.0001403070943155552,-0.001251716507218253
833,mailer_only_vs_none,18,0.9999999999999997,7,0.4,3,0.13333333333333333,0.0,0.044444444444444446,0.044444444444444446,0.0,1,0.044444444444444446,0.044444444444444446,0.0,0.001236070355387804,0.0002876583425484422
834,both_vs_additive,18,0.9999999999999997,1,0.08333333333333333,1,0.08333333333333333,0.08333333333333333,0.08333333333333333,0.08333333333333333,0.08333333333333333,0,0.0,0.0,0.0,0.16836150148988288,0.04128756979795421
834,both_vs_none,18,0.9999999999999997,2,0.1875,1,0.08333333333333333,0.0,0.0,0.0,0.0,0,0.0,0.0,0.0,-0.07045406843319933,-0.001569590323686122
834,display_only_vs_none,18,0.9999999999999997,4,0.2708333333333333,2,0.125,0.0,0.0,0.0,0.0,0,0.0,0.0,0.0,-0.08757205966334236,-0.01629201217572552
834,mailer_only_vs_none,18,0.9999999999999997,3,0.18749999999999997,2,0.14583333333333331,0.0625,0.0625,0.0625,0.0625,0,0.0,0.0,0.0,-0.07469723901284298,-0.005932853697990696
840,both_vs_additive,20,0.9999999999999999,2,0.12658227848101267,1,0.05063291139240506,0.05063291139240506,0.05063291139240506,0.05063291139240506,0.05063291139240506,0,0.0,0.0,0.0,0.03030944197826453,0.02224906074547422
840,both_vs_none,20,0.9999999999999999,2,0.12658227848101267,1,0.05063291139240506,0.0,0.0,0.0,0.0,0,0.0,0.0,0.0,-0.009896729395254997,-0.0022554718493841587
840,display_only_vs_none,20,0.9999999999999999,2,0.12658227848101267,1,0.05063291139240506,0.0,0.0,0.0,0.0,0,0.0,0.0,0.0,-0.020609755031117248,-0.012958284691227518
840,mailer_only_vs_none,20,0.9999999999999999,2,0.12658227848101267,1,0.05063291139240506,0.0,0.0,0.0,0.0,0,0.0,0.0,0.0,-0.020068376068376068,-0.009401709401709403
842,both_vs_additive,14,0.9999999999999996,2,0.10526315789473684,0,0.0,0.0,0.0,0.0,0.0,0,0.0,0.0,0.0,,
842,both_vs_none,14,0.9999999999999996,2,0.10526315789473684,0,0.0,0.0,0.0,0.0,0.0,0,0.0,0.0,0.0,,
842,display_only_vs_none,14,0.9999999999999996,2,0.10526315789473684,0,0.0,0.0,0.0,0.0,0.0,0,0.0,0.0,0.0,,
842,mailer_only_vs_none,14,0.9999999999999996,3,0.15789473684210525,0,0.0,0.0,0.0,0.0,0.0,0,0.0,0.0,0.0,,
843,both_vs_additive,12,0.9999999999999998,2,0.17857142857142855,0,0.0,0.0,0.0,0.0,0.0,0,0.0,0.0,0.0,,
843,both_vs_none,12,0.9999999999999998,2,0.17857142857142855,0,0.0,0.0,0.0,0.0,0.0,0,0.0,0.0,0.0,,
843,display_only_vs_none,12,0.9999999999999998,3,0.24999999999999997,0,0.0,0.0,0.0,0.0,0.0,0,0.0,0.0,0.0,,
843,mailer_only_vs_none,12,0.9999999999999998,3,0.24999999999999997,0,0.0,0.0,0.0,0.0,0.0,0,0.0,0.0,0.0,,
845,both_vs_additive,20,0.9999999999999997,0,0.0,0,0.0,0.0,0.0,0.0,0.0,0,0.0,0.0,0.0,,
845,both_vs_none,20,0.9999999999999998,1,0.038461538461538464,0,0.0,0.0,0.0,0.0,0.0,0,0.0,0.0,0.0,,
845,display_only_vs_none,20,0.9999999999999998,3,0.13461538461538464,0,0.0,0.0,0.0,0.0,0.0,0,0.0,0.0,0.0,,
845,mailer_only_vs_none,20,0.9999999999999998,3,0.13461538461538464,0,0.0,0.0,0.0,0.0,0.0,0,0.0,0.0,0.0,,
851,both_vs_additive,5,1.0,0,0.0,0,0.0,0.0,0.0,0.0,0.0,0,0.0,0.0,0.0,,
851,both_vs_none,5,1.0,0,0.0,0,0.0,0.0,0.0,0.0,0.0,0,0.0,0.0,0.0,,
851,display_only_vs_none,5,1.0,0,0.0,0,0.0,0.0,0.0,0.0,0.0,0,0.0,0.0,0.0,,
851,mailer_only_vs_none,5,1.0,0,0.0,0,0.0,0.0,0.0,0.0,0.0,0,0.0,0.0,0.0,,
853,both_vs_additive,17,0.9999999999999999,1,0.03773584905660377,0,0.0,0.0,0.0,0.0,0.0,0,0.0,0.0,0.0,,
853,both_vs_none,17,0.9999999999999999,1,0.03773584905660377,0,0.0,0.0,0.0,0.0,0.0,0,0.0,0.0,0.0,,
853,display_only_vs_none,17,0.9999999999999999,1,0.03773584905660377,0,0.0,0.0,0.0,0.0,0.0,0,0.0,0.0,0.0,,
853,mailer_only_vs_none,17,0.9999999999999999,2,0.0660377358490566,0,0.0,0.0,0.0,0.0,0.0,0,0.0,0.0,0.0,,
855,both_vs_additive,20,0.9999999999999998,3,0.2142857142857143,0,0.0,0.0,0.0,0.0,0.0,0,0.0,0.0,0.0,,
855,both_vs_none,20,0.9999999999999998,3,0.2142857142857143,0,0.0,0.0,0.0,0.0,0.0,0,0.0,0.0,0.0,,
855,display_only_vs_none,20,0.9999999999999998,3,0.2142857142857143,0,0.0,0.0,0.0,0.0,0.0,0,0.0,0.0,0.0,,
855,mailer_only_vs_none,20,0.9999999999999998,3,0.2142857142857143,0,0.0,0.0,0.0,0.0,0.0,0,0.0,0.0,0.0,,
856,both_vs_additive,20,1.0000000000000002,1,0.03636363636363636,0,0.0,0.0,0.0,0.0,0.0,0,0.0,0.0,0.0,,
856,both_vs_none,20,1.0000000000000002,1,0.03636363636363636,1,0.03636363636363636,0.03636363636363636,0.03636363636363636,0.03636363636363636,0.03636363636363636,0,0.0,0.0,0.0,0.04166208791208791,0.01872710622710623
856,display_only_vs_none,20,1.0000000000000002,2,0.07272727272727272,1,0.03636363636363636,0.03636363636363636,0.03636363636363636,0.03636363636363636,0.03636363636363636,0,0.0,0.0,0.0,0.03919230879486297,0.01475871756244341
856,mailer_only_vs_none,20,1.0000000000000002,3,0.10909090909090909,1,0.03636363636363636,0.03636363636363636,0.03636363636363636,0.03636363636363636,0.03636363636363636,0,0.0,0.0,0.0,0.01003608869183632,0.020952216853171706
860,both_vs_additive,11,1.0,2,0.14705882352941177,1,0.058823529411764705,0.058823529411764705,0.0,0.058823529411764705,0.0,0,0.0,0.0,0.0,0.011671364168835293,0.017323537206823055
860,both_vs_none,11,1.0,2,0.14705882352941177,1,0.058823529411764705,0.0,0.0,0.0,0.0,0,0.0,0.0,0.0,0.005561485543565982,0.003282490860840013
860,display_only_vs_none,11,1.0,2,0.14705882352941177,1,0.058823529411764705,0.0,0.0,0.0,0.0,0,0.0,0.0,0.0,-0.0038232147578032526,-0.008058654834500863
860,mailer_only_vs_none,11,1.0,2,0.14705882352941177,1,0.058823529411764705,0.0,0.0,0.0,0.0,0,0.0,0.0,0.0,-0.0029470563350881586,-0.005982391511482188
864,both_vs_additive,20,0.9999999999999997,4,0.3070175438596491,0,0.0,0.0,0.0,0.0,0.0,0,0.0,0.0,0.0,,
864,both_vs_none,20,0.9999999999999998,5,0.3508771929824561,0,0.0,0.0,0.0,0.0,0.0,0,0.0,0.0,0.0,,
864,display_only_vs_none,20,0.9999999999999998,5,0.3508771929824561,1,0.03508771929824561,0.0,0.0,0.0,0.0,0,0.0,0.0,0.0,0.0024630963990813094,-0.005898326210826208
864,mailer_only_vs_none,20,0.9999999999999998,5,0.33333333333333326,1,0.03508771929824561,0.0,0.0,0.0,0.0,0,0.0,0.0,0.0,-0.0005573119567661051,0.001388888888888891
866,both_vs_additive,17,0.9999999999999999,4,0.3584905660377358,1,0.05660377358490566,0.05660377358490566,0.0,0.05660377358490566,0.0,0,0.0,0.0,0.0,0.011671364168835293,0.017323537206823055
866,both_vs_none,17,0.9999999999999999,4,0.3584905660377358,1,0.05660377358490566,0.0,0.0,0.0,0.0,0,0.0,0.0,0.0,0.005561485543565982,0.003282490860840013
866,display_only_vs_none,17,0.9999999999999999,5,0.4150943396226415,1,0.05660377358490566,0.0,0.0,0.0,0.0,0,0.0,0.0,0.0,-0.0038232147578032526,-0.008058654834500863
866,mailer_only_vs_none,17,0.9999999999999999,6,0.45283018867924524,1,0.05660377358490566,0.0,0.0,0.0,0.0,0,0.0,0.0,0.0,-0.0029470563350881586,-0.005982391511482188
867,both_vs_additive,20,0.9999999999999996,4,0.25,2,0.06818181818181818,0.045454545454545456,0.06818181818181818,0.06818181818181818,0.045454545454545456,1,0.045454545454545456,0.045454545454545456,0.045454545454545456,0.010241209348460872,0.010208229725283258
867,both_vs_none,20,0.9999999999999996,4,0.25,2,0.06818181818181818,0.045454545454545456,0.045454545454545456,0.045454545454545456,0.045454545454545456,1,0.045454545454545456,0.045454545454545456,0.045454545454545456,0.00457242893558683,0.0025314068647401987
867,display_only_vs_none,20,0.9999999999999996,5,0.2840909090909091,2,0.06818181818181818,0.022727272727272728,0.0,0.022727272727272728,0.0,1,0.045454545454545456,0.045454545454545456,0.0,-0.00034856098643284034,-0.0015402129308218055
867,mailer_only_vs_none,20,0.9999999999999994,6,0.32954545454545453,2,0.06818181818181818,0.0,0.0,0.0,0.0,1,0.045454545454545456,0.0,0.0,-9.448215183509403e-05,-0.002950270045858282
868,both_vs_additive,20,1.0000000000000004,4,0.20634920634920634,0,0.0,0.0,0.0,0.0,0.0,0,0.0,0.0,0.0,,
868,both_vs_none,20,1.0000000000000004,4,0.20634920634920634,0,0.0,0.0,0.0,0.0,0.0,0,0.0,0.0,0.0,,
868,display_only_vs_none,20,1.0000000000000004,6,0.30158730158730157,2,0.09523809523809523,0.0,0.0,0.0,0.0,0,0.0,0.0,0.0,-0.03593219334192964,-0.009004484688267271
868,mailer_only_vs_none,20,1.0000000000000004,5,0.25396825396825395,1,0.047619047619047616,0.0,0.0,0.0,0.0,0,0.0,0.0,0.0,-0.016203703703703703,-0.000882619296412401
871,both_vs_additive,20,1.0,3,0.1566265060240964,0,0.0,0.0,0.0,0.0,0.0,0,0.0,0.0,0.0,,
871,both_vs_none,20,1.0,3,0.1566265060240964,1,0.04819277108433735,0.04819277108433735,0.04819277108433735,0.04819277108433735,0.04819277108433735,0,0.0,0.0,0.0,0.009946581196581199,0.004896723646723647
871,display_only_vs_none,20,1.0,4,0.18072289156626506,1,0.04819277108433735,0.04819277108433735,0.04819277108433735,0.04819277108433735,0.04819277108433735,0,0.0,0.0,0.0,0.018516409164775406,0.007250766294843045
871,mailer_only_vs_none,20,1.0,4,0.1927710843373494,1,0.04819277108433735,0.04819277108433735,0.0,0.04819277108433735,0.0,0,0.0,0.0,0.0,0.06360998023767421,0.008201694139194141
873,both_vs_additive,20,0.9999999999999997,2,0.1971830985915493,0,0.0,0.0,0.0,0.0,0.0,1,0.056338028169014086,0.0,0.056338028169014086,,
873,both_vs_none,20,0.9999999999999999,3,0.23943661971830987,0,0.0,0.0,0.0,0.0,0.0,1,0.056338028169014086,0.0,0.0,,
873,display_only_vs_none,20,0.9999999999999999,3,0.22535211267605634,0,0.0,0.0,0.0,0.0,0.0,1,0.056338028169014086,0.0,0.0,,
873,mailer_only_vs_none,20,0.9999999999999999,4,0.30985915492957744,0,0.0,0.0,0.0,0.0,0.0,1,0.056338028169014086,0.056338028169014086,0.0,,
875,both_vs_additive,5,1.0,1,0.18181818181818182,0,0.0,0.0,0.0,0.0,0.0,0,0.0,0.0,0.0,,
875,both_vs_none,5,1.0,1,0.18181818181818182,0,0.0,0.0,0.0,0.0,0.0,0,0.0,0.0,0.0,,
875,display_only_vs_none,5,1.0,1,0.18181818181818182,0,0.0,0.0,0.0,0.0,0.0,0,0.0,0.0,0.0,,
875,mailer_only_vs_none,5,1.0,1,0.18181818181818182,0,0.0,0.0,0.0,0.0,0.0,0,0.0,0.0,0.0,,
876,both_vs_additive,8,1.0,3,0.42105263157894735,2,0.3157894736842105,0.3157894736842105,0.21052631578947367,0.3157894736842105,0.21052631578947367,0,0.0,0.0,0.0,0.02409674937512145,0.020607219565923835
876,both_vs_none,8,1.0,3,0.42105263157894735,2,0.3157894736842105,0.0,0.0,0.0,0.0,0,0.0,0.0,0.0,-0.004743991082314669,-0.00040948427930943495
876,display_only_vs_none,8,1.0,3,0.42105263157894735,2,0.3157894736842105,0.0,0.0,0.0,0.0,0,0.0,0.0,0.0,-0.015014241606679248,-0.0113250747389853
876,mailer_only_vs_none,8,1.0,3,0.42105263157894735,2,0.3157894736842105,0.0,0.0,0.0,0.0,0,0.0,0.0,0.0,-0.014361269490613433,-0.008261936771633666
879,both_vs_additive,8,1.0000000000000002,0,0.0,0,0.0,0.0,0.0,0.0,0.0,0,0.0,0.0,0.0,,
879,both_vs_none,8,1.0000000000000002,0,0.0,0,0.0,0.0,0.0,0.0,0.0,0,0.0,0.0,0.0,,
879,display_only_vs_none,8,1.0000000000000002,1,0.1111111111111111,0,0.0,0.0,0.0,0.0,0.0,0,0.0,0.0,0.0,,
879,mailer_only_vs_none,8,1.0000000000000002,1,0.1111111111111111,0,0.0,0.0,0.0,0.0,0.0,0,0.0,0.0,0.0,,
881,both_vs_additive,20,1.0,6,0.3615384615384616,2,0.06923076923076923,0.0,0.0,0.0,0.0,1,0.038461538461538464,0.0,0.0,-0.0060310059019559326,-0.002213544839864695
881,both_vs_none,20,1.0000000000000002,7,0.39230769230769236,2,0.06923076923076923,0.03076923076923077,0.0,0.03076923076923077,0.0,1,0.038461538461538464,0.038461538461538464,0.038461538461538464,0.005807201986639313,0.0032584584700167778
881,display_only_vs_none,20,1.0,6,0.3615384615384616,2,0.06923076923076923,0.0,0.0,0.0,0.0,1,0.038461538461538464,0.038461538461538464,0.038461538461538464,0.004998705118913046,0.002632844738107896
881,mailer_only_vs_none,20,1.0000000000000002,7,0.39230769230769236,3,0.1,0.06153846153846154,0.03076923076923077,0.06153846153846154,0.03076923076923077,1,0.038461538461538464,0.038461538461538464,0.038461538461538464,0.005341169059480093,-0.0004925467768413976
882,both_vs_additive,20,0.9999999999999997,3,0.28888888888888886,1,0.044444444444444446,0.0,0.0,0.0,0.0,0,0.0,0.0,0.0,-0.023612947898662178,-0.00957896012344794
882,both_vs_none,20,0.9999999999999997,4,0.3222222222222222,1,0.044444444444444446,0.044444444444444446,0.044444444444444446,0.044444444444444446,0.044444444444444446,0,0.0,0.0,0.0,0.02600718622897478,0.009469598227809288
882,display_only_vs_none,20,0.9999999999999998,4,0.35555555555555557,2,0.1111111111111111,0.044444444444444446,0.044444444444444446,0.044444444444444446,0.044444444444444446,0,0.0,0.0,0.0,-0.027482308673842125,-0.006883760317196851
882,mailer_only_vs_none,20,0.9999999999999997,4,0.3222222222222222,2,0.07777777777777778,0.044444444444444446,0.044444444444444446,0.044444444444444446,0.044444444444444446,0,0.0,0.0,0.0,0.01848759137041313,0.014117867774435664
883,both_vs_additive,20,0.9999999999999999,0,0.0,0,0.0,0.0,0.0,0.0,0.0,0,0.0,0.0,0.0,,
883,both_vs_none,20,0.9999999999999999,0,0.0,0,0.0,0.0,0.0,0.0,0.0,0,0.0,0.0,0.0,,
883,display_only_vs_none,20,0.9999999999999999,0,0.0,0,0.0,0.0,0.0,0.0,0.0,0,0.0,0.0,0.0,,
883,mailer_only_vs_none,20,0.9999999999999999,0,0.0,0,0.0,0.0,0.0,0.0,0.0,0,0.0,0.0,0.0,,
884,both_vs_additive,12,1.0,2,0.13793103448275862,0,0.0,0.0,0.0,0.0,0.0,1,0.06896551724137931,0.0,0.0,,
884,both_vs_none,12,1.0,2,0.13793103448275862,0,0.0,0.0,0.0,0.0,0.0,1,0.06896551724137931,0.06896551724137931,0.06896551724137931,,
884,display_only_vs_none,12,1.0,3,0.2413793103448276,0,0.0,0.0,0.0,0.0,0.0,1,0.06896551724137931,0.06896551724137931,0.06896551724137931,,
884,mailer_only_vs_none,12,1.0,5,0.4137931034482759,0,0.0,0.0,0.0,0.0,0.0,1,0.06896551724137931,0.06896551724137931,0.06896551724137931,,
887,both_vs_additive,11,0.9999999999999998,2,0.16,1,0.08,0.0,0.08,0.08,0.0,0,0.0,0.0,0.0,0.011107860195360197,0.0038271604938271606
887,both_vs_none,11,0.9999999999999998,2,0.16,1,0.08,0.0,0.0,0.0,0.0,0,0.0,0.0,0.0,-0.0025661745661745648,0.0
887,display_only_vs_none,11,0.9999999999999998,4,0.4,1,0.08,0.0,0.0,0.0,0.0,0,0.0,0.0,0.0,-0.002196313444361633,-0.002858491506582322
887,mailer_only_vs_none,11,0.9999999999999998,3,0.24,1,0.08,0.0,0.0,0.0,0.0,0,0.0,0.0,0.0,-0.0008679549114331722,-0.0038271604938271606
888,both_vs_additive,20,0.9999999999999998,7,0.4477611940298507,4,0.2835820895522388,0.22388059701492535,0.05970149253731343,0.22388059701492535,0.05970149253731343,1,0.08955223880597014,0.08955223880597014,0.08955223880597014,0.0360797580089694,0.014043108344747472
888,both_vs_none,20,0.9999999999999998,8,0.4776119402985074,5,0.31343283582089554,0.08955223880597014,0.1791044776119403,0.1791044776119403,0.08955223880597014,1,0.08955223880597014,0.0,0.0,-0.003898697761505722,0.005419679010546001
888,display_only_vs_none,20,0.9999999999999998,8,0.4776119402985074,5,0.31343283582089554,0.08955223880597014,0.08955223880597014,0.08955223880597014,0.08955223880597014,1,0.08955223880597014,0.0,0.0,-0.015186937524262418,-0.002564253679269782
888,mailer_only_vs_none,20,0.9999999999999998,9,0.5671641791044776,6,0.3582089552238806,0.22388059701492535,0.19402985074626866,0.22388059701492535,0.19402985074626866,1,0.08955223880597014,0.0,0.0,-0.009640867245032282,0.002897993140772546
891,both_vs_additive,20,1.0000000000000002,0,0.0,0,0.0,0.0,0.0,0.0,0.0,0,0.0,0.0,0.0,,
891,both_vs_none,20,1.0000000000000002,0,0.0,0,0.0,0.0,0.0,0.0,0.0,0,0.0,0.0,0.0,,
891,display_only_vs_none,20,1.0000000000000002,0,0.0,0,0.0,0.0,0.0,0.0,0.0,0,0.0,0.0,0.0,,
891,mailer_only_vs_none,20,1.0000000000000002,1,0.03614457831325301,0,0.0,0.0,0.0,0.0,0.0,0,0.0,0.0,0.0,,
895,both_vs_additive,20,0.9999999999999997,0,0.0,0,0.0,0.0,0.0,0.0,0.0,0,0.0,0.0,0.0,,
895,both_vs_none,20,0.9999999999999997,0,0.0,0,0.0,0.0,0.0,0.0,0.0,0,0.0,0.0,0.0,,
895,display_only_vs_none,20,0.9999999999999997,0,0.0,0,0.0,0.0,0.0,0.0,0.0,0,0.0,0.0,0.0,,
895,mailer_only_vs_none,20,0.9999999999999997,0,0.0,0,0.0,0.0,0.0,0.0,0.0,0,0.0,0.0,0.0,,
896,both_vs_additive,20,0.9999999999999997,4,0.2068965517241379,0,0.0,0.0,0.0,0.0,0.0,1,0.05172413793103448,0.05172413793103448,0.05172413793103448,,
896,both_vs_none,20,0.9999999999999997,4,0.2068965517241379,1,0.034482758620689655,0.034482758620689655,0.034482758620689655,0.034482758620689655,0.034482758620689655,1,0.05172413793103448,0.05172413793103448,0.05172413793103448,0.009946581196581199,0.004896723646723647
896,display_only_vs_none,20,0.9999999999999997,4,0.2068965517241379,1,0.034482758620689655,0.034482758620689655,0.034482758620689655,0.034482758620689655,0.034482758620689655,1,0.05172413793103448,0.05172413793103448,0.05172413793103448,0.018516409164775406,0.007250766294843044
896,mailer_only_vs_none,20,0.9999999999999998,5,0.24137931034482757,1,0.034482758620689655,0.034482758620689655,0.0,0.034482758620689655,0.0,1,0.05172413793103448,0.0,0.0,0.06360998023767421,0.008201694139194141
898,both_vs_additive,20,0.9999999999999999,2,0.16981132075471697,1,0.03773584905660377,0.03773584905660377,0.03773584905660377,0.03773584905660377,0.03773584905660377,0,0.0,0.0,0.0,0.04707257094757097,0.0018753387051220743
898,both_vs_none,20,0.9999999999999999,2,0.16981132075471697,1,0.03773584905660377,0.0,0.0,0.0,0.0,0,0.0,0.0,0.0,-0.006390179910044983,-0.004504872563718143
898,display_only_vs_none,20,0.9999999999999999,2,0.16981132075471697,1,0.03773584905660377,0.0,0.0,0.0,0.0,0,0.0,0.0,0.0,6.236263736263646e-05,-0.000247252747252747
898,mailer_only_vs_none,20,0.9999999999999999,3,0.20754716981132074,1,0.03773584905660377,0.0,0.0,0.0,0.0,0,0.0,0.0,0.0,-0.00445054945054945,0.0015109890109890108
900,both_vs_additive,20,0.9999999999999994,0,0.0,0,0.0,0.0,0.0,0.0,0.0,0,0.0,0.0,0.0,,
900,both_vs_none,20,0.9999999999999994,0,0.0,0,0.0,0.0,0.0,0.0,0.0,0,0.0,0.0,0.0,,
900,display_only_vs_none,20,0.9999999999999996,1,0.034482758620689655,0,0.0,0.0,0.0,0.0,0.0,0,0.0,0.0,0.0,,
900,mailer_only_vs_none,20,0.9999999999999996,1,0.034482758620689655,0,0.0,0.0,0.0,0.0,0.0,0,0.0,0.0,0.0,,
903,both_vs_additive,9,0.9999999999999998,1,0.17857142857142858,0,0.0,0.0,0.0,0.0,0.0,0,0.0,0.0,0.0,,
903,both_vs_none,9,0.9999999999999998,1,0.17857142857142858,0,0.0,0.0,0.0,0.0,0.0,0,0.0,0.0,0.0,,
903,display_only_vs_none,9,0.9999999999999998,1,0.17857142857142858,0,0.0,0.0,0.0,0.0,0.0,0,0.0,0.0,0.0,,
903,mailer_only_vs_none,9,0.9999999999999998,1,0.17857142857142858,0,0.0,0.0,0.0,0.0,0.0,0,0.0,0.0,0.0,,
906,both_vs_additive,15,0.9999999999999999,3,0.0963855421686747,0,0.0,0.0,0.0,0.0,0.0,0,0.0,0.0,0.0,,
906,both_vs_none,15,0.9999999999999999,3,0.0963855421686747,0,0.0,0.0,0.0,0.0,0.0,0,0.0,0.0,0.0,,
906,display_only_vs_none,15,0.9999999999999999,3,0.0963855421686747,0,0.0,0.0,0.0,0.0,0.0,0,0.0,0.0,0.0,,
906,mailer_only_vs_none,15,0.9999999999999999,3,0.0963855421686747,0,0.0,0.0,0.0,0.0,0.0,0,0.0,0.0,0.0,,
907,both_vs_additive,20,1.0,6,0.30158730158730157,2,0.09523809523809523,0.047619047619047616,0.047619047619047616,0.047619047619047616,0.047619047619047616,1,0.031746031746031744,0.031746031746031744,0.031746031746031744,0.011876575523486805,0.012479078602285337
907,both_vs_none,20,1.0,6,0.30158730158730157,3,0.14285714285714285,0.047619047619047616,0.047619047619047616,0.047619047619047616,0.047619047619047616,1,0.031746031746031744,0.031746031746031744,0.0,0.01146268971318118,0.005978945280974512
907,display_only_vs_none,20,1.0,7,0.36507936507936506,3,0.14285714285714285,0.09523809523809523,0.09523809523809523,0.09523809523809523,0.09523809523809523,1,0.031746031746031744,0.0,0.0,0.009663173081854328,0.002559288023264445
907,mailer_only_vs_none,20,1.0,7,0.36507936507936506,2,0.09523809523809523,0.0,0.0,0.0,0.0,1,0.031746031746031744,0.0,0.0,-0.013017521367521368,-0.0063675213675213685
908,both_vs_additive,20,1.0000000000000002,3,0.19999999999999998,2,0.14545454545454545,0.09090909090909091,0.09090909090909091,0.09090909090909091,0.09090909090909091,0,0.0,0.0,0.0,0.09972511572762346,0.022458599974113154
908,both_vs_none,20,1.0000000000000002,3,0.19999999999999998,2,0.14545454545454545,0.05454545454545454,0.0,0.05454545454545454,0.0,0,0.0,0.0,0.0,-0.0390365137037235,9.292245636490418e-05
908,display_only_vs_none,20,1.0000000000000002,4,0.2727272727272727,3,0.21818181818181817,0.07272727272727272,0.07272727272727272,0.07272727272727272,0.07272727272727272,0,0.0,0.0,0.0,-0.034454987150099994,-0.004445817130571664
908,mailer_only_vs_none,20,1.0000000000000002,4,0.2545454545454545,2,0.14545454545454545,0.05454545454545454,0.0,0.05454545454545454,0.0,0,0.0,0.0,0.0,-0.08309270109242135,-0.016418863886711387
909,both_vs_additive,20,0.9999999999999999,3,0.13541666666666666,0,0.0,0.0,0.0,0.0,0.0,0,0.0,0.0,0.0,,
909,both_vs_none,20,0.9999999999999999,3,0.13541666666666666,0,0.0,0.0,0.0,0.0,0.0,0,0.0,0.0,0.0,,
909,display_only_vs_none,20,0.9999999999999999,3,0.13541666666666666,0,0.0,0.0,0.0,0.0,0.0,0,0.0,0.0,0.0,,
909,mailer_only_vs_none,20,0.9999999999999999,3,0.13541666666666666,0,0.0,0.0,0.0,0.0,0.0,0,0.0,0.0,0.0,,
913,both_vs_additive,14,1.0,3,0.2926829268292683,0,0.0,0.0,0.0,0.0,0.0,0,0.0,0.0,0.0,,
913,both_vs_none,14,1.0,4,0.36585365853658536,1,0.04878048780487805,0.04878048780487805,0.04878048780487805,0.04878048780487805,0.04878048780487805,0,0.0,0.0,0.0,0.009946581196581199,0.004896723646723647
913,display_only_vs_none,14,1.0,4,0.36585365853658536,2,0.12195121951219512,0.04878048780487805,0.04878048780487805,0.04878048780487805,0.04878048780487805,0,0.0,0.0,0.0,0.00877020002954653,0.002495390434945279
913,mailer_only_vs_none,14,1.0,6,0.4878048780487805,2,0.12195121951219512,0.04878048780487805,0.0,0.04878048780487805,0.0,0,0.0,0.0,0.0,0.020482939572323614,0.0039734312788660625
915,both_vs_additive,7,1.0,0,0.0,0,0.0,0.0,0.0,0.0,0.0,0,0.0,0.0,0.0,,
915,both_vs_none,7,1.0,0,0.0,0,0.0,0.0,0.0,0.0,0.0,0,0.0,0.0,0.0,,
915,display_only_vs_none,7,1.0,0,0.0,0,0.0,0.0,0.0,0.0,0.0,0,0.0,0.0,0.0,,
915,mailer_only_vs_none,7,1.0,0,0.0,0,0.0,0.0,0.0,0.0,0.0,0,0.0,0.0,0.0,,
918,both_vs_additive,20,1.0,2,0.0847457627118644,1,0.03389830508474576,0.0,0.0,0.0,0.0,0,0.0,0.0,0.0,-0.023612947898662175,-0.00957896012344794
918,both_vs_none,20,1.0,2,0.0847457627118644,1,0.03389830508474576,0.03389830508474576,0.03389830508474576,0.03389830508474576,0.03389830508474576,0,0.0,0.0,0.0,0.02600718622897478,0.009469598227809288
918,display_only_vs_none,20,1.0,2,0.0847457627118644,1,0.03389830508474576,0.03389830508474576,0.03389830508474576,0.03389830508474576,0.03389830508474576,0,0.0,0.0,0.0,0.023663491405246012,0.006562415625883111
918,mailer_only_vs_none,20,1.0,2,0.0847457627118644,1,0.03389830508474576,0.03389830508474576,0.03389830508474576,0.03389830508474576,0.03389830508474576,0,0.0,0.0,0.0,0.02383542775536583,0.02068841146240527
919,both_vs_additive,15,1.0000000000000002,0,0.0,0,0.0,0.0,0.0,0.0,0.0,0,0.0,0.0,0.0,,
919,both_vs_none,15,1.0000000000000002,0,0.0,0,0.0,0.0,0.0,0.0,0.0,0,0.0,0.0,0.0,,
919,display_only_vs_none,15,1.0000000000000002,1,0.08571428571428572,0,0.0,0.0,0.0,0.0,0.0,0,0.0,0.0,0.0,,
919,mailer_only_vs_none,15,1.0000000000000002,1,0.08571428571428572,0,0.0,0.0,0.0,0.0,0.0,0,0.0,0.0,0.0,,
920,both_vs_additive,6,1.0,4,0.4545454545454546,1,0.09090909090909091,0.09090909090909091,0.0,0.09090909090909091,0.0,1,0.09090909090909091,0.09090909090909091,0.09090909090909091,0.011671364168835293,0.017323537206823055
920,both_vs_none,6,1.0,4,0.4545454545454546,1,0.09090909090909091,0.0,0.0,0.0,0.0,1,0.09090909090909091,0.0,0.0,0.005561485543565982,0.003282490860840013
920,display_only_vs_none,6,1.0,4,0.4545454545454546,1,0.09090909090909091,0.0,0.0,0.0,0.0,1,0.09090909090909091,0.0,0.0,-0.0038232147578032526,-0.008058654834500863
920,mailer_only_vs_none,6,1.0,4,0.4545454545454546,1,0.09090909090909091,0.0,0.0,0.0,0.0,1,0.09090909090909091,0.0,0.0,-0.0029470563350881586,-0.005982391511482188
922,both_vs_additive,5,1.0,0,0.0,0,0.0,0.0,0.0,0.0,0.0,0,0.0,0.0,0.0,,
922,both_vs_none,5,1.0,0,0.0,0,0.0,0.0,0.0,0.0,0.0,0,0.0,0.0,0.0,,
922,display_only_vs_none,5,1.0,0,0.0,0,0.0,0.0,0.0,0.0,0.0,0,0.0,0.0,0.0,,
922,mailer_only_vs_none,5,1.0,0,0.0,0,0.0,0.0,0.0,0.0,0.0,0,0.0,0.0,0.0,,
923,both_vs_additive,10,0.9999999999999998,2,0.19230769230769232,1,0.07692307692307693,0.07692307692307693,0.0,0.07692307692307693,0.0,0,0.0,0.0,0.0,0.011671364168835293,0.017323537206823055
923,both_vs_none,10,0.9999999999999998,2,0.19230769230769232,1,0.07692307692307693,0.0,0.0,0.0,0.0,0,0.0,0.0,0.0,0.005561485543565982,0.0032824908608400133
923,display_only_vs_none,10,0.9999999999999998,2,0.19230769230769232,1,0.07692307692307693,0.0,0.0,0.0,0.0,0,0.0,0.0,0.0,-0.0038232147578032526,-0.008058654834500863
923,mailer_only_vs_none,10,0.9999999999999998,2,0.19230769230769232,1,0.07692307692307693,0.0,0.0,0.0,0.0,0,0.0,0.0,0.0,-0.0029470563350881586,-0.005982391511482188
924,both_vs_additive,20,0.9999999999999999,3,0.2857142857142857,2,0.05714285714285714,0.02857142857142857,0.02857142857142857,0.02857142857142857,0.02857142857142857,1,0.02857142857142857,0.0,0.02857142857142857,0.007820665113871634,0.007477416871486284
924,both_vs_none,20,0.9999999999999999,3,0.2857142857142857,2,0.05714285714285714,0.05714285714285714,0.05714285714285714,0.05714285714285714,0.05714285714285714,1,0.02857142857142857,0.02857142857142857,0.0,0.014599057640388284,0.005883191216891554
924,display_only_vs_none,20,0.9999999999999999,4,0.44285714285714284,3,0.2142857142857143,0.0,0.0,0.0,0.0,1,0.02857142857142857,0.02857142857142857,0.02857142857142857,-0.04568028563654262,-0.012239573128058708
924,mailer_only_vs_none,20,0.9999999999999999,3,0.2857142857142857,2,0.05714285714285714,0.02857142857142857,0.0,0.02857142857142857,0.0,1,0.02857142857142857,0.0,0.0,0.006358026343970873,-0.00038796391278045193
925,both_vs_additive,10,1.0000000000000002,0,0.0,0,0.0,0.0,0.0,0.0,0.0,0,0.0,0.0,0.0,,
925,both_vs_none,10,1.0000000000000002,0,0.0,0,0.0,0.0,0.0,0.0,0.0,0,0.0,0.0,0.0,,
925,display_only_vs_none,10,1.0000000000000002,0,0.0,0,0.0,0.0,0.0,0.0,0.0,0,0.0,0.0,0.0,,
925,mailer_only_vs_none,10,1.0000000000000002,0,0.0,0,0.0,0.0,0.0,0.0,0.0,0,0.0,0.0,0.0,,
926,both_vs_additive,20,1.0000000000000004,1,0.03278688524590164,0,0.0,0.0,0.0,0.0,0.0,0,0.0,0.0,0.0,,
926,both_vs_none,20,1.0000000000000004,3,0.1557377049180328,0,0.0,0.0,0.0,0.0,0.0,0,0.0,0.0,0.0,,
926,display_only_vs_none,20,1.0000000000000004,3,0.18032786885245902,1,0.09836065573770492,0.0,0.0,0.0,0.0,0,0.0,0.0,0.0,-0.01974849775946594,-0.01820034245384567
926,mailer_only_vs_none,20,1.0000000000000002,5,0.26229508196721313,0,0.0,0.0,0.0,0.0,0.0,0,0.0,0.0,0.0,,
928,both_vs_additive,20,0.9999999999999994,1,0.0851063829787234,0,0.0,0.0,0.0,0.0,0.0,0,0.0,0.0,0.0,,
928,both_vs_none,20,0.9999999999999993,2,0.1276595744680851,0,0.0,0.0,0.0,0.0,0.0,0,0.0,0.0,0.0,,
928,display_only_vs_none,20,0.9999999999999993,2,0.1276595744680851,0,0.0,0.0,0.0,0.0,0.0,0,0.0,0.0,0.0,,
928,mailer_only_vs_none,20,0.9999999999999994,3,0.19148936170212766,0,0.0,0.0,0.0,0.0,0.0,0,0.0,0.0,0.0,,
929,both_vs_additive,20,1.0000000000000004,2,0.1076923076923077,1,0.07692307692307693,0.07692307692307693,0.07692307692307693,0.07692307692307693,0.07692307692307693,0,0.0,0.0,0.0,0.16836150148988288,0.04128756979795421
929,both_vs_none,20,1.0000000000000004,2,0.1076923076923077,1,0.07692307692307693,0.0,0.0,0.0,0.0,0,0.0,0.0,0.0,-0.07045406843319933,-0.0015695903236861222
929,display_only_vs_none,20,1.0000000000000004,2,0.1076923076923077,1,0.07692307692307693,0.0,0.0,0.0,0.0,0,0.0,0.0,0.0,-0.10056833513172979,-0.016514079457296535
929,mailer_only_vs_none,20,1.0000000000000004,2,0.1076923076923077,1,0.07692307692307693,0.0,0.0,0.0,0.0,0,0.0,0.0,0.0,-0.13824723479135242,-0.026096656611362498
932,both_vs_additive,20,0.9999999999999999,3,0.17894736842105263,1,0.06315789473684211,0.06315789473684211,0.0,0.06315789473684211,0.0,0,0.0,0.0,0.0,0.011671364168835293,0.017323537206823055
932,both_vs_none,20,0.9999999999999999,3,0.17894736842105263,1,0.06315789473684211,0.0,0.0,0.0,0.0,0,0.0,0.0,0.0,0.005561485543565982,0.003282490860840013
932,display_only_vs_none,20,1.0,4,0.21052631578947367,1,0.06315789473684211,0.0,0.0,0.0,0.0,0,0.0,0.0,0.0,-0.0038232147578032526,-0.008058654834500863
932,mailer_only_vs_none,20,0.9999999999999999,3,0.17894736842105263,1,0.06315789473684211,0.0,0.0,0.0,0.0,0,0.0,0.0,0.0,-0.0029470563350881586,-0.005982391511482188
935,both_vs_additive,15,0.9999999999999999,2,0.08333333333333333,2,0.08333333333333333,0.041666666666666664,0.0,0.041666666666666664,0.0,0,0.0,0.0,0.0,0.0007975450405334782,0.006619611101483912
935,both_vs_none,15,0.9999999999999999,2,0.08333333333333333,2,0.08333333333333333,0.0,0.0,0.0,0.0,0,0.0,0.0,0.0,-0.0005120287682711561,0.0014970893147964997
935,display_only_vs_none,15,0.9999999999999999,2,0.08333333333333333,2,0.08333333333333333,0.0,0.0,0.0,0.0,0,0.0,0.0,0.0,-0.00932969764768561,-0.006994542008824071
935,mailer_only_vs_none,15,0.9999999999999999,2,0.08333333333333333,2,0.08333333333333333,0.0,0.041666666666666664,0.041666666666666664,0.0,0,0.0,0.0,0.0,-0.0037437991158241497,-0.002883531681550693
936,both_vs_additive,10,1.0,2,0.18181818181818182,0,0.0,0.0,0.0,0.0,0.0,0,0.0,0.0,0.0,,
936,both_vs_none,10,1.0,2,0.18181818181818182,0,0.0,0.0,0.0,0.0,0.0,0,0.0,0.0,0.0,,
936,display_only_vs_none,10,1.0,2,0.18181818181818182,0,0.0,0.0,0.0,0.0,0.0,0,0.0,0.0,0.0,,
936,mailer_only_vs_none,10,1.0,2,0.18181818181818182,0,0.0,0.0,0.0,0.0,0.0,0,0.0,0.0,0.0,,
937,both_vs_additive,13,0.9999999999999999,3,0.2790697674418605,1,0.046511627906976744,0.046511627906976744,0.0,0.046511627906976744,0.0,0,0.0,0.0,0.0,0.011671364168835293,0.017323537206823055
937,both_vs_none,13,1.0,4,0.34883720930232565,1,0.046511627906976744,0.0,0.0,0.0,0.0,0,0.0,0.0,0.0,0.005561485543565982,0.003282490860840013
937,display_only_vs_none,13,0.9999999999999999,3,0.2790697674418605,1,0.046511627906976744,0.0,0.0,0.0,0.0,0,0.0,0.0,0.0,-0.0038232147578032526,-0.008058654834500863
937,mailer_only_vs_none,13,0.9999999999999999,5,0.4186046511627908,2,0.11627906976744186,0.06976744186046512,0.06976744186046512,0.06976744186046512,0.06976744186046512,0,0.0,0.0,0.0,0.004842830681066528,0.010178373507310148
938,both_vs_additive,20,0.9999999999999999,3,0.1607142857142857,2,0.08928571428571427,0.08928571428571427,0.08928571428571427,0.08928571428571427,0.08928571428571427,0,0.0,0.0,0.0,0.029962710754170122,0.016149948925253375
938,both_vs_none,20,1.0,4,0.2142857142857143,2,0.08928571428571427,0.03571428571428571,0.08928571428571427,0.08928571428571427,0.03571428571428571,0,0.0,0.0,0.0,0.012144706600588955,0.010342925048807402
938,display_only_vs_none,20,1.0000000000000002,6,0.30357142857142855,2,0.08928571428571427,0.0,0.05357142857142857,0.05357142857142857,0.0,0,0.0,0.0,0.0,-0.006483773169186705,-0.0013564247336361466
938,mailer_only_vs_none,20,1.0,5,0.25,2,0.08928571428571427,0.0,0.0,0.0,0.0,0,0.0,0.0,0.0,-0.0080034307047432,-0.0018678091022853779
939,both_vs_additive,20,0.9999999999999997,3,0.13186813186813187,1,0.03296703296703297,0.0,0.0,0.0,0.0,0,0.0,0.0,0.0,-0.020455829649273415,-0.007092941439589707
939,both_vs_none,20,0.9999999999999997,3,0.13186813186813187,1,0.03296703296703297,0.03296703296703297,0.03296703296703297,0.03296703296703297,0.03296703296703297,0,0.0,0.0,0.0,0.010873397435897436,0.006944444444444444
939,display_only_vs_none,20,0.9999999999999998,5,0.20879120879120877,2,0.06593406593406594,0.0,0.03296703296703297,0.03296703296703297,0.0,0,0.0,0.0,0.0,0.004439761734653372,0.0011870802808302819
939,mailer_only_vs_none,20,0.9999999999999998,6,0.25274725274725274,2,0.06593406593406594,0.0,0.03296703296703297,0.03296703296703297,0.0,0,0.0,0.0,0.0,0.00036692586166270314,0.0033202191710853383
940,both_vs_additive,14,1.0,2,0.10810810810810811,1,0.05405405405405406,0.05405405405405406,0.05405405405405406,0.05405405405405406,0.05405405405405406,1,0.05405405405405406,0.05405405405405406,0.05405405405405406,0.06888543039086517,0.008195862130072656
940,both_vs_none,14,1.0,2,0.10810810810810811,1,0.05405405405405406,0.0,0.0,0.0,0.0,1,0.05405405405405406,0.0,0.0,0.0017575757575757633,0.0
940,display_only_vs_none,14,1.0000000000000002,5,0.35135135135135137,1,0.05405405405405406,0.0,0.0,0.0,0.0,1,0.05405405405405406,0.0,0.0,-0.01988095238095238,-0.010869565217391304
940,mailer_only_vs_none,14,1.0000000000000002,5,0.35135135135135137,2,0.10810810810810811,0.05405405405405406,0.05405405405405406,0.05405405405405406,0.05405405405405406,1,0.05405405405405406,0.0,0.0,-0.0008071428571428579,0.0012764814902117942
941,both_vs_additive,6,1.0,1,0.13333333333333333,0,0.0,0.0,0.0,0.0,0.0,0,0.0,0.0,0.0,,
941,both_vs_none,6,1.0,1,0.13333333333333333,0,0.0,0.0,0.0,0.0,0.0,0,0.0,0.0,0.0,,
941,display_only_vs_none,6,1.0,1,0.13333333333333333,0,0.0,0.0,0.0,0.0,0.0,0,0.0,0.0,0.0,,
941,mailer_only_vs_none,6,1.0,1,0.13333333333333333,0,0.0,0.0,0.0,0.0,0.0,0,0.0,0.0,0.0,,
943,both_vs_additive,16,1.0,6,0.39024390243902435,3,0.17073170731707316,0.07317073170731707,0.04878048780487805,0.12195121951219512,0.0,0,0.0,0.0,0.0,0.0026250162929482334,0.00809653930755306
943,both_vs_none,16,1.0,6,0.39024390243902435,3,0.17073170731707316,0.04878048780487805,0.04878048780487805,0.04878048780487805,0.04878048780487805,0,0.0,0.0,0.0,0.016467944351605424,0.006740613815038141
943,display_only_vs_none,16,1.0,6,0.39024390243902435,3,0.17073170731707316,0.0975609756097561,0.04878048780487805,0.0975609756097561,0.04878048780487805,0,0.0,0.0,0.0,0.0067228715178080465,-0.001323661978403869
943,mailer_only_vs_none,16,1.0,8,0.4878048780487804,3,0.17073170731707316,0.04878048780487805,0.04878048780487805,0.04878048780487805,0.04878048780487805,0,0.0,0.0,0.0,0.01044851213756993,0.0014315999548468082
944,both_vs_additive,7,1.0,2,0.23529411764705882,1,0.11764705882352941,0.11764705882352941,0.11764705882352941,0.11764705882352941,0.11764705882352941,0,0.0,0.0,0.0,0.16836150148988288,0.04128756979795421
944,both_vs_none,7,1.0,2,0.23529411764705882,1,0.11764705882352941,0.0,0.0,0.0,0.0,0,0.0,0.0,0.0,-0.07045406843319933,-0.0015695903236861222
944,display_only_vs_none,7,1.0,3,0.47058823529411764,2,0.3529411764705882,0.0,0.0,0.0,0.0,0,0.0,0.0,0.0,-0.07457578419495496,-0.01606994489415451
944,mailer_only_vs_none,7,1.0,2,0.23529411764705882,1,0.11764705882352941,0.0,0.0,0.0,0.0,0,0.0,0.0,0.0,-0.13824723479135242,-0.026096656611362498
947,both_vs_additive,10,1.0,2,0.14285714285714285,1,0.05714285714285714,0.05714285714285714,0.05714285714285714,0.05714285714285714,0.05714285714285714,0,0.0,0.0,0.0,0.03992731829573935,0.02230576441102757
947,both_vs_none,10,1.0,2,0.14285714285714285,1,0.05714285714285714,0.05714285714285714,0.05714285714285714,0.05714285714285714,0.05714285714285714,0,0.0,0.0,0.0,0.03426022247016829,0.01913978908947949
947,display_only_vs_none,10,1.0,2,0.14285714285714285,1,0.05714285714285714,0.0,0.0,0.0,0.0,0,0.0,0.0,0.0,-0.0017008928571428565,0.0014702889702889704
947,mailer_only_vs_none,10,1.0,2,0.14285714285714285,1,0.05714285714285714,0.0,0.0,0.0,0.0,0,0.0,0.0,0.0,-0.009389850427350424,-0.005158730158730159
949,both_vs_additive,20,1.0000000000000004,3,0.16,1,0.04,0.0,0.0,0.0,0.0,0,0.0,0.0,0.0,-0.018142438583876954,-0.01475080942488341
949,both_vs_none,20,1.0000000000000004,3,0.16,1,0.04,0.0,0.0,0.0,0.0,0,0.0,0.0,0.0,-0.0013745804011641109,-0.0008623577486699657
949,display_only_vs_none,20,1.0000000000000004,3,0.16,1,0.04,0.04,0.0,0.04,0.0,0,0.0,0.0,0.0,0.00871763270699029,0.005372595276813542
949,mailer_only_vs_none,20,1.0000000000000004,4,0.24000000000000002,1,0.04,0.04,0.04,0.04,0.04,0,0.0,0.0,0.0,0.006840422123385261,0.006391131544218393
950,both_vs_additive,16,0.9999999999999997,3,0.2,0,0.0,0.0,0.0,0.0,0.0,0,0.0,0.0,0.0,,
950,both_vs_none,16,0.9999999999999997,3,0.2,0,0.0,0.0,0.0,0.0,0.0,0,0.0,0.0,0.0,,
950,display_only_vs_none,16,0.9999999999999997,5,0.4,1,0.15555555555555556,0.0,0.0,0.0,0.0,0,0.0,0.0,0.0,-0.06157950872656754,-0.015847877612583494
950,mailer_only_vs_none,16,0.9999999999999997,4,0.24444444444444446,0,0.0,0.0,0.0,0.0,0.0,0,0.0,0.0,0.0,,
953,both_vs_additive,20,1.0000000000000004,5,0.32786885245901637,2,0.09836065573770492,0.09836065573770492,0.09836065573770492,0.09836065573770492,0.09836065573770492,0,0.0,0.0,0.0,0.03971943825759921,0.028484445385944836
953,both_vs_none,20,1.0000000000000004,6,0.360655737704918,2,0.09836065573770492,0.04918032786885246,0.04918032786885246,0.04918032786885246,0.04918032786885246,0,0.0,0.0,0.0,0.005945659578749719,0.007742478827875613
953,display_only_vs_none,20,1.0000000000000004,6,0.360655737704918,4,0.1639344262295082,0.06557377049180328,0.06557377049180328,0.06557377049180328,0.06557377049180328,0,0.0,0.0,0.0,0.0006531376364188219,-0.0019258476821027107
953,mailer_only_vs_none,20,1.0000000000000004,7,0.40983606557377045,4,0.1639344262295082,0.0,0.03278688524590164,0.03278688524590164,0.0,0,0.0,0.0,0.0,-0.015766535404574688,-0.0014053034727781937
956,both_vs_additive,20,1.0,4,0.34285714285714286,2,0.24761904761904763,0.24761904761904763,0.24761904761904763,0.24761904761904763,0.24761904761904763,0,0.0,0.0,0.0,0.12588394471707723,0.03542956701257575
956,both_vs_none,20,1.0,4,0.34285714285714286,2,0.24761904761904763,0.0,0.0,0.0,0.0,0,0.0,0.0,0.0,-0.051821041036908766,-0.0017806307931316722
956,display_only_vs_none,20,1.0,4,0.34285714285714286,2,0.24761904761904763,0.0,0.0,0.0,0.0,0,0.0,0.0,0.0,-0.07596569510077208,-0.015419988760044532
956,mailer_only_vs_none,20,1.0,4,0.34285714285714286,3,0.29523809523809524,0.047619047619047616,0.047619047619047616,0.047619047619047616,0.047619047619047616,0,0.0,0.0,0.0,-0.08198262326194605,-0.01473429267250425
957,both_vs_additive,20,0.9999999999999996,0,0.0,0,0.0,0.0,0.0,0.0,0.0,0,0.0,0.0,0.0,,
957,both_vs_none,20,0.9999999999999996,1,0.043010752688172046,0,0.0,0.0,0.0,0.0,0.0,0,0.0,0.0,0.0,,
957,display_only_vs_none,20,0.9999999999999996,0,0.0,0,0.0,0.0,0.0,0.0,0.0,0,0.0,0.0,0.0,,
957,mailer_only_vs_none,20,0.9999999999999996,2,0.06451612903225806,0,0.0,0.0,0.0,0.0,0.0,0,0.0,0.0,0.0,,
960,both_vs_additive,18,0.9999999999999998,3,0.18181818181818182,1,0.09090909090909091,0.09090909090909091,0.09090909090909091,0.09090909090909091,0.09090909090909091,0,0.0,0.0,0.0,0.16836150148988288,0.04128756979795421
960,both_vs_none,18,0.9999999999999998,3,0.18181818181818182,1,0.09090909090909091,0.0,0.0,0.0,0.0,0,0.0,0.0,0.0,-0.07045406843319933,-0.0015695903236861222
960,display_only_vs_none,18,0.9999999999999998,3,0.18181818181818182,1,0.09090909090909091,0.0,0.0,0.0,0.0,0,0.0,0.0,0.0,-0.10056833513172979,-0.016514079457296535
960,mailer_only_vs_none,18,1.0,4,0.21212121212121213,1,0.09090909090909091,0.0,0.0,0.0,0.0,0,0.0,0.0,0.0,-0.13824723479135242,-0.0260966566113625
961,both_vs_additive,15,1.0,1,0.09375,1,0.09375,0.09375,0.09375,0.09375,0.09375,1,0.09375,0.09375,0.09375,0.16836150148988285,0.04128756979795421
961,both_vs_none,15,1.0,1,0.09375,1,0.09375,0.0,0.0,0.0,0.0,1,0.09375,0.09375,0.09375,-0.07045406843319933,-0.0015695903236861222
961,display_only_vs_none,15,1.0,1,0.09375,1,0.09375,0.0,0.0,0.0,0.0,1,0.09375,0.0,0.0,-0.10056833513172979,-0.016514079457296535
961,mailer_only_vs_none,15,1.0,1,0.09375,1,0.09375,0.0,0.0,0.0,0.0,1,0.09375,0.09375,0.0,-0.13824723479135242,-0.026096656611362498
963,both_vs_additive,20,1.0000000000000004,0,0.0,0,0.0,0.0,0.0,0.0,0.0,0,0.0,0.0,0.0,,
963,both_vs_none,20,1.0000000000000004,0,0.0,0,0.0,0.0,0.0,0.0,0.0,0,0.0,0.0,0.0,,
963,display_only_vs_none,20,1.0000000000000004,0,0.0,0,0.0,0.0,0.0,0.0,0.0,0,0.0,0.0,0.0,,
963,mailer_only_vs_none,20,1.0000000000000004,0,0.0,0,0.0,0.0,0.0,0.0,0.0,0,0.0,0.0,0.0,,
965,both_vs_additive,11,0.9999999999999998,1,0.10714285714285714,0,0.0,0.0,0.0,0.0,0.0,0,0.0,0.0,0.0,,
965,both_vs_none,11,0.9999999999999998,1,0.10714285714285714,0,0.0,0.0,0.0,0.0,0.0,0,0.0,0.0,0.0,,
965,display_only_vs_none,11,0.9999999999999998,2,0.2857142857142857,0,0.0,0.0,0.0,0.0,0.0,0,0.0,0.0,0.0,,
965,mailer_only_vs_none,11,0.9999999999999998,4,0.5,0,0.0,0.0,0.0,0.0,0.0,0,0.0,0.0,0.0,,
968,both_vs_additive,20,0.9999999999999998,2,0.1095890410958904,0,0.0,0.0,0.0,0.0,0.0,0,0.0,0.0,0.0,,
968,both_vs_none,20,0.9999999999999998,2,0.1095890410958904,0,0.0,0.0,0.0,0.0,0.0,0,0.0,0.0,0.0,,
968,display_only_vs_none,20,0.9999999999999998,3,0.1917808219178082,0,0.0,0.0,0.0,0.0,0.0,0,0.0,0.0,0.0,,
968,mailer_only_vs_none,20,0.9999999999999998,3,0.18493150684931506,0,0.0,0.0,0.0,0.0,0.0,0,0.0,0.0,0.0,,
971,both_vs_additive,7,1.0,2,0.29411764705882354,1,0.11764705882352941,0.0,0.0,0.0,0.0,2,0.29411764705882354,0.17647058823529413,0.17647058823529413,-0.009428287658487113,-6.331144583812676e-05
971,both_vs_none,7,1.0,2,0.29411764705882354,1,0.11764705882352941,0.11764705882352941,0.11764705882352941,0.11764705882352941,0.11764705882352941,2,0.29411764705882354,0.29411764705882354,0.29411764705882354,0.046018653838346926,0.017053027445988855
971,display_only_vs_none,7,1.0,3,0.5294117647058824,1,0.11764705882352941,0.11764705882352941,0.11764705882352941,0.11764705882352941,0.11764705882352941,2,0.29411764705882354,0.29411764705882354,0.29411764705882354,0.026171438105598695,0.007455165327337752
971,mailer_only_vs_none,7,1.0,2,0.29411764705882354,1,0.11764705882352941,0.11764705882352941,0.11764705882352941,0.11764705882352941,0.11764705882352941,2,0.29411764705882354,0.11764705882352941,0.11764705882352941,0.03505704365079365,0.013416005291005291
973,both_vs_additive,11,1.0,0,0.0,0,0.0,0.0,0.0,0.0,0.0,0,0.0,0.0,0.0,,
973,both_vs_none,11,1.0,0,0.0,0,0.0,0.0,0.0,0.0,0.0,0,0.0,0.0,0.0,,
973,display_only_vs_none,11,1.0,0,0.0,0,0.0,0.0,0.0,0.0,0.0,0,0.0,0.0,0.0,,
973,mailer_only_vs_none,11,1.0,0,0.0,0,0.0,0.0,0.0,0.0,0.0,0,0.0,0.0,0.0,,
975,both_vs_additive,12,0.9999999999999998,0,0.0,0,0.0,0.0,0.0,0.0,0.0,0,0.0,0.0,0.0,,
975,both_vs_none,12,0.9999999999999998,0,0.0,0,0.0,0.0,0.0,0.0,0.0,0,0.0,0.0,0.0,,
975,display_only_vs_none,12,0.9999999999999998,2,0.1590909090909091,0,0.0,0.0,0.0,0.0,0.0,0,0.0,0.0,0.0,,
975,mailer_only_vs_none,12,0.9999999999999998,4,0.4090909090909091,0,0.0,0.0,0.0,0.0,0.0,0,0.0,0.0,0.0,,
976,both_vs_additive,9,0.9999999999999999,1,0.09523809523809523,0,0.0,0.0,0.0,0.0,0.0,0,0.0,0.0,0.0,,
976,both_vs_none,9,0.9999999999999999,1,0.09523809523809523,0,0.0,0.0,0.0,0.0,0.0,0,0.0,0.0,0.0,,
976,display_only_vs_none,9,1.0,3,0.2857142857142857,0,0.0,0.0,0.0,0.0,0.0,0,0.0,0.0,0.0,,
976,mailer_only_vs_none,9,1.0,3,0.2857142857142857,0,0.0,0.0,0.0,0.0,0.0,0,0.0,0.0,0.0,,
978,both_vs_additive,20,0.9999999999999997,1,0.10714285714285714,1,0.10714285714285714,0.10714285714285714,0.10714285714285714,0.10714285714285714,0.10714285714285714,0,0.0,0.0,0.0,0.16836150148988288,0.04128756979795421
978,both_vs_none,20,0.9999999999999997,1,0.10714285714285714,1,0.10714285714285714,0.0,0.0,0.0,0.0,0,0.0,0.0,0.0,-0.07045406843319933,-0.0015695903236861224
978,display_only_vs_none,20,0.9999999999999998,3,0.21428571428571425,2,0.17857142857142855,0.0,0.0,0.0,0.0,0,0.0,0.0,0.0,-0.0849728045696649,-0.016247598719411317
978,mailer_only_vs_none,20,0.9999999999999998,2,0.14285714285714285,1,0.10714285714285714,0.0,0.0,0.0,0.0,0,0.0,0.0,0.0,-0.13824723479135242,-0.026096656611362498
982,both_vs_additive,20,1.0,2,0.14893617021276595,0,0.0,0.0,0.0,0.0,0.0,0,0.0,0.0,0.0,,
982,both_vs_none,20,0.9999999999999999,3,0.2021276595744681,0,0.0,0.0,0.0,0.0,0.0,0,0.0,0.0,0.0,,
982,display_only_vs_none,20,0.9999999999999999,4,0.22872340425531915,0,0.0,0.0,0.0,0.0,0.0,0,0.0,0.0,0.0,,
982,mailer_only_vs_none,20,0.9999999999999999,5,0.28191489361702127,1,0.0425531914893617,0.0,0.0,0.0,0.0,0,0.0,0.0,0.0,-0.011694311767260093,-0.006795484151107251
983,both_vs_additive,17,1.0000000000000002,7,0.49999999999999994,2,0.1,0.0,0.0,0.0,0.0,0,0.0,0.0,0.0,-0.025462030561796387,-0.010615029316146263
983,both_vs_none,17,1.0000000000000002,7,0.49999999999999994,2,0.1,0.05,0.05,0.05,0.05,0,0.0,0.0,0.0,0.008536873148968291,0.00501528041113359
983,display_only_vs_none,17,1.0000000000000002,8,0.5499999999999999,2,0.1,0.1,0.05,0.1,0.05,0,0.0,0.0,0.0,0.008590030740959532,0.006516871000230132
983,mailer_only_vs_none,17,1.0000000000000002,8,0.5499999999999999,2,0.1,0.1,0.1,0.1,0.1,0,0.0,0.0,0.0,0.017131945755570182,0.010484510300756242
986,both_vs_additive,12,1.0,3,0.20588235294117646,2,0.11764705882352941,0.11764705882352941,0.058823529411764705,0.11764705882352941,0.058823529411764705,0,0.0,0.0,0.0,0.020990403073549914,0.01978629897614864
986,both_vs_none,12,1.0,3,0.20588235294117646,2,0.11764705882352941,0.0,0.0,0.0,0.0,0,0.0,0.0,0.0,-0.0021676219258445067,0.0005135095057279271
986,display_only_vs_none,12,1.0,3,0.20588235294117646,2,0.11764705882352941,0.0,0.0,0.0,0.0,0,0.0,0.0,0.0,-0.01221648489446025,-0.010508469762864191
986,mailer_only_vs_none,12,1.0,4,0.2647058823529412,2,0.11764705882352941,0.0,0.0,0.0,0.0,0,0.0,0.0,0.0,-0.011507716201732115,-0.007692050456595796
987,both_vs_additive,16,1.0,4,0.2972972972972973,2,0.1891891891891892,0.13513513513513514,0.13513513513513514,0.13513513513513514,0.13513513513513514,3,0.24324324324324326,0.24324324324324326,0.24324324324324326,0.11351165880744145,0.026754275534696455
987,both_vs_none,16,1.0,4,0.2972972972972973,2,0.1891891891891892,0.05405405405405406,0.05405405405405406,0.05405405405405406,0.05405405405405406,3,0.24324324324324326,0.1891891891891892,0.24324324324324326,-0.04289370995829244,0.0015844635481697092
987,display_only_vs_none,16,1.0,4,0.2972972972972973,2,0.1891891891891892,0.05405405405405406,0.05405405405405406,0.05405405405405406,0.05405405405405406,3,0.24324324324324326,0.05405405405405406,0.05405405405405406,-0.0650735275497367,-0.009920795147816635
987,mailer_only_vs_none,16,1.0,4,0.2972972972972973,2,0.1891891891891892,0.05405405405405406,0.05405405405405406,0.05405405405405406,0.05405405405405406,3,0.24324324324324326,0.13513513513513514,0.05405405405405406,-0.09193790263514721,-0.012729494304571706
988,both_vs_additive,20,0.9999999999999994,3,0.33636363636363636,1,0.20909090909090908,0.20909090909090908,0.20909090909090908,0.20909090909090908,0.20909090909090908,0,0.0,0.0,0.0,0.1683615014898829,0.041287569797954206
988,both_vs_none,20,0.9999999999999994,3,0.33636363636363636,1,0.20909090909090908,0.0,0.0,0.0,0.0,0,0.0,0.0,0.0,-0.07045406843319933,-0.0015695903236861222
988,display_only_vs_none,20,0.9999999999999994,3,0.33636363636363636,1,0.20909090909090908,0.0,0.0,0.0,0.0,0,0.0,0.0,0.0,-0.10056833513172979,-0.016514079457296535
988,mailer_only_vs_none,20,0.9999999999999994,3,0.33636363636363636,1,0.20909090909090908,0.0,0.0,0.0,0.0,0,0.0,0.0,0.0,-0.13824723479135242,-0.026096656611362498
989,both_vs_additive,15,1.0000000000000002,3,0.19444444444444445,1,0.05555555555555555,0.0,0.0,0.0,0.0,0,0.0,0.0,0.0,-0.018142438583876954,-0.01475080942488341
989,both_vs_none,15,1.0000000000000002,5,0.3055555555555556,1,0.05555555555555555,0.0,0.0,0.0,0.0,0,0.0,0.0,0.0,-0.0013745804011641109,-0.0008623577486699657
989,display_only_vs_none,15,1.0000000000000002,3,0.19444444444444445,1,0.05555555555555555,0.05555555555555555,0.0,0.05555555555555555,0.0,0,0.0,0.0,0.0,0.00871763270699029,0.005372595276813542
989,mailer_only_vs_none,15,1.0000000000000002,6,0.36111111111111116,1,0.05555555555555555,0.05555555555555555,0.05555555555555555,0.05555555555555555,0.05555555555555555,1,0.05555555555555555,0.0,0.0,0.006840422123385262,0.006391131544218394
993,both_vs_additive,11,0.9999999999999998,1,0.07142857142857142,0,0.0,0.0,0.0,0.0,0.0,0,0.0,0.0,0.0,,
993,both_vs_none,11,0.9999999999999998,1,0.07142857142857142,0,0.0,0.0,0.0,0.0,0.0,0,0.0,0.0,0.0,,
993,display_only_vs_none,11,0.9999999999999998,1,0.07142857142857142,0,0.0,0.0,0.0,0.0,0.0,0,0.0,0.0,0.0,,
993,mailer_only_vs_none,11,0.9999999999999998,1,0.07142857142857142,0,0.0,0.0,0.0,0.0,0.0,0,0.0,0.0,0.0,,
996,both_vs_additive,17,1.0000000000000002,4,0.18000000000000002,0,0.0,0.0,0.0,0.0,0.0,0,0.0,0.0,0.0,,
996,both_vs_none,17,1.0000000000000002,4,0.18000000000000002,0,0.0,0.0,0.0,0.0,0.0,0,0.0,0.0,0.0,,
996,display_only_vs_none,17,1.0000000000000002,4,0.18000000000000002,0,0.0,0.0,0.0,0.0,0.0,0,0.0,0.0,0.0,,
996,mailer_only_vs_none,17,1.0000000000000002,5,0.32,0,0.0,0.0,0.0,0.0,0.0,0,0.0,0.0,0.0,,
998,both_vs_additive,20,0.9999999999999998,3,0.10606060606060606,0,0.0,0.0,0.0,0.0,0.0,0,0.0,0.0,0.0,,
998,both_vs_none,20,0.9999999999999998,4,0.13636363636363635,0,0.0,0.0,0.0,0.0,0.0,0,0.0,0.0,0.0,,
998,display_only_vs_none,20,0.9999999999999998,6,0.22727272727272727,2,0.09090909090909091,0.06060606060606061,0.06060606060606061,0.06060606060606061,0.06060606060606061,0,0.0,0.0,0.0,0.012308682738829804,0.002765445992376853
998,mailer_only_vs_none,20,0.9999999999999998,4,0.13636363636363635,1,0.030303030303030304,0.0,0.0,0.0,0.0,0,0.0,0.0,0.0,-0.008268420871243451,0.0011545893719806769
999,both_vs_additive,20,0.9999999999999996,4,0.2708333333333333,2,0.10416666666666666,0.0625,0.0625,0.0625,0.0625,1,0.041666666666666664,0.0,0.0,0.01981625681755035,0.01455553915127466
999,both_vs_none,20,0.9999999999999996,4,0.2708333333333333,2,0.10416666666666666,0.0,0.0,0.0,0.0,1,0.041666666666666664,0.0,0.0,-0.009440066653887896,-0.002989024281942875
999,display_only_vs_none,20,0.9999999999999996,4,0.2708333333333333,2,0.10416666666666666,0.0,0.0,0.0,0.0,1,0.041666666666666664,0.0,0.0,-0.014915467850893878,-0.008482218813651177
999,mailer_only_vs_none,20,0.9999999999999996,4,0.2708333333333333,2,0.10416666666666666,0.0,0.0,0.0,0.0,1,0.041666666666666664,0.041666666666666664,0.041666666666666664,-0.013354156954156956,-0.005641025641025642
1000,both_vs_additive,20,1.0,2,0.08333333333333333,2,0.08333333333333333,0.027777777777777776,0.027777777777777776,0.027777777777777776,0.027777777777777776,0,0.0,0.0,0.0,-0.009932193311155822,-0.004532538039622551
1000,both_vs_none,20,1.0,3,0.12037037037037036,2,0.08333333333333333,0.08333333333333333,0.08333333333333333,0.08333333333333333,0.08333333333333333,2,0.09259259259259259,0.09259259259259259,0.09259259259259259,0.014244081535748201,0.008818342151675485
1000,display_only_vs_none,20,1.0,3,0.12037037037037036,2,0.08333333333333333,0.0,0.05555555555555555,0.05555555555555555,0.0,2,0.09259259259259259,0.09259259259259259,0.09259259259259259,0.0061428571428571435,0.004761904761904762
1000,mailer_only_vs_none,20,1.0,2,0.08333333333333333,2,0.08333333333333333,0.0,0.0,0.0,0.0,0,0.0,0.0,0.0,0.0008645534466663382,0.003834064517056352
1001,both_vs_additive,8,1.0,0,0.0,0,0.0,0.0,0.0,0.0,0.0,0,0.0,0.0,0.0,,
1001,both_vs_none,8,1.0,0,0.0,0,0.0,0.0,0.0,0.0,0.0,0,0.0,0.0,0.0,,
1001,display_only_vs_none,8,1.0,0,0.0,0,0.0,0.0,0.0,0.0,0.0,0,0.0,0.0,0.0,,
1001,mailer_only_vs_none,8,1.0,1,0.08333333333333333,0,0.0,0.0,0.0,0.0,0.0,0,0.0,0.0,0.0,,
1003,both_vs_additive,19,0.9999999999999994,4,0.2553191489361702,2,0.14893617021276595,0.10638297872340426,0.10638297872340426,0.10638297872340426,0.10638297872340426,0,0.0,0.0,0.0,0.11756441887606288,0.02947303229972783
1003,both_vs_none,19,0.9999999999999994,5,0.2978723404255319,2,0.14893617021276595,0.0425531914893617,0.0425531914893617,0.0425531914893617,0.0425531914893617,0,0.0,0.0,0.0,-0.03717614778418612,0.003751157610506729
1003,display_only_vs_none,19,0.9999999999999996,6,0.3617021276595745,2,0.14893617021276595,0.0425531914893617,0.0425531914893617,0.0425531914893617,0.0425531914893617,0,0.0,0.0,0.0,-0.06435697134963593,-0.009665723804543882
1003,mailer_only_vs_none,19,0.9999999999999994,4,0.2553191489361702,2,0.14893617021276595,0.0425531914893617,0.0425531914893617,0.0425531914893617,0.0425531914893617,0,0.0,0.0,0.0,-0.08873172666502498,-0.014807324639257416
1004,both_vs_additive,13,1.0000000000000002,0,0.0,0,0.0,0.0,0.0,0.0,0.0,0,0.0,0.0,0.0,,
1004,both_vs_none,13,1.0000000000000002,0,0.0,0,0.0,0.0,0.0,0.0,0.0,0,0.0,0.0,0.0,,
1004,display_only_vs_none,13,1.0000000000000002,0,0.0,0,0.0,0.0,0.0,0.0,0.0,0,0.0,0.0,0.0,,
1004,mailer_only_vs_none,13,1.0000000000000002,0,0.0,0,0.0,0.0,0.0,0.0,0.0,0,0.0,0.0,0.0,,
1005,both_vs_additive,13,1.0000000000000002,4,0.31428571428571433,2,0.14285714285714285,0.05714285714285714,0.05714285714285714,0.05714285714285714,0.05714285714285714,1,0.05714285714285714,0.0,0.0,0.007405052471301478,0.004049724037546066
1005,both_vs_none,13,1.0000000000000002,4,0.31428571428571433,2,0.14285714285714285,0.0,0.0,0.0,0.0,1,0.05714285714285714,0.0,0.0,-0.0032473869690989106,-0.00343874470154517
1005,display_only_vs_none,13,1.0000000000000002,4,0.31428571428571433,2,0.14285714285714285,0.0,0.0,0.0,0.0,1,0.05714285714285714,0.0,0.0,-0.006966033031981627,-0.0030065520734412314
1005,mailer_only_vs_none,13,1.0000000000000002,4,0.31428571428571433,2,0.14285714285714285,0.0,0.0,0.0,0.0,1,0.05714285714285714,0.0,0.0,-0.00041614906832298176,-0.0007584100314348091
1007,both_vs_additive,14,1.0,1,0.14705882352941177,0,0.0,0.0,0.0,0.0,0.0,0,0.0,0.0,0.0,,
1007,both_vs_none,14,1.0,1,0.14705882352941177,0,0.0,0.0,0.0,0.0,0.0,0,0.0,0.0,0.0,,
1007,display_only_vs_none,14,1.0,1,0.14705882352941177,0,0.0,0.0,0.0,0.0,0.0,0,0.0,0.0,0.0,,
1007,mailer_only_vs_none,14,1.0,1,0.14705882352941177,0,0.0,0.0,0.0,0.0,0.0,0,0.0,0.0,0.0,,
1011,both_vs_additive,9,1.0,1,0.10526315789473684,0,0.0,0.0,0.0,0.0,0.0,0,0.0,0.0,0.0,,
1011,both_vs_none,9,1.0,1,0.10526315789473684,0,0.0,0.0,0.0,0.0,0.0,0,0.0,0.0,0.0,,
1011,display_only_vs_none,9,1.0,1,0.10526315789473684,0,0.0,0.0,0.0,0.0,0.0,0,0.0,0.0,0.0,,
1011,mailer_only_vs_none,9,1.0,2,0.21052631578947367,0,0.0,0.0,0.0,0.0,0.0,0,0.0,0.0,0.0,,
1012,both_vs_additive,17,0.9999999999999996,3,0.22727272727272727,2,0.1590909090909091,0.1590909090909091,0.1590909090909091,0.1590909090909091,0.1590909090909091,0,0.0,0.0,0.0,0.10919633312776075,0.03312820877546279
1012,both_vs_none,17,0.9999999999999996,5,0.3409090909090909,2,0.1590909090909091,0.0,0.0,0.0,0.0,0,0.0,0.0,0.0,-0.04450092313122319,-0.0018635395489852808
1012,display_only_vs_none,17,0.9999999999999996,4,0.2727272727272727,2,0.1590909090909091,0.0,0.0,0.0,0.0,0,0.0,0.0,0.0,-0.06630037223146727,-0.014990167414695527
1012,mailer_only_vs_none,17,0.9999999999999996,6,0.38636363636363635,2,0.1590909090909091,0.0,0.0,0.0,0.0,1,0.045454545454545456,0.0,0.0,-0.08759915248150542,-0.01894167923579689
1013,both_vs_additive,16,1.0000000000000002,2,0.12195121951219512,1,0.04878048780487805,0.04878048780487805,0.04878048780487805,0.04878048780487805,0.04878048780487805,0,0.0,0.0,0.0,0.06888543039086517,0.008195862130072656
1013,both_vs_none,16,1.0000000000000002,2,0.12195121951219512,1,0.04878048780487805,0.0,0.0,0.0,0.0,0,0.0,0.0,0.0,0.0017575757575757633,0.0
1013,display_only_vs_none,16,1.0000000000000004,3,0.1951219512195122,2,0.12195121951219512,0.0,0.0,0.0,0.0,0,0.0,0.0,0.0,-0.04490008618832148,-0.013856552654506618
1013,mailer_only_vs_none,16,1.0000000000000002,3,0.17073170731707316,1,0.04878048780487805,0.0,0.0,0.0,0.0,0,0.0,0.0,0.0,-0.008747619047619047,-0.0007803703529097455
1015,both_vs_additive,20,1.0000000000000002,0,0.0,0,0.0,0.0,0.0,0.0,0.0,0,0.0,0.0,0.0,,
1015,both_vs_none,20,1.0000000000000002,1,0.05128205128205128,0,0.0,0.0,0.0,0.0,0.0,0,0.0,0.0,0.0,,
1015,display_only_vs_none,20,1.0000000000000002,1,0.07692307692307693,0,0.0,0.0,0.0,0.0,0.0,0,0.0,0.0,0.0,,
1015,mailer_only_vs_none,20,1.0000000000000002,2,0.1282051282051282,0,0.0,0.0,0.0,0.0,0.0,0,0.0,0.0,0.0,,
1017,both_vs_additive,20,1.0,0,0.0,0,0.0,0.0,0.0,0.0,0.0,0,0.0,0.0,0.0,,
1017,both_vs_none,20,1.0,1,0.04411764705882353,0,0.0,0.0,0.0,0.0,0.0,1,0.04411764705882353,0.04411764705882353,0.04411764705882353,,
1017,display_only_vs_none,20,1.0,2,0.07352941176470588,1,0.029411764705882353,0.0,0.0,0.0,0.0,0,0.0,0.0,0.0,-0.06157950872656754,-0.015847877612583494
1017,mailer_only_vs_none,20,1.0,1,0.04411764705882353,0,0.0,0.0,0.0,0.0,0.0,1,0.04411764705882353,0.04411764705882353,0.04411764705882353,,
1018,both_vs_additive,5,0.9999999999999999,0,0.0,0,0.0,0.0,0.0,0.0,0.0,0,0.0,0.0,0.0,,
1018,both_vs_none,5,0.9999999999999999,0,0.0,0,0.0,0.0,0.0,0.0,0.0,0,0.0,0.0,0.0,,
1018,display_only_vs_none,5,0.9999999999999999,0,0.0,0,0.0,0.0,0.0,0.0,0.0,0,0.0,0.0,0.0,,
1018,mailer_only_vs_none,5,1.0,1,0.13333333333333333,0,0.0,0.0,0.0,0.0,0.0,0,0.0,0.0,0.0,,
1019,both_vs_additive,13,1.0,2,0.13793103448275862,1,0.06896551724137931,0.06896551724137931,0.06896551724137931,0.06896551724137931,0.06896551724137931,0,0.0,0.0,0.0,0.04707257094757097,0.001875338705122074
1019,both_vs_none,13,1.0,2,0.13793103448275862,1,0.06896551724137931,0.0,0.0,0.0,0.0,0,0.0,0.0,0.0,-0.006390179910044983,-0.004504872563718143
1019,display_only_vs_none,13,1.0000000000000002,3,0.2413793103448276,2,0.1724137931034483,0.10344827586206896,0.10344827586206896,0.10344827586206896,0.10344827586206896,0,0.0,0.0,0.0,0.010420941338073692,0.002592458335734038
1019,mailer_only_vs_none,13,1.0,4,0.27586206896551724,1,0.06896551724137931,0.0,0.0,0.0,0.0,0,0.0,0.0,0.0,-0.00445054945054945,0.0015109890109890108
1020,both_vs_additive,20,0.9999999999999996,2,0.1590909090909091,2,0.1590909090909091,0.1590909090909091,0.10227272727272728,0.1590909090909091,0.10227272727272728,0,0.0,0.0,0.0,0.11240073816093732,0.032728986729693085
1020,both_vs_none,20,0.9999999999999996,2,0.1590909090909091,2,0.1590909090909091,0.0,0.0,0.0,0.0,0,0.0,0.0,0.0,-0.0433056562986403,0.00016329581364464026
1020,display_only_vs_none,20,0.9999999999999996,3,0.19318181818181818,3,0.19318181818181818,0.0,0.0,0.0,0.0,0,0.0,0.0,0.0,-0.05785156372076367,-0.014324765685277067
1020,mailer_only_vs_none,20,0.9999999999999996,2,0.1590909090909091,2,0.1590909090909091,0.0,0.0,0.0,0.0,0,0.0,0.0,0.0,-0.08992574248554377,-0.018912990504262386
1022,both_vs_additive,5,1.0,1,0.18181818181818182,0,0.0,0.0,0.0,0.0,0.0,0,0.0,0.0,0.0,,
1022,both_vs_none,5,1.0,2,0.36363636363636365,0,0.0,0.0,0.0,0.0,0.0,0,0.0,0.0,0.0,,
1022,display_only_vs_none,5,1.0,1,0.18181818181818182,0,0.0,0.0,0.0,0.0,0.0,0,0.0,0.0,0.0,,
1022,mailer_only_vs_none,5,1.0,2,0.36363636363636365,0,0.0,0.0,0.0,0.0,0.0,0,0.0,0.0,0.0,,
1023,both_vs_additive,20,1.0000000000000004,0,0.0,0,0.0,0.0,0.0,0.0,0.0,0,0.0,0.0,0.0,,
1023,both_vs_none,20,1.0000000000000004,0,0.0,0,0.0,0.0,0.0,0.0,0.0,0,0.0,0.0,0.0,,
1023,display_only_vs_none,20,1.0000000000000004,0,0.0,0,0.0,0.0,0.0,0.0,0.0,0,0.0,0.0,0.0,,
1023,mailer_only_vs_none,20,1.0000000000000004,2,0.12307692307692308,0,0.0,0.0,0.0,0.0,0.0,0,0.0,0.0,0.0,,
1024,both_vs_additive,20,1.0,3,0.14130434782608695,0,0.0,0.0,0.0,0.0,0.0,0,0.0,0.0,0.0,,
1024,both_vs_none,20,1.0,3,0.14130434782608695,0,0.0,0.0,0.0,0.0,0.0,0,0.0,0.0,0.0,,
1024,display_only_vs_none,20,1.0,4,0.18478260869565216,0,0.0,0.0,0.0,0.0,0.0,0,0.0,0.0,0.0,,
1024,mailer_only_vs_none,20,1.0,4,0.21739130434782608,0,0.0,0.0,0.0,0.0,0.0,0,0.0,0.0,0.0,,
1026,both_vs_additive,10,1.0,0,0.0,0,0.0,0.0,0.0,0.0,0.0,0,0.0,0.0,0.0,,
1026,both_vs_none,10,1.0,0,0.0,0,0.0,0.0,0.0,0.0,0.0,0,0.0,0.0,0.0,,
1026,display_only_vs_none,10,1.0,1,0.22857142857142856,0,0.0,0.0,0.0,0.0,0.0,0,0.0,0.0,0.0,,
1026,mailer_only_vs_none,10,1.0,1,0.22857142857142856,0,0.0,0.0,0.0,0.0,0.0,0,0.0,0.0,0.0,,
1029,both_vs_additive,20,1.0000000000000004,1,0.032,0,0.0,0.0,0.0,0.0,0.0,0,0.0,0.0,0.0,,
1029,both_vs_none,20,1.0000000000000004,1,0.032,0,0.0,0.0,0.0,0.0,0.0,0,0.0,0.0,0.0,,
1029,display_only_vs_none,20,1.0000000000000004,1,0.032,0,0.0,0.0,0.0,0.0,0.0,0,0.0,0.0,0.0,,
1029,mailer_only_vs_none,20,1.0000000000000004,2,0.088,0,0.0,0.0,0.0,0.0,0.0,0,0.0,0.0,0.0,,
1031,both_vs_additive,20,0.9999999999999996,4,0.23863636363636365,1,0.045454545454545456,0.045454545454545456,0.0,0.045454545454545456,0.0,0,0.0,0.0,0.0,0.011671364168835293,0.017323537206823055
1031,both_vs_none,20,0.9999999999999996,5,0.2727272727272727,1,0.045454545454545456,0.0,0.0,0.0,0.0,0,0.0,0.0,0.0,0.005561485543565982,0.003282490860840013
1031,display_only_vs_none,20,0.9999999999999996,5,0.2727272727272727,2,0.07954545454545454,0.0,0.0,0.0,0.0,1,0.03409090909090909,0.0,0.0,-0.0045722890607156905,-0.006858346980258994
1031,mailer_only_vs_none,20,0.9999999999999996,5,0.2727272727272727,2,0.07954545454545454,0.0,0.0,0.0,0.0,0,0.0,0.0,0.0,0.0031833147472965628,-0.0011225910677857408
1034,both_vs_additive,6,0.9999999999999998,0,0.0,0,0.0,0.0,0.0,0.0,0.0,0,0.0,0.0,0.0,,
1034,both_vs_none,6,0.9999999999999998,0,0.0,0,0.0,0.0,0.0,0.0,0.0,0,0.0,0.0,0.0,,
1034,display_only_vs_none,6,0.9999999999999998,0,0.0,0,0.0,0.0,0.0,0.0,0.0,0,0.0,0.0,0.0,,
1034,mailer_only_vs_none,6,0.9999999999999998,0,0.0,0,0.0,0.0,0.0,0.0,0.0,0,0.0,0.0,0.0,,
1038,both_vs_additive,19,1.0,3,0.16470588235294117,1,0.09411764705882353,0.09411764705882353,0.09411764705882353,0.09411764705882353,0.09411764705882353,0,0.0,0.0,0.0,0.03030944197826453,0.022249060745474225
1038,both_vs_none,19,1.0000000000000002,4,0.18823529411764706,1,0.09411764705882353,0.0,0.0,0.0,0.0,0,0.0,0.0,0.0,-0.009896729395254995,-0.0022554718493841587
1038,display_only_vs_none,19,1.0000000000000002,4,0.18823529411764706,1,0.09411764705882353,0.0,0.0,0.0,0.0,0,0.0,0.0,0.0,-0.020609755031117248,-0.01295828469122752
1038,mailer_only_vs_none,19,1.0000000000000002,4,0.18823529411764706,1,0.09411764705882353,0.0,0.0,0.0,0.0,0,0.0,0.0,0.0,-0.02006837606837607,-0.009401709401709403
1039,both_vs_additive,14,1.0,1,0.08108108108108109,0,0.0,0.0,0.0,0.0,0.0,0,0.0,0.0,0.0,,
1039,both_vs_none,14,1.0,2,0.13513513513513514,0,0.0,0.0,0.0,0.0,0.0,0,0.0,0.0,0.0,,
1039,display_only_vs_none,14,1.0,2,0.1891891891891892,1,0.10810810810810811,0.0,0.0,0.0,0.0,0,0.0,0.0,0.0,-0.06157950872656754,-0.015847877612583494
1039,mailer_only_vs_none,14,1.0,2,0.13513513513513514,0,0.0,0.0,0.0,0.0,0.0,0,0.0,0.0,0.0,,
1040,both_vs_additive,20,0.9999999999999997,3,0.14035087719298245,1,0.03508771929824561,0.03508771929824561,0.0,0.03508771929824561,0.0,0,0.0,0.0,0.0,0.011671364168835293,0.017323537206823055
1040,both_vs_none,20,0.9999999999999998,4,0.17543859649122806,1,0.03508771929824561,0.0,0.0,0.0,0.0,0,0.0,0.0,0.0,0.005561485543565982,0.003282490860840013
1040,display_only_vs_none,20,0.9999999999999997,3,0.14035087719298245,1,0.03508771929824561,0.0,0.0,0.0,0.0,0,0.0,0.0,0.0,-0.0038232147578032526,-0.008058654834500863
1040,mailer_only_vs_none,20,0.9999999999999998,4,0.17543859649122806,1,0.03508771929824561,0.0,0.0,0.0,0.0,0,0.0,0.0,0.0,-0.0029470563350881586,-0.005982391511482188
1041,both_vs_additive,6,0.9999999999999999,3,0.5,1,0.16666666666666666,0.16666666666666666,0.16666666666666666,0.16666666666666666,0.16666666666666666,0,0.0,0.0,0.0,0.03030944197826453,0.02224906074547422
1041,both_vs_none,6,0.9999999999999999,3,0.5,1,0.16666666666666666,0.0,0.0,0.0,0.0,0,0.0,0.0,0.0,-0.009896729395254995,-0.0022554718493841587
1041,display_only_vs_none,6,0.9999999999999999,3,0.5,2,0.3333333333333333,0.16666666666666666,0.16666666666666666,0.16666666666666666,0.16666666666666666,0,0.0,0.0,0.0,0.0008284558177747104,0.00018752432105290746
1041,mailer_only_vs_none,6,0.9999999999999999,3,0.5,2,0.3333333333333333,0.0,0.16666666666666666,0.16666666666666666,0.0,0,0.0,0.0,0.0,-0.030326395826395833,-0.00046234895372826413
1042,both_vs_additive,20,0.9999999999999994,2,0.08641975308641975,1,0.04938271604938271,0.0,0.0,0.0,0.0,0,0.0,0.0,0.0,-0.009428287658487113,-6.331144583812676e-05
1042,both_vs_none,20,0.9999999999999994,3,0.13580246913580246,1,0.04938271604938271,0.04938271604938271,0.04938271604938271,0.04938271604938271,0.04938271604938271,0,0.0,0.0,0.0,0.046018653838346926,0.017053027445988855
1042,display_only_vs_none,20,0.9999999999999994,2,0.08641975308641975,1,0.04938271604938271,0.04938271604938271,0.04938271604938271,0.04938271604938271,0.04938271604938271,0,0.0,0.0,0.0,0.026171438105598695,0.007455165327337752
1042,mailer_only_vs_none,20,0.9999999999999994,3,0.13580246913580246,1,0.04938271604938271,0.04938271604938271,0.04938271604938271,0.04938271604938271,0.04938271604938271,1,0.04938271604938271,0.04938271604938271,0.04938271604938271,0.03505704365079365,0.013416005291005291
1045,both_vs_additive,20,1.0,2,0.07936507936507936,1,0.031746031746031744,0.031746031746031744,0.0,0.031746031746031744,0.0,0,0.0,0.0,0.0,0.011671364168835293,0.017323537206823055
1045,both_vs_none,20,1.0,2,0.07936507936507936,1,0.031746031746031744,0.0,0.0,0.0,0.0,0,0.0,0.0,0.0,0.005561485543565982,0.003282490860840013
1045,display_only_vs_none,20,1.0000000000000002,4,0.15873015873015872,1,0.031746031746031744,0.0,0.0,0.0,0.0,0,0.0,0.0,0.0,-0.0038232147578032526,-0.008058654834500863
1045,mailer_only_vs_none,20,1.0,3,0.12698412698412698,1,0.031746031746031744,0.0,0.0,0.0,0.0,0,0.0,0.0,0.0,-0.0029470563350881586,-0.005982391511482188
1046,both_vs_additive,16,1.0000000000000002,1,0.05128205128205128,0,0.0,0.0,0.0,0.0,0.0,0,0.0,0.0,0.0,,
1046,both_vs_none,16,1.0000000000000002,1,0.05128205128205128,0,0.0,0.0,0.0,0.0,0.0,0,0.0,0.0,0.0,,
1046,display_only_vs_none,16,1.0000000000000002,1,0.05128205128205128,0,0.0,0.0,0.0,0.0,0.0,0,0.0,0.0,0.0,,
1046,mailer_only_vs_none,16,1.0000000000000002,1,0.05128205128205128,0,0.0,0.0,0.0,0.0,0.0,0,0.0,0.0,0.0,,
1048,both_vs_additive,6,1.0,0,0.0,0,0.0,0.0,0.0,0.0,0.0,0,0.0,0.0,0.0,,
1048,both_vs_none,6,1.0,0,0.0,0,0.0,0.0,0.0,0.0,0.0,0,0.0,0.0,0.0,,
1048,display_only_vs_none,6,1.0,0,0.0,0,0.0,0.0,0.0,0.0,0.0,0,0.0,0.0,0.0,,
1048,mailer_only_vs_none,6,1.0,0,0.0,0,0.0,0.0,0.0,0.0,0.0,0,0.0,0.0,0.0,,
1050,both_vs_additive,15,1.0,4,0.21621621621621623,2,0.10810810810810811,0.05405405405405406,0.0,0.05405405405405406,0.0,0,0.0,0.0,0.0,-0.019957968709233144,0.007759892701535625
1050,both_vs_none,15,1.0,5,0.2702702702702703,2,0.10810810810810811,0.05405405405405406,0.05405405405405406,0.05405405405405406,0.05405405405405406,0,0.0,0.0,0.0,0.013046255037295257,0.007774001563176139
1050,display_only_vs_none,15,1.0,6,0.3783783783783784,3,0.21621621621621623,0.05405405405405406,0.0,0.05405405405405406,0.0,0,0.0,0.0,0.0,-0.03081940338033931,-0.01031901783894131
1050,mailer_only_vs_none,15,1.0,5,0.2702702702702703,3,0.16216216216216217,0.10810810810810811,0.10810810810810811,0.10810810810810811,0.10810810810810811,0,0.0,0.0,0.0,0.028396745676409086,0.009245854702553577
1055,both_vs_additive,13,1.0000000000000002,1,0.10256410256410256,0,0.0,0.0,0.0,0.0,0.0,0,0.0,0.0,0.0,,
1055,both_vs_none,13,1.0000000000000002,1,0.10256410256410256,0,0.0,0.0,0.0,0.0,0.0,0,0.0,0.0,0.0,,
1055,display_only_vs_none,13,1.0000000000000002,1,0.10256410256410256,0,0.0,0.0,0.0,0.0,0.0,0,0.0,0.0,0.0,,
1055,mailer_only_vs_none,13,1.0000000000000002,1,0.10256410256410256,0,0.0,0.0,0.0,0.0,0.0,0,0.0,0.0,0.0,,
1058,both_vs_additive,11,0.9999999999999998,1,0.10526315789473684,1,0.10526315789473684,0.0,0.0,0.0,0.0,0,0.0,0.0,0.0,-0.032781622539715824,-0.006479249207409116
1058,both_vs_none,11,0.9999999999999998,1,0.10526315789473684,1,0.10526315789473684,0.10526315789473684,0.10526315789473684,0.10526315789473684,0.10526315789473684,0,0.0,0.0,0.0,0.01844832669910069,0.010892918570937146
1058,display_only_vs_none,11,0.9999999999999998,3,0.4736842105263158,1,0.10526315789473684,0.10526315789473684,0.10526315789473684,0.10526315789473684,0.10526315789473684,0,0.0,0.0,0.0,0.008462428774928775,0.007661146723646724
1058,mailer_only_vs_none,11,0.9999999999999998,4,0.5263157894736843,1,0.10526315789473684,0.10526315789473684,0.10526315789473684,0.10526315789473684,0.10526315789473684,0,0.0,0.0,0.0,0.027423469387755105,0.01457788905729409
1060,both_vs_additive,20,0.9999999999999999,5,0.2328767123287671,1,0.0547945205479452,0.0547945205479452,0.0547945205479452,0.0547945205479452,0.0547945205479452,0,0.0,0.0,0.0,0.06888543039086517,0.008195862130072656
1060,both_vs_none,20,1.0,6,0.273972602739726,2,0.0821917808219178,0.0273972602739726,0.0273972602739726,0.0273972602739726,0.0273972602739726,0,0.0,0.0,0.0,0.013845328282828286,0.00744047619047619
1060,display_only_vs_none,20,1.0,6,0.2602739726027397,2,0.0821917808219178,0.0273972602739726,0.0273972602739726,0.0273972602739726,0.0273972602739726,0,0.0,0.0,0.0,-0.010347421316395492,-0.005426090616308007
1060,mailer_only_vs_none,20,1.0,7,0.3013698630136986,2,0.0958904109589041,0.0,0.0,0.0,0.0,0,0.0,0.0,0.0,-0.0001312925170068019,0.0018499924513985123
1062,both_vs_additive,20,1.0000000000000002,6,0.33898305084745767,1,0.06779661016949153,0.06779661016949153,0.0,0.06779661016949153,0.0,0,0.0,0.0,0.0,0.011671364168835293,0.017323537206823055
1062,both_vs_none,20,1.0000000000000002,7,0.38983050847457634,1,0.06779661016949153,0.0,0.0,0.0,0.0,0,0.0,0.0,0.0,0.005561485543565982,0.003282490860840013
1062,display_only_vs_none,20,1.0000000000000002,7,0.44067796610169496,1,0.06779661016949153,0.0,0.0,0.0,0.0,0,0.0,0.0,0.0,-0.003823214757803253,-0.008058654834500863
1062,mailer_only_vs_none,20,1.0000000000000002,7,0.38983050847457634,1,0.06779661016949153,0.0,0.0,0.0,0.0,0,0.0,0.0,0.0,-0.0029470563350881586,-0.005982391511482188
1063,both_vs_additive,19,0.9999999999999999,1,0.07017543859649122,0,0.0,0.0,0.0,0.0,0.0,0,0.0,0.0,0.0,,
1063,both_vs_none,19,0.9999999999999999,2,0.17543859649122806,0,0.0,0.0,0.0,0.0,0.0,0,0.0,0.0,0.0,,
1063,display_only_vs_none,19,0.9999999999999999,2,0.14035087719298245,1,0.07017543859649122,0.0,0.0,0.0,0.0,0,0.0,0.0,0.0,-0.007879090233219088,-0.0037545787545787556
1063,mailer_only_vs_none,19,0.9999999999999998,3,0.21052631578947367,0,0.0,0.0,0.0,0.0,0.0,0,0.0,0.0,0.0,,
1065,both_vs_additive,20,0.9999999999999999,5,0.25,2,0.07142857142857142,0.03571428571428571,0.07142857142857142,0.07142857142857142,0.03571428571428571,0,0.0,0.0,0.0,0.036678235464825924,0.007666382709429441
1065,both_vs_none,20,0.9999999999999999,5,0.25,3,0.12499999999999999,0.05357142857142857,0.05357142857142857,0.05357142857142857,0.05357142857142857,0,0.0,0.0,0.0,0.028339971040863898,0.013010055420769709
1065,display_only_vs_none,20,0.9999999999999999,7,0.37499999999999994,4,0.21428571428571425,0.05357142857142857,0.05357142857142857,0.05357142857142857,0.05357142857142857,0,0.0,0.0,0.0,-0.01579077743052051,-0.003172806049074234
1065,mailer_only_vs_none,20,0.9999999999999999,7,0.3214285714285714,2,0.07142857142857142,0.0,0.0,0.0,0.0,0,0.0,0.0,0.0,-0.0049804567379459624,-0.00038097204762967476
1066,both_vs_additive,18,1.0,2,0.12698412698412698,0,0.0,0.0,0.0,0.0,0.0,0,0.0,0.0,0.0,,
1066,both_vs_none,18,1.0,5,0.25396825396825395,0,0.0,0.0,0.0,0.0,0.0,0,0.0,0.0,0.0,,
1066,display_only_vs_none,18,1.0,4,0.25396825396825395,1,0.06349206349206349,0.0,0.0,0.0,0.0,0,0.0,0.0,0.0,-0.06157950872656754,-0.015847877612583494
1066,mailer_only_vs_none,18,1.0,4,0.19047619047619047,0,0.0,0.0,0.0,0.0,0.0,0,0.0,0.0,0.0,,
1067,both_vs_additive,12,0.9999999999999998,5,0.4,4,0.32,0.16,0.16,0.16,0.16,1,0.08,0.08,0.08,0.03171667399681197,0.01867141405387944
1067,both_vs_none,12,0.9999999999999998,5,0.4,4,0.32,0.16,0.16,0.16,0.16,2,0.16,0.16,0.16,0.015503326227258944,0.008117894580161777
1067,display_only_vs_none,12,0.9999999999999998,5,0.4,4,0.32,0.16,0.08,0.16,0.08,2,0.16,0.08,0.16,0.0016349443636770936,-0.001831137798688057
1067,mailer_only_vs_none,12,0.9999999999999998,5,0.4,4,0.32,0.16,0.16,0.16,0.16,1,0.08,0.0,0.0,0.005213682180804543,0.003807203294399738
1069,both_vs_additive,11,0.9999999999999999,1,0.06666666666666667,0,0.0,0.0,0.0,0.0,0.0,0,0.0,0.0,0.0,,
1069,both_vs_none,11,0.9999999999999999,3,0.2,0,0.0,0.0,0.0,0.0,0.0,1,0.06666666666666667,0.0,0.0,,
1069,display_only_vs_none,11,0.9999999999999999,3,0.2,2,0.13333333333333333,0.0,0.0,0.0,0.0,1,0.06666666666666667,0.0,0.0,-0.007848697054579402,-0.003977663044070342
1069,mailer_only_vs_none,11,0.9999999999999999,3,0.2,2,0.13333333333333333,0.0,0.0,0.0,0.0,0,0.0,0.0,0.0,-0.012536844325034293,-0.0031225884907862913
1070,both_vs_additive,20,1.0000000000000002,5,0.31168831168831174,2,0.12987012987012986,0.07792207792207792,0.07792207792207792,0.07792207792207792,0.07792207792207792,0,0.0,0.0,0.0,0.00874048602749385,0.009517852397905358
1070,both_vs_none,20,1.0000000000000002,5,0.31168831168831174,2,0.12987012987012986,0.05194805194805195,0.05194805194805195,0.05194805194805195,0.05194805194805195,0,0.0,0.0,0.0,0.004464836854436917,0.0024345561814932202
1070,display_only_vs_none,20,1.0000000000000002,5,0.31168831168831174,2,0.12987012987012986,0.05194805194805195,0.05194805194805195,0.05194805194805195,0.05194805194805195,0,0.0,0.0,0.0,-0.0029004564565719435,-0.005150004564383268
1070,mailer_only_vs_none,20,1.0000000000000002,8,0.49350649350649356,3,0.16883116883116883,0.09090909090909091,0.09090909090909091,0.09090909090909091,0.09090909090909091,0,0.0,0.0,0.0,0.00038767082205506677,0.006861541538375369
1073,both_vs_additive,5,1.0,0,0.0,0,0.0,0.0,0.0,0.0,0.0,0,0.0,0.0,0.0,,
1073,both_vs_none,5,1.0,0,0.0,0,0.0,0.0,0.0,0.0,0.0,0,0.0,0.0,0.0,,
1073,display_only_vs_none,5,1.0,0,0.0,0,0.0,0.0,0.0,0.0,0.0,0,0.0,0.0,0.0,,
1073,mailer_only_vs_none,5,1.0,0,0.0,0,0.0,0.0,0.0,0.0,0.0,0,0.0,0.0,0.0,,
1075,both_vs_additive,6,0.9999999999999999,1,0.16666666666666666,0,0.0,0.0,0.0,0.0,0.0,0,0.0,0.0,0.0,,
1075,both_vs_none,6,0.9999999999999999,1,0.16666666666666666,0,0.0,0.0,0.0,0.0,0.0,0,0.0,0.0,0.0,,
1075,display_only_vs_none,6,0.9999999999999999,1,0.16666666666666666,0,0.0,0.0,0.0,0.0,0.0,0,0.0,0.0,0.0,,
1075,mailer_only_vs_none,6,0.9999999999999999,1,0.16666666666666666,0,0.0,0.0,0.0,0.0,0.0,0,0.0,0.0,0.0,,
1076,both_vs_additive,20,1.0000000000000002,4,0.16666666666666666,3,0.11666666666666667,0.0,0.03333333333333333,0.03333333333333333,0.0,0,0.0,0.0,0.0,-0.014519173660686679,-0.002239701090834915
1076,both_vs_none,20,1.0000000000000002,4,0.16666666666666666,3,0.11666666666666667,0.08333333333333334,0.11666666666666667,0.11666666666666667,0.08333333333333334,0,0.0,0.0,0.0,0.010372571547575172,0.007672120720953447
1076,display_only_vs_none,20,1.0000000000000002,4,0.16666666666666666,3,0.11666666666666667,0.06666666666666667,0.05,0.11666666666666667,0.0,0,0.0,0.0,0.0,0.005986254494179103,0.0024515095060179664
1076,mailer_only_vs_none,20,1.0000000000000002,5,0.19999999999999998,3,0.11666666666666667,0.03333333333333333,0.06666666666666667,0.06666666666666667,0.03333333333333333,0,0.0,0.0,0.0,0.008609842067168846,0.007838587018026007
1078,both_vs_additive,19,0.9999999999999994,3,0.3620689655172414,1,0.034482758620689655,0.0,0.0,0.0,0.0,0,0.0,0.0,0.0,-0.032781622539715824,-0.006479249207409117
1078,both_vs_none,19,0.9999999999999994,4,0.41379310344827586,1,0.034482758620689655,0.034482758620689655,0.034482758620689655,0.034482758620689655,0.034482758620689655,1,0.05172413793103448,0.05172413793103448,0.05172413793103448,0.01844832669910069,0.010892918570937146
1078,display_only_vs_none,19,0.9999999999999996,4,0.39655172413793105,1,0.034482758620689655,0.034482758620689655,0.034482758620689655,0.034482758620689655,0.034482758620689655,0,0.0,0.0,0.0,0.008462428774928775,0.007661146723646723
1078,mailer_only_vs_none,19,0.9999999999999996,6,0.4827586206896552,1,0.034482758620689655,0.034482758620689655,0.034482758620689655,0.034482758620689655,0.034482758620689655,2,0.08620689655172414,0.08620689655172414,0.034482758620689655,0.0274234693877551,0.01457788905729409
1079,both_vs_additive,7,0.9999999999999999,1,0.1,1,0.1,0.0,0.0,0.0,0.0,1,0.1,0.1,0.1,0.0008792778107264559,0.003154032407407779
1079,both_vs_none,7,0.9999999999999999,1,0.1,1,0.1,0.0,0.0,0.0,0.0,1,0.1,0.0,0.1,-0.00020789843370488253,0.003574203574203575
1079,display_only_vs_none,7,0.9999999999999999,1,0.1,1,0.1,0.0,0.0,0.0,0.0,1,0.1,0.0,0.1,0.003644285755396867,0.0017316017316017316
1079,mailer_only_vs_none,7,0.9999999999999999,1,0.1,1,0.1,0.0,0.0,0.0,0.0,1,0.1,0.0,0.0,0.0011151554966772328,-0.003715920809953346
1080,both_vs_additive,11,1.0,2,0.20689655172413793,0,0.0,0.0,0.0,0.0,0.0,0,0.0,0.0,0.0,,
1080,both_vs_none,11,1.0,2,0.20689655172413793,0,0.0,0.0,0.0,0.0,0.0,0,0.0,0.0,0.0,,
1080,display_only_vs_none,11,1.0,2,0.20689655172413793,0,0.0,0.0,0.0,0.0,0.0,0,0.0,0.0,0.0,,
1080,mailer_only_vs_none,11,1.0000000000000002,3,0.27586206896551724,0,0.0,0.0,0.0,0.0,0.0,0,0.0,0.0,0.0,,
1081,both_vs_additive,20,0.9999999999999998,5,0.273972602739726,1,0.0410958904109589,0.0410958904109589,0.0410958904109589,0.0410958904109589,0.0410958904109589,0,0.0,0.0,0.0,0.06888543039086517,0.008195862130072656
1081,both_vs_none,20,0.9999999999999998,5,0.273972602739726,2,0.0821917808219178,0.0410958904109589,0.0410958904109589,0.0410958904109589,0.0410958904109589,0,0.0,0.0,0.0,0.021709831834831838,0.009363553113553115
1081,display_only_vs_none,20,0.9999999999999998,7,0.410958904109589,3,0.1232876712328767,0.0410958904109589,0.0410958904109589,0.0410958904109589,0.0410958904109589,0,0.0,0.0,0.0,-0.014089384104218982,-0.003986241755843797
1081,mailer_only_vs_none,20,0.9999999999999998,5,0.273972602739726,1,0.0410958904109589,0.0,0.0,0.0,0.0,0,0.0,0.0,0.0,-0.008747619047619047,-0.0007803703529097455
1082,both_vs_additive,20,0.9999999999999996,3,0.0967741935483871,0,0.0,0.0,0.0,0.0,0.0,1,0.03225806451612903,0.0,0.0,,
1082,both_vs_none,20,0.9999999999999996,3,0.0967741935483871,0,0.0,0.0,0.0,0.0,0.0,1,0.03225806451612903,0.03225806451612903,0.03225806451612903,,
1082,display_only_vs_none,20,0.9999999999999996,3,0.0967741935483871,0,0.0,0.0,0.0,0.0,0.0,1,0.03225806451612903,0.03225806451612903,0.0,,
1082,mailer_only_vs_none,20,0.9999999999999996,4,0.1935483870967742,0,0.0,0.0,0.0,0.0,0.0,1,0.03225806451612903,0.03225806451612903,0.03225806451612903,,
1085,both_vs_additive,20,0.9999999999999997,5,0.27450980392156865,1,0.058823529411764705,0.0,0.0,0.0,0.0,0,0.0,0.0,0.0,-0.023612947898662175,-0.00957896012344794
1085,both_vs_none,20,0.9999999999999997,5,0.27450980392156865,2,0.09803921568627451,0.09803921568627451,0.09803921568627451,0.09803921568627451,0.09803921568627451,0,0.0,0.0,0.0,0.03226914690222003,0.013172601427528064
1085,display_only_vs_none,20,0.9999999999999997,5,0.27450980392156865,2,0.09803921568627451,0.09803921568627451,0.09803921568627451,0.09803921568627451,0.09803921568627451,0,0.0,0.0,0.0,0.029875018361092798,0.00984093640050723
1085,mailer_only_vs_none,20,0.9999999999999997,6,0.3137254901960784,1,0.058823529411764705,0.058823529411764705,0.058823529411764705,0.058823529411764705,0.058823529411764705,0,0.0,0.0,0.0,0.02383542775536583,0.02068841146240527
1087,both_vs_additive,14,1.0,2,0.15625,0,0.0,0.0,0.0,0.0,0.0,0,0.0,0.0,0.0,,
1087,both_vs_none,14,1.0,2,0.15625,0,0.0,0.0,0.0,0.0,0.0,0,0.0,0.0,0.0,,
1087,display_only_vs_none,14,1.0,3,0.21875,1,0.0625,0.0625,0.0625,0.0625,0.0625,0,0.0,0.0,0.0,0.017326660471881063,0.004485599057725228
1087,mailer_only_vs_none,14,1.0,3,0.25,0,0.0,0.0,0.0,0.0,0.0,0,0.0,0.0,0.0,,
1088,both_vs_additive,15,0.9999999999999999,3,0.13725490196078433,2,0.09803921568627451,0.058823529411764705,0.058823529411764705,0.058823529411764705,0.058823529411764705,3,0.13725490196078433,0.13725490196078433,0.09803921568627451,0.08556578681024433,0.052283897031792946
1088,both_vs_none,15,0.9999999999999999,3,0.13725490196078433,3,0.13725490196078433,0.09803921568627451,0.09803921568627451,0.09803921568627451,0.09803921568627451,3,0.13725490196078433,0.09803921568627451,0.09803921568627451,0.029877772059040443,0.015145519730351373
1088,display_only_vs_none,15,0.9999999999999999,3,0.13725490196078433,3,0.13725490196078433,0.0392156862745098,0.0784313725490196,0.0784313725490196,0.0392156862745098,3,0.13725490196078433,0.0392156862745098,0.0392156862745098,0.008599294684582686,-0.002117374444952473
1088,mailer_only_vs_none,15,0.9999999999999999,3,0.13725490196078433,2,0.09803921568627451,0.0,0.0,0.0,0.0,3,0.13725490196078433,0.09803921568627451,0.13725490196078433,-0.001851851851851852,0.0004884004884004884
1089,both_vs_additive,20,1.0,4,0.21818181818181814,1,0.05454545454545454,0.05454545454545454,0.0,0.05454545454545454,0.0,0,0.0,0.0,0.0,0.011671364168835293,0.017323537206823055
1089,both_vs_none,20,1.0,5,0.2545454545454545,1,0.05454545454545454,0.0,0.0,0.0,0.0,0,0.0,0.0,0.0,0.005561485543565982,0.003282490860840013
1089,display_only_vs_none,20,1.0,5,0.2545454545454545,2,0.09090909090909091,0.0,0.0,0.0,0.0,1,0.03636363636363636,0.03636363636363636,0.03636363636363636,-0.0013848379455910394,-0.005105136956028477
1089,mailer_only_vs_none,20,1.0,5,0.2545454545454545,2,0.09090909090909091,0.0,0.0,0.0,0.0,1,0.03636363636363636,0.0,0.03636363636363636,-0.005075602149550275,-0.003127599158097042
1091,both_vs_additive,14,1.0000000000000002,3,0.2777777777777778,0,0.0,0.0,0.0,0.0,0.0,0,0.0,0.0,0.0,,
1091,both_vs_none,14,1.0000000000000002,3,0.2777777777777778,0,0.0,0.0,0.0,0.0,0.0,0,0.0,0.0,0.0,,
1091,display_only_vs_none,14,1.0,4,0.36111111111111105,1,0.08333333333333333,0.0,0.0,0.0,0.0,0,0.0,0.0,0.0,-0.06157950872656754,-0.015847877612583494
1091,mailer_only_vs_none,14,1.0000000000000002,3,0.2777777777777778,0,0.0,0.0,0.0,0.0,0.0,0,0.0,0.0,0.0,,
1096,both_vs_additive,13,0.9999999999999998,2,0.09302325581395349,0,0.0,0.0,0.0,0.0,0.0,0,0.0,0.0,0.0,,
1096,both_vs_none,13,0.9999999999999998,2,0.09302325581395349,0,0.0,0.0,0.0,0.0,0.0,0,0.0,0.0,0.0,,
1096,display_only_vs_none,13,0.9999999999999998,2,0.09302325581395349,0,0.0,0.0,0.0,0.0,0.0,0,0.0,0.0,0.0,,
1096,mailer_only_vs_none,13,0.9999999999999998,3,0.13953488372093023,1,0.046511627906976744,0.046511627906976744,0.046511627906976744,0.046511627906976744,0.046511627906976744,0,0.0,0.0,0.0,0.01003608869183632,0.020952216853171706
1097,both_vs_additive,20,0.9999999999999998,2,0.10144927536231885,0,0.0,0.0,0.0,0.0,0.0,1,0.043478260869565216,0.043478260869565216,0.043478260869565216,,
1097,both_vs_none,20,0.9999999999999998,2,0.10144927536231885,0,0.0,0.0,0.0,0.0,0.0,1,0.043478260869565216,0.043478260869565216,0.043478260869565216,,
1097,display_only_vs_none,20,0.9999999999999998,2,0.10144927536231885,0,0.0,0.0,0.0,0.0,0.0,1,0.043478260869565216,0.043478260869565216,0.043478260869565216,,
1097,mailer_only_vs_none,20,0.9999999999999998,4,0.2318840579710145,1,0.043478260869565216,0.0,0.0,0.0,0.0,1,0.043478260869565216,0.043478260869565216,0.043478260869565216,-0.0029679487179487193,-0.0003205128205128211
1098,both_vs_additive,20,1.0000000000000002,0,0.0,0,0.0,0.0,0.0,0.0,0.0,0,0.0,0.0,0.0,,
1098,both_vs_none,20,1.0000000000000002,0,0.0,0,0.0,0.0,0.0,0.0,0.0,0,0.0,0.0,0.0,,
1098,display_only_vs_none,20,1.0000000000000002,0,0.0,0,0.0,0.0,0.0,0.0,0.0,0,0.0,0.0,0.0,,
1098,mailer_only_vs_none,20,1.0000000000000002,1,0.09166666666666666,0,0.0,0.0,0.0,0.0,0.0,0,0.0,0.0,0.0,,
1099,both_vs_additive,10,1.0,2,0.20588235294117646,0,0.0,0.0,0.0,0.0,0.0,0,0.0,0.0,0.0,,
1099,both_vs_none,10,1.0,2,0.20588235294117646,0,0.0,0.0,0.0,0.0,0.0,0,0.0,0.0,0.0,,
1099,display_only_vs_none,10,1.0,2,0.20588235294117646,0,0.0,0.0,0.0,0.0,0.0,0,0.0,0.0,0.0,,
1099,mailer_only_vs_none,10,1.0,2,0.20588235294117646,0,0.0,0.0,0.0,0.0,0.0,0,0.0,0.0,0.0,,
1102,both_vs_additive,20,1.0,4,0.1864406779661017,3,0.13559322033898305,0.1016949152542373,0.1016949152542373,0.1016949152542373,0.1016949152542373,0,0.0,0.0,0.0,0.033813791483417614,0.01680767093852444
1102,both_vs_none,20,1.0,4,0.1864406779661017,3,0.13559322033898305,0.06779661016949153,0.06779661016949153,0.06779661016949153,0.06779661016949153,0,0.0,0.0,0.0,0.0076500935288388965,0.007671918553826405
1102,display_only_vs_none,20,1.0,5,0.23728813559322032,3,0.13559322033898305,0.0,0.0,0.0,0.0,0,0.0,0.0,0.0,-0.013652566540930316,-0.00629916448546431
1102,mailer_only_vs_none,20,1.0,5,0.23728813559322032,3,0.13559322033898305,0.0,0.03389830508474576,0.03389830508474576,0.0,0,0.0,0.0,0.0,-0.0049630052820753105,-3.540896201745983e-05
1103,both_vs_additive,17,0.9999999999999998,2,0.19607843137254902,0,0.0,0.0,0.0,0.0,0.0,0,0.0,0.0,0.0,,
1103,both_vs_none,17,0.9999999999999998,2,0.19607843137254902,0,0.0,0.0,0.0,0.0,0.0,0,0.0,0.0,0.0,,
1103,display_only_vs_none,17,0.9999999999999998,2,0.19607843137254902,0,0.0,0.0,0.0,0.0,0.0,0,0.0,0.0,0.0,,
1103,mailer_only_vs_none,17,0.9999999999999998,2,0.19607843137254902,0,0.0,0.0,0.0,0.0,0.0,0,0.0,0.0,0.0,,
1104,both_vs_additive,6,1.0,0,0.0,0,0.0,0.0,0.0,0.0,0.0,0,0.0,0.0,0.0,,
1104,both_vs_none,6,1.0,0,0.0,0,0.0,0.0,0.0,0.0,0.0,0,0.0,0.0,0.0,,
1104,display_only_vs_none,6,1.0,0,0.0,0,0.0,0.0,0.0,0.0,0.0,0,0.0,0.0,0.0,,
1104,mailer_only_vs_none,6,1.0,0,0.0,0,0.0,0.0,0.0,0.0,0.0,0,0.0,0.0,0.0,,
1109,both_vs_additive,20,1.0,2,0.0847457627118644,1,0.05084745762711865,0.0,0.0,0.0,0.0,0,0.0,0.0,0.0,-0.023612947898662175,-0.00957896012344794
1109,both_vs_none,20,1.0,3,0.1694915254237288,1,0.05084745762711865,0.05084745762711865,0.05084745762711865,0.05084745762711865,0.05084745762711865,0,0.0,0.0,0.0,0.026007186228974785,0.009469598227809288
1109,display_only_vs_none,20,1.0,3,0.11864406779661016,1,0.05084745762711865,0.05084745762711865,0.05084745762711865,0.05084745762711865,0.05084745762711865,0,0.0,0.0,0.0,0.023663491405246012,0.006562415625883111
1109,mailer_only_vs_none,20,1.0,6,0.3389830508474576,2,0.0847457627118644,0.0847457627118644,0.0847457627118644,0.0847457627118644,0.0847457627118644,0,0.0,0.0,0.0,0.018315692129954028,0.020793933618711846
1111,both_vs_additive,20,0.9999999999999996,1,0.13636363636363635,0,0.0,0.0,0.0,0.0,0.0,0,0.0,0.0,0.0,,
1111,both_vs_none,20,0.9999999999999996,1,0.13636363636363635,0,0.0,0.0,0.0,0.0,0.0,0,0.0,0.0,0.0,,
1111,display_only_vs_none,20,0.9999999999999996,2,0.17424242424242423,0,0.0,0.0,0.0,0.0,0.0,0,0.0,0.0,0.0,,
1111,mailer_only_vs_none,20,0.9999999999999996,3,0.2121212121212121,0,0.0,0.0,0.0,0.0,0.0,0,0.0,0.0,0.0,,
1112,both_vs_additive,6,1.0,1,0.15384615384615385,1,0.15384615384615385,0.0,0.0,0.0,0.0,0,0.0,0.0,0.0,-0.009428287658487113,-6.331144583812676e-05
1112,both_vs_none,6,1.0,1,0.15384615384615385,1,0.15384615384615385,0.15384615384615385,0.15384615384615385,0.15384615384615385,0.15384615384615385,0,0.0,0.0,0.0,0.046018653838346926,0.017053027445988855
1112,display_only_vs_none,6,1.0,1,0.15384615384615385,1,0.15384615384615385,0.15384615384615385,0.15384615384615385,0.15384615384615385,0.15384615384615385,0,0.0,0.0,0.0,0.026171438105598695,0.007455165327337752
1112,mailer_only_vs_none,6,1.0,1,0.15384615384615385,1,0.15384615384615385,0.15384615384615385,0.15384615384615385,0.15384615384615385,0.15384615384615385,0,0.0,0.0,0.0,0.03505704365079365,0.013416005291005291
1113,both_vs_additive,20,0.9999999999999999,2,0.1285714285714286,0,0.0,0.0,0.0,0.0,0.0,0,0.0,0.0,0.0,,
1113,both_vs_none,20,0.9999999999999999,2,0.1285714285714286,0,0.0,0.0,0.0,0.0,0.0,0,0.0,0.0,0.0,,
1113,display_only_vs_none,20,0.9999999999999999,3,0.15714285714285717,0,0.0,0.0,0.0,0.0,0.0,0,0.0,0.0,0.0,,
1113,mailer_only_vs_none,20,0.9999999999999999,3,0.2,1,0.07142857142857142,0.07142857142857142,0.07142857142857142,0.07142857142857142,0.07142857142857142,0,0.0,0.0,0.0,0.01003608869183632,0.020952216853171706
1116,both_vs_additive,20,1.0000000000000002,4,0.2346938775510204,1,0.04081632653061224,0.04081632653061224,0.0,0.04081632653061224,0.0,0,0.0,0.0,0.0,0.011671364168835293,0.017323537206823055
1116,both_vs_none,20,1.0000000000000002,4,0.2346938775510204,1,0.04081632653061224,0.0,0.0,0.0,0.0,0,0.0,0.0,0.0,0.005561485543565982,0.003282490860840013
1116,display_only_vs_none,20,1.0,5,0.26530612244897955,1,0.04081632653061224,0.0,0.0,0.0,0.0,0,0.0,0.0,0.0,-0.0038232147578032526,-0.008058654834500863
1116,mailer_only_vs_none,20,1.0,5,0.26530612244897955,2,0.07142857142857142,0.030612244897959183,0.030612244897959183,0.030612244897959183,0.030612244897959183,0,0.0,0.0,0.0,0.00971438050693375,0.001978315961692718
1117,both_vs_additive,12,0.9999999999999998,4,0.5,1,0.05263157894736842,0.05263157894736842,0.05263157894736842,0.05263157894736842,0.05263157894736842,0,0.0,0.0,0.0,0.030309441978264528,0.02224906074547422
1117,both_vs_none,12,0.9999999999999998,4,0.5,1,0.05263157894736842,0.0,0.0,0.0,0.0,0,0.0,0.0,0.0,-0.009896729395254995,-0.0022554718493841587
1117,display_only_vs_none,12,0.9999999999999998,4,0.5,1,0.05263157894736842,0.0,0.0,0.0,0.0,0,0.0,0.0,0.0,-0.020609755031117248,-0.01295828469122752
1117,mailer_only_vs_none,12,0.9999999999999998,4,0.5,1,0.05263157894736842,0.0,0.0,0.0,0.0,0,0.0,0.0,0.0,-0.02006837606837607,-0.009401709401709403
1119,both_vs_additive,18,0.9999999999999994,2,0.1276595744680851,0,0.0,0.0,0.0,0.0,0.0,0,0.0,0.0,0.0,,
1119,both_vs_none,18,0.9999999999999994,2,0.1276595744680851,1,0.0851063829787234,0.0851063829787234,0.0851063829787234,0.0851063829787234,0.0851063829787234,0,0.0,0.0,0.0,0.009946581196581199,0.004896723646723647
1119,display_only_vs_none,18,0.9999999999999994,2,0.1276595744680851,1,0.0851063829787234,0.0851063829787234,0.0851063829787234,0.0851063829787234,0.0851063829787234,0,0.0,0.0,0.0,0.018516409164775406,0.007250766294843045
1119,mailer_only_vs_none,18,0.9999999999999994,4,0.2127659574468085,1,0.0851063829787234,0.0851063829787234,0.0,0.0851063829787234,0.0,0,0.0,0.0,0.0,0.06360998023767421,0.008201694139194141
1120,both_vs_additive,13,0.9999999999999998,2,0.18421052631578946,1,0.10526315789473684,0.10526315789473684,0.0,0.10526315789473684,0.0,0,0.0,0.0,0.0,0.011671364168835293,0.017323537206823055
1120,both_vs_none,13,0.9999999999999998,3,0.2631578947368421,1,0.10526315789473684,0.0,0.0,0.0,0.0,0,0.0,0.0,0.0,0.005561485543565983,0.0032824908608400124
1120,display_only_vs_none,13,0.9999999999999998,2,0.18421052631578946,1,0.10526315789473684,0.0,0.0,0.0,0.0,0,0.0,0.0,0.0,-0.0038232147578032526,-0.008058654834500863
1120,mailer_only_vs_none,13,0.9999999999999998,3,0.2631578947368421,1,0.10526315789473684,0.0,0.0,0.0,0.0,0,0.0,0.0,0.0,-0.0029470563350881586,-0.005982391511482188
1121,both_vs_additive,10,0.9999999999999997,3,0.3928571428571428,1,0.21428571428571427,0.21428571428571427,0.21428571428571427,0.21428571428571427,0.21428571428571427,0,0.0,0.0,0.0,0.16836150148988288,0.04128756979795421
1121,both_vs_none,10,0.9999999999999997,3,0.3928571428571428,1,0.21428571428571427,0.0,0.0,0.0,0.0,0,0.0,0.0,0.0,-0.07045406843319933,-0.0015695903236861224
1121,display_only_vs_none,10,0.9999999999999997,3,0.3928571428571428,1,0.21428571428571427,0.0,0.0,0.0,0.0,0,0.0,0.0,0.0,-0.10056833513172979,-0.016514079457296535
1121,mailer_only_vs_none,10,0.9999999999999997,3,0.3928571428571428,1,0.21428571428571427,0.0,0.0,0.0,0.0,0,0.0,0.0,0.0,-0.13824723479135242,-0.026096656611362498
1122,both_vs_additive,14,1.0000000000000002,2,0.21428571428571427,0,0.0,0.0,0.0,0.0,0.0,0,0.0,0.0,0.0,,
1122,both_vs_none,14,1.0000000000000002,2,0.21428571428571427,0,0.0,0.0,0.0,0.0,0.0,0,0.0,0.0,0.0,,
1122,display_only_vs_none,14,1.0000000000000002,3,0.2857142857142857,0,0.0,0.0,0.0,0.0,0.0,0,0.0,0.0,0.0,,
1122,mailer_only_vs_none,14,1.0000000000000002,3,0.2857142857142857,1,0.14285714285714285,0.14285714285714285,0.14285714285714285,0.14285714285714285,0.14285714285714285,1,0.07142857142857142,0.0,0.0,0.021507182734204794,0.017638084274113685
1123,both_vs_additive,20,0.9999999999999999,2,0.06578947368421052,0,0.0,0.0,0.0,0.0,0.0,0,0.0,0.0,0.0,,
1123,both_vs_none,20,0.9999999999999999,2,0.06578947368421052,0,0.0,0.0,0.0,0.0,0.0,0,0.0,0.0,0.0,,
1123,display_only_vs_none,20,0.9999999999999999,3,0.18421052631578946,1,0.11842105263157894,0.11842105263157894,0.11842105263157894,0.11842105263157894,0.11842105263157894,0,0.0,0.0,0.0,0.017326660471881063,0.004485599057725228
1123,mailer_only_vs_none,20,0.9999999999999999,2,0.06578947368421052,0,0.0,0.0,0.0,0.0,0.0,0,0.0,0.0,0.0,,
1124,both_vs_additive,5,0.9999999999999999,0,0.0,0,0.0,0.0,0.0,0.0,0.0,0,0.0,0.0,0.0,,
1124,both_vs_none,5,0.9999999999999999,0,0.0,0,0.0,0.0,0.0,0.0,0.0,0,0.0,0.0,0.0,,
1124,display_only_vs_none,5,0.9999999999999999,0,0.0,0,0.0,0.0,0.0,0.0,0.0,0,0.0,0.0,0.0,,
1124,mailer_only_vs_none,5,0.9999999999999999,0,0.0,0,0.0,0.0,0.0,0.0,0.0,0,0.0,0.0,0.0,,
1128,both_vs_additive,13,0.9999999999999996,2,0.21052631578947367,1,0.10526315789473684,0.10526315789473684,0.10526315789473684,0.10526315789473684,0.10526315789473684,0,0.0,0.0,0.0,0.030309441978264528,0.02224906074547422
1128,both_vs_none,13,0.9999999999999996,3,0.2894736842105263,1,0.10526315789473684,0.0,0.0,0.0,0.0,0,0.0,0.0,0.0,-0.009896729395254995,-0.0022554718493841587
1128,display_only_vs_none,13,0.9999999999999998,3,0.2631578947368421,2,0.15789473684210525,0.0,0.0,0.0,0.0,0,0.0,0.0,0.0,-0.014578478862008502,-0.009160673091788862
1128,mailer_only_vs_none,13,0.9999999999999998,4,0.34210526315789475,1,0.10526315789473684,0.0,0.0,0.0,0.0,0,0.0,0.0,0.0,-0.02006837606837607,-0.009401709401709403
1129,both_vs_additive,20,0.9999999999999999,4,0.2,1,0.02857142857142857,0.02857142857142857,0.02857142857142857,0.02857142857142857,0.02857142857142857,0,0.0,0.0,0.0,0.06888543039086517,0.008195862130072656
1129,both_vs_none,20,0.9999999999999999,4,0.2,1,0.02857142857142857,0.0,0.0,0.0,0.0,0,0.0,0.0,0.0,0.0017575757575757633,0.0
1129,display_only_vs_none,20,0.9999999999999999,4,0.2,1,0.02857142857142857,0.0,0.0,0.0,0.0,0,0.0,0.0,0.0,-0.01988095238095238,-0.010869565217391304
1129,mailer_only_vs_none,20,0.9999999999999999,4,0.2,1,0.02857142857142857,0.0,0.0,0.0,0.0,0,0.0,0.0,0.0,-0.008747619047619047,-0.0007803703529097455
1130,both_vs_additive,20,1.0000000000000004,2,0.12307692307692308,0,0.0,0.0,0.0,0.0,0.0,0,0.0,0.0,0.0,,
1130,both_vs_none,20,1.0000000000000004,2,0.12307692307692308,0,0.0,0.0,0.0,0.0,0.0,0,0.0,0.0,0.0,,
1130,display_only_vs_none,20,1.0000000000000004,2,0.12307692307692308,0,0.0,0.0,0.0,0.0,0.0,0,0.0,0.0,0.0,,
1130,mailer_only_vs_none,20,1.0000000000000004,4,0.2153846153846154,0,0.0,0.0,0.0,0.0,0.0,0,0.0,0.0,0.0,,
1133,both_vs_additive,8,1.0,2,0.2608695652173913,0,0.0,0.0,0.0,0.0,0.0,0,0.0,0.0,0.0,,
1133,both_vs_none,8,1.0,2,0.2608695652173913,0,0.0,0.0,0.0,0.0,0.0,0,0.0,0.0,0.0,,
1133,display_only_vs_none,8,1.0,2,0.2608695652173913,0,0.0,0.0,0.0,0.0,0.0,0,0.0,0.0,0.0,,
1133,mailer_only_vs_none,8,1.0,2,0.2608695652173913,0,0.0,0.0,0.0,0.0,0.0,0,0.0,0.0,0.0,,
1136,both_vs_additive,19,0.9999999999999999,9,0.5471698113207547,4,0.2830188679245283,0.169811320754717,0.09433962264150944,0.169811320754717,0.09433962264150944,6,0.43396226415094336,0.3773584905660377,0.3773584905660377,0.021527439891057328,0.006066578421969
1136,both_vs_none,19,0.9999999999999999,10,0.6037735849056604,5,0.32075471698113206,0.09433962264150944,0.09433962264150944,0.09433962264150944,0.09433962264150944,6,0.43396226415094336,0.2641509433962264,0.2641509433962264,0.011279756480713428,0.005277387135506535
1136,display_only_vs_none,19,0.9999999999999999,13,0.7169811320754716,7,0.3962264150943396,0.09433962264150944,0.09433962264150944,0.09433962264150944,0.09433962264150944,8,0.5094339622641509,0.20754716981132076,0.20754716981132076,-0.003932406779287498,-0.003190933963743272
1136,mailer_only_vs_none,19,0.9999999999999999,12,0.6981132075471698,4,0.2830188679245283,0.05660377358490566,0.05660377358490566,0.05660377358490566,0.05660377358490566,6,0.43396226415094336,0.15094339622641512,0.24528301886792453,0.0012883619451787547,0.0015390702764585531
1137,both_vs_additive,15,1.0000000000000002,0,0.0,0,0.0,0.0,0.0,0.0,0.0,0,0.0,0.0,0.0,,
1137,both_vs_none,15,1.0000000000000002,1,0.07272727272727272,0,0.0,0.0,0.0,0.0,0.0,0,0.0,0.0,0.0,,
1137,display_only_vs_none,15,1.0000000000000002,1,0.03636363636363636,0,0.0,0.0,0.0,0.0,0.0,0,0.0,0.0,0.0,,
1137,mailer_only_vs_none,15,1.0,2,0.10909090909090909,0,0.0,0.0,0.0,0.0,0.0,0,0.0,0.0,0.0,,
1138,both_vs_additive,19,0.9999999999999998,2,0.043478260869565216,1,0.021739130434782608,0.021739130434782608,0.021739130434782608,0.021739130434782608,0.021739130434782608,0,0.0,0.0,0.0,0.03030944197826453,0.02224906074547422
1138,both_vs_none,19,0.9999999999999998,2,0.043478260869565216,1,0.021739130434782608,0.0,0.0,0.0,0.0,0,0.0,0.0,0.0,-0.009896729395254995,-0.0022554718493841587
1138,display_only_vs_none,19,0.9999999999999998,2,0.043478260869565216,1,0.021739130434782608,0.0,0.0,0.0,0.0,0,0.0,0.0,0.0,-0.020609755031117248,-0.012958284691227518
1138,mailer_only_vs_none,19,0.9999999999999998,2,0.043478260869565216,1,0.021739130434782608,0.0,0.0,0.0,0.0,0,0.0,0.0,0.0,-0.02006837606837607,-0.009401709401709403
1139,both_vs_additive,20,1.0000000000000004,2,0.0816326530612245,0,0.0,0.0,0.0,0.0,0.0,0,0.0,0.0,0.0,,
1139,both_vs_none,20,1.0000000000000004,2,0.0816326530612245,0,0.0,0.0,0.0,0.0,0.0,0,0.0,0.0,0.0,,
1139,display_only_vs_none,20,1.0000000000000004,2,0.0816326530612245,1,0.030612244897959183,0.030612244897959183,0.030612244897959183,0.030612244897959183,0.030612244897959183,0,0.0,0.0,0.0,0.022266666666666667,0.013333333333333334
1139,mailer_only_vs_none,20,1.0000000000000004,2,0.0816326530612245,1,0.030612244897959183,0.0,0.030612244897959183,0.030612244897959183,0.0,0,0.0,0.0,0.0,-0.0405844155844156,0.008477011494252876
1142,both_vs_additive,20,1.0000000000000002,2,0.09090909090909091,1,0.055944055944055944,0.055944055944055944,0.0,0.055944055944055944,0.0,0,0.0,0.0,0.0,0.011671364168835293,0.017323537206823055
1142,both_vs_none,20,1.0000000000000002,3,0.13986013986013987,1,0.055944055944055944,0.0,0.0,0.0,0.0,0,0.0,0.0,0.0,0.005561485543565982,0.003282490860840013
1142,display_only_vs_none,20,1.0000000000000002,4,0.23076923076923078,2,0.1048951048951049,0.0,0.0,0.0,0.0,1,0.04895104895104895,0.0,0.0,-0.0009784418102223372,-0.0046128839762830795
1142,mailer_only_vs_none,20,1.0000000000000002,4,0.23076923076923078,2,0.1048951048951049,0.0,0.0,0.0,0.0,0,0.0,0.0,0.0,-0.005430359785293962,-0.0026518004325328517
1152,both_vs_additive,15,1.0,2,0.1764705882352941,1,0.058823529411764705,0.0,0.0,0.0,0.0,0,0.0,0.0,0.0,-0.023612947898662175,-0.00957896012344794
1152,both_vs_none,15,1.0,3,0.23529411764705882,1,0.058823529411764705,0.058823529411764705,0.058823529411764705,0.058823529411764705,0.058823529411764705,0,0.0,0.0,0.0,0.02600718622897478,0.009469598227809288
1152,display_only_vs_none,15,1.0,3,0.23529411764705882,2,0.11764705882352941,0.058823529411764705,0.058823529411764705,0.058823529411764705,0.058823529411764705,0,0.0,0.0,0.0,-0.018958008660660764,-0.0046427309933501915
1152,mailer_only_vs_none,15,1.0,3,0.23529411764705882,1,0.058823529411764705,0.058823529411764705,0.058823529411764705,0.058823529411764705,0.058823529411764705,0,0.0,0.0,0.0,0.02383542775536583,0.02068841146240527
1153,both_vs_additive,15,0.9999999999999996,3,0.21052631578947367,0,0.0,0.0,0.0,0.0,0.0,0,0.0,0.0,0.0,,
1153,both_vs_none,15,0.9999999999999996,3,0.21052631578947367,0,0.0,0.0,0.0,0.0,0.0,0,0.0,0.0,0.0,,
1153,display_only_vs_none,15,0.9999999999999996,5,0.3157894736842105,1,0.05263157894736842,0.05263157894736842,0.05263157894736842,0.05263157894736842,0.05263157894736842,0,0.0,0.0,0.0,0.017326660471881063,0.004485599057725228
1153,mailer_only_vs_none,15,0.9999999999999996,4,0.2631578947368421,0,0.0,0.0,0.0,0.0,0.0,0,0.0,0.0,0.0,,
1154,both_vs_additive,17,0.9999999999999996,3,0.14583333333333331,1,0.041666666666666664,0.0,0.0,0.0,0.0,0,0.0,0.0,0.0,-0.009428287658487113,-6.331144583812676e-05
1154,both_vs_none,17,0.9999999999999996,3,0.14583333333333331,1,0.041666666666666664,0.041666666666666664,0.041666666666666664,0.041666666666666664,0.041666666666666664,0,0.0,0.0,0.0,0.046018653838346926,0.017053027445988855
1154,display_only_vs_none,17,0.9999999999999996,3,0.14583333333333331,1,0.041666666666666664,0.041666666666666664,0.041666666666666664,0.041666666666666664,0.041666666666666664,0,0.0,0.0,0.0,0.026171438105598695,0.007455165327337752
1154,mailer_only_vs_none,17,0.9999999999999996,3,0.14583333333333331,2,0.08333333333333333,0.08333333333333333,0.08333333333333333,0.08333333333333333,0.08333333333333333,0,0.0,0.0,0.0,0.028282113192499223,0.015527044782559488
1158,both_vs_additive,9,1.0,1,0.07407407407407407,1,0.07407407407407407,0.0,0.0,0.0,0.0,0,0.0,0.0,0.0,-0.0059072808833678415,0.0031492781874170126
1158,both_vs_none,9,1.0,1,0.07407407407407407,1,0.07407407407407407,0.07407407407407407,0.07407407407407407,0.07407407407407407,0.07407407407407407,0,0.0,0.0,0.0,0.011080059725221018,0.005434782608695652
1158,display_only_vs_none,9,1.0,1,0.07407407407407407,1,0.07407407407407407,0.0,0.0,0.0,0.0,0,0.0,0.0,0.0,-0.001759671864155106,-0.0031966899820356984
1158,mailer_only_vs_none,9,1.0,1,0.07407407407407407,1,0.07407407407407407,0.07407407407407407,0.0,0.07407407407407407,0.0,0,0.0,0.0,0.0,0.017026397515527952,0.002097635392829901
1161,both_vs_additive,12,1.0,1,0.07407407407407407,1,0.07407407407407407,0.07407407407407407,0.07407407407407407,0.07407407407407407,0.07407407407407407,0,0.0,0.0,0.0,0.16836150148988288,0.04128756979795421
1161,both_vs_none,12,1.0,1,0.07407407407407407,1,0.07407407407407407,0.0,0.0,0.0,0.0,0,0.0,0.0,0.0,-0.07045406843319933,-0.0015695903236861222
1161,display_only_vs_none,12,1.0,1,0.07407407407407407,1,0.07407407407407407,0.0,0.0,0.0,0.0,0,0.0,0.0,0.0,-0.10056833513172979,-0.016514079457296535
1161,mailer_only_vs_none,12,1.0,1,0.07407407407407407,1,0.07407407407407407,0.0,0.0,0.0,0.0,0,0.0,0.0,0.0,-0.13824723479135242,-0.026096656611362498
1162,both_vs_additive,7,1.0,2,0.25,0,0.0,0.0,0.0,0.0,0.0,0,0.0,0.0,0.0,,
1162,both_vs_none,7,1.0,2,0.25,1,0.125,0.125,0.125,0.125,0.125,0,0.0,0.0,0.0,0.04166208791208791,0.01872710622710623
1162,display_only_vs_none,7,1.0,2,0.25,1,0.125,0.125,0.125,0.125,0.125,0,0.0,0.0,0.0,0.03919230879486297,0.014758717562443409
1162,mailer_only_vs_none,7,1.0,2,0.25,0,0.0,0.0,0.0,0.0,0.0,0,0.0,0.0,0.0,,
1163,both_vs_additive,20,1.0000000000000004,4,0.23076923076923078,1,0.046153846153846156,0.0,0.0,0.0,0.0,0,0.0,0.0,0.0,-0.023612947898662175,-0.00957896012344794
1163,both_vs_none,20,1.0000000000000004,4,0.23076923076923078,1,0.046153846153846156,0.046153846153846156,0.046153846153846156,0.046153846153846156,0.046153846153846156,0,0.0,0.0,0.0,0.02600718622897478,0.009469598227809288
1163,display_only_vs_none,20,1.0000000000000004,5,0.27692307692307694,1,0.046153846153846156,0.046153846153846156,0.046153846153846156,0.046153846153846156,0.046153846153846156,0,0.0,0.0,0.0,0.023663491405246012,0.006562415625883112
1163,mailer_only_vs_none,20,1.0000000000000004,5,0.27692307692307694,2,0.09230769230769231,0.046153846153846156,0.046153846153846156,0.046153846153846156,0.046153846153846156,0,0.0,0.0,0.0,0.006070557994052869,0.006946463655649009
1164,both_vs_additive,20,1.0,4,0.2549019607843137,2,0.17647058823529413,0.14705882352941177,0.14705882352941177,0.14705882352941177,0.14705882352941177,0,0.0,0.0,0.0,0.1378564411511009,0.03291913876513596
1164,both_vs_none,20,1.0,4,0.2549019607843137,2,0.17647058823529413,0.029411764705882353,0.0,0.029411764705882353,0.0,0,0.0,0.0,0.0,-0.05649071077565452,-0.000830695754774555
1164,display_only_vs_none,20,1.0,5,0.29411764705882354,2,0.17647058823529413,0.0,0.0,0.0,0.0,0,0.0,0.0,0.0,-0.08269165772255678,-0.013135166465040347
1164,mailer_only_vs_none,20,1.0,4,0.2549019607843137,2,0.17647058823529413,0.029411764705882353,0.0,0.029411764705882353,0.0,0,0.0,0.0,0.0,-0.11373410870293861,-0.021795415400406446
1165,both_vs_additive,9,0.9999999999999999,2,0.23809523809523808,0,0.0,0.0,0.0,0.0,0.0,0,0.0,0.0,0.0,,
1165,both_vs_none,9,0.9999999999999999,2,0.23809523809523808,0,0.0,0.0,0.0,0.0,0.0,0,0.0,0.0,0.0,,
1165,display_only_vs_none,9,0.9999999999999999,2,0.23809523809523808,0,0.0,0.0,0.0,0.0,0.0,0,0.0,0.0,0.0,,
1165,mailer_only_vs_none,9,0.9999999999999999,2,0.23809523809523808,0,0.0,0.0,0.0,0.0,0.0,0,0.0,0.0,0.0,,
1166,both_vs_additive,20,1.0,3,0.189873417721519,0,0.0,0.0,0.0,0.0,0.0,0,0.0,0.0,0.0,,
1166,both_vs_none,20,1.0,3,0.189873417721519,1,0.0379746835443038,0.0379746835443038,0.0379746835443038,0.0379746835443038,0.0379746835443038,0,0.0,0.0,0.0,0.04166208791208791,0.01872710622710623
1166,display_only_vs_none,20,1.0,3,0.189873417721519,1,0.0379746835443038,0.0379746835443038,0.0379746835443038,0.0379746835443038,0.0379746835443038,0,0.0,0.0,0.0,0.03919230879486297,0.014758717562443409
1166,mailer_only_vs_none,20,1.0,4,0.24050632911392406,0,0.0,0.0,0.0,0.0,0.0,0,0.0,0.0,0.0,,
1167,both_vs_additive,20,1.0000000000000002,1,0.07936507936507936,1,0.07936507936507936,0.07936507936507936,0.07936507936507936,0.07936507936507936,0.07936507936507936,0,0.0,0.0,0.0,0.16836150148988288,0.04128756979795421
1167,both_vs_none,20,1.0000000000000002,2,0.12698412698412698,1,0.07936507936507936,0.0,0.0,0.0,0.0,0,0.0,0.0,0.0,-0.07045406843319933,-0.001569590323686122
1167,display_only_vs_none,20,1.0000000000000002,1,0.07936507936507936,1,0.07936507936507936,0.0,0.0,0.0,0.0,0,0.0,0.0,0.0,-0.10056833513172977,-0.016514079457296535
1167,mailer_only_vs_none,20,1.0,4,0.23809523809523808,2,0.12698412698412698,0.0,0.0,0.0,0.0,1,0.047619047619047616,0.047619047619047616,0.047619047619047616,-0.08214559317316669,-0.014301481810672988
1175,both_vs_additive,15,1.0000000000000002,0,0.0,0,0.0,0.0,0.0,0.0,0.0,0,0.0,0.0,0.0,,
1175,both_vs_none,15,1.0000000000000002,0,0.0,0,0.0,0.0,0.0,0.0,0.0,0,0.0,0.0,0.0,,
1175,display_only_vs_none,15,1.0000000000000002,0,0.0,0,0.0,0.0,0.0,0.0,0.0,0,0.0,0.0,0.0,,
1175,mailer_only_vs_none,15,1.0000000000000002,0,0.0,0,0.0,0.0,0.0,0.0,0.0,0,0.0,0.0,0.0,,
1180,both_vs_additive,13,0.9999999999999998,4,0.2857142857142857,3,0.21428571428571427,0.14285714285714285,0.07142857142857142,0.14285714285714285,0.07142857142857142,0,0.0,0.0,0.0,0.010850839496204237,0.013169762168819718
1180,both_vs_none,13,0.9999999999999998,4,0.2857142857142857,3,0.21428571428571427,0.07142857142857142,0.07142857142857142,0.07142857142857142,0.07142857142857142,0,0.0,0.0,0.0,0.013894469995552638,0.006026682152481569
1180,display_only_vs_none,13,0.9999999999999998,4,0.2857142857142857,3,0.21428571428571427,0.07142857142857142,0.07142857142857142,0.07142857142857142,0.07142857142857142,0,0.0,0.0,0.0,0.0005794894388927307,-0.004520591399463544
1180,mailer_only_vs_none,13,0.9999999999999998,5,0.3571428571428571,3,0.21428571428571427,0.07142857142857142,0.07142857142857142,0.07142857142857142,0.07142857142857142,0,0.0,0.0,0.0,0.004013870415776473,-0.0006560318740621004
1181,both_vs_additive,20,0.9999999999999996,3,0.14583333333333331,0,0.0,0.0,0.0,0.0,0.0,0,0.0,0.0,0.0,,
1181,both_vs_none,20,0.9999999999999996,4,0.18749999999999997,1,0.041666666666666664,0.041666666666666664,0.041666666666666664,0.041666666666666664,0.041666666666666664,0,0.0,0.0,0.0,0.04166208791208791,0.01872710622710623
1181,display_only_vs_none,20,0.9999999999999996,4,0.18749999999999997,2,0.08333333333333333,0.041666666666666664,0.041666666666666664,0.041666666666666664,0.041666666666666664,1,0.041666666666666664,0.041666666666666664,0.041666666666666664,0.02073251803379513,0.007041928712061754
1181,mailer_only_vs_none,20,0.9999999999999996,6,0.2708333333333333,2,0.08333333333333333,0.041666666666666664,0.041666666666666664,0.041666666666666664,0.041666666666666664,1,0.041666666666666664,0.0,0.0,0.0008838339102964345,0.011053403112576191
1184,both_vs_additive,18,1.0000000000000002,1,0.05128205128205128,0,0.0,0.0,0.0,0.0,0.0,0,0.0,0.0,0.0,,
1184,both_vs_none,18,1.0000000000000002,1,0.05128205128205128,0,0.0,0.0,0.0,0.0,0.0,0,0.0,0.0,0.0,,
1184,display_only_vs_none,18,1.0000000000000002,2,0.10256410256410256,1,0.05128205128205128,0.0,0.0,0.0,0.0,0,0.0,0.0,0.0,-0.06157950872656754,-0.015847877612583494
1184,mailer_only_vs_none,18,1.0000000000000002,3,0.15384615384615385,1,0.05128205128205128,0.05128205128205128,0.05128205128205128,0.05128205128205128,0.05128205128205128,0,0.0,0.0,0.0,0.010036088691836321,0.020952216853171706
1188,both_vs_additive,20,0.9999999999999999,3,0.2,2,0.07058823529411765,0.0,0.0,0.0,0.0,0,0.0,0.0,0.0,-0.01934445171154183,-0.0016649855099960525
1188,both_vs_none,20,0.9999999999999999,3,0.2,2,0.07058823529411765,0.07058823529411765,0.07058823529411765,0.07058823529411765,0.07058823529411765,0,0.0,0.0,0.0,0.014764193212160855,0.008163850589816399
1188,display_only_vs_none,20,0.9999999999999999,3,0.2,2,0.07058823529411765,0.03529411764705882,0.03529411764705882,0.03529411764705882,0.03529411764705882,0,0.0,0.0,0.0,0.0033513784553868345,0.0022322283708055123
1188,mailer_only_vs_none,20,0.9999999999999999,3,0.2,2,0.07058823529411765,0.07058823529411765,0.03529411764705882,0.07058823529411765,0.03529411764705882,0,0.0,0.0,0.0,0.02222493345164153,0.008337762225061997
1189,both_vs_additive,5,0.9999999999999999,1,0.25,0,0.0,0.0,0.0,0.0,0.0,0,0.0,0.0,0.0,,
1189,both_vs_none,5,0.9999999999999999,1,0.25,0,0.0,0.0,0.0,0.0,0.0,0,0.0,0.0,0.0,,
1189,display_only_vs_none,5,0.9999999999999999,1,0.25,0,0.0,0.0,0.0,0.0,0.0,0,0.0,0.0,0.0,,
1189,mailer_only_vs_none,5,0.9999999999999999,1,0.25,0,0.0,0.0,0.0,0.0,0.0,0,0.0,0.0,0.0,,
1190,both_vs_additive,11,0.9999999999999999,1,0.06666666666666667,0,0.0,0.0,0.0,0.0,0.0,0,0.0,0.0,0.0,,
1190,both_vs_none,11,0.9999999999999999,1,0.06666666666666667,0,0.0,0.0,0.0,0.0,0.0,0,0.0,0.0,0.0,,
1190,display_only_vs_none,11,0.9999999999999999,1,0.06666666666666667,0,0.0,0.0,0.0,0.0,0.0,0,0.0,0.0,0.0,,
1190,mailer_only_vs_none,11,0.9999999999999999,1,0.06666666666666667,0,0.0,0.0,0.0,0.0,0.0,0,0.0,0.0,0.0,,
1194,both_vs_additive,5,1.0,2,0.4,1,0.2,0.0,0.0,0.0,0.0,0,0.0,0.0,0.0,-0.006556290931290922,0.002709096459096453
1194,both_vs_none,5,1.0,2,0.4,1,0.2,0.0,0.0,0.0,0.0,0,0.0,0.0,0.0,0.0026227106227106225,0.0014652014652014635
1194,display_only_vs_none,5,1.0,3,0.6000000000000001,1,0.2,0.2,0.2,0.2,0.2,1,0.2,0.2,0.2,0.010406965481817259,0.005877431198577444
1194,mailer_only_vs_none,5,1.0,2,0.4,1,0.2,0.0,0.0,0.0,0.0,1,0.2,0.0,0.0,-0.005966666666666665,-0.003333333333333334
1197,both_vs_additive,20,1.0000000000000004,1,0.04081632653061224,0,0.0,0.0,0.0,0.0,0.0,0,0.0,0.0,0.0,,
1197,both_vs_none,20,1.0000000000000004,2,0.08163265306122448,0,0.0,0.0,0.0,0.0,0.0,1,0.04081632653061224,0.04081632653061224,0.04081632653061224,,
1197,display_only_vs_none,20,1.0000000000000004,2,0.08163265306122448,0,0.0,0.0,0.0,0.0,0.0,1,0.04081632653061224,0.04081632653061224,0.04081632653061224,,
1197,mailer_only_vs_none,20,1.0000000000000004,1,0.04081632653061224,0,0.0,0.0,0.0,0.0,0.0,0,0.0,0.0,0.0,,
1198,both_vs_additive,6,1.0,0,0.0,0,0.0,0.0,0.0,0.0,0.0,0,0.0,0.0,0.0,,
1198,both_vs_none,6,1.0,0,0.0,0,0.0,0.0,0.0,0.0,0.0,0,0.0,0.0,0.0,,
1198,display_only_vs_none,6,1.0,0,0.0,0,0.0,0.0,0.0,0.0,0.0,0,0.0,0.0,0.0,,
1198,mailer_only_vs_none,6,1.0,0,0.0,0,0.0,0.0,0.0,0.0,0.0,0,0.0,0.0,0.0,,
1203,both_vs_additive,20,0.9999999999999993,3,0.1917808219178082,1,0.0410958904109589,0.0410958904109589,0.0410958904109589,0.0410958904109589,0.0410958904109589,0,0.0,0.0,0.0,0.04707257094757097,0.0018753387051220745
1203,both_vs_none,20,0.9999999999999993,4,0.2328767123287671,1,0.0410958904109589,0.0,0.0,0.0,0.0,0,0.0,0.0,0.0,-0.006390179910044984,-0.004504872563718143
1203,display_only_vs_none,20,0.9999999999999993,5,0.2876712328767123,2,0.0958904109589041,0.0,0.0,0.0,0.0,0,0.0,0.0,0.0,-0.03516156385631175,-0.009161895527441745
1203,mailer_only_vs_none,20,0.9999999999999996,6,0.3150684931506849,1,0.0410958904109589,0.0,0.0,0.0,0.0,0,0.0,0.0,0.0,-0.00445054945054945,0.0015109890109890108
1204,both_vs_additive,11,1.0,2,0.16666666666666666,1,0.08333333333333333,0.0,0.0,0.0,0.0,0,0.0,0.0,0.0,-0.009428287658487113,-6.331144583812676e-05
1204,both_vs_none,11,1.0,2,0.16666666666666666,1,0.08333333333333333,0.08333333333333333,0.08333333333333333,0.08333333333333333,0.08333333333333333,0,0.0,0.0,0.0,0.046018653838346926,0.017053027445988855
1204,display_only_vs_none,11,1.0,2,0.16666666666666666,1,0.08333333333333333,0.08333333333333333,0.08333333333333333,0.08333333333333333,0.08333333333333333,0,0.0,0.0,0.0,0.026171438105598695,0.007455165327337752
1204,mailer_only_vs_none,11,1.0,2,0.16666666666666666,1,0.08333333333333333,0.08333333333333333,0.08333333333333333,0.08333333333333333,0.08333333333333333,0,0.0,0.0,0.0,0.03505704365079365,0.013416005291005291
1205,both_vs_additive,20,0.9999999999999997,6,0.31034482758620696,1,0.034482758620689655,0.034482758620689655,0.034482758620689655,0.034482758620689655,0.034482758620689655,1,0.034482758620689655,0.0,0.0,0.011115079365079363,0.0005882687603117609
1205,both_vs_none,20,0.9999999999999997,6,0.31034482758620696,1,0.034482758620689655,0.034482758620689655,0.034482758620689655,0.034482758620689655,0.034482758620689655,1,0.034482758620689655,0.034482758620689655,0.034482758620689655,0.020985449735449736,0.012566137566137565
1205,display_only_vs_none,20,0.9999999999999998,7,0.34482758620689663,2,0.06896551724137931,0.0,0.0,0.0,0.0,1,0.034482758620689655,0.034482758620689655,0.034482758620689655,-0.030789754363283774,-0.007923938806291747
1205,mailer_only_vs_none,20,0.9999999999999998,8,0.3965517241379311,1,0.034482758620689655,0.0,0.0,0.0,0.0,1,0.034482758620689655,0.034482758620689655,0.034482758620689655,0.005044760312151618,0.0011904761904761906
1206,both_vs_additive,20,0.9999999999999999,5,0.31404958677685946,2,0.09917355371900827,0.09917355371900827,0.04132231404958678,0.09917355371900827,0.04132231404958678,0,0.0,0.0,0.0,0.02344467838837865,0.019399465208574936
1206,both_vs_none,20,0.9999999999999999,5,0.31404958677685946,2,0.09917355371900827,0.04132231404958678,0.04132231404958678,0.04132231404958678,0.04132231404958678,0,0.0,0.0,0.0,0.017519292596316946,0.009889698456106462
1206,display_only_vs_none,20,0.9999999999999999,5,0.31404958677685946,2,0.09917355371900827,0.0,0.0,0.0,0.0,0,0.0,0.0,0.0,-0.002938913965861421,-0.004088261582505099
1206,mailer_only_vs_none,20,0.9999999999999999,6,0.4380165289256198,2,0.09917355371900827,0.0,0.0,0.0,0.0,0,0.0,0.0,0.0,-0.0056315538735307695,-0.005639199281168842
1207,both_vs_additive,6,1.0,0,0.0,0,0.0,0.0,0.0,0.0,0.0,0,0.0,0.0,0.0,,
1207,both_vs_none,6,1.0,0,0.0,0,0.0,0.0,0.0,0.0,0.0,0,0.0,0.0,0.0,,
1207,display_only_vs_none,6,1.0,0,0.0,0,0.0,0.0,0.0,0.0,0.0,0,0.0,0.0,0.0,,
1207,mailer_only_vs_none,6,1.0,0,0.0,0,0.0,0.0,0.0,0.0,0.0,0,0.0,0.0,0.0,,
1213,both_vs_additive,6,0.9999999999999999,1,0.16666666666666666,1,0.16666666666666666,0.16666666666666666,0.16666666666666666,0.16666666666666666,0.16666666666666666,0,0.0,0.0,0.0,0.011115079365079363,0.0005882687603117609
1213,both_vs_none,6,0.9999999999999999,1,0.16666666666666666,1,0.16666666666666666,0.16666666666666666,0.16666666666666666,0.16666666666666666,0.16666666666666666,0,0.0,0.0,0.0,0.020985449735449736,0.012566137566137565
1213,display_only_vs_none,6,0.9999999999999999,1,0.16666666666666666,1,0.16666666666666666,0.0,0.0,0.0,0.0,0,0.0,0.0,0.0,0.0,0.0
1213,mailer_only_vs_none,6,0.9999999999999999,1,0.16666666666666666,1,0.16666666666666666,0.0,0.0,0.0,0.0,0,0.0,0.0,0.0,0.005044760312151618,0.0011904761904761906
1216,both_vs_additive,20,0.9999999999999999,2,0.09433962264150944,0,0.0,0.0,0.0,0.0,0.0,0,0.0,0.0,0.0,,
1216,both_vs_none,20,0.9999999999999999,3,0.1509433962264151,0,0.0,0.0,0.0,0.0,0.0,0,0.0,0.0,0.0,,
1216,display_only_vs_none,20,0.9999999999999999,3,0.1509433962264151,1,0.05660377358490566,0.0,0.0,0.0,0.0,0,0.0,0.0,0.0,-0.06157950872656754,-0.015847877612583494
1216,mailer_only_vs_none,20,0.9999999999999999,3,0.1509433962264151,1,0.05660377358490566,0.0,0.0,0.0,0.0,0,0.0,0.0,0.0,0.011357142857142859,0.005357142857142856
1218,both_vs_additive,11,0.9999999999999998,2,0.16,1,0.08,0.08,0.08,0.08,0.08,0,0.0,0.0,0.0,0.16836150148988288,0.04128756979795421
1218,both_vs_none,11,0.9999999999999998,2,0.16,1,0.08,0.0,0.0,0.0,0.0,0,0.0,0.0,0.0,-0.07045406843319933,-0.0015695903236861222
1218,display_only_vs_none,11,0.9999999999999998,3,0.24,1,0.08,0.0,0.0,0.0,0.0,0,0.0,0.0,0.0,-0.1005683351317298,-0.016514079457296535
1218,mailer_only_vs_none,11,0.9999999999999998,4,0.32,1,0.08,0.0,0.0,0.0,0.0,0,0.0,0.0,0.0,-0.13824723479135242,-0.0260966566113625
1222,both_vs_additive,20,1.0,4,0.26865671641791045,1,0.04477611940298507,0.04477611940298507,0.0,0.04477611940298507,0.0,0,0.0,0.0,0.0,0.011671364168835293,0.017323537206823055
1222,both_vs_none,20,1.0,4,0.26865671641791045,1,0.04477611940298507,0.0,0.0,0.0,0.0,0,0.0,0.0,0.0,0.005561485543565982,0.0032824908608400124
1222,display_only_vs_none,20,0.9999999999999999,6,0.35820895522388063,2,0.08955223880597014,0.0,0.0,0.0,0.0,0,0.0,0.0,0.0,-0.032701361742185395,-0.011953266223542177
1222,mailer_only_vs_none,20,1.0,5,0.29850746268656714,1,0.04477611940298507,0.0,0.0,0.0,0.0,0,0.0,0.0,0.0,-0.002947056335088158,-0.005982391511482188
1224,both_vs_additive,20,0.9999999999999997,3,0.13953488372093023,1,0.046511627906976744,0.0,0.0,0.0,0.0,0,0.0,0.0,0.0,-0.025556413354815607,-0.010971278059364653
1224,both_vs_none,20,0.9999999999999997,3,0.13953488372093023,2,0.09302325581395349,0.046511627906976744,0.09302325581395349,0.09302325581395349,0.046511627906976744,0,0.0,0.0,0.0,0.022072029423322526,0.012992452949349503
1224,display_only_vs_none,20,0.9999999999999997,4,0.18604651162790697,2,0.09302325581395349,0.046511627906976744,0.046511627906976744,0.046511627906976744,0.046511627906976744,0,0.0,0.0,0.0,0.01335109717177081,0.006744166227925703
1224,mailer_only_vs_none,20,0.9999999999999997,5,0.23255813953488372,1,0.046511627906976744,0.046511627906976744,0.046511627906976744,0.046511627906976744,0.046511627906976744,1,0.046511627906976744,0.046511627906976744,0.046511627906976744,0.03849996385193753,0.022394327164064008
1228,both_vs_additive,20,1.0,4,0.21714285714285717,1,0.04,0.04,0.04,0.04,0.04,1,0.04,0.0,0.0,0.01316029251242178,0.004527983943753406
1228,both_vs_none,20,1.0,5,0.2571428571428572,1,0.04,0.0,0.0,0.0,0.0,1,0.04,0.04,0.0,0.0062405058177116965,0.0017297979797979803
1228,display_only_vs_none,20,1.0,4,0.21714285714285717,1,0.04,0.0,0.0,0.0,0.0,1,0.04,0.0,0.0,-0.005836670470657401,-0.0013667999204545998
1228,mailer_only_vs_none,20,1.0,6,0.28,1,0.04,0.0,0.0,0.0,0.0,1,0.04,0.04,0.0,0.00035714285714285796,-0.0003432300475311213
1229,both_vs_additive,20,0.9999999999999999,0,0.0,0,0.0,0.0,0.0,0.0,0.0,0,0.0,0.0,0.0,,
1229,both_vs_none,20,0.9999999999999999,1,0.056179775280898875,0,0.0,0.0,0.0,0.0,0.0,0,0.0,0.0,0.0,,
1229,display_only_vs_none,20,0.9999999999999999,0,0.0,0,0.0,0.0,0.0,0.0,0.0,0,0.0,0.0,0.0,,
1229,mailer_only_vs_none,20,0.9999999999999999,1,0.056179775280898875,0,0.0,0.0,0.0,0.0,0.0,0,0.0,0.0,0.0,,
1233,both_vs_additive,20,1.0000000000000004,3,0.14754098360655737,3,0.14754098360655737,0.09836065573770492,0.09836065573770492,0.09836065573770492,0.09836065573770492,2,0.09836065573770492,0.04918032786885246,0.09836065573770492,0.02668582255039184,0.004342165248738513
1233,both_vs_none,20,1.0000000000000004,3,0.14754098360655737,3,0.14754098360655737,0.0,0.0,0.0,0.0,2,0.09836065573770492,0.09836065573770492,0.04918032786885246,0.0029477922103696105,0.0008336522152311635
1233,display_only_vs_none,20,1.0000000000000004,4,0.19672131147540983,3,0.14754098360655737,0.0,0.04918032786885246,0.04918032786885246,0.0,2,0.09836065573770492,0.09836065573770492,0.09836065573770492,-0.007861791225773655,-0.0030191356856667786
1233,mailer_only_vs_none,20,1.0000000000000004,4,0.19672131147540983,3,0.14754098360655737,0.0,0.0,0.0,0.0,2,0.09836065573770492,0.0,0.0,-0.004340035273368606,3.246694018678472e-05
1236,both_vs_additive,20,1.0000000000000002,4,0.16831683168316833,1,0.04950495049504951,0.04950495049504951,0.0,0.04950495049504951,0.0,0,0.0,0.0,0.0,0.011671364168835293,0.017323537206823055
1236,both_vs_none,20,1.0000000000000002,4,0.16831683168316833,1,0.04950495049504951,0.0,0.0,0.0,0.0,0,0.0,0.0,0.0,0.005561485543565983,0.003282490860840013
1236,display_only_vs_none,20,1.0000000000000002,6,0.3366336633663366,2,0.1782178217821782,0.12871287128712872,0.12871287128712872,0.12871287128712872,0.12871287128712872,0,0.0,0.0,0.0,0.011451695130302086,0.0010010840876624252
1236,mailer_only_vs_none,20,1.0000000000000002,4,0.16831683168316833,1,0.04950495049504951,0.0,0.0,0.0,0.0,0,0.0,0.0,0.0,-0.002947056335088158,-0.005982391511482188
1238,both_vs_additive,20,0.9999999999999996,4,0.1818181818181818,2,0.08333333333333334,0.0,0.0,0.0,0.0,0,0.0,0.0,0.0,-0.01338926535184613,-0.006739446890858709
1238,both_vs_none,20,0.9999999999999996,4,0.1818181818181818,2,0.08333333333333334,0.045454545454545456,0.045454545454545456,0.045454545454545456,0.045454545454545456,0,0.0,0.0,0.0,0.02447627463856918,0.008909670539325752
1238,display_only_vs_none,20,0.9999999999999996,5,0.2651515151515152,3,0.16666666666666666,0.16666666666666666,0.12878787878787878,0.16666666666666666,0.12878787878787878,0,0.0,0.0,0.0,0.017782275334510697,0.005497070817412351
1238,mailer_only_vs_none,20,0.9999999999999996,4,0.1818181818181818,2,0.08333333333333334,0.08333333333333334,0.08333333333333334,0.08333333333333334,0.08333333333333334,0,0.0,0.0,0.0,0.022231306592880744,0.010222880860647609
1239,both_vs_additive,20,1.0000000000000004,4,0.2622950819672131,1,0.04918032786885246,0.04918032786885246,0.0,0.04918032786885246,0.0,0,0.0,0.0,0.0,0.011671364168835293,0.017323537206823055
1239,both_vs_none,20,1.0000000000000004,4,0.2622950819672131,1,0.04918032786885246,0.0,0.0,0.0,0.0,0,0.0,0.0,0.0,0.005561485543565982,0.003282490860840013
1239,display_only_vs_none,20,1.0000000000000004,4,0.2622950819672131,1,0.04918032786885246,0.0,0.0,0.0,0.0,0,0.0,0.0,0.0,-0.0038232147578032526,-0.008058654834500863
1239,mailer_only_vs_none,20,1.0000000000000004,4,0.2622950819672131,1,0.04918032786885246,0.0,0.0,0.0,0.0,0,0.0,0.0,0.0,-0.0029470563350881586,-0.005982391511482188
1240,both_vs_additive,20,0.9999999999999998,1,0.1111111111111111,1,0.1111111111111111,0.1111111111111111,0.1111111111111111,0.1111111111111111,0.1111111111111111,0,0.0,0.0,0.0,0.16836150148988288,0.04128756979795421
1240,both_vs_none,20,0.9999999999999998,1,0.1111111111111111,1,0.1111111111111111,0.0,0.0,0.0,0.0,0,0.0,0.0,0.0,-0.07045406843319933,-0.0015695903236861224
1240,display_only_vs_none,20,0.9999999999999998,2,0.16666666666666666,1,0.1111111111111111,0.0,0.0,0.0,0.0,0,0.0,0.0,0.0,-0.10056833513172979,-0.016514079457296535
1240,mailer_only_vs_none,20,0.9999999999999998,4,0.2444444444444444,1,0.1111111111111111,0.0,0.0,0.0,0.0,3,0.13333333333333333,0.06666666666666667,0.06666666666666667,-0.13824723479135242,-0.026096656611362498
1245,both_vs_additive,18,0.9999999999999996,3,0.20454545454545453,1,0.045454545454545456,0.0,0.0,0.0,0.0,1,0.045454545454545456,0.0,0.0,-0.020455829649273415,-0.007092941439589707
1245,both_vs_none,18,0.9999999999999997,4,0.27272727272727276,2,0.09090909090909091,0.09090909090909091,0.09090909090909091,0.09090909090909091,0.09090909090909091,1,0.045454545454545456,0.0,0.0,0.010409989316239317,0.005920584045584045
1245,display_only_vs_none,18,0.9999999999999996,4,0.25,3,0.13636363636363635,0.045454545454545456,0.09090909090909091,0.09090909090909091,0.045454545454545456,1,0.045454545454545456,0.045454545454545456,0.045454545454545456,-0.011282937949168808,-0.0004847513916277686
1245,mailer_only_vs_none,18,0.9999999999999996,5,0.31818181818181823,2,0.09090909090909091,0.045454545454545456,0.0,0.045454545454545456,0.0,1,0.045454545454545456,0.0,0.0,0.031192215125798953,0.006678776409770286
1246,both_vs_additive,20,1.0000000000000002,3,0.24675324675324678,1,0.03896103896103896,0.0,0.0,0.0,0.0,0,0.0,0.0,0.0,-0.023612947898662175,-0.00957896012344794
1246,both_vs_none,20,1.0000000000000002,3,0.24675324675324678,1,0.03896103896103896,0.03896103896103896,0.03896103896103896,0.03896103896103896,0.03896103896103896,0,0.0,0.0,0.0,0.026007186228974785,0.009469598227809288
1246,display_only_vs_none,20,1.0000000000000002,4,0.28571428571428575,1,0.03896103896103896,0.03896103896103896,0.03896103896103896,0.03896103896103896,0.03896103896103896,0,0.0,0.0,0.0,0.023663491405246012,0.00656241562588311
1246,mailer_only_vs_none,20,1.0000000000000002,5,0.37662337662337664,1,0.03896103896103896,0.03896103896103896,0.03896103896103896,0.03896103896103896,0.03896103896103896,0,0.0,0.0,0.0,0.02383542775536583,0.02068841146240527
1247,both_vs_additive,20,1.0000000000000002,3,0.20779220779220778,0,0.0,0.0,0.0,0.0,0.0,0,0.0,0.0,0.0,,
1247,both_vs_none,20,1.0000000000000002,3,0.20779220779220778,0,0.0,0.0,0.0,0.0,0.0,0,0.0,0.0,0.0,,
1247,display_only_vs_none,20,1.0000000000000002,4,0.24675324675324672,1,0.03896103896103896,0.0,0.0,0.0,0.0,0,0.0,0.0,0.0,-0.06157950872656754,-0.015847877612583494
1247,mailer_only_vs_none,20,1.0000000000000002,4,0.2727272727272727,1,0.06493506493506493,0.06493506493506493,0.06493506493506493,0.06493506493506493,0.06493506493506493,0,0.0,0.0,0.0,0.01003608869183632,0.020952216853171706
1248,both_vs_additive,20,0.9999999999999999,1,0.07692307692307693,0,0.0,0.0,0.0,0.0,0.0,0,0.0,0.0,0.0,,
1248,both_vs_none,20,0.9999999999999999,1,0.07692307692307693,0,0.0,0.0,0.0,0.0,0.0,0,0.0,0.0,0.0,,
1248,display_only_vs_none,20,0.9999999999999999,1,0.07692307692307693,0,0.0,0.0,0.0,0.0,0.0,0,0.0,0.0,0.0,,
1248,mailer_only_vs_none,20,0.9999999999999999,1,0.07692307692307693,0,0.0,0.0,0.0,0.0,0.0,0,0.0,0.0,0.0,,
1256,both_vs_additive,13,1.0,1,0.05405405405405406,0,0.0,0.0,0.0,0.0,0.0,0,0.0,0.0,0.0,,
1256,both_vs_none,13,1.0,1,0.05405405405405406,0,0.0,0.0,0.0,0.0,0.0,0,0.0,0.0,0.0,,
1256,display_only_vs_none,13,1.0,1,0.05405405405405406,0,0.0,0.0,0.0,0.0,0.0,0,0.0,0.0,0.0,,
1256,mailer_only_vs_none,13,1.0,1,0.05405405405405406,0,0.0,0.0,0.0,0.0,0.0,0,0.0,0.0,0.0,,
1258,both_vs_additive,17,1.0,1,0.03076923076923077,0,0.0,0.0,0.0,0.0,0.0,0,0.0,0.0,0.0,,
1258,both_vs_none,17,1.0,1,0.03076923076923077,0,0.0,0.0,0.0,0.0,0.0,0,0.0,0.0,0.0,,
1258,display_only_vs_none,17,1.0,1,0.03076923076923077,0,0.0,0.0,0.0,0.0,0.0,0,0.0,0.0,0.0,,
1258,mailer_only_vs_none,17,1.0000000000000002,2,0.06153846153846154,0,0.0,0.0,0.0,0.0,0.0,0,0.0,0.0,0.0,,
1260,both_vs_additive,20,1.0000000000000002,1,0.07100591715976332,0,0.0,0.0,0.0,0.0,0.0,0,0.0,0.0,0.0,,
1260,both_vs_none,20,1.0000000000000002,1,0.07100591715976332,0,0.0,0.0,0.0,0.0,0.0,0,0.0,0.0,0.0,,
1260,display_only_vs_none,20,1.0000000000000002,1,0.07100591715976332,0,0.0,0.0,0.0,0.0,0.0,0,0.0,0.0,0.0,,
1260,mailer_only_vs_none,20,1.0000000000000002,1,0.07100591715976332,0,0.0,0.0,0.0,0.0,0.0,0,0.0,0.0,0.0,,
1261,both_vs_additive,20,0.9999999999999996,1,0.045454545454545456,1,0.045454545454545456,0.045454545454545456,0.0,0.045454545454545456,0.0,0,0.0,0.0,0.0,0.011671364168835293,0.017323537206823055
1261,both_vs_none,20,0.9999999999999996,1,0.045454545454545456,1,0.045454545454545456,0.0,0.0,0.0,0.0,0,0.0,0.0,0.0,0.005561485543565982,0.003282490860840013
1261,display_only_vs_none,20,0.9999999999999996,1,0.045454545454545456,1,0.045454545454545456,0.0,0.0,0.0,0.0,0,0.0,0.0,0.0,-0.0038232147578032526,-0.008058654834500863
1261,mailer_only_vs_none,20,0.9999999999999996,1,0.045454545454545456,1,0.045454545454545456,0.0,0.0,0.0,0.0,0,0.0,0.0,0.0,-0.0029470563350881586,-0.005982391511482188
1262,both_vs_additive,20,0.9999999999999997,7,0.3695652173913043,1,0.043478260869565216,0.043478260869565216,0.0,0.043478260869565216,0.0,0,0.0,0.0,0.0,0.007468705092873996,0.0003739767027040597
1262,both_vs_none,20,0.9999999999999997,9,0.4565217391304347,1,0.043478260869565216,0.043478260869565216,0.043478260869565216,0.043478260869565216,0.043478260869565216,0,0.0,0.0,0.0,0.013535266295423714,0.004887377739701576
1262,display_only_vs_none,20,0.9999999999999997,10,0.4999999999999999,4,0.17391304347826086,0.08695652173913043,0.08695652173913043,0.08695652173913043,0.08695652173913043,1,0.043478260869565216,0.0,0.0,0.013642379496352483,0.0038020520741648975
1262,mailer_only_vs_none,20,0.9999999999999997,9,0.4565217391304347,4,0.1956521739130435,0.06521739130434782,0.06521739130434782,0.06521739130434782,0.06521739130434782,0,0.0,0.0,0.0,0.004285265658260775,0.005879994023578363
1263,both_vs_additive,16,0.9999999999999998,2,0.10416666666666666,0,0.0,0.0,0.0,0.0,0.0,0,0.0,0.0,0.0,,
1263,both_vs_none,16,0.9999999999999998,3,0.14583333333333331,0,0.0,0.0,0.0,0.0,0.0,0,0.0,0.0,0.0,,
1263,display_only_vs_none,16,0.9999999999999998,3,0.14583333333333331,1,0.041666666666666664,0.041666666666666664,0.041666666666666664,0.041666666666666664,0.041666666666666664,0,0.0,0.0,0.0,0.04179099025974026,0.010739087301587302
1263,mailer_only_vs_none,16,0.9999999999999998,3,0.14583333333333331,1,0.041666666666666664,0.0,0.0,0.0,0.0,0,0.0,0.0,0.0,0.0,0.0
1264,both_vs_additive,15,0.9999999999999996,4,0.30303030303030304,1,0.06060606060606061,0.06060606060606061,0.06060606060606061,0.06060606060606061,0.06060606060606061,1,0.06060606060606061,0.0,0.0,0.014807414807414813,0.014104397981905256
1264,both_vs_none,15,0.9999999999999996,5,0.36363636363636365,1,0.06060606060606061,0.06060606060606061,0.06060606060606061,0.06060606060606061,0.06060606060606061,1,0.06060606060606061,0.06060606060606061,0.06060606060606061,0.005220181864918707,0.0029894179894179897
1264,display_only_vs_none,15,0.9999999999999996,4,0.30303030303030304,1,0.06060606060606061,0.0,0.0,0.0,0.0,1,0.06060606060606061,0.06060606060606061,0.06060606060606061,-0.0020695586513664317,-0.002310319396232708
1264,mailer_only_vs_none,15,0.9999999999999996,6,0.42424242424242425,1,0.06060606060606061,0.0,0.0,0.0,0.0,1,0.06060606060606061,0.06060606060606061,0.06060606060606061,-0.0031083898944193077,-0.0047094959778783314
1266,both_vs_additive,5,1.0,0,0.0,0,0.0,0.0,0.0,0.0,0.0,0,0.0,0.0,0.0,,
1266,both_vs_none,5,1.0,0,0.0,0,0.0,0.0,0.0,0.0,0.0,0,0.0,0.0,0.0,,
1266,display_only_vs_none,5,1.0,0,0.0,0,0.0,0.0,0.0,0.0,0.0,0,0.0,0.0,0.0,,
1266,mailer_only_vs_none,5,1.0,0,0.0,0,0.0,0.0,0.0,0.0,0.0,0,0.0,0.0,0.0,,
1267,both_vs_additive,10,0.9999999999999998,0,0.0,0,0.0,0.0,0.0,0.0,0.0,0,0.0,0.0,0.0,,
1267,both_vs_none,10,0.9999999999999998,0,0.0,0,0.0,0.0,0.0,0.0,0.0,0,0.0,0.0,0.0,,
1267,display_only_vs_none,10,0.9999999999999998,0,0.0,0,0.0,0.0,0.0,0.0,0.0,0,0.0,0.0,0.0,,
1267,mailer_only_vs_none,10,0.9999999999999998,0,0.0,0,0.0,0.0,0.0,0.0,0.0,0,0.0,0.0,0.0,,
1268,both_vs_additive,20,0.9999999999999996,4,0.22413793103448276,2,0.15517241379310345,0.15517241379310345,0.15517241379310345,0.15517241379310345,0.15517241379310345,0,0.0,0.0,0.0,0.10212146429380012,0.03763882548043268
1268,both_vs_none,20,0.9999999999999996,4,0.22413793103448276,3,0.1896551724137931,0.1206896551724138,0.1206896551724138,0.1206896551724138,0.1206896551724138,0,0.0,0.0,0.0,-0.013907533506896615,0.008383384865852704
1268,display_only_vs_none,20,0.9999999999999996,4,0.22413793103448276,3,0.1896551724137931,0.034482758620689655,0.034482758620689655,0.034482758620689655,0.034482758620689655,0,0.0,0.0,0.0,-0.042257422077832556,-0.009009293206194828
1268,mailer_only_vs_none,20,0.9999999999999996,4,0.22413793103448276,3,0.1896551724137931,0.034482758620689655,0.0,0.034482758620689655,0.0,0,0.0,0.0,0.0,-0.04117466392209458,-0.008423010971423714
1274,both_vs_additive,20,1.0,2,0.14285714285714285,1,0.10714285714285714,0.10714285714285714,0.10714285714285714,0.10714285714285714,0.10714285714285714,0,0.0,0.0,0.0,0.16836150148988288,0.04128756979795421
1274,both_vs_none,20,1.0,2,0.14285714285714285,1,0.10714285714285714,0.0,0.0,0.0,0.0,0,0.0,0.0,0.0,-0.07045406843319933,-0.0015695903236861224
1274,display_only_vs_none,20,1.0,3,0.16428571428571428,1,0.10714285714285714,0.0,0.0,0.0,0.0,0,0.0,0.0,0.0,-0.10056833513172979,-0.016514079457296535
1274,mailer_only_vs_none,20,1.0,3,0.16428571428571428,1,0.10714285714285714,0.0,0.0,0.0,0.0,0,0.0,0.0,0.0,-0.13824723479135242,-0.026096656611362498
1277,both_vs_additive,20,0.9999999999999999,7,0.4833333333333333,1,0.06666666666666667,0.0,0.0,0.0,0.0,1,0.06666666666666667,0.0,0.0,0.004076479076479074,0.0030152567599753127
1277,both_vs_none,20,0.9999999999999999,8,0.5166666666666666,2,0.1,0.03333333333333333,0.03333333333333333,0.03333333333333333,0.03333333333333333,1,0.06666666666666667,0.06666666666666667,0.06666666666666667,0.00805064760947114,0.003516133455181443
1277,display_only_vs_none,20,0.9999999999999999,8,0.5166666666666666,3,0.13333333333333333,0.03333333333333333,0.03333333333333333,0.03333333333333333,0.03333333333333333,1,0.06666666666666667,0.06666666666666667,0.06666666666666667,0.005414630087007762,0.00235919082053895
1277,mailer_only_vs_none,20,0.9999999999999999,7,0.4833333333333333,2,0.1,0.03333333333333333,0.03333333333333333,0.03333333333333333,0.03333333333333333,1,0.06666666666666667,0.06666666666666667,0.06666666666666667,0.006393621939598952,0.003293862560453812
1284,both_vs_additive,6,0.9999999999999999,2,0.3333333333333333,0,0.0,0.0,0.0,0.0,0.0,0,0.0,0.0,0.0,,
1284,both_vs_none,6,0.9999999999999999,2,0.3333333333333333,0,0.0,0.0,0.0,0.0,0.0,0,0.0,0.0,0.0,,
1284,display_only_vs_none,6,0.9999999999999999,3,0.5,0,0.0,0.0,0.0,0.0,0.0,0,0.0,0.0,0.0,,
1284,mailer_only_vs_none,6,0.9999999999999999,3,0.5,0,0.0,0.0,0.0,0.0,0.0,0,0.0,0.0,0.0,,
1285,both_vs_additive,20,0.9999999999999998,4,0.2692307692307693,1,0.057692307692307696,0.057692307692307696,0.057692307692307696,0.057692307692307696,0.057692307692307696,0,0.0,0.0,0.0,0.06888543039086517,0.008195862130072656
1285,both_vs_none,20,0.9999999999999998,5,0.3076923076923077,1,0.057692307692307696,0.0,0.0,0.0,0.0,0,0.0,0.0,0.0,0.0017575757575757633,0.0
1285,display_only_vs_none,20,0.9999999999999998,5,0.3076923076923077,2,0.09615384615384616,0.0,0.0,0.0,0.0,1,0.038461538461538464,0.0,0.0,-0.012934942038087835,-0.0071479190875994025
1285,mailer_only_vs_none,20,0.9999999999999998,5,0.3076923076923077,1,0.057692307692307696,0.0,0.0,0.0,0.0,0,0.0,0.0,0.0,-0.008747619047619047,-0.0007803703529097455
1287,both_vs_additive,20,0.9999999999999998,3,0.10948905109489052,1,0.029197080291970802,0.029197080291970802,0.0,0.029197080291970802,0.0,0,0.0,0.0,0.0,0.011671364168835293,0.017323537206823055
1287,both_vs_none,20,0.9999999999999998,3,0.10948905109489052,1,0.029197080291970802,0.0,0.0,0.0,0.0,0,0.0,0.0,0.0,0.005561485543565982,0.003282490860840013
1287,display_only_vs_none,20,0.9999999999999997,4,0.1678832116788321,1,0.029197080291970802,0.0,0.0,0.0,0.0,0,0.0,0.0,0.0,-0.0038232147578032526,-0.008058654834500863
1287,mailer_only_vs_none,20,0.9999999999999997,4,0.1678832116788321,3,0.13138686131386862,0.10218978102189781,0.10218978102189781,0.10218978102189781,0.10218978102189781,0,0.0,0.0,0.0,0.01354345250166765,0.005378398594156221
1288,both_vs_additive,13,0.9999999999999998,5,0.3225806451612903,3,0.1935483870967742,0.12903225806451613,0.12903225806451613,0.12903225806451613,0.12903225806451613,0,0.0,0.0,0.0,0.04402227078623969,0.032604375028321725
1288,both_vs_none,13,0.9999999999999998,5,0.3225806451612903,3,0.1935483870967742,0.1935483870967742,0.1935483870967742,0.1935483870967742,0.1935483870967742,0,0.0,0.0,0.0,0.02126449585895675,0.01320630091056797
1288,display_only_vs_none,13,0.9999999999999998,5,0.3225806451612903,3,0.1935483870967742,0.06451612903225806,0.06451612903225806,0.06451612903225806,0.06451612903225806,0,0.0,0.0,0.0,0.0023407503948838886,-0.0015464959755182098
1288,mailer_only_vs_none,13,0.9999999999999998,6,0.45161290322580644,3,0.1935483870967742,0.06451612903225806,0.06451612903225806,0.06451612903225806,0.06451612903225806,0,0.0,0.0,0.0,0.008020552272536398,0.004141469940160506
1289,both_vs_additive,10,1.0,3,0.2727272727272727,0,0.0,0.0,0.0,0.0,0.0,0,0.0,0.0,0.0,,
1289,both_vs_none,10,1.0,3,0.2727272727272727,0,0.0,0.0,0.0,0.0,0.0,0,0.0,0.0,0.0,,
1289,display_only_vs_none,10,1.0,3,0.2727272727272727,0,0.0,0.0,0.0,0.0,0.0,0,0.0,0.0,0.0,,
1289,mailer_only_vs_none,10,1.0,3,0.2727272727272727,0,0.0,0.0,0.0,0.0,0.0,0,0.0,0.0,0.0,,
1291,both_vs_additive,5,1.0,2,0.45454545454545453,1,0.2727272727272727,0.2727272727272727,0.0,0.2727272727272727,0.0,0,0.0,0.0,0.0,0.011671364168835293,0.017323537206823055
1291,both_vs_none,5,1.0,2,0.45454545454545453,1,0.2727272727272727,0.0,0.0,0.0,0.0,0,0.0,0.0,0.0,0.005561485543565982,0.003282490860840013
1291,display_only_vs_none,5,1.0,2,0.45454545454545453,1,0.2727272727272727,0.0,0.0,0.0,0.0,0,0.0,0.0,0.0,-0.0038232147578032526,-0.008058654834500863
1291,mailer_only_vs_none,5,1.0,2,0.45454545454545453,1,0.2727272727272727,0.0,0.0,0.0,0.0,0,0.0,0.0,0.0,-0.0029470563350881586,-0.005982391511482188
1296,both_vs_additive,20,0.9999999999999999,3,0.1388888888888889,0,0.0,0.0,0.0,0.0,0.0,0,0.0,0.0,0.0,,
1296,both_vs_none,20,0.9999999999999999,3,0.1388888888888889,0,0.0,0.0,0.0,0.0,0.0,0,0.0,0.0,0.0,,
1296,display_only_vs_none,20,0.9999999999999999,4,0.2222222222222222,1,0.08333333333333333,0.0,0.0,0.0,0.0,0,0.0,0.0,0.0,-0.06157950872656754,-0.015847877612583494
1296,mailer_only_vs_none,20,0.9999999999999999,3,0.1388888888888889,0,0.0,0.0,0.0,0.0,0.0,0,0.0,0.0,0.0,,
1299,both_vs_additive,20,1.0,6,0.33695652173913043,2,0.07608695652173914,0.0,0.0,0.0,0.0,0,0.0,0.0,0.0,-0.019133891897618292,-0.011468866002614679
1299,both_vs_none,20,1.0,6,0.33695652173913043,3,0.13043478260869565,0.08695652173913043,0.08695652173913043,0.08695652173913043,0.08695652173913043,0,0.0,0.0,0.0,0.006404564723828488,0.0034889600476893093
1299,display_only_vs_none,20,1.0,8,0.4456521739130434,4,0.1956521739130435,0.09782608695652173,0.08695652173913043,0.13043478260869565,0.05434782608695652,0,0.0,0.0,0.0,0.00777777081399718,0.0038766713695873073
1299,mailer_only_vs_none,20,1.0,8,0.43478260869565216,4,0.17391304347826086,0.14130434782608695,0.08695652173913043,0.14130434782608695,0.08695652173913043,1,0.05434782608695652,0.05434782608695652,0.05434782608695652,0.023867455905689287,0.01036559002041065
1301,both_vs_additive,10,0.9999999999999999,0,0.0,0,0.0,0.0,0.0,0.0,0.0,0,0.0,0.0,0.0,,
1301,both_vs_none,10,0.9999999999999999,0,0.0,0,0.0,0.0,0.0,0.0,0.0,0,0.0,0.0,0.0,,
1301,display_only_vs_none,10,0.9999999999999999,0,0.0,0,0.0,0.0,0.0,0.0,0.0,0,0.0,0.0,0.0,,
1301,mailer_only_vs_none,10,0.9999999999999999,1,0.09523809523809523,0,0.0,0.0,0.0,0.0,0.0,0,0.0,0.0,0.0,,
1303,both_vs_additive,7,1.0,1,0.29411764705882354,0,0.0,0.0,0.0,0.0,0.0,0,0.0,0.0,0.0,,
1303,both_vs_none,7,1.0,2,0.4117647058823529,0,0.0,0.0,0.0,0.0,0.0,0,0.0,0.0,0.0,,
1303,display_only_vs_none,7,1.0,2,0.4117647058823529,1,0.11764705882352941,0.0,0.0,0.0,0.0,0,0.0,0.0,0.0,-0.06157950872656754,-0.015847877612583494
1303,mailer_only_vs_none,7,1.0,3,0.5294117647058824,0,0.0,0.0,0.0,0.0,0.0,0,0.0,0.0,0.0,,
1307,both_vs_additive,5,1.0,0,0.0,0,0.0,0.0,0.0,0.0,0.0,0,0.0,0.0,0.0,,
1307,both_vs_none,5,1.0,0,0.0,0,0.0,0.0,0.0,0.0,0.0,0,0.0,0.0,0.0,,
1307,display_only_vs_none,5,1.0,0,0.0,0,0.0,0.0,0.0,0.0,0.0,0,0.0,0.0,0.0,,
1307,mailer_only_vs_none,5,1.0,0,0.0,0,0.0,0.0,0.0,0.0,0.0,0,0.0,0.0,0.0,,
1308,both_vs_additive,10,1.0,4,0.4594594594594595,0,0.0,0.0,0.0,0.0,0.0,3,0.2972972972972973,0.0,0.0,,
1308,both_vs_none,10,1.0,4,0.4594594594594595,0,0.0,0.0,0.0,0.0,0.0,3,0.2972972972972973,0.21621621621621623,0.2972972972972973,,
1308,display_only_vs_none,10,1.0,4,0.4594594594594595,0,0.0,0.0,0.0,0.0,0.0,3,0.2972972972972973,0.2972972972972973,0.2972972972972973,,
1308,mailer_only_vs_none,10,1.0,4,0.4594594594594595,0,0.0,0.0,0.0,0.0,0.0,3,0.2972972972972973,0.2972972972972973,0.2972972972972973,,
1312,both_vs_additive,20,0.9999999999999999,5,0.2941176470588235,1,0.03529411764705882,0.03529411764705882,0.03529411764705882,0.03529411764705882,0.03529411764705882,0,0.0,0.0,0.0,0.06888543039086517,0.008195862130072656
1312,both_vs_none,20,0.9999999999999999,5,0.2941176470588235,1,0.03529411764705882,0.0,0.0,0.0,0.0,0,0.0,0.0,0.0,0.0017575757575757636,0.0
1312,display_only_vs_none,20,1.0,7,0.4352941176470588,1,0.03529411764705882,0.0,0.0,0.0,0.0,0,0.0,0.0,0.0,-0.01988095238095238,-0.010869565217391304
1312,mailer_only_vs_none,20,1.0,6,0.3294117647058823,1,0.03529411764705882,0.0,0.0,0.0,0.0,0,0.0,0.0,0.0,-0.008747619047619047,-0.0007803703529097455
1314,both_vs_additive,20,0.9999999999999996,2,0.2272727272727273,1,0.045454545454545456,0.0,0.0,0.0,0.0,0,0.0,0.0,0.0,-0.020455829649273415,-0.007092941439589707
1314,both_vs_none,20,0.9999999999999996,2,0.2272727272727273,1,0.045454545454545456,0.045454545454545456,0.045454545454545456,0.045454545454545456,0.045454545454545456,0,0.0,0.0,0.0,0.010873397435897436,0.006944444444444444
1314,display_only_vs_none,20,0.9999999999999996,3,0.25757575757575757,2,0.07575757575757576,0.0,0.045454545454545456,0.045454545454545456,0.0,1,0.030303030303030304,0.030303030303030304,0.030303030303030304,0.004522200819055024,0.003659534328549667
1314,mailer_only_vs_none,20,0.9999999999999996,3,0.2878787878787879,1,0.045454545454545456,0.0,0.0,0.0,0.0,0,0.0,0.0,0.0,-0.0012255499860763016,0.005155858680346433
1316,both_vs_additive,20,1.0000000000000002,2,0.09090909090909091,1,0.05454545454545454,0.05454545454545454,0.05454545454545454,0.05454545454545454,0.05454545454545454,0,0.0,0.0,0.0,0.1683615014898829,0.04128756979795421
1316,both_vs_none,20,1.0000000000000002,2,0.09090909090909091,1,0.05454545454545454,0.0,0.0,0.0,0.0,0,0.0,0.0,0.0,-0.07045406843319933,-0.001569590323686122
1316,display_only_vs_none,20,1.0000000000000002,2,0.09090909090909091,1,0.05454545454545454,0.0,0.0,0.0,0.0,0,0.0,0.0,0.0,-0.10056833513172977,-0.016514079457296535
1316,mailer_only_vs_none,20,1.0000000000000002,3,0.12727272727272726,1,0.05454545454545454,0.0,0.0,0.0,0.0,0,0.0,0.0,0.0,-0.13824723479135242,-0.026096656611362498
1317,both_vs_additive,20,1.0,5,0.325,1,0.03333333333333333,0.03333333333333333,0.0,0.03333333333333333,0.0,0,0.0,0.0,0.0,0.011671364168835293,0.017323537206823055
1317,both_vs_none,20,1.0,5,0.325,1,0.03333333333333333,0.0,0.0,0.0,0.0,0,0.0,0.0,0.0,0.005561485543565982,0.003282490860840013
1317,display_only_vs_none,20,1.0,6,0.375,1,0.03333333333333333,0.0,0.0,0.0,0.0,0,0.0,0.0,0.0,-0.003823214757803252,-0.008058654834500863
1317,mailer_only_vs_none,20,1.0,6,0.375,1,0.03333333333333333,0.0,0.0,0.0,0.0,0,0.0,0.0,0.0,-0.0029470563350881586,-0.005982391511482188
1319,both_vs_additive,6,0.9999999999999999,0,0.0,0,0.0,0.0,0.0,0.0,0.0,0,0.0,0.0,0.0,,
1319,both_vs_none,6,0.9999999999999999,0,0.0,0,0.0,0.0,0.0,0.0,0.0,0,0.0,0.0,0.0,,
1319,display_only_vs_none,6,0.9999999999999999,0,0.0,0,0.0,0.0,0.0,0.0,0.0,0,0.0,0.0,0.0,,
1319,mailer_only_vs_none,6,0.9999999999999999,1,0.16666666666666666,0,0.0,0.0,0.0,0.0,0.0,0,0.0,0.0,0.0,,
1326,both_vs_additive,5,1.0,2,0.64,0,0.0,0.0,0.0,0.0,0.0,0,0.0,0.0,0.0,,
1326,both_vs_none,5,1.0,2,0.64,0,0.0,0.0,0.0,0.0,0.0,0,0.0,0.0,0.0,,
1326,display_only_vs_none,5,1.0,2,0.64,0,0.0,0.0,0.0,0.0,0.0,0,0.0,0.0,0.0,,
1326,mailer_only_vs_none,5,1.0,2,0.64,0,0.0,0.0,0.0,0.0,0.0,0,0.0,0.0,0.0,,
1330,both_vs_additive,16,1.0000000000000002,4,0.33333333333333337,1,0.05555555555555555,0.05555555555555555,0.0,0.05555555555555555,0.0,0,0.0,0.0,0.0,0.011671364168835293,0.017323537206823055
1330,both_vs_none,16,1.0000000000000002,4,0.33333333333333337,1,0.05555555555555555,0.0,0.0,0.0,0.0,0,0.0,0.0,0.0,0.005561485543565982,0.003282490860840013
1330,display_only_vs_none,16,1.0000000000000002,5,0.38888888888888895,2,0.1111111111111111,0.0,0.0,0.0,0.0,0,0.0,0.0,0.0,-0.032701361742185395,-0.011953266223542178
1330,mailer_only_vs_none,16,1.0000000000000002,4,0.33333333333333337,1,0.05555555555555555,0.0,0.0,0.0,0.0,0,0.0,0.0,0.0,-0.0029470563350881586,-0.005982391511482189
1331,both_vs_additive,10,0.9999999999999999,2,0.3666666666666667,1,0.2,0.2,0.2,0.2,0.2,0,0.0,0.0,0.0,0.03030944197826453,0.022249060745474218
1331,both_vs_none,10,0.9999999999999999,2,0.3666666666666667,1,0.2,0.0,0.0,0.0,0.0,0,0.0,0.0,0.0,-0.009896729395254995,-0.0022554718493841587
1331,display_only_vs_none,10,0.9999999999999999,2,0.3666666666666667,1,0.2,0.0,0.0,0.0,0.0,0,0.0,0.0,0.0,-0.020609755031117248,-0.01295828469122752
1331,mailer_only_vs_none,10,0.9999999999999999,2,0.3666666666666667,1,0.2,0.0,0.0,0.0,0.0,0,0.0,0.0,0.0,-0.02006837606837607,-0.009401709401709403
1332,both_vs_additive,5,1.0,0,0.0,0,0.0,0.0,0.0,0.0,0.0,0,0.0,0.0,0.0,,
1332,both_vs_none,5,1.0,0,0.0,0,0.0,0.0,0.0,0.0,0.0,0,0.0,0.0,0.0,,
1332,display_only_vs_none,5,1.0,0,0.0,0,0.0,0.0,0.0,0.0,0.0,0,0.0,0.0,0.0,,
1332,mailer_only_vs_none,5,1.0,0,0.0,0,0.0,0.0,0.0,0.0,0.0,0,0.0,0.0,0.0,,
1333,both_vs_additive,17,1.0000000000000004,3,0.25,0,0.0,0.0,0.0,0.0,0.0,0,0.0,0.0,0.0,,
1333,both_vs_none,17,1.0000000000000004,3,0.25,1,0.05,0.05,0.05,0.05,0.05,0,0.0,0.0,0.0,0.009946581196581197,0.004896723646723646
1333,display_only_vs_none,17,1.0000000000000004,3,0.25,1,0.05,0.05,0.05,0.05,0.05,0,0.0,0.0,0.0,0.018516409164775406,0.007250766294843045
1333,mailer_only_vs_none,17,1.0000000000000004,3,0.25,1,0.05,0.05,0.0,0.05,0.0,0,0.0,0.0,0.0,0.06360998023767421,0.008201694139194141
1336,both_vs_additive,20,1.0,4,0.27058823529411763,2,0.16470588235294117,0.0,0.0,0.0,0.0,0,0.0,0.0,0.0,-0.021268443906611364,-0.011795466966920284
1336,both_vs_none,20,1.0,4,0.27058823529411763,2,0.16470588235294117,0.09411764705882353,0.09411764705882353,0.09411764705882353,0.09411764705882353,0,0.0,0.0,0.0,0.014272143387486686,0.0050416170950324645
1336,display_only_vs_none,20,1.0,5,0.32941176470588235,2,0.16470588235294117,0.16470588235294117,0.09411764705882353,0.16470588235294117,0.09411764705882353,0,0.0,0.0,0.0,0.017258123391707847,0.00605249261913901
1336,mailer_only_vs_none,20,1.0,6,0.4117647058823529,2,0.16470588235294117,0.16470588235294117,0.16470588235294117,0.16470588235294117,0.16470588235294117,1,0.08235294117647059,0.0,0.08235294117647059,0.016551853913088443,0.014561005783182323
1345,both_vs_additive,10,0.9999999999999998,2,0.3076923076923077,0,0.0,0.0,0.0,0.0,0.0,0,0.0,0.0,0.0,,
1345,both_vs_none,10,0.9999999999999998,2,0.3076923076923077,0,0.0,0.0,0.0,0.0,0.0,0,0.0,0.0,0.0,,
1345,display_only_vs_none,10,0.9999999999999998,3,0.38461538461538464,1,0.07692307692307693,0.0,0.0,0.0,0.0,0,0.0,0.0,0.0,-0.06157950872656754,-0.015847877612583494
1345,mailer_only_vs_none,10,0.9999999999999998,2,0.3076923076923077,0,0.0,0.0,0.0,0.0,0.0,0,0.0,0.0,0.0,,
1349,both_vs_additive,20,1.0,2,0.08235294117647059,1,0.03529411764705882,0.0,0.0,0.0,0.0,1,0.03529411764705882,0.0,0.0,0.004076479076479074,0.0030152567599753127
1349,both_vs_none,20,1.0,2,0.08235294117647059,1,0.03529411764705882,0.0,0.0,0.0,0.0,1,0.03529411764705882,0.0,0.0,-0.008755072541837246,-0.00408935293078095
1349,display_only_vs_none,20,1.0,4,0.2117647058823529,2,0.11764705882352941,0.0,0.0,0.0,0.0,1,0.03529411764705882,0.03529411764705882,0.0,-0.04501786723276492,-0.011623950327994445
1349,mailer_only_vs_none,20,1.0,2,0.08235294117647059,1,0.03529411764705882,0.0,0.0,0.0,0.0,1,0.03529411764705882,0.03529411764705882,0.03529411764705882,-0.0032828282828282823,0.0
1350,both_vs_additive,20,0.9999999999999999,1,0.029411764705882353,0,0.0,0.0,0.0,0.0,0.0,0,0.0,0.0,0.0,,
1350,both_vs_none,20,0.9999999999999999,2,0.07352941176470588,0,0.0,0.0,0.0,0.0,0.0,0,0.0,0.0,0.0,,
1350,display_only_vs_none,20,0.9999999999999999,2,0.058823529411764705,0,0.0,0.0,0.0,0.0,0.0,0,0.0,0.0,0.0,,
1350,mailer_only_vs_none,20,0.9999999999999999,3,0.10294117647058823,0,0.0,0.0,0.0,0.0,0.0,0,0.0,0.0,0.0,,
1351,both_vs_additive,8,0.9999999999999999,3,0.4074074074074074,1,0.14814814814814814,0.0,0.0,0.0,0.0,0,0.0,0.0,0.0,-0.0059072808833678415,0.0031492781874170126
1351,both_vs_none,8,0.9999999999999999,3,0.4074074074074074,1,0.14814814814814814,0.14814814814814814,0.14814814814814814,0.14814814814814814,0.14814814814814814,0,0.0,0.0,0.0,0.011080059725221018,0.005434782608695652
1351,display_only_vs_none,8,0.9999999999999999,3,0.4074074074074074,1,0.14814814814814814,0.0,0.0,0.0,0.0,0,0.0,0.0,0.0,-0.001759671864155106,-0.0031966899820356984
1351,mailer_only_vs_none,8,0.9999999999999999,3,0.4074074074074074,1,0.14814814814814814,0.14814814814814814,0.0,0.14814814814814814,0.0,0,0.0,0.0,0.0,0.017026397515527952,0.002097635392829901
1352,both_vs_additive,19,1.0,1,0.03571428571428571,1,0.03571428571428571,0.0,0.0,0.0,0.0,0,0.0,0.0,0.0,-0.009428287658487113,-6.331144583812676e-05
1352,both_vs_none,19,1.0,1,0.03571428571428571,1,0.03571428571428571,0.03571428571428571,0.03571428571428571,0.03571428571428571,0.03571428571428571,0,0.0,0.0,0.0,0.046018653838346926,0.017053027445988855
1352,display_only_vs_none,19,1.0,1,0.03571428571428571,1,0.03571428571428571,0.03571428571428571,0.03571428571428571,0.03571428571428571,0.03571428571428571,0,0.0,0.0,0.0,0.026171438105598695,0.007455165327337753
1352,mailer_only_vs_none,19,1.0,1,0.03571428571428571,1,0.03571428571428571,0.03571428571428571,0.03571428571428571,0.03571428571428571,0.03571428571428571,0,0.0,0.0,0.0,0.03505704365079365,0.013416005291005291
1353,both_vs_additive,11,0.9999999999999998,0,0.0,0,0.0,0.0,0.0,0.0,0.0,0,0.0,0.0,0.0,,
1353,both_vs_none,11,0.9999999999999998,0,0.0,0,0.0,0.0,0.0,0.0,0.0,0,0.0,0.0,0.0,,
1353,display_only_vs_none,11,0.9999999999999998,0,0.0,0,0.0,0.0,0.0,0.0,0.0,0,0.0,0.0,0.0,,
1353,mailer_only_vs_none,11,0.9999999999999998,1,0.16,0,0.0,0.0,0.0,0.0,0.0,0,0.0,0.0,0.0,,
1356,both_vs_additive,20,1.0000000000000002,3,0.2,1,0.1125,0.1125,0.1125,0.1125,0.1125,0,0.0,0.0,0.0,0.16836150148988288,0.04128756979795421
1356,both_vs_none,20,1.0000000000000002,3,0.2,1,0.1125,0.0,0.0,0.0,0.0,0,0.0,0.0,0.0,-0.07045406843319933,-0.0015695903236861222
1356,display_only_vs_none,20,1.0000000000000002,3,0.2,1,0.1125,0.0,0.0,0.0,0.0,0,0.0,0.0,0.0,-0.10056833513172979,-0.016514079457296535
1356,mailer_only_vs_none,20,1.0,4,0.225,2,0.15,0.0375,0.0375,0.0375,0.0375,0,0.0,0.0,0.0,-0.09830863040996311,-0.015162971389993452
1357,both_vs_additive,12,1.0,1,0.04938271604938271,1,0.04938271604938271,0.04938271604938271,0.04938271604938271,0.04938271604938271,0.04938271604938271,0,0.0,0.0,0.0,0.16836150148988288,0.04128756979795421
1357,both_vs_none,12,1.0,1,0.04938271604938271,1,0.04938271604938271,0.0,0.0,0.0,0.0,0,0.0,0.0,0.0,-0.07045406843319933,-0.0015695903236861222
1357,display_only_vs_none,12,1.0,1,0.04938271604938271,1,0.04938271604938271,0.0,0.0,0.0,0.0,0,0.0,0.0,0.0,-0.10056833513172977,-0.016514079457296535
1357,mailer_only_vs_none,12,1.0,1,0.04938271604938271,1,0.04938271604938271,0.0,0.0,0.0,0.0,0,0.0,0.0,0.0,-0.13824723479135242,-0.026096656611362495
1358,both_vs_additive,20,0.9999999999999994,5,0.2765957446808511,2,0.10638297872340424,0.0425531914893617,0.0425531914893617,0.0425531914893617,0.0425531914893617,0,0.0,0.0,0.0,-0.00014972099825823556,0.004643859434435865
1358,both_vs_none,20,0.9999999999999994,5,0.2765957446808511,2,0.10638297872340424,0.06382978723404255,0.06382978723404255,0.06382978723404255,0.06382978723404255,0,0.0,0.0,0.0,0.002565346703436463,0.003264477926913003
1358,display_only_vs_none,20,0.9999999999999994,5,0.2765957446808511,2,0.10638297872340424,0.0,0.06382978723404255,0.06382978723404255,0.0,0,0.0,0.0,0.0,-0.0027153305838754707,-0.0008975995907767221
1358,mailer_only_vs_none,20,0.9999999999999994,5,0.2765957446808511,2,0.10638297872340424,0.0,0.0,0.0,0.0,0,0.0,0.0,0.0,-0.008762680418996211,-0.0006671685524759019
1364,both_vs_additive,15,0.9999999999999996,1,0.11363636363636363,0,0.0,0.0,0.0,0.0,0.0,0,0.0,0.0,0.0,,
1364,both_vs_none,15,0.9999999999999996,2,0.1590909090909091,0,0.0,0.0,0.0,0.0,0.0,0,0.0,0.0,0.0,,
1364,display_only_vs_none,15,0.9999999999999996,4,0.25,1,0.045454545454545456,0.0,0.0,0.0,0.0,0,0.0,0.0,0.0,-0.06157950872656754,-0.015847877612583494
1364,mailer_only_vs_none,15,0.9999999999999996,2,0.1590909090909091,0,0.0,0.0,0.0,0.0,0.0,0,0.0,0.0,0.0,,
1367,both_vs_additive,20,0.9999999999999997,4,0.2021276595744681,1,0.0425531914893617,0.0425531914893617,0.0425531914893617,0.0425531914893617,0.0425531914893617,0,0.0,0.0,0.0,0.0491294345369339,0.03471983002641545
1367,both_vs_none,20,0.9999999999999997,4,0.2021276595744681,1,0.0425531914893617,0.0425531914893617,0.0425531914893617,0.0425531914893617,0.0425531914893617,0,0.0,0.0,0.0,0.021788048552754433,0.017740429505135387
1367,display_only_vs_none,20,0.9999999999999997,4,0.2021276595744681,1,0.0425531914893617,0.0,0.0,0.0,0.0,0,0.0,0.0,0.0,-0.019918224131757967,-0.009509488005728607
1367,mailer_only_vs_none,20,0.9999999999999997,5,0.2446808510638298,1,0.0425531914893617,0.0,0.0,0.0,0.0,0,0.0,0.0,0.0,-0.005430464890595826,-0.0009339765037198258
1369,both_vs_additive,20,1.0,3,0.24137931034482757,0,0.0,0.0,0.0,0.0,0.0,0,0.0,0.0,0.0,,
1369,both_vs_none,20,1.0,3,0.24137931034482757,0,0.0,0.0,0.0,0.0,0.0,0,0.0,0.0,0.0,,
1369,display_only_vs_none,20,1.0,4,0.3017241379310345,0,0.0,0.0,0.0,0.0,0.0,0,0.0,0.0,0.0,,
1369,mailer_only_vs_none,20,1.0,5,0.3017241379310345,1,0.02586206896551724,0.02586206896551724,0.02586206896551724,0.02586206896551724,0.02586206896551724,0,0.0,0.0,0.0,0.01003608869183632,0.020952216853171706
1370,both_vs_additive,20,1.0,3,0.21875,1,0.07291666666666667,0.07291666666666667,0.0,0.07291666666666667,0.0,0,0.0,0.0,0.0,0.011671364168835293,0.017323537206823055
1370,both_vs_none,20,1.0,3,0.21875,1,0.07291666666666667,0.0,0.0,0.0,0.0,0,0.0,0.0,0.0,0.005561485543565982,0.003282490860840013
1370,display_only_vs_none,20,1.0,3,0.21875,1,0.07291666666666667,0.0,0.0,0.0,0.0,0,0.0,0.0,0.0,-0.003823214757803253,-0.008058654834500863
1370,mailer_only_vs_none,20,1.0,3,0.21875,1,0.07291666666666667,0.0,0.0,0.0,0.0,0,0.0,0.0,0.0,-0.0029470563350881586,-0.005982391511482188
1372,both_vs_additive,19,0.9999999999999996,4,0.22916666666666663,0,0.0,0.0,0.0,0.0,0.0,0,0.0,0.0,0.0,,
1372,both_vs_none,19,0.9999999999999996,4,0.22916666666666663,0,0.0,0.0,0.0,0.0,0.0,0,0.0,0.0,0.0,,
1372,display_only_vs_none,19,0.9999999999999996,4,0.22916666666666663,0,0.0,0.0,0.0,0.0,0.0,0,0.0,0.0,0.0,,
1372,mailer_only_vs_none,19,0.9999999999999996,4,0.22916666666666663,0,0.0,0.0,0.0,0.0,0.0,0,0.0,0.0,0.0,,
1375,both_vs_additive,20,0.9999999999999996,1,0.06818181818181818,0,0.0,0.0,0.0,0.0,0.0,0,0.0,0.0,0.0,,
1375,both_vs_none,20,0.9999999999999996,2,0.11363636363636363,0,0.0,0.0,0.0,0.0,0.0,0,0.0,0.0,0.0,,
1375,display_only_vs_none,20,0.9999999999999996,2,0.11363636363636363,0,0.0,0.0,0.0,0.0,0.0,0,0.0,0.0,0.0,,
1375,mailer_only_vs_none,20,0.9999999999999996,2,0.11363636363636363,0,0.0,0.0,0.0,0.0,0.0,0,0.0,0.0,0.0,,
1376,both_vs_additive,20,0.9999999999999997,4,0.3076923076923077,2,0.13461538461538464,0.13461538461538464,0.057692307692307696,0.13461538461538464,0.057692307692307696,0,0.0,0.0,0.0,0.012309476316086643,0.01183972866550749
1376,both_vs_none,20,0.9999999999999997,4,0.3076923076923077,2,0.13461538461538464,0.0,0.0,0.0,0.0,0,0.0,0.0,0.0,0.005852494232485574,0.0026170510546791414
1376,display_only_vs_none,20,0.9999999999999997,6,0.3846153846153846,3,0.1730769230769231,0.0,0.0,0.0,0.0,0,0.0,0.0,0.0,-0.004203858165640804,-0.004385102098354483
1376,mailer_only_vs_none,20,0.9999999999999997,5,0.34615384615384615,2,0.13461538461538464,0.0,0.0,0.0,0.0,0,0.0,0.0,0.0,-0.0015309709669891515,-0.0035656080269317308
1378,both_vs_additive,20,1.0000000000000002,1,0.041176470588235294,0,0.0,0.0,0.0,0.0,0.0,0,0.0,0.0,0.0,,
1378,both_vs_none,20,1.0000000000000002,1,0.041176470588235294,0,0.0,0.0,0.0,0.0,0.0,0,0.0,0.0,0.0,,
1378,display_only_vs_none,20,1.0000000000000002,1,0.041176470588235294,0,0.0,0.0,0.0,0.0,0.0,0,0.0,0.0,0.0,,
1378,mailer_only_vs_none,20,1.0000000000000002,1,0.041176470588235294,0,0.0,0.0,0.0,0.0,0.0,0,0.0,0.0,0.0,,
1379,both_vs_additive,20,1.0,3,0.21374045801526717,0,0.0,0.0,0.0,0.0,0.0,0,0.0,0.0,0.0,,
1379,both_vs_none,20,1.0,3,0.21374045801526717,0,0.0,0.0,0.0,0.0,0.0,0,0.0,0.0,0.0,,
1379,display_only_vs_none,20,1.0000000000000002,4,0.2595419847328244,0,0.0,0.0,0.0,0.0,0.0,0,0.0,0.0,0.0,,
1379,mailer_only_vs_none,20,1.0000000000000002,5,0.2748091603053435,0,0.0,0.0,0.0,0.0,0.0,0,0.0,0.0,0.0,,
1382,both_vs_additive,20,0.9999999999999999,7,0.38888888888888895,0,0.0,0.0,0.0,0.0,0.0,0,0.0,0.0,0.0,,
1382,both_vs_none,20,0.9999999999999999,7,0.38888888888888895,0,0.0,0.0,0.0,0.0,0.0,0,0.0,0.0,0.0,,
1382,display_only_vs_none,20,0.9999999999999999,7,0.38888888888888895,0,0.0,0.0,0.0,0.0,0.0,0,0.0,0.0,0.0,,
1382,mailer_only_vs_none,20,0.9999999999999999,7,0.38888888888888895,0,0.0,0.0,0.0,0.0,0.0,0,0.0,0.0,0.0,,
1383,both_vs_additive,5,0.9999999999999999,0,0.0,0,0.0,0.0,0.0,0.0,0.0,0,0.0,0.0,0.0,,
1383,both_vs_none,5,0.9999999999999999,0,0.0,0,0.0,0.0,0.0,0.0,0.0,0,0.0,0.0,0.0,,
1383,display_only_vs_none,5,0.9999999999999999,0,0.0,0,0.0,0.0,0.0,0.0,0.0,0,0.0,0.0,0.0,,
1383,mailer_only_vs_none,5,0.9999999999999999,0,0.0,0,0.0,0.0,0.0,0.0,0.0,0,0.0,0.0,0.0,,
1385,both_vs_additive,20,0.9999999999999999,6,0.36206896551724144,2,0.08620689655172414,0.08620689655172414,0.08620689655172414,0.08620689655172414,0.08620689655172414,0,0.0,0.0,0.0,0.04188223850204472,0.01803310116085375
1385,both_vs_none,20,0.9999999999999999,6,0.36206896551724144,2,0.08620689655172414,0.0,0.0,0.0,0.0,0,0.0,0.0,0.0,-0.006400437849405768,-0.0015788302945689112
1385,display_only_vs_none,20,1.0,7,0.4741379310344828,2,0.08620689655172414,0.0,0.0,0.0,0.0,1,0.11206896551724138,0.0,0.0,-0.02039111423606779,-0.012331668849076655
1385,mailer_only_vs_none,20,0.9999999999999999,7,0.4224137931034483,2,0.08620689655172414,0.0,0.0,0.0,0.0,0,0.0,0.0,0.0,-0.016672148962148966,-0.006815307687069506
1387,both_vs_additive,9,0.9999999999999998,0,0.0,0,0.0,0.0,0.0,0.0,0.0,0,0.0,0.0,0.0,,
1387,both_vs_none,9,0.9999999999999998,0,0.0,0,0.0,0.0,0.0,0.0,0.0,0,0.0,0.0,0.0,,
1387,display_only_vs_none,9,0.9999999999999998,1,0.05263157894736842,0,0.0,0.0,0.0,0.0,0.0,0,0.0,0.0,0.0,,
1387,mailer_only_vs_none,9,0.9999999999999998,0,0.0,0,0.0,0.0,0.0,0.0,0.0,0,0.0,0.0,0.0,,
1388,both_vs_additive,20,1.0,3,0.16814159292035397,1,0.02654867256637168,0.0,0.02654867256637168,0.02654867256637168,0.0,0,0.0,0.0,0.0,0.0044710405387866844,0.007136903288786226
1388,both_vs_none,20,1.0,3,0.16814159292035397,1,0.02654867256637168,0.0,0.0,0.0,0.0,0,0.0,0.0,0.0,0.03493919101731601,0.01744453463203463
1388,display_only_vs_none,20,1.0,3,0.16814159292035397,1,0.02654867256637168,0.0,0.0,0.0,0.0,0,0.0,0.0,0.0,0.020296596421953722,0.009314346610739533
1388,mailer_only_vs_none,20,1.0,3,0.16814159292035397,1,0.02654867256637168,0.0,0.0,0.0,0.0,0,0.0,0.0,0.0,-0.0012132944282728759,1.8426257650396016e-05
1391,both_vs_additive,20,1.0000000000000004,1,0.06557377049180328,0,0.0,0.0,0.0,0.0,0.0,0,0.0,0.0,0.0,,
1391,both_vs_none,20,1.0000000000000004,1,0.06557377049180328,0,0.0,0.0,0.0,0.0,0.0,0,0.0,0.0,0.0,,
1391,display_only_vs_none,20,1.0000000000000004,2,0.11475409836065574,0,0.0,0.0,0.0,0.0,0.0,0,0.0,0.0,0.0,,
1391,mailer_only_vs_none,20,1.0000000000000004,3,0.14754098360655737,0,0.0,0.0,0.0,0.0,0.0,0,0.0,0.0,0.0,,
1392,both_vs_additive,14,0.9999999999999999,2,0.09302325581395349,1,0.046511627906976744,0.046511627906976744,0.046511627906976744,0.046511627906976744,0.046511627906976744,0,0.0,0.0,0.0,0.1439351481851482,0.08693806193806193
1392,both_vs_none,14,0.9999999999999999,2,0.09302325581395349,1,0.046511627906976744,0.046511627906976744,0.046511627906976744,0.046511627906976744,0.046511627906976744,1,0.046511627906976744,0.0,0.0,0.041376546159154856,0.02234070277548538
1392,display_only_vs_none,14,0.9999999999999999,2,0.09302325581395349,1,0.046511627906976744,0.0,0.0,0.0,0.0,1,0.046511627906976744,0.0,0.0,-0.007484684382074922,-0.01689899080041509
1392,mailer_only_vs_none,14,0.9999999999999999,2,0.09302325581395349,1,0.046511627906976744,0.0,0.0,0.0,0.0,0,0.0,0.0,0.0,0.0,0.0
1393,both_vs_additive,20,1.0000000000000002,0,0.0,0,0.0,0.0,0.0,0.0,0.0,0,0.0,0.0,0.0,,
1393,both_vs_none,20,1.0000000000000002,0,0.0,0,0.0,0.0,0.0,0.0,0.0,0,0.0,0.0,0.0,,
1393,display_only_vs_none,20,1.0000000000000002,0,0.0,0,0.0,0.0,0.0,0.0,0.0,0,0.0,0.0,0.0,,
1393,mailer_only_vs_none,20,1.0000000000000002,0,0.0,0,0.0,0.0,0.0,0.0,0.0,0,0.0,0.0,0.0,,
1396,both_vs_additive,20,0.9999999999999997,5,0.2777777777777778,1,0.044444444444444446,0.044444444444444446,0.0,0.044444444444444446,0.0,0,0.0,0.0,0.0,0.011671364168835293,0.017323537206823055
1396,both_vs_none,20,0.9999999999999997,5,0.2777777777777778,1,0.044444444444444446,0.0,0.0,0.0,0.0,0,0.0,0.0,0.0,0.005561485543565982,0.003282490860840013
1396,display_only_vs_none,20,0.9999999999999997,6,0.32222222222222224,1,0.044444444444444446,0.0,0.0,0.0,0.0,0,0.0,0.0,0.0,-0.0038232147578032526,-0.008058654834500863
1396,mailer_only_vs_none,20,0.9999999999999997,5,0.2777777777777778,1,0.044444444444444446,0.0,0.0,0.0,0.0,0,0.0,0.0,0.0,-0.002947056335088159,-0.005982391511482188
1402,both_vs_additive,16,0.9999999999999997,1,0.043478260869565216,0,0.0,0.0,0.0,0.0,0.0,0,0.0,0.0,0.0,,
1402,both_vs_none,16,0.9999999999999997,1,0.043478260869565216,0,0.0,0.0,0.0,0.0,0.0,0,0.0,0.0,0.0,,
1402,display_only_vs_none,16,0.9999999999999997,1,0.043478260869565216,0,0.0,0.0,0.0,0.0,0.0,0,0.0,0.0,0.0,,
1402,mailer_only_vs_none,16,0.9999999999999997,1,0.043478260869565216,0,0.0,0.0,0.0,0.0,0.0,0,0.0,0.0,0.0,,
1403,both_vs_additive,8,0.9999999999999998,1,0.13043478260869565,0,0.0,0.0,0.0,0.0,0.0,0,0.0,0.0,0.0,,
1403,both_vs_none,8,0.9999999999999998,1,0.13043478260869565,0,0.0,0.0,0.0,0.0,0.0,0,0.0,0.0,0.0,,
1403,display_only_vs_none,8,1.0,3,0.391304347826087,1,0.17391304347826086,0.0,0.0,0.0,0.0,0,0.0,0.0,0.0,-0.06157950872656754,-0.015847877612583494
1403,mailer_only_vs_none,8,1.0,2,0.21739130434782608,1,0.08695652173913043,0.0,0.0,0.0,0.0,0,0.0,0.0,0.0,-0.011694311767260095,-0.006795484151107251
1404,both_vs_additive,16,1.0,4,0.40476190476190477,1,0.14285714285714285,0.14285714285714285,0.0,0.14285714285714285,0.0,3,0.3333333333333333,0.14285714285714285,0.14285714285714285,0.011671364168835293,0.017323537206823055
1404,both_vs_none,16,1.0,4,0.40476190476190477,2,0.21428571428571427,0.07142857142857142,0.07142857142857142,0.07142857142857142,0.07142857142857142,3,0.3333333333333333,0.19047619047619047,0.19047619047619047,0.016381268140155097,0.009628803431036198
1404,display_only_vs_none,16,1.0,4,0.40476190476190477,2,0.21428571428571427,0.07142857142857142,0.07142857142857142,0.07142857142857142,0.07142857142857142,3,0.3333333333333333,0.19047619047619047,0.19047619047619047,0.00035773709903726066,-0.003552150361047713
1404,mailer_only_vs_none,16,1.0,5,0.45238095238095233,1,0.14285714285714285,0.0,0.0,0.0,0.0,3,0.3333333333333333,0.19047619047619047,0.09523809523809523,-0.0029470563350881586,-0.005982391511482188
1405,both_vs_additive,8,1.0,1,0.11764705882352941,0,0.0,0.0,0.0,0.0,0.0,0,0.0,0.0,0.0,,
1405,both_vs_none,8,1.0,1,0.11764705882352941,0,0.0,0.0,0.0,0.0,0.0,0,0.0,0.0,0.0,,
1405,display_only_vs_none,8,1.0,1,0.11764705882352941,0,0.0,0.0,0.0,0.0,0.0,0,0.0,0.0,0.0,,
1405,mailer_only_vs_none,8,1.0,1,0.11764705882352941,0,0.0,0.0,0.0,0.0,0.0,0,0.0,0.0,0.0,,
1406,both_vs_additive,7,0.9999999999999998,3,0.42857142857142855,1,0.14285714285714285,0.14285714285714285,0.14285714285714285,0.14285714285714285,0.14285714285714285,0,0.0,0.0,0.0,0.030309441978264528,0.02224906074547422
1406,both_vs_none,7,0.9999999999999998,3,0.42857142857142855,1,0.14285714285714285,0.0,0.0,0.0,0.0,0,0.0,0.0,0.0,-0.009896729395254995,-0.0022554718493841587
1406,display_only_vs_none,7,0.9999999999999998,3,0.42857142857142855,1,0.14285714285714285,0.0,0.0,0.0,0.0,0,0.0,0.0,0.0,-0.020609755031117248,-0.01295828469122752
1406,mailer_only_vs_none,7,0.9999999999999998,3,0.42857142857142855,1,0.14285714285714285,0.0,0.0,0.0,0.0,0,0.0,0.0,0.0,-0.02006837606837607,-0.009401709401709403
1408,both_vs_additive,15,0.9999999999999997,1,0.06666666666666667,0,0.0,0.0,0.0,0.0,0.0,0,0.0,0.0,0.0,,
1408,both_vs_none,15,0.9999999999999997,1,0.06666666666666667,0,0.0,0.0,0.0,0.0,0.0,0,0.0,0.0,0.0,,
1408,display_only_vs_none,15,0.9999999999999997,1,0.06666666666666667,0,0.0,0.0,0.0,0.0,0.0,0,0.0,0.0,0.0,,
1408,mailer_only_vs_none,15,0.9999999999999997,1,0.06666666666666667,0,0.0,0.0,0.0,0.0,0.0,0,0.0,0.0,0.0,,
1410,both_vs_additive,20,0.9999999999999999,2,0.1607142857142857,1,0.05357142857142857,0.0,0.0,0.0,0.0,0,0.0,0.0,0.0,-0.018142438583876954,-0.014750809424883408
1410,both_vs_none,20,0.9999999999999999,2,0.1607142857142857,1,0.05357142857142857,0.0,0.0,0.0,0.0,0,0.0,0.0,0.0,-0.0013745804011641109,-0.0008623577486699656
1410,display_only_vs_none,20,0.9999999999999999,2,0.1607142857142857,1,0.05357142857142857,0.05357142857142857,0.0,0.05357142857142857,0.0,0,0.0,0.0,0.0,0.00871763270699029,0.005372595276813542
1410,mailer_only_vs_none,20,0.9999999999999999,5,0.2857142857142857,2,0.08928571428571427,0.08928571428571427,0.08928571428571427,0.08928571428571427,0.08928571428571427,0,0.0,0.0,0.0,0.008118688750765686,0.01221556566779972
1418,both_vs_additive,10,0.9999999999999998,1,0.07142857142857142,1,0.07142857142857142,0.07142857142857142,0.07142857142857142,0.07142857142857142,0.07142857142857142,0,0.0,0.0,0.0,0.16836150148988288,0.04128756979795421
1418,both_vs_none,10,0.9999999999999998,1,0.07142857142857142,1,0.07142857142857142,0.0,0.0,0.0,0.0,0,0.0,0.0,0.0,-0.07045406843319933,-0.0015695903236861222
1418,display_only_vs_none,10,0.9999999999999998,1,0.07142857142857142,1,0.07142857142857142,0.0,0.0,0.0,0.0,0,0.0,0.0,0.0,-0.10056833513172979,-0.016514079457296535
1418,mailer_only_vs_none,10,0.9999999999999998,1,0.07142857142857142,1,0.07142857142857142,0.0,0.0,0.0,0.0,0,0.0,0.0,0.0,-0.13824723479135242,-0.026096656611362498
1419,both_vs_additive,20,0.9999999999999996,5,0.2954545454545454,2,0.07954545454545454,0.0,0.0,0.0,0.0,0,0.0,0.0,0.0,-0.0185020408381746,-0.009204135138023569
1419,both_vs_none,20,0.9999999999999996,5,0.2954545454545454,2,0.07954545454545454,0.07954545454545454,0.03409090909090909,0.07954545454545454,0.03409090909090909,0,0.0,0.0,0.0,0.018760838390743224,0.005694843291794427
1419,display_only_vs_none,20,0.9999999999999997,6,0.34090909090909094,2,0.07954545454545454,0.03409090909090909,0.03409090909090909,0.03409090909090909,0.03409090909090909,0,0.0,0.0,0.0,0.013965341644138731,0.004960691551801677
1419,mailer_only_vs_none,20,0.9999999999999996,5,0.2954545454545454,2,0.07954545454545454,0.07954545454545454,0.03409090909090909,0.07954545454545454,0.03409090909090909,0,0.0,0.0,0.0,0.015261767174659888,0.008701199572101576
1420,both_vs_additive,20,1.0000000000000004,6,0.44262295081967207,1,0.13114754098360656,0.13114754098360656,0.13114754098360656,0.13114754098360656,0.13114754098360656,0,0.0,0.0,0.0,0.030309441978264528,0.02224906074547422
1420,both_vs_none,20,1.0000000000000004,6,0.44262295081967207,1,0.13114754098360656,0.0,0.0,0.0,0.0,0,0.0,0.0,0.0,-0.009896729395254995,-0.0022554718493841587
1420,display_only_vs_none,20,1.0000000000000004,6,0.44262295081967207,1,0.13114754098360656,0.0,0.0,0.0,0.0,0,0.0,0.0,0.0,-0.020609755031117248,-0.01295828469122752
1420,mailer_only_vs_none,20,1.0000000000000004,6,0.44262295081967207,1,0.13114754098360656,0.0,0.0,0.0,0.0,0,0.0,0.0,0.0,-0.02006837606837607,-0.009401709401709403
1421,both_vs_additive,20,1.0,3,0.19791666666666669,0,0.0,0.0,0.0,0.0,0.0,0,0.0,0.0,0.0,,
1421,both_vs_none,20,1.0,4,0.22916666666666669,0,0.0,0.0,0.0,0.0,0.0,0,0.0,0.0,0.0,,
1421,display_only_vs_none,20,1.0,4,0.22916666666666669,1,0.03125,0.0,0.0,0.0,0.0,0,0.0,0.0,0.0,-0.06157950872656754,-0.015847877612583494
1421,mailer_only_vs_none,20,1.0,4,0.22916666666666669,0,0.0,0.0,0.0,0.0,0.0,0,0.0,0.0,0.0,,
1423,both_vs_additive,9,1.0,0,0.0,0,0.0,0.0,0.0,0.0,0.0,0,0.0,0.0,0.0,,
1423,both_vs_none,9,1.0,0,0.0,0,0.0,0.0,0.0,0.0,0.0,0,0.0,0.0,0.0,,
1423,display_only_vs_none,9,1.0,0,0.0,0,0.0,0.0,0.0,0.0,0.0,0,0.0,0.0,0.0,,
1423,mailer_only_vs_none,9,1.0,0,0.0,0,0.0,0.0,0.0,0.0,0.0,0,0.0,0.0,0.0,,
1425,both_vs_additive,20,1.0,3,0.14492753623188406,0,0.0,0.0,0.0,0.0,0.0,0,0.0,0.0,0.0,,
1425,both_vs_none,20,1.0,3,0.14492753623188406,0,0.0,0.0,0.0,0.0,0.0,0,0.0,0.0,0.0,,
1425,display_only_vs_none,20,1.0,4,0.2898550724637682,1,0.14492753623188406,0.0,0.0,0.0,0.0,0,0.0,0.0,0.0,-0.06157950872656754,-0.015847877612583494
1425,mailer_only_vs_none,20,1.0,4,0.18840579710144925,0,0.0,0.0,0.0,0.0,0.0,0,0.0,0.0,0.0,,
1426,both_vs_additive,20,0.9999999999999998,4,0.1847826086956522,2,0.10869565217391304,0.10869565217391304,0.06521739130434782,0.10869565217391304,0.06521739130434782,0,0.0,0.0,0.0,0.045999803902053216,0.011846932160772816
1426,both_vs_none,20,0.9999999999999998,4,0.1847826086956522,2,0.10869565217391304,0.0,0.0,0.0,0.0,0,0.0,0.0,0.0,0.003279139671971851,0.0013129963443360053
1426,display_only_vs_none,20,0.9999999999999998,5,0.2173913043478261,3,0.14130434782608695,0.0,0.0,0.0,0.0,0,0.0,0.0,0.0,-0.010352197947455946,-0.007496308510950099
1426,mailer_only_vs_none,20,0.9999999999999998,5,0.2173913043478261,3,0.14130434782608695,0.03260869565217391,0.03260869565217391,0.03260869565217391,0.03260869565217391,0,0.0,0.0,0.0,-0.0027551382129941586,-0.0008822254631176986
1427,both_vs_additive,11,0.9999999999999998,2,0.21428571428571427,1,0.07142857142857142,0.07142857142857142,0.07142857142857142,0.07142857142857142,0.07142857142857142,0,0.0,0.0,0.0,0.1439351481851482,0.08693806193806193
1427,both_vs_none,11,0.9999999999999998,2,0.21428571428571427,1,0.07142857142857142,0.07142857142857142,0.07142857142857142,0.07142857142857142,0.07142857142857142,0,0.0,0.0,0.0,0.041376546159154856,0.02234070277548538
1427,display_only_vs_none,11,0.9999999999999998,5,0.4285714285714285,2,0.14285714285714285,0.0,0.0,0.0,0.0,0,0.0,0.0,0.0,-0.034532096554321226,-0.01637343420649929
1427,mailer_only_vs_none,11,0.9999999999999998,3,0.2857142857142857,1,0.07142857142857142,0.0,0.0,0.0,0.0,0,0.0,0.0,0.0,0.0,0.0
1429,both_vs_additive,7,1.0,1,0.09523809523809523,0,0.0,0.0,0.0,0.0,0.0,0,0.0,0.0,0.0,,
1429,both_vs_none,7,0.9999999999999999,2,0.19047619047619047,0,0.0,0.0,0.0,0.0,0.0,0,0.0,0.0,0.0,,
1429,display_only_vs_none,7,1.0,1,0.09523809523809523,0,0.0,0.0,0.0,0.0,0.0,0,0.0,0.0,0.0,,
1429,mailer_only_vs_none,7,0.9999999999999999,2,0.19047619047619047,0,0.0,0.0,0.0,0.0,0.0,0,0.0,0.0,0.0,,
1430,both_vs_additive,20,0.9999999999999999,3,0.12745098039215685,0,0.0,0.0,0.0,0.0,0.0,0,0.0,0.0,0.0,,
1430,both_vs_none,20,0.9999999999999999,3,0.12745098039215685,0,0.0,0.0,0.0,0.0,0.0,0,0.0,0.0,0.0,,
1430,display_only_vs_none,20,0.9999999999999999,5,0.23529411764705882,2,0.10784313725490197,0.06862745098039216,0.06862745098039216,0.06862745098039216,0.06862745098039216,0,0.0,0.0,0.0,-0.011366491963918427,-0.00290839245875067
1430,mailer_only_vs_none,20,0.9999999999999999,3,0.12745098039215685,0,0.0,0.0,0.0,0.0,0.0,0,0.0,0.0,0.0,,
1431,both_vs_additive,7,0.9999999999999999,1,0.13333333333333333,1,0.13333333333333333,0.0,0.0,0.0,0.0,0,0.0,0.0,0.0,-0.010076274087768337,-0.004084315003855232
1431,both_vs_none,7,0.9999999999999999,1,0.13333333333333333,1,0.13333333333333333,0.0,0.0,0.0,0.0,0,0.0,0.0,0.0,-0.006585543080108294,-0.0002883122312470135
1431,display_only_vs_none,7,0.9999999999999999,1,0.13333333333333333,1,0.13333333333333333,0.0,0.0,0.0,0.0,0,0.0,0.0,0.0,-0.014836180537567967,-0.0059304291831472795
1431,mailer_only_vs_none,7,0.9999999999999999,1,0.13333333333333333,1,0.13333333333333333,0.0,0.13333333333333333,0.13333333333333333,0.0,0,0.0,0.0,0.0,-0.004540541896560141,0.00021532814838080144
1434,both_vs_additive,6,0.9999999999999998,1,0.14285714285714285,0,0.0,0.0,0.0,0.0,0.0,0,0.0,0.0,0.0,,
1434,both_vs_none,6,0.9999999999999998,1,0.14285714285714285,0,0.0,0.0,0.0,0.0,0.0,0,0.0,0.0,0.0,,
1434,display_only_vs_none,6,0.9999999999999998,1,0.14285714285714285,0,0.0,0.0,0.0,0.0,0.0,0,0.0,0.0,0.0,,
1434,mailer_only_vs_none,6,0.9999999999999998,1,0.14285714285714285,0,0.0,0.0,0.0,0.0,0.0,0,0.0,0.0,0.0,,
1437,both_vs_additive,20,0.9999999999999996,3,0.2465753424657534,0,0.0,0.0,0.0,0.0,0.0,0,0.0,0.0,0.0,,
1437,both_vs_none,20,0.9999999999999996,3,0.2465753424657534,0,0.0,0.0,0.0,0.0,0.0,0,0.0,0.0,0.0,,
1437,display_only_vs_none,20,0.9999999999999996,3,0.2465753424657534,0,0.0,0.0,0.0,0.0,0.0,0,0.0,0.0,0.0,,
1437,mailer_only_vs_none,20,0.9999999999999996,3,0.2465753424657534,0,0.0,0.0,0.0,0.0,0.0,0,0.0,0.0,0.0,,
1440,both_vs_additive,6,1.0,2,0.3076923076923077,0,0.0,0.0,0.0,0.0,0.0,0,0.0,0.0,0.0,,
1440,both_vs_none,6,1.0,2,0.3076923076923077,0,0.0,0.0,0.0,0.0,0.0,0,0.0,0.0,0.0,,
1440,display_only_vs_none,6,1.0,2,0.3076923076923077,0,0.0,0.0,0.0,0.0,0.0,0,0.0,0.0,0.0,,
1440,mailer_only_vs_none,6,1.0,2,0.3076923076923077,0,0.0,0.0,0.0,0.0,0.0,0,0.0,0.0,0.0,,
1443,both_vs_additive,17,0.9999999999999999,3,0.18571428571428572,1,0.12857142857142856,0.12857142857142856,0.12857142857142856,0.12857142857142856,0.12857142857142856,3,0.18571428571428572,0.0,0.0,0.03030944197826453,0.02224906074547422
1443,both_vs_none,17,0.9999999999999999,4,0.2285714285714286,1,0.12857142857142856,0.0,0.0,0.0,0.0,3,0.18571428571428572,0.02857142857142857,0.05714285714285714,-0.009896729395254995,-0.0022554718493841587
1443,display_only_vs_none,17,0.9999999999999999,7,0.32857142857142857,2,0.17142857142857143,0.0,0.0,0.0,0.0,5,0.2571428571428572,0.2571428571428572,0.2571428571428572,-0.019949846618809455,-0.011538830005875836
1443,mailer_only_vs_none,17,0.9999999999999999,6,0.3,2,0.17142857142857143,0.0,0.0,0.0,0.0,4,0.2285714285714286,0.18571428571428572,0.18571428571428572,-0.019252598995988336,-0.008901223639670367
1450,both_vs_additive,9,0.9999999999999998,1,0.12,1,0.12,0.12,0.12,0.12,0.12,0,0.0,0.0,0.0,0.03030944197826453,0.02224906074547422
1450,both_vs_none,9,0.9999999999999999,2,0.2,1,0.12,0.0,0.0,0.0,0.0,0,0.0,0.0,0.0,-0.009896729395254995,-0.0022554718493841587
1450,display_only_vs_none,9,0.9999999999999998,1,0.12,1,0.12,0.0,0.0,0.0,0.0,0,0.0,0.0,0.0,-0.020609755031117248,-0.01295828469122752
1450,mailer_only_vs_none,9,0.9999999999999999,2,0.2,1,0.12,0.0,0.0,0.0,0.0,0,0.0,0.0,0.0,-0.02006837606837607,-0.009401709401709403
1452,both_vs_additive,5,1.0,0,0.0,0,0.0,0.0,0.0,0.0,0.0,0,0.0,0.0,0.0,,
1452,both_vs_none,5,1.0,0,0.0,0,0.0,0.0,0.0,0.0,0.0,0,0.0,0.0,0.0,,
1452,display_only_vs_none,5,1.0,0,0.0,0,0.0,0.0,0.0,0.0,0.0,0,0.0,0.0,0.0,,
1452,mailer_only_vs_none,5,1.0,0,0.0,0,0.0,0.0,0.0,0.0,0.0,0,0.0,0.0,0.0,,
1453,both_vs_additive,20,0.9999999999999998,2,0.0875,0,0.0,0.0,0.0,0.0,0.0,0,0.0,0.0,0.0,,
1453,both_vs_none,20,0.9999999999999998,3,0.1375,0,0.0,0.0,0.0,0.0,0.0,0,0.0,0.0,0.0,,
1453,display_only_vs_none,20,0.9999999999999999,3,0.125,0,0.0,0.0,0.0,0.0,0.0,0,0.0,0.0,0.0,,
1453,mailer_only_vs_none,20,0.9999999999999999,5,0.21250000000000002,1,0.0375,0.0375,0.0375,0.0375,0.0375,0,0.0,0.0,0.0,0.01003608869183632,0.020952216853171706
1460,both_vs_additive,9,0.9999999999999998,1,0.08695652173913043,0,0.0,0.0,0.0,0.0,0.0,0,0.0,0.0,0.0,,
1460,both_vs_none,9,0.9999999999999998,1,0.08695652173913043,0,0.0,0.0,0.0,0.0,0.0,0,0.0,0.0,0.0,,
1460,display_only_vs_none,9,0.9999999999999998,1,0.08695652173913043,0,0.0,0.0,0.0,0.0,0.0,0,0.0,0.0,0.0,,
1460,mailer_only_vs_none,9,0.9999999999999998,1,0.08695652173913043,0,0.0,0.0,0.0,0.0,0.0,0,0.0,0.0,0.0,,
1461,both_vs_additive,13,0.9999999999999999,4,0.5471698113207547,1,0.03773584905660377,0.03773584905660377,0.03773584905660377,0.03773584905660377,0.03773584905660377,0,0.0,0.0,0.0,0.03030944197826453,0.02224906074547422
1461,both_vs_none,13,0.9999999999999999,4,0.5471698113207547,1,0.03773584905660377,0.0,0.0,0.0,0.0,0,0.0,0.0,0.0,-0.009896729395254995,-0.0022554718493841587
1461,display_only_vs_none,13,0.9999999999999999,5,0.5849056603773585,2,0.07547169811320754,0.0,0.0,0.0,0.0,0,0.0,0.0,0.0,-0.041094631878842394,-0.014403081151905507
1461,mailer_only_vs_none,13,0.9999999999999999,4,0.5471698113207547,1,0.03773584905660377,0.0,0.0,0.0,0.0,0,0.0,0.0,0.0,-0.02006837606837607,-0.009401709401709403
1462,both_vs_additive,20,0.9999999999999997,2,0.08771929824561403,0,0.0,0.0,0.0,0.0,0.0,0,0.0,0.0,0.0,,
1462,both_vs_none,20,0.9999999999999997,2,0.08771929824561403,0,0.0,0.0,0.0,0.0,0.0,0,0.0,0.0,0.0,,
1462,display_only_vs_none,20,0.9999999999999997,3,0.15789473684210525,0,0.0,0.0,0.0,0.0,0.0,0,0.0,0.0,0.0,,
1462,mailer_only_vs_none,20,0.9999999999999997,3,0.14035087719298245,0,0.0,0.0,0.0,0.0,0.0,0,0.0,0.0,0.0,,
1465,both_vs_additive,5,0.9999999999999999,1,0.16666666666666666,1,0.16666666666666666,0.0,0.0,0.0,0.0,0,0.0,0.0,0.0,-0.02361294789866217,-0.00957896012344794
1465,both_vs_none,5,0.9999999999999999,1,0.16666666666666666,1,0.16666666666666666,0.16666666666666666,0.16666666666666666,0.16666666666666666,0.16666666666666666,0,0.0,0.0,0.0,0.02600718622897478,0.009469598227809288
1465,display_only_vs_none,5,0.9999999999999999,1,0.16666666666666666,1,0.16666666666666666,0.16666666666666666,0.16666666666666666,0.16666666666666666,0.16666666666666666,0,0.0,0.0,0.0,0.02366349140524601,0.006562415625883111
1465,mailer_only_vs_none,5,0.9999999999999999,1,0.16666666666666666,1,0.16666666666666666,0.16666666666666666,0.16666666666666666,0.16666666666666666,0.16666666666666666,0,0.0,0.0,0.0,0.023835427755365828,0.02068841146240527
1468,both_vs_additive,20,1.0,3,0.1523809523809524,1,0.047619047619047616,0.047619047619047616,0.047619047619047616,0.047619047619047616,0.047619047619047616,0,0.0,0.0,0.0,0.16836150148988288,0.04128756979795422
1468,both_vs_none,20,1.0,3,0.1523809523809524,1,0.047619047619047616,0.0,0.0,0.0,0.0,0,0.0,0.0,0.0,-0.07045406843319933,-0.001569590323686122
1468,display_only_vs_none,20,1.0,3,0.1523809523809524,1,0.047619047619047616,0.0,0.0,0.0,0.0,0,0.0,0.0,0.0,-0.10056833513172979,-0.016514079457296535
1468,mailer_only_vs_none,20,1.0,5,0.2380952380952381,2,0.11428571428571428,0.06666666666666667,0.06666666666666667,0.06666666666666667,0.06666666666666667,0,0.0,0.0,0.0,-0.05344190338528573,-0.008929162476956597
1475,both_vs_additive,20,0.9999999999999999,3,0.1623931623931624,1,0.06837606837606838,0.06837606837606838,0.06837606837606838,0.06837606837606838,0.06837606837606838,0,0.0,0.0,0.0,0.16836150148988288,0.04128756979795421
1475,both_vs_none,20,0.9999999999999999,3,0.1623931623931624,1,0.06837606837606838,0.0,0.0,0.0,0.0,0,0.0,0.0,0.0,-0.07045406843319933,-0.0015695903236861222
1475,display_only_vs_none,20,0.9999999999999999,3,0.1623931623931624,1,0.06837606837606838,0.0,0.0,0.0,0.0,0,0.0,0.0,0.0,-0.10056833513172979,-0.016514079457296535
1475,mailer_only_vs_none,20,1.0,4,0.1965811965811966,1,0.06837606837606838,0.0,0.0,0.0,0.0,0,0.0,0.0,0.0,-0.13824723479135242,-0.026096656611362498
1479,both_vs_additive,20,0.9999999999999997,3,0.2421052631578947,0,0.0,0.0,0.0,0.0,0.0,0,0.0,0.0,0.0,,
1479,both_vs_none,20,0.9999999999999997,3,0.2421052631578947,0,0.0,0.0,0.0,0.0,0.0,0,0.0,0.0,0.0,,
1479,display_only_vs_none,20,0.9999999999999997,3,0.2421052631578947,0,0.0,0.0,0.0,0.0,0.0,0,0.0,0.0,0.0,,
1479,mailer_only_vs_none,20,0.9999999999999997,3,0.2421052631578947,0,0.0,0.0,0.0,0.0,0.0,0,0.0,0.0,0.0,,
1483,both_vs_additive,20,1.0000000000000004,3,0.18367346938775508,0,0.0,0.0,0.0,0.0,0.0,0,0.0,0.0,0.0,,
1483,both_vs_none,20,1.0000000000000004,4,0.24489795918367346,0,0.0,0.0,0.0,0.0,0.0,0,0.0,0.0,0.0,,
1483,display_only_vs_none,20,1.0000000000000004,5,0.2857142857142857,0,0.0,0.0,0.0,0.0,0.0,0,0.0,0.0,0.0,,
1483,mailer_only_vs_none,20,1.0000000000000004,5,0.3061224489795918,0,0.0,0.0,0.0,0.0,0.0,0,0.0,0.0,0.0,,
1485,both_vs_additive,14,1.0,2,0.1764705882352941,0,0.0,0.0,0.0,0.0,0.0,0,0.0,0.0,0.0,,
1485,both_vs_none,14,1.0,2,0.1764705882352941,0,0.0,0.0,0.0,0.0,0.0,0,0.0,0.0,0.0,,
1485,display_only_vs_none,14,1.0,3,0.23529411764705882,0,0.0,0.0,0.0,0.0,0.0,0,0.0,0.0,0.0,,
1485,mailer_only_vs_none,14,1.0,2,0.1764705882352941,0,0.0,0.0,0.0,0.0,0.0,0,0.0,0.0,0.0,,
1489,both_vs_additive,20,1.0,5,0.2892561983471075,1,0.049586776859504134,0.049586776859504134,0.0,0.049586776859504134,0.0,1,0.03305785123966942,0.0,0.0,0.011671364168835293,0.017323537206823055
1489,both_vs_none,20,1.0,6,0.3305785123966942,1,0.049586776859504134,0.0,0.0,0.0,0.0,1,0.03305785123966942,0.03305785123966942,0.03305785123966942,0.005561485543565981,0.003282490860840013
1489,display_only_vs_none,20,0.9999999999999999,7,0.3801652892561983,2,0.09090909090909091,0.0,0.0,0.0,0.0,2,0.0743801652892562,0.03305785123966942,0.03305785123966942,-0.0010523320166530104,-0.00470238451805497
1489,mailer_only_vs_none,20,1.0,7,0.3801652892561983,2,0.09090909090909091,0.0,0.0,0.0,0.0,1,0.03305785123966942,0.03305785123966942,0.03305785123966942,-0.005365858396976928,-0.00273830929172634
1490,both_vs_additive,20,1.0000000000000004,2,0.1076923076923077,0,0.0,0.0,0.0,0.0,0.0,0,0.0,0.0,0.0,,
1490,both_vs_none,20,1.0000000000000004,2,0.1076923076923077,0,0.0,0.0,0.0,0.0,0.0,0,0.0,0.0,0.0,,
1490,display_only_vs_none,20,1.0000000000000004,2,0.1076923076923077,0,0.0,0.0,0.0,0.0,0.0,0,0.0,0.0,0.0,,
1490,mailer_only_vs_none,20,1.0000000000000004,2,0.1076923076923077,0,0.0,0.0,0.0,0.0,0.0,0,0.0,0.0,0.0,,
1491,both_vs_additive,20,0.9999999999999997,2,0.1693548387096774,0,0.0,0.0,0.0,0.0,0.0,0,0.0,0.0,0.0,,
1491,both_vs_none,20,0.9999999999999997,2,0.1693548387096774,0,0.0,0.0,0.0,0.0,0.0,0,0.0,0.0,0.0,,
1491,display_only_vs_none,20,0.9999999999999996,3,0.2661290322580645,0,0.0,0.0,0.0,0.0,0.0,0,0.0,0.0,0.0,,
1491,mailer_only_vs_none,20,0.9999999999999996,3,0.2661290322580645,0,0.0,0.0,0.0,0.0,0.0,0,0.0,0.0,0.0,,
1494,both_vs_additive,15,1.0000000000000004,1,0.07692307692307693,0,0.0,0.0,0.0,0.0,0.0,0,0.0,0.0,0.0,,
1494,both_vs_none,15,1.0000000000000004,1,0.07692307692307693,0,0.0,0.0,0.0,0.0,0.0,0,0.0,0.0,0.0,,
1494,display_only_vs_none,15,1.0000000000000002,3,0.20512820512820512,0,0.0,0.0,0.0,0.0,0.0,0,0.0,0.0,0.0,,
1494,mailer_only_vs_none,15,1.0000000000000002,2,0.1282051282051282,0,0.0,0.0,0.0,0.0,0.0,0,0.0,0.0,0.0,,
1495,both_vs_additive,7,0.9999999999999999,1,0.13333333333333333,1,0.13333333333333333,0.13333333333333333,0.13333333333333333,0.13333333333333333,0.13333333333333333,0,0.0,0.0,0.0,0.030309441978264535,0.02224906074547422
1495,both_vs_none,7,0.9999999999999999,1,0.13333333333333333,1,0.13333333333333333,0.0,0.0,0.0,0.0,0,0.0,0.0,0.0,-0.009896729395254995,-0.0022554718493841587
1495,display_only_vs_none,7,0.9999999999999999,2,0.33333333333333337,2,0.33333333333333337,0.0,0.0,0.0,0.0,0,0.0,0.0,0.0,-0.012971356152378351,-0.007436061129238261
1495,mailer_only_vs_none,7,0.9999999999999999,1,0.13333333333333333,1,0.13333333333333333,0.0,0.0,0.0,0.0,0,0.0,0.0,0.0,-0.02006837606837607,-0.009401709401709403
1502,both_vs_additive,20,0.9999999999999997,4,0.23529411764705882,2,0.13725490196078433,0.13725490196078433,0.13725490196078433,0.13725490196078433,0.13725490196078433,0,0.0,0.0,0.0,0.124488905294892,0.03352094927908308
1502,both_vs_none,20,0.9999999999999997,4,0.23529411764705882,2,0.13725490196078433,0.0392156862745098,0.0392156862745098,0.0392156862745098,0.0392156862745098,0,0.0,0.0,0.0,-0.04883285406230846,-0.0002670165199420903
1502,display_only_vs_none,20,0.9999999999999997,4,0.23529411764705882,2,0.13725490196078433,0.0,0.0,0.0,0.0,0,0.0,0.0,0.0,-0.07242582756591168,-0.012455862296992583
1502,mailer_only_vs_none,20,0.9999999999999997,4,0.23529411764705882,2,0.13725490196078433,0.0,0.0,0.0,0.0,0,0.0,0.0,0.0,-0.09963613624937151,-0.019986039287509878
1506,both_vs_additive,20,0.9999999999999998,3,0.14084507042253522,1,0.056338028169014086,0.056338028169014086,0.056338028169014086,0.056338028169014086,0.056338028169014086,0,0.0,0.0,0.0,0.03030944197826453,0.02224906074547422
1506,both_vs_none,20,0.9999999999999998,3,0.14084507042253522,1,0.056338028169014086,0.0,0.0,0.0,0.0,0,0.0,0.0,0.0,-0.009896729395254995,-0.0022554718493841587
1506,display_only_vs_none,20,0.9999999999999998,4,0.18309859154929578,1,0.056338028169014086,0.0,0.0,0.0,0.0,0,0.0,0.0,0.0,-0.020609755031117248,-0.01295828469122752
1506,mailer_only_vs_none,20,0.9999999999999998,3,0.14084507042253522,1,0.056338028169014086,0.0,0.0,0.0,0.0,0,0.0,0.0,0.0,-0.02006837606837607,-0.009401709401709403
1508,both_vs_additive,19,0.9999999999999998,2,0.17307692307692307,0,0.0,0.0,0.0,0.0,0.0,1,0.11538461538461539,0.11538461538461539,0.0,,
1508,both_vs_none,19,0.9999999999999998,3,0.25,0,0.0,0.0,0.0,0.0,0.0,1,0.11538461538461539,0.11538461538461539,0.11538461538461539,,
1508,display_only_vs_none,19,0.9999999999999998,2,0.17307692307692307,0,0.0,0.0,0.0,0.0,0.0,1,0.11538461538461539,0.11538461538461539,0.11538461538461539,,
1508,mailer_only_vs_none,19,0.9999999999999998,5,0.326923076923077,0,0.0,0.0,0.0,0.0,0.0,1,0.11538461538461539,0.11538461538461539,0.11538461538461539,,
1510,both_vs_additive,20,0.9999999999999994,0,0.0,0,0.0,0.0,0.0,0.0,0.0,0,0.0,0.0,0.0,,
1510,both_vs_none,20,0.9999999999999994,0,0.0,0,0.0,0.0,0.0,0.0,0.0,0,0.0,0.0,0.0,,
1510,display_only_vs_none,20,0.9999999999999994,0,0.0,0,0.0,0.0,0.0,0.0,0.0,0,0.0,0.0,0.0,,
1510,mailer_only_vs_none,20,0.9999999999999994,0,0.0,0,0.0,0.0,0.0,0.0,0.0,0,0.0,0.0,0.0,,
1511,both_vs_additive,20,1.0,5,0.3389830508474576,2,0.0847457627118644,0.0847457627118644,0.03389830508474576,0.0847457627118644,0.03389830508474576,0,0.0,0.0,0.0,0.034556990657647245,0.013672467176122896
1511,both_vs_none,20,1.0,7,0.423728813559322,2,0.0847457627118644,0.0,0.0,0.0,0.0,0,0.0,0.0,0.0,0.004039921629169895,0.001969494516504008
1511,display_only_vs_none,20,1.0,6,0.38983050847457623,2,0.0847457627118644,0.0,0.0,0.0,0.0,0,0.0,0.0,0.0,-0.010246309807062905,-0.00918301898765704
1511,mailer_only_vs_none,20,1.0,6,0.3728813559322034,3,0.11864406779661016,0.0,0.0,0.0,0.0,0,0.0,0.0,0.0,-0.0005174459123166934,-0.0012562327894257636
1512,both_vs_additive,9,0.9999999999999999,0,0.0,0,0.0,0.0,0.0,0.0,0.0,0,0.0,0.0,0.0,,
1512,both_vs_none,9,0.9999999999999999,1,0.09523809523809523,0,0.0,0.0,0.0,0.0,0.0,0,0.0,0.0,0.0,,
1512,display_only_vs_none,9,0.9999999999999999,0,0.0,0,0.0,0.0,0.0,0.0,0.0,0,0.0,0.0,0.0,,
1512,mailer_only_vs_none,9,0.9999999999999999,1,0.09523809523809523,0,0.0,0.0,0.0,0.0,0.0,0,0.0,0.0,0.0,,
1517,both_vs_additive,15,0.9999999999999996,4,0.2727272727272727,2,0.15151515151515152,0.15151515151515152,0.09090909090909091,0.15151515151515152,0.09090909090909091,0,0.0,0.0,0.0,0.10568544656146385,0.031701956761501754
1517,both_vs_none,15,0.9999999999999996,4,0.2727272727272727,2,0.15151515151515152,0.0,0.0,0.0,0.0,0,0.0,0.0,0.0,-0.040047846842493205,0.0003712421501243318
1517,display_only_vs_none,15,0.9999999999999996,5,0.3333333333333333,3,0.21212121212121213,0.0,0.0,0.0,0.0,0,0.0,0.0,0.0,-0.061787207480561566,-0.01390790046657976
1517,mailer_only_vs_none,15,0.9999999999999996,4,0.2727272727272727,2,0.15151515151515152,0.0,0.0,0.0,0.0,0,0.0,0.0,0.0,-0.08412716340884673,-0.018050950571410377
1520,both_vs_additive,15,0.9999999999999996,3,0.21212121212121213,0,0.0,0.0,0.0,0.0,0.0,0,0.0,0.0,0.0,,
1520,both_vs_none,15,0.9999999999999996,3,0.21212121212121213,0,0.0,0.0,0.0,0.0,0.0,0,0.0,0.0,0.0,,
1520,display_only_vs_none,15,0.9999999999999996,3,0.21212121212121213,0,0.0,0.0,0.0,0.0,0.0,0,0.0,0.0,0.0,,
1520,mailer_only_vs_none,15,0.9999999999999996,4,0.2727272727272727,0,0.0,0.0,0.0,0.0,0.0,0,0.0,0.0,0.0,,
1523,both_vs_additive,20,1.0,2,0.171875,0,0.0,0.0,0.0,0.0,0.0,0,0.0,0.0,0.0,,
1523,both_vs_none,20,1.0,2,0.171875,0,0.0,0.0,0.0,0.0,0.0,0,0.0,0.0,0.0,,
1523,display_only_vs_none,20,1.0,2,0.171875,0,0.0,0.0,0.0,0.0,0.0,0,0.0,0.0,0.0,,
1523,mailer_only_vs_none,20,1.0,5,0.28125,0,0.0,0.0,0.0,0.0,0.0,0,0.0,0.0,0.0,,
1526,both_vs_additive,13,1.0,0,0.0,0,0.0,0.0,0.0,0.0,0.0,0,0.0,0.0,0.0,,
1526,both_vs_none,13,1.0,1,0.07142857142857142,0,0.0,0.0,0.0,0.0,0.0,0,0.0,0.0,0.0,,
1526,display_only_vs_none,13,1.0,0,0.0,0,0.0,0.0,0.0,0.0,0.0,0,0.0,0.0,0.0,,
1526,mailer_only_vs_none,13,1.0,1,0.07142857142857142,0,0.0,0.0,0.0,0.0,0.0,0,0.0,0.0,0.0,,
1527,both_vs_additive,20,1.0,4,0.34782608695652173,2,0.13768115942028986,0.10144927536231885,0.10144927536231885,0.10144927536231885,0.10144927536231885,0,0.0,0.0,0.0,0.12499484998655089,0.031404231456406924
1527,both_vs_none,20,1.0,4,0.34782608695652173,2,0.13768115942028986,0.0,0.0,0.0,0.0,0,0.0,0.0,0.0,-0.05443264222103442,-0.002968234928621512
1527,display_only_vs_none,20,1.0,7,0.5144927536231884,4,0.2753623188405797,0.028985507246376812,0.028985507246376812,0.028985507246376812,0.028985507246376812,1,0.028985507246376812,0.028985507246376812,0.028985507246376812,-0.060746553415097874,-0.012320694736594423
1527,mailer_only_vs_none,20,1.0,5,0.37681159420289856,2,0.13768115942028986,0.0,0.0,0.0,0.0,1,0.028985507246376812,0.028985507246376812,0.028985507246376812,-0.10211156169326853,-0.01950153557873305
1528,both_vs_additive,20,0.9999999999999998,2,0.1643835616438356,1,0.1095890410958904,0.1095890410958904,0.1095890410958904,0.1095890410958904,0.1095890410958904,0,0.0,0.0,0.0,0.030309441978264528,0.02224906074547422
1528,both_vs_none,20,0.9999999999999998,2,0.1643835616438356,1,0.1095890410958904,0.0,0.0,0.0,0.0,0,0.0,0.0,0.0,-0.009896729395254995,-0.0022554718493841587
1528,display_only_vs_none,20,0.9999999999999998,2,0.1643835616438356,1,0.1095890410958904,0.0,0.0,0.0,0.0,0,0.0,0.0,0.0,-0.020609755031117248,-0.01295828469122752
1528,mailer_only_vs_none,20,0.9999999999999998,5,0.3424657534246575,2,0.1643835616438356,0.0547945205479452,0.0547945205479452,0.0547945205479452,0.0547945205479452,0,0.0,0.0,0.0,-0.010033554481638608,0.0007162660165843005
1532,both_vs_additive,12,0.9999999999999996,0,0.0,0,0.0,0.0,0.0,0.0,0.0,0,0.0,0.0,0.0,,
1532,both_vs_none,12,0.9999999999999996,0,0.0,0,0.0,0.0,0.0,0.0,0.0,0,0.0,0.0,0.0,,
1532,display_only_vs_none,12,0.9999999999999996,0,0.0,0,0.0,0.0,0.0,0.0,0.0,0,0.0,0.0,0.0,,
1532,mailer_only_vs_none,12,0.9999999999999996,0,0.0,0,0.0,0.0,0.0,0.0,0.0,0,0.0,0.0,0.0,,
1534,both_vs_additive,20,0.9999999999999996,0,0.0,0,0.0,0.0,0.0,0.0,0.0,0,0.0,0.0,0.0,,
1534,both_vs_none,20,0.9999999999999996,0,0.0,0,0.0,0.0,0.0,0.0,0.0,0,0.0,0.0,0.0,,
1534,display_only_vs_none,20,0.9999999999999996,0,0.0,0,0.0,0.0,0.0,0.0,0.0,0,0.0,0.0,0.0,,
1534,mailer_only_vs_none,20,0.9999999999999996,1,0.06060606060606061,0,0.0,0.0,0.0,0.0,0.0,0,0.0,0.0,0.0,,
1536,both_vs_additive,20,0.9999999999999996,2,0.15517241379310345,1,0.08620689655172414,0.08620689655172414,0.0,0.08620689655172414,0.0,0,0.0,0.0,0.0,0.011671364168835293,0.017323537206823055
1536,both_vs_none,20,0.9999999999999996,2,0.15517241379310345,1,0.08620689655172414,0.0,0.0,0.0,0.0,0,0.0,0.0,0.0,0.005561485543565982,0.003282490860840013
1536,display_only_vs_none,20,0.9999999999999996,4,0.22413793103448276,1,0.08620689655172414,0.0,0.0,0.0,0.0,0,0.0,0.0,0.0,-0.0038232147578032526,-0.008058654834500863
1536,mailer_only_vs_none,20,0.9999999999999996,3,0.1896551724137931,1,0.08620689655172414,0.0,0.0,0.0,0.0,0,0.0,0.0,0.0,-0.0029470563350881586,-0.005982391511482188
1537,both_vs_additive,12,1.0,5,0.5,0,0.0,0.0,0.0,0.0,0.0,0,0.0,0.0,0.0,,
1537,both_vs_none,12,1.0,5,0.5,0,0.0,0.0,0.0,0.0,0.0,0,0.0,0.0,0.0,,
1537,display_only_vs_none,12,1.0,5,0.5,0,0.0,0.0,0.0,0.0,0.0,0,0.0,0.0,0.0,,
1537,mailer_only_vs_none,12,1.0,6,0.5625,0,0.0,0.0,0.0,0.0,0.0,1,0.0625,0.0625,0.0625,,
1541,both_vs_additive,20,0.9999999999999996,2,0.12903225806451613,0,0.0,0.0,0.0,0.0,0.0,0,0.0,0.0,0.0,,
1541,both_vs_none,20,0.9999999999999996,2,0.12903225806451613,0,0.0,0.0,0.0,0.0,0.0,0,0.0,0.0,0.0,,
1541,display_only_vs_none,20,0.9999999999999996,2,0.12903225806451613,0,0.0,0.0,0.0,0.0,0.0,0,0.0,0.0,0.0,,
1541,mailer_only_vs_none,20,0.9999999999999996,2,0.12903225806451613,0,0.0,0.0,0.0,0.0,0.0,0,0.0,0.0,0.0,,
1542,both_vs_additive,5,1.0,0,0.0,0,0.0,0.0,0.0,0.0,0.0,0,0.0,0.0,0.0,,
1542,both_vs_none,5,1.0,0,0.0,0,0.0,0.0,0.0,0.0,0.0,0,0.0,0.0,0.0,,
1542,display_only_vs_none,5,1.0,0,0.0,0,0.0,0.0,0.0,0.0,0.0,0,0.0,0.0,0.0,,
1542,mailer_only_vs_none,5,1.0,0,0.0,0,0.0,0.0,0.0,0.0,0.0,0,0.0,0.0,0.0,,
1543,both_vs_additive,11,0.9999999999999998,2,0.15384615384615385,0,0.0,0.0,0.0,0.0,0.0,0,0.0,0.0,0.0,,
1543,both_vs_none,11,0.9999999999999998,2,0.15384615384615385,0,0.0,0.0,0.0,0.0,0.0,0,0.0,0.0,0.0,,
1543,display_only_vs_none,11,0.9999999999999998,2,0.15384615384615385,0,0.0,0.0,0.0,0.0,0.0,0,0.0,0.0,0.0,,
1543,mailer_only_vs_none,11,0.9999999999999998,2,0.15384615384615385,0,0.0,0.0,0.0,0.0,0.0,0,0.0,0.0,0.0,,
1547,both_vs_additive,6,1.0,0,0.0,0,0.0,0.0,0.0,0.0,0.0,0,0.0,0.0,0.0,,
1547,both_vs_none,6,1.0,1,0.125,0,0.0,0.0,0.0,0.0,0.0,0,0.0,0.0,0.0,,
1547,display_only_vs_none,6,1.0,0,0.0,0,0.0,0.0,0.0,0.0,0.0,0,0.0,0.0,0.0,,
1547,mailer_only_vs_none,6,1.0,1,0.125,0,0.0,0.0,0.0,0.0,0.0,0,0.0,0.0,0.0,,
1548,both_vs_additive,20,1.0000000000000002,6,0.2941176470588235,5,0.19999999999999996,0.11764705882352941,0.11764705882352941,0.11764705882352941,0.11764705882352941,0,0.0,0.0,0.0,0.011478049153471781,0.0018743899257143224
1548,both_vs_none,20,1.0000000000000002,7,0.3529411764705882,5,0.19999999999999996,0.047058823529411764,0.08235294117647059,0.08235294117647059,0.047058823529411764,0,0.0,0.0,0.0,0.011691121881271657,0.004093293378578931
1548,display_only_vs_none,20,1.0000000000000002,8,0.4117647058823529,6,0.2588235294117647,0.047058823529411764,0.08235294117647059,0.08235294117647059,0.047058823529411764,0,0.0,0.0,0.0,-0.01011218641555944,-0.002331881545201286
1548,mailer_only_vs_none,20,1.0000000000000002,6,0.2941176470588235,5,0.19999999999999996,0.047058823529411764,0.047058823529411764,0.047058823529411764,0.047058823529411764,0,0.0,0.0,0.0,0.005403699826283357,0.0023366045506558186
1549,both_vs_additive,16,1.0,4,0.2702702702702703,1,0.08108108108108109,0.08108108108108109,0.08108108108108109,0.08108108108108109,0.08108108108108109,0,0.0,0.0,0.0,0.030309441978264528,0.02224906074547422
1549,both_vs_none,16,1.0,4,0.2702702702702703,1,0.08108108108108109,0.0,0.0,0.0,0.0,0,0.0,0.0,0.0,-0.009896729395254995,-0.0022554718493841587
1549,display_only_vs_none,16,1.0,5,0.32432432432432434,1,0.08108108108108109,0.0,0.0,0.0,0.0,0,0.0,0.0,0.0,-0.020609755031117248,-0.012958284691227518
1549,mailer_only_vs_none,16,1.0,4,0.2702702702702703,1,0.08108108108108109,0.0,0.0,0.0,0.0,0,0.0,0.0,0.0,-0.02006837606837607,-0.009401709401709403
1551,both_vs_additive,20,0.9999999999999998,3,0.11538461538461539,2,0.07692307692307693,0.038461538461538464,0.038461538461538464,0.038461538461538464,0.038461538461538464,0,0.0,0.0,0.0,0.07237427679561036,0.015854304837253134
1551,both_vs_none,20,0.9999999999999998,5,0.28846153846153844,2,0.07692307692307693,0.038461538461538464,0.038461538461538464,0.038461538461538464,0.038461538461538464,0,0.0,0.0,0.0,-0.022223441102112277,0.003950003952061583
1551,display_only_vs_none,20,0.9999999999999998,3,0.11538461538461539,2,0.07692307692307693,0.038461538461538464,0.038461538461538464,0.038461538461538464,0.038461538461538464,0,0.0,0.0,0.0,-0.03845242186324188,-0.004975831915706712
1551,mailer_only_vs_none,20,0.9999999999999998,6,0.34615384615384615,3,0.13461538461538464,0.09615384615384616,0.09615384615384616,0.09615384615384616,0.09615384615384616,0,0.0,0.0,0.0,-0.02838790685663774,0.007434308608800093
1556,both_vs_additive,20,0.9999999999999998,3,0.12857142857142856,1,0.02857142857142857,0.0,0.02857142857142857,0.02857142857142857,0.0,0,0.0,0.0,0.0,0.0044710405387866844,0.007136903288786226
1556,both_vs_none,20,0.9999999999999998,3,0.12857142857142856,1,0.02857142857142857,0.0,0.0,0.0,0.0,0,0.0,0.0,0.0,0.03493919101731601,0.017444534632034634
1556,display_only_vs_none,20,0.9999999999999998,3,0.12857142857142856,1,0.02857142857142857,0.0,0.0,0.0,0.0,0,0.0,0.0,0.0,0.020296596421953722,0.009314346610739533
1556,mailer_only_vs_none,20,0.9999999999999998,3,0.12857142857142856,1,0.02857142857142857,0.0,0.0,0.0,0.0,0,0.0,0.0,0.0,-0.0012132944282728759,1.8426257650396016e-05
1557,both_vs_additive,20,1.0000000000000004,2,0.18,0,0.0,0.0,0.0,0.0,0.0,0,0.0,0.0,0.0,,
1557,both_vs_none,20,1.0000000000000002,3,0.22,1,0.03,0.03,0.03,0.03,0.03,0,0.0,0.0,0.0,0.04166208791208791,0.01872710622710623
1557,display_only_vs_none,20,1.0000000000000004,5,0.37,1,0.03,0.03,0.03,0.03,0.03,2,0.07,0.07,0.07,0.03919230879486297,0.014758717562443409
1557,mailer_only_vs_none,20,1.0000000000000004,4,0.34,0,0.0,0.0,0.0,0.0,0.0,1,0.04,0.04,0.04,,
1558,both_vs_additive,20,1.0,3,0.13846153846153847,1,0.03076923076923077,0.03076923076923077,0.0,0.03076923076923077,0.0,0,0.0,0.0,0.0,0.011671364168835293,0.017323537206823055
1558,both_vs_none,20,1.0,3,0.13846153846153847,1,0.03076923076923077,0.0,0.0,0.0,0.0,0,0.0,0.0,0.0,0.005561485543565982,0.003282490860840013
1558,display_only_vs_none,20,1.0,3,0.13846153846153847,1,0.03076923076923077,0.0,0.0,0.0,0.0,0,0.0,0.0,0.0,-0.0038232147578032526,-0.008058654834500863
1558,mailer_only_vs_none,20,1.0,3,0.13846153846153847,1,0.03076923076923077,0.0,0.0,0.0,0.0,0,0.0,0.0,0.0,-0.0029470563350881586,-0.005982391511482188
1567,both_vs_additive,10,1.0,1,0.0625,0,0.0,0.0,0.0,0.0,0.0,0,0.0,0.0,0.0,,
1567,both_vs_none,10,1.0,1,0.0625,0,0.0,0.0,0.0,0.0,0.0,0,0.0,0.0,0.0,,
1567,display_only_vs_none,10,1.0,2,0.15625,0,0.0,0.0,0.0,0.0,0.0,0,0.0,0.0,0.0,,
1567,mailer_only_vs_none,10,1.0,2,0.15625,0,0.0,0.0,0.0,0.0,0.0,0,0.0,0.0,0.0,,
1569,both_vs_additive,20,0.9999999999999994,5,0.23943661971830987,2,0.08450704225352113,0.0,0.0,0.0,0.0,1,0.07042253521126761,0.0,0.0,-0.027901894554436202,-0.009236435946567215
1569,both_vs_none,20,0.9999999999999994,5,0.23943661971830987,2,0.08450704225352113,0.056338028169014086,0.056338028169014086,0.056338028169014086,0.056338028169014086,1,0.07042253521126761,0.07042253521126761,0.07042253521126761,0.011840690999012422,0.0069744931310681095
1569,display_only_vs_none,20,0.9999999999999994,6,0.26760563380281693,3,0.11267605633802817,0.08450704225352113,0.056338028169014086,0.08450704225352113,0.056338028169014086,2,0.09859154929577466,0.07042253521126761,0.07042253521126761,-0.008984254617429924,0.0012117527778808734
1569,mailer_only_vs_none,20,0.9999999999999994,6,0.3661971830985916,2,0.08450704225352113,0.08450704225352113,0.08450704225352113,0.08450704225352113,0.08450704225352113,1,0.07042253521126761,0.07042253521126761,0.07042253521126761,0.020562453632965154,0.011848969886268858
1573,both_vs_additive,5,1.0,0,0.0,0,0.0,0.0,0.0,0.0,0.0,0,0.0,0.0,0.0,,
1573,both_vs_none,5,1.0,0,0.0,0,0.0,0.0,0.0,0.0,0.0,0,0.0,0.0,0.0,,
1573,display_only_vs_none,5,1.0,0,0.0,0,0.0,0.0,0.0,0.0,0.0,0,0.0,0.0,0.0,,
1573,mailer_only_vs_none,5,1.0,0,0.0,0,0.0,0.0,0.0,0.0,0.0,0,0.0,0.0,0.0,,
1577,both_vs_additive,17,0.9999999999999996,3,0.2954545454545454,1,0.11363636363636363,0.11363636363636363,0.11363636363636363,0.11363636363636363,0.11363636363636363,0,0.0,0.0,0.0,0.0491294345369339,0.03471983002641545
1577,both_vs_none,17,0.9999999999999996,4,0.3409090909090909,1,0.11363636363636363,0.11363636363636363,0.11363636363636363,0.11363636363636363,0.11363636363636363,0,0.0,0.0,0.0,0.021788048552754433,0.017740429505135387
1577,display_only_vs_none,17,0.9999999999999996,3,0.2954545454545454,1,0.11363636363636363,0.0,0.0,0.0,0.0,0,0.0,0.0,0.0,-0.019918224131757967,-0.009509488005728607
1577,mailer_only_vs_none,17,0.9999999999999996,4,0.3409090909090909,1,0.11363636363636363,0.0,0.0,0.0,0.0,0,0.0,0.0,0.0,-0.005430464890595826,-0.0009339765037198258
1578,both_vs_additive,8,1.0,0,0.0,0,0.0,0.0,0.0,0.0,0.0,0,0.0,0.0,0.0,,
1578,both_vs_none,8,1.0,0,0.0,0,0.0,0.0,0.0,0.0,0.0,0,0.0,0.0,0.0,,
1578,display_only_vs_none,8,1.0,0,0.0,0,0.0,0.0,0.0,0.0,0.0,0,0.0,0.0,0.0,,
1578,mailer_only_vs_none,8,1.0,0,0.0,0,0.0,0.0,0.0,0.0,0.0,0,0.0,0.0,0.0,,
1579,both_vs_additive,20,1.0000000000000002,5,0.21100917431192662,1,0.027522935779816515,0.0,0.0,0.0,0.0,0,0.0,0.0,0.0,-0.012086306126445148,-0.002029580241414173
1579,both_vs_none,20,1.0000000000000002,5,0.21100917431192662,1,0.027522935779816515,0.027522935779816515,0.027522935779816515,0.027522935779816515,0.027522935779816515,0,0.0,0.0,0.0,0.01577083333333333,0.00926343531403371
1579,display_only_vs_none,20,1.0000000000000002,5,0.21100917431192662,1,0.027522935779816515,0.027522935779816515,0.027522935779816515,0.027522935779816515,0.027522935779816515,1,0.027522935779816515,0.027522935779816515,0.027522935779816515,0.011143499600450406,0.00556864424930392
1579,mailer_only_vs_none,20,1.0000000000000004,7,0.28440366972477066,1,0.027522935779816515,0.027522935779816515,0.027522935779816515,0.027522935779816515,0.027522935779816515,2,0.06422018348623854,0.027522935779816515,0.027522935779816515,0.013657163742690055,0.009180911680911678
1582,both_vs_additive,13,1.0000000000000002,1,0.06896551724137931,0,0.0,0.0,0.0,0.0,0.0,0,0.0,0.0,0.0,,
1582,both_vs_none,13,1.0000000000000002,1,0.06896551724137931,0,0.0,0.0,0.0,0.0,0.0,0,0.0,0.0,0.0,,
1582,display_only_vs_none,13,1.0000000000000002,1,0.06896551724137931,0,0.0,0.0,0.0,0.0,0.0,0,0.0,0.0,0.0,,
1582,mailer_only_vs_none,13,1.0000000000000002,3,0.2413793103448276,1,0.10344827586206896,0.10344827586206896,0.10344827586206896,0.10344827586206896,0.10344827586206896,0,0.0,0.0,0.0,0.01003608869183632,0.020952216853171706
1584,both_vs_additive,11,0.9999999999999998,1,0.21739130434782608,0,0.0,0.0,0.0,0.0,0.0,0,0.0,0.0,0.0,,
1584,both_vs_none,11,0.9999999999999999,2,0.2608695652173913,0,0.0,0.0,0.0,0.0,0.0,0,0.0,0.0,0.0,,
1584,display_only_vs_none,11,0.9999999999999998,2,0.32608695652173914,1,0.10869565217391304,0.0,0.0,0.0,0.0,0,0.0,0.0,0.0,-0.06157950872656754,-0.015847877612583494
1584,mailer_only_vs_none,11,0.9999999999999998,3,0.5652173913043478,0,0.0,0.0,0.0,0.0,0.0,0,0.0,0.0,0.0,,
1585,both_vs_additive,14,1.0000000000000002,2,0.11428571428571428,0,0.0,0.0,0.0,0.0,0.0,0,0.0,0.0,0.0,,
1585,both_vs_none,14,1.0000000000000002,2,0.11428571428571428,0,0.0,0.0,0.0,0.0,0.0,0,0.0,0.0,0.0,,
1585,display_only_vs_none,14,1.0000000000000002,2,0.11428571428571428,0,0.0,0.0,0.0,0.0,0.0,0,0.0,0.0,0.0,,
1585,mailer_only_vs_none,14,1.0000000000000002,2,0.11428571428571428,0,0.0,0.0,0.0,0.0,0.0,0,0.0,0.0,0.0,,
1588,both_vs_additive,20,1.0,2,0.11538461538461539,1,0.07692307692307693,0.0,0.0,0.0,0.0,0,0.0,0.0,0.0,-0.020455829649273415,-0.007092941439589707
1588,both_vs_none,20,1.0,2,0.11538461538461539,1,0.07692307692307693,0.07692307692307693,0.07692307692307693,0.07692307692307693,0.07692307692307693,0,0.0,0.0,0.0,0.010873397435897436,0.006944444444444445
1588,display_only_vs_none,20,1.0,2,0.11538461538461539,1,0.07692307692307693,0.0,0.07692307692307693,0.07692307692307693,0.0,0,0.0,0.0,0.0,0.009214285714285715,0.0071428571428571435
1588,mailer_only_vs_none,20,1.0,5,0.24358974358974358,1,0.07692307692307693,0.0,0.0,0.0,0.0,0,0.0,0.0,0.0,-0.0012255499860763016,0.005155858680346433
1599,both_vs_additive,20,0.9999999999999994,3,0.2037037037037037,2,0.1111111111111111,0.0,0.0,0.0,0.0,0,0.0,0.0,0.0,-0.007992289294889017,0.0013228925066291633
1599,both_vs_none,20,0.9999999999999994,3,0.2037037037037037,2,0.1111111111111111,0.05555555555555555,0.05555555555555555,0.05555555555555555,0.05555555555555555,0,0.0,0.0,0.0,0.024320682230528773,0.00925911445559516
1599,display_only_vs_none,20,0.9999999999999994,4,0.25,3,0.15740740740740738,0.1111111111111111,0.1111111111111111,0.1111111111111111,0.1111111111111111,1,0.046296296296296294,0.0,0.0,0.010592645315200017,0.0036013344342704363
1599,mailer_only_vs_none,20,0.9999999999999997,4,0.24074074074074073,2,0.1111111111111111,0.05555555555555555,0.05555555555555555,0.05555555555555555,0.05555555555555555,0,0.0,0.0,0.0,0.014545188492063491,0.0050413359788359785
1602,both_vs_additive,20,0.9999999999999999,2,0.16666666666666666,0,0.0,0.0,0.0,0.0,0.0,0,0.0,0.0,0.0,,
1602,both_vs_none,20,0.9999999999999999,2,0.16666666666666666,0,0.0,0.0,0.0,0.0,0.0,0,0.0,0.0,0.0,,
1602,display_only_vs_none,20,0.9999999999999999,2,0.16666666666666666,0,0.0,0.0,0.0,0.0,0.0,0,0.0,0.0,0.0,,
1602,mailer_only_vs_none,20,0.9999999999999999,2,0.16666666666666666,0,0.0,0.0,0.0,0.0,0.0,0,0.0,0.0,0.0,,
1607,both_vs_additive,20,1.0000000000000007,1,0.08196721311475409,0,0.0,0.0,0.0,0.0,0.0,0,0.0,0.0,0.0,,
1607,both_vs_none,20,1.0000000000000007,1,0.08196721311475409,0,0.0,0.0,0.0,0.0,0.0,0,0.0,0.0,0.0,,
1607,display_only_vs_none,20,1.0000000000000007,1,0.08196721311475409,0,0.0,0.0,0.0,0.0,0.0,0,0.0,0.0,0.0,,
1607,mailer_only_vs_none,20,1.0000000000000007,1,0.08196721311475409,0,0.0,0.0,0.0,0.0,0.0,0,0.0,0.0,0.0,,
1613,both_vs_additive,20,1.0000000000000002,6,0.4363636363636364,3,0.10909090909090909,0.07272727272727272,0.07272727272727272,0.07272727272727272,0.07272727272727272,1,0.03636363636363636,0.0,0.0,0.02075470979637647,0.0018262880751363827
1613,both_vs_none,20,1.0000000000000002,6,0.4363636363636364,3,0.10909090909090909,0.03636363636363636,0.03636363636363636,0.03636363636363636,0.03636363636363636,1,0.03636363636363636,0.0,0.0,0.0019467324278558352,0.0013239706905461574
1613,display_only_vs_none,20,1.0000000000000002,7,0.49090909090909096,4,0.16363636363636364,0.0,0.0,0.0,0.0,1,0.03636363636363636,0.0,0.0,-0.021929097229566107,-0.005730486480758811
1613,mailer_only_vs_none,20,1.0000000000000002,7,0.49090909090909096,3,0.10909090909090909,0.0,0.0,0.0,0.0,3,0.12727272727272726,0.07272727272727272,0.07272727272727272,-0.0008962058070753714,0.0009004884004884005
1617,both_vs_additive,20,1.0000000000000004,5,0.3114754098360656,1,0.03278688524590164,0.0,0.0,0.0,0.0,1,0.04918032786885246,0.0,0.0,-0.020455829649273415,-0.007092941439589707
1617,both_vs_none,20,1.0000000000000004,6,0.3442622950819672,1,0.03278688524590164,0.03278688524590164,0.03278688524590164,0.03278688524590164,0.03278688524590164,1,0.04918032786885246,0.04918032786885246,0.04918032786885246,0.010873397435897436,0.006944444444444444
1617,display_only_vs_none,20,1.0000000000000002,6,0.3770491803278689,2,0.09836065573770492,0.0,0.03278688524590164,0.03278688524590164,0.0,2,0.11475409836065574,0.04918032786885246,0.04918032786885246,-0.03798157724628312,-0.00818429936076995
1617,mailer_only_vs_none,20,1.0000000000000004,7,0.3770491803278688,2,0.06557377049180328,0.0,0.0,0.0,0.0,1,0.04918032786885246,0.04918032786885246,0.04918032786885246,0.00506579643553328,0.005256500768744644
1619,both_vs_additive,9,0.9999999999999999,1,0.15,0,0.0,0.0,0.0,0.0,0.0,0,0.0,0.0,0.0,,
1619,both_vs_none,9,0.9999999999999999,1,0.15,0,0.0,0.0,0.0,0.0,0.0,0,0.0,0.0,0.0,,
1619,display_only_vs_none,9,0.9999999999999999,1,0.15,0,0.0,0.0,0.0,0.0,0.0,0,0.0,0.0,0.0,,
1619,mailer_only_vs_none,9,0.9999999999999999,1,0.15,0,0.0,0.0,0.0,0.0,0.0,0,0.0,0.0,0.0,,
1620,both_vs_additive,20,0.9999999999999996,4,0.2708333333333333,2,0.08333333333333333,0.041666666666666664,0.041666666666666664,0.041666666666666664,0.041666666666666664,0,0.0,0.0,0.0,-0.0016675118882310707,-0.0003232057214890777
1620,both_vs_none,20,0.9999999999999996,5,0.3125,2,0.08333333333333333,0.041666666666666664,0.041666666666666664,0.041666666666666664,0.041666666666666664,0,0.0,0.0,0.0,0.0019228007318772978,0.001063530120374012
1620,display_only_vs_none,20,0.9999999999999996,5,0.3125,3,0.125,0.041666666666666664,0.0,0.041666666666666664,0.0,0,0.0,0.0,0.0,0.0029736004427837128,0.000795805247420312
1620,mailer_only_vs_none,20,0.9999999999999996,6,0.3541666666666667,3,0.125,0.041666666666666664,0.041666666666666664,0.041666666666666664,0.041666666666666664,0,0.0,0.0,0.0,-0.0015121295474258322,0.0009454083127735792
1622,both_vs_additive,20,1.0000000000000002,3,0.15853658536585366,1,0.04878048780487805,0.0,0.0,0.0,0.0,0,0.0,0.0,0.0,-0.005907280883367841,0.0031492781874170126
1622,both_vs_none,20,1.0000000000000002,3,0.15853658536585366,2,0.08536585365853658,0.08536585365853658,0.08536585365853658,0.08536585365853658,0.08536585365853658,0,0.0,0.0,0.0,0.01059428321294681,0.005204185910707651
1622,display_only_vs_none,20,1.0000000000000002,3,0.15853658536585366,2,0.08536585365853658,0.036585365853658534,0.036585365853658534,0.036585365853658534,0.036585365853658534,0,0.0,0.0,0.0,0.0069300771482436845,0.0012807912794837628
1622,mailer_only_vs_none,20,1.0000000000000002,4,0.18292682926829268,2,0.08536585365853658,0.08536585365853658,0.0,0.08536585365853658,0.0,0,0.0,0.0,0.0,0.036990790110733494,0.004713660569843147
1630,both_vs_additive,20,1.0000000000000004,2,0.10588235294117647,0,0.0,0.0,0.0,0.0,0.0,0,0.0,0.0,0.0,,
1630,both_vs_none,20,1.0000000000000004,2,0.10588235294117647,0,0.0,0.0,0.0,0.0,0.0,1,0.07058823529411765,0.0,0.0,,
1630,display_only_vs_none,20,1.0000000000000004,2,0.10588235294117647,0,0.0,0.0,0.0,0.0,0.0,1,0.07058823529411765,0.0,0.0,,
1630,mailer_only_vs_none,20,1.0000000000000004,2,0.10588235294117647,0,0.0,0.0,0.0,0.0,0.0,0,0.0,0.0,0.0,,
1631,both_vs_additive,20,0.9999999999999998,8,0.45054945054945056,3,0.1758241758241758,0.1758241758241758,0.10989010989010989,0.1758241758241758,0.10989010989010989,0,0.0,0.0,0.0,0.02909305696678325,0.02239313237495516
1631,both_vs_none,20,0.9999999999999998,9,0.4945054945054945,5,0.25274725274725274,0.15384615384615385,0.18681318681318682,0.18681318681318682,0.15384615384615385,0,0.0,0.0,0.0,0.01787570844055155,0.011753530554391873
1631,display_only_vs_none,20,0.9999999999999998,9,0.4945054945054945,5,0.26373626373626374,0.08791208791208792,0.1208791208791209,0.1208791208791209,0.08791208791208792,0,0.0,0.0,0.0,0.007040996715286251,-2.8761385321087857e-05
1631,mailer_only_vs_none,20,1.0,11,0.5824175824175825,5,0.25274725274725274,0.03296703296703297,0.03296703296703297,0.03296703296703297,0.03296703296703297,0,0.0,0.0,0.0,-0.002373939249298468,-0.0014301695624135155
1633,both_vs_additive,20,1.0000000000000002,4,0.2,2,0.06153846153846154,0.0,0.0,0.0,0.0,0,0.0,0.0,0.0,-0.00976823441109155,-0.0032818516817363134
1633,both_vs_none,20,1.0000000000000002,4,0.2,3,0.1076923076923077,0.07692307692307693,0.07692307692307693,0.07692307692307693,0.07692307692307693,0,0.0,0.0,0.0,0.022784355872934117,0.009563115610767909
1633,display_only_vs_none,20,1.0000000000000002,5,0.27692307692307694,4,0.18461538461538463,0.07692307692307693,0.07692307692307693,0.07692307692307693,0.07692307692307693,0,0.0,0.0,0.0,-0.012978475716572868,-0.0021145536765328618
1633,mailer_only_vs_none,20,1.0000000000000002,5,0.27692307692307694,2,0.06153846153846154,0.03076923076923077,0.03076923076923077,0.03076923076923077,0.03076923076923077,0,0.0,0.0,0.0,0.010276299736268774,0.010344205731202635
1640,both_vs_additive,10,1.0000000000000002,1,0.11904761904761904,0,0.0,0.0,0.0,0.0,0.0,0,0.0,0.0,0.0,,
1640,both_vs_none,10,1.0000000000000002,1,0.11904761904761904,0,0.0,0.0,0.0,0.0,0.0,0,0.0,0.0,0.0,,
1640,display_only_vs_none,10,1.0000000000000002,1,0.11904761904761904,0,0.0,0.0,0.0,0.0,0.0,0,0.0,0.0,0.0,,
1640,mailer_only_vs_none,10,1.0000000000000002,1,0.11904761904761904,0,0.0,0.0,0.0,0.0,0.0,0,0.0,0.0,0.0,,
1642,both_vs_additive,20,1.0,6,0.2605042016806723,0,0.0,0.0,0.0,0.0,0.0,0,0.0,0.0,0.0,,
1642,both_vs_none,20,1.0,6,0.2605042016806723,0,0.0,0.0,0.0,0.0,0.0,2,0.12605042016806722,0.06722689075630252,0.06722689075630252,,
1642,display_only_vs_none,20,1.0,6,0.2605042016806723,0,0.0,0.0,0.0,0.0,0.0,2,0.12605042016806722,0.0,0.06722689075630252,,
1642,mailer_only_vs_none,20,1.0,6,0.2605042016806723,0,0.0,0.0,0.0,0.0,0.0,0,0.0,0.0,0.0,,
1652,both_vs_additive,5,1.0,0,0.0,0,0.0,0.0,0.0,0.0,0.0,0,0.0,0.0,0.0,,
1652,both_vs_none,5,1.0,0,0.0,0,0.0,0.0,0.0,0.0,0.0,0,0.0,0.0,0.0,,
1652,display_only_vs_none,5,1.0,0,0.0,0,0.0,0.0,0.0,0.0,0.0,0,0.0,0.0,0.0,,
1652,mailer_only_vs_none,5,1.0,0,0.0,0,0.0,0.0,0.0,0.0,0.0,0,0.0,0.0,0.0,,
1653,both_vs_additive,20,1.0000000000000002,4,0.21374045801526717,1,0.030534351145038167,0.0,0.0,0.0,0.0,1,0.030534351145038167,0.0,0.0,0.0035682257772212773,0.003730884100074506
1653,both_vs_none,20,1.0000000000000002,4,0.21374045801526717,1,0.030534351145038167,0.0,0.0,0.0,0.0,1,0.030534351145038167,0.030534351145038167,0.030534351145038167,-0.00957264882697265,-0.006884439822440604
1653,display_only_vs_none,20,1.0000000000000002,5,0.2519083969465649,1,0.030534351145038167,0.0,0.0,0.0,0.0,1,0.030534351145038167,0.030534351145038167,0.030534351145038167,-0.0077189414061977785,-0.004099720175432318
1653,mailer_only_vs_none,20,1.0000000000000002,6,0.2900763358778626,2,0.061068702290076333,0.030534351145038167,0.030534351145038167,0.030534351145038167,0.030534351145038167,1,0.030534351145038167,0.030534351145038167,0.030534351145038167,0.004552205836601389,0.009958510082900551
1660,both_vs_additive,19,1.0000000000000002,4,0.22499999999999998,0,0.0,0.0,0.0,0.0,0.0,2,0.1,0.05,0.0,,
1660,both_vs_none,19,1.0000000000000002,4,0.22499999999999998,1,0.05,0.05,0.05,0.05,0.05,2,0.1,0.05,0.05,0.04166208791208791,0.01872710622710623
1660,display_only_vs_none,19,1.0000000000000002,5,0.3,2,0.125,0.05,0.05,0.05,0.05,2,0.1,0.05,0.05,-0.021270781717995332,-0.003605239542572732
1660,mailer_only_vs_none,19,1.0000000000000002,6,0.32499999999999996,0,0.0,0.0,0.0,0.0,0.0,2,0.1,0.1,0.1,,
1662,both_vs_additive,20,0.9999999999999999,1,0.05357142857142857,1,0.05357142857142857,0.05357142857142857,0.05357142857142857,0.05357142857142857,0.05357142857142857,0,0.0,0.0,0.0,0.16836150148988288,0.04128756979795421
1662,both_vs_none,20,0.9999999999999999,1,0.05357142857142857,1,0.05357142857142857,0.0,0.0,0.0,0.0,0,0.0,0.0,0.0,-0.07045406843319933,-0.0015695903236861224
1662,display_only_vs_none,20,1.0,4,0.23214285714285715,1,0.05357142857142857,0.0,0.0,0.0,0.0,0,0.0,0.0,0.0,-0.10056833513172979,-0.016514079457296535
1662,mailer_only_vs_none,20,0.9999999999999999,3,0.1607142857142857,1,0.05357142857142857,0.0,0.0,0.0,0.0,0,0.0,0.0,0.0,-0.13824723479135242,-0.026096656611362498
1665,both_vs_additive,9,0.9999999999999998,2,0.24,1,0.12,0.12,0.0,0.12,0.0,0,0.0,0.0,0.0,0.011671364168835293,0.01732353720682306
1665,both_vs_none,9,0.9999999999999998,2,0.24,1,0.12,0.0,0.0,0.0,0.0,0,0.0,0.0,0.0,0.005561485543565982,0.003282490860840013
1665,display_only_vs_none,9,0.9999999999999998,2,0.24,1,0.12,0.0,0.0,0.0,0.0,0,0.0,0.0,0.0,-0.0038232147578032526,-0.008058654834500863
1665,mailer_only_vs_none,9,0.9999999999999998,2,0.24,1,0.12,0.0,0.0,0.0,0.0,0,0.0,0.0,0.0,-0.0029470563350881586,-0.005982391511482188
1671,both_vs_additive,10,1.0000000000000002,1,0.09090909090909091,0,0.0,0.0,0.0,0.0,0.0,0,0.0,0.0,0.0,,
1671,both_vs_none,10,1.0,2,0.18181818181818182,0,0.0,0.0,0.0,0.0,0.0,0,0.0,0.0,0.0,,
1671,display_only_vs_none,10,1.0000000000000002,1,0.09090909090909091,0,0.0,0.0,0.0,0.0,0.0,0,0.0,0.0,0.0,,
1671,mailer_only_vs_none,10,1.0,2,0.18181818181818182,0,0.0,0.0,0.0,0.0,0.0,0,0.0,0.0,0.0,,
1672,both_vs_additive,10,1.0000000000000002,1,0.08333333333333333,0,0.0,0.0,0.0,0.0,0.0,0,0.0,0.0,0.0,,
1672,both_vs_none,10,1.0000000000000002,1,0.08333333333333333,0,0.0,0.0,0.0,0.0,0.0,0,0.0,0.0,0.0,,
1672,display_only_vs_none,10,1.0,2,0.16666666666666666,0,0.0,0.0,0.0,0.0,0.0,0,0.0,0.0,0.0,,
1672,mailer_only_vs_none,10,1.0,3,0.29166666666666663,0,0.0,0.0,0.0,0.0,0.0,0,0.0,0.0,0.0,,
1673,both_vs_additive,20,1.0000000000000004,4,0.21311475409836064,3,0.13114754098360656,0.03278688524590164,0.03278688524590164,0.03278688524590164,0.03278688524590164,1,0.03278688524590164,0.03278688524590164,0.03278688524590164,-0.004965799843439386,-0.003573135314383778
1673,both_vs_none,20,1.0000000000000004,4,0.21311475409836064,3,0.13114754098360656,0.0,0.03278688524590164,0.03278688524590164,0.0,1,0.03278688524590164,0.03278688524590164,0.0,0.0018970018245329338,0.0015788802465131647
1673,display_only_vs_none,20,1.0000000000000004,5,0.2950819672131147,3,0.13114754098360656,0.09836065573770492,0.0819672131147541,0.13114754098360656,0.04918032786885246,2,0.0819672131147541,0.04918032786885246,0.04918032786885246,0.007789856188934698,0.005238497623544659
1673,mailer_only_vs_none,20,1.0000000000000004,6,0.34426229508196715,4,0.18032786885245902,0.09836065573770492,0.09836065573770492,0.09836065573770492,0.09836065573770492,2,0.0819672131147541,0.04918032786885246,0.04918032786885246,0.001208368177331683,0.0060953924414708
1676,both_vs_additive,15,0.9999999999999994,0,0.0,0,0.0,0.0,0.0,0.0,0.0,0,0.0,0.0,0.0,,
1676,both_vs_none,15,0.9999999999999994,0,0.0,0,0.0,0.0,0.0,0.0,0.0,0,0.0,0.0,0.0,,
1676,display_only_vs_none,15,0.9999999999999996,2,0.08888888888888889,0,0.0,0.0,0.0,0.0,0.0,0,0.0,0.0,0.0,,
1676,mailer_only_vs_none,15,0.9999999999999996,1,0.044444444444444446,0,0.0,0.0,0.0,0.0,0.0,0,0.0,0.0,0.0,,
1677,both_vs_additive,20,1.0,2,0.1559633027522936,0,0.0,0.0,0.0,0.0,0.0,0,0.0,0.0,0.0,,
1677,both_vs_none,20,1.0,2,0.1559633027522936,0,0.0,0.0,0.0,0.0,0.0,0,0.0,0.0,0.0,,
1677,display_only_vs_none,20,1.0,2,0.1559633027522936,0,0.0,0.0,0.0,0.0,0.0,0,0.0,0.0,0.0,,
1677,mailer_only_vs_none,20,1.0,2,0.1559633027522936,0,0.0,0.0,0.0,0.0,0.0,0,0.0,0.0,0.0,,
1679,both_vs_additive,5,1.0,0,0.0,0,0.0,0.0,0.0,0.0,0.0,0,0.0,0.0,0.0,,
1679,both_vs_none,5,1.0,0,0.0,0,0.0,0.0,0.0,0.0,0.0,0,0.0,0.0,0.0,,
1679,display_only_vs_none,5,1.0,0,0.0,0,0.0,0.0,0.0,0.0,0.0,0,0.0,0.0,0.0,,
1679,mailer_only_vs_none,5,1.0,0,0.0,0,0.0,0.0,0.0,0.0,0.0,0,0.0,0.0,0.0,,
1683,both_vs_additive,6,1.0000000000000002,0,0.0,0,0.0,0.0,0.0,0.0,0.0,0,0.0,0.0,0.0,,
1683,both_vs_none,6,1.0000000000000002,0,0.0,0,0.0,0.0,0.0,0.0,0.0,0,0.0,0.0,0.0,,
1683,display_only_vs_none,6,1.0000000000000002,0,0.0,0,0.0,0.0,0.0,0.0,0.0,0,0.0,0.0,0.0,,
1683,mailer_only_vs_none,6,1.0000000000000002,0,0.0,0,0.0,0.0,0.0,0.0,0.0,0,0.0,0.0,0.0,,
1687,both_vs_additive,19,0.9999999999999998,4,0.17647058823529413,2,0.0784313725490196,0.0784313725490196,0.0392156862745098,0.0784313725490196,0.0392156862745098,0,0.0,0.0,0.0,0.02099040307354991,0.01978629897614864
1687,both_vs_none,19,0.9999999999999998,4,0.17647058823529413,2,0.0784313725490196,0.0,0.0,0.0,0.0,0,0.0,0.0,0.0,-0.002167621925844507,0.000513509505727927
1687,display_only_vs_none,19,0.9999999999999998,4,0.17647058823529413,2,0.0784313725490196,0.0,0.0,0.0,0.0,0,0.0,0.0,0.0,-0.01221648489446025,-0.010508469762864191
1687,mailer_only_vs_none,19,0.9999999999999999,6,0.27450980392156865,3,0.13725490196078433,0.058823529411764705,0.058823529411764705,0.058823529411764705,0.058823529411764705,0,0.0,0.0,0.0,-0.0022746569616313573,0.004584064104733134
1690,both_vs_additive,9,1.0,0,0.0,0,0.0,0.0,0.0,0.0,0.0,0,0.0,0.0,0.0,,
1690,both_vs_none,9,1.0,1,0.09090909090909091,0,0.0,0.0,0.0,0.0,0.0,0,0.0,0.0,0.0,,
1690,display_only_vs_none,9,1.0,2,0.18181818181818182,1,0.09090909090909091,0.0,0.0,0.0,0.0,0,0.0,0.0,0.0,-0.06157950872656754,-0.015847877612583494
1690,mailer_only_vs_none,9,1.0,2,0.22727272727272727,0,0.0,0.0,0.0,0.0,0.0,0,0.0,0.0,0.0,,
1692,both_vs_additive,7,0.9999999999999998,4,0.5714285714285714,1,0.14285714285714285,0.0,0.0,0.0,0.0,0,0.0,0.0,0.0,0.0035682257772212773,0.003730884100074506
1692,both_vs_none,7,0.9999999999999998,4,0.5714285714285714,1,0.14285714285714285,0.0,0.0,0.0,0.0,0,0.0,0.0,0.0,-0.00957264882697265,-0.006884439822440604
1692,display_only_vs_none,7,0.9999999999999998,4,0.5714285714285714,1,0.14285714285714285,0.0,0.0,0.0,0.0,0,0.0,0.0,0.0,-0.007718941406197779,-0.004099720175432319
1692,mailer_only_vs_none,7,0.9999999999999998,4,0.5714285714285714,1,0.14285714285714285,0.0,0.0,0.0,0.0,0,0.0,0.0,0.0,-0.0009316770186335414,-0.001035196687370601
1693,both_vs_additive,19,1.0000000000000004,2,0.08,2,0.08,0.08,0.04,0.08,0.04,0,0.0,0.0,0.0,0.028673421832003065,0.0023928037047232097
1693,both_vs_none,19,1.0000000000000004,3,0.12,2,0.08,0.04,0.04,0.04,0.04,0,0.0,0.0,0.0,-0.007084339266547507,-0.007820450377658616
1693,display_only_vs_none,19,1.0000000000000004,4,0.24000000000000002,2,0.08,0.0,0.0,0.0,0.0,0,0.0,0.0,0.0,-0.006297584660781254,-0.005957842681913887
1693,mailer_only_vs_none,19,1.0000000000000004,5,0.28,2,0.08,0.0,0.0,0.0,0.0,0,0.0,0.0,0.0,-0.019646493329607367,-0.010643284184950851
1694,both_vs_additive,20,0.9999999999999998,2,0.10714285714285714,1,0.07142857142857142,0.0,0.0,0.0,0.0,0,0.0,0.0,0.0,0.006423011496288518,0.0009369070658234542
1694,both_vs_none,20,0.9999999999999999,4,0.1964285714285714,1,0.07142857142857142,0.07142857142857142,0.07142857142857142,0.07142857142857142,0.07142857142857142,0,0.0,0.0,0.0,0.011852617604002646,0.004119740037330063
1694,display_only_vs_none,20,0.9999999999999999,5,0.25,2,0.125,0.0,0.07142857142857142,0.07142857142857142,0.0,0,0.0,0.0,0.0,-0.001749313488443923,0.0022541738177253553
1694,mailer_only_vs_none,20,0.9999999999999999,6,0.2857142857142857,2,0.125,0.125,0.05357142857142857,0.125,0.05357142857142857,0,0.0,0.0,0.0,0.007191548326019313,0.002508174767491537
1707,both_vs_additive,20,1.0000000000000004,3,0.09523809523809523,2,0.06802721088435375,0.06802721088435375,0.06802721088435375,0.06802721088435375,0.06802721088435375,2,0.06802721088435375,0.034013605442176874,0.034013605442176874,0.10641028928800668,0.04756696203406729
1707,both_vs_none,20,1.0000000000000004,3,0.09523809523809523,2,0.06802721088435375,0.034013605442176874,0.034013605442176874,0.034013605442176874,0.034013605442176874,2,0.06802721088435375,0.034013605442176874,0.034013605442176874,0.02156706095836531,0.01117035138774269
1707,display_only_vs_none,20,1.0000000000000004,4,0.17006802721088438,3,0.14285714285714288,0.07482993197278912,0.07482993197278912,0.07482993197278912,0.07482993197278912,2,0.06802721088435375,0.034013605442176874,0.034013605442176874,0.0025602419702645306,-0.00426196145019307
1707,mailer_only_vs_none,20,1.0000000000000004,3,0.09523809523809523,2,0.06802721088435375,0.0,0.0,0.0,0.0,2,0.06802721088435375,0.034013605442176874,0.034013605442176874,-0.004373809523809524,-0.0003901851764548728
1708,both_vs_additive,18,0.9999999999999994,1,0.06666666666666667,0,0.0,0.0,0.0,0.0,0.0,0,0.0,0.0,0.0,,
1708,both_vs_none,18,0.9999999999999994,1,0.06666666666666667,0,0.0,0.0,0.0,0.0,0.0,0,0.0,0.0,0.0,,
1708,display_only_vs_none,18,0.9999999999999994,2,0.1111111111111111,1,0.044444444444444446,0.0,0.0,0.0,0.0,0,0.0,0.0,0.0,-0.06157950872656754,-0.015847877612583494
1708,mailer_only_vs_none,18,0.9999999999999994,2,0.1111111111111111,0,0.0,0.0,0.0,0.0,0.0,0,0.0,0.0,0.0,,
1710,both_vs_additive,20,0.9999999999999999,1,0.0440251572327044,0,0.0,0.0,0.0,0.0,0.0,0,0.0,0.0,0.0,,
1710,both_vs_none,20,0.9999999999999999,1,0.0440251572327044,0,0.0,0.0,0.0,0.0,0.0,0,0.0,0.0,0.0,,
1710,display_only_vs_none,20,0.9999999999999999,2,0.09433962264150944,0,0.0,0.0,0.0,0.0,0.0,0,0.0,0.0,0.0,,
1710,mailer_only_vs_none,20,0.9999999999999999,2,0.09433962264150944,0,0.0,0.0,0.0,0.0,0.0,0,0.0,0.0,0.0,,
1716,both_vs_additive,18,1.0000000000000004,2,0.0975609756097561,1,0.04878048780487805,0.0,0.0,0.0,0.0,0,0.0,0.0,0.0,-0.023612947898662175,-0.00957896012344794
1716,both_vs_none,18,1.0000000000000004,2,0.0975609756097561,1,0.04878048780487805,0.04878048780487805,0.04878048780487805,0.04878048780487805,0.04878048780487805,0,0.0,0.0,0.0,0.02600718622897478,0.009469598227809288
1716,display_only_vs_none,18,1.0000000000000004,3,0.14634146341463417,1,0.04878048780487805,0.04878048780487805,0.04878048780487805,0.04878048780487805,0.04878048780487805,1,0.04878048780487805,0.04878048780487805,0.04878048780487805,0.023663491405246012,0.006562415625883111
1716,mailer_only_vs_none,18,1.0000000000000004,4,0.1951219512195122,1,0.04878048780487805,0.04878048780487805,0.04878048780487805,0.04878048780487805,0.04878048780487805,1,0.04878048780487805,0.04878048780487805,0.04878048780487805,0.02383542775536583,0.020688411462405274
1717,both_vs_additive,15,0.9999999999999997,1,0.043478260869565216,0,0.0,0.0,0.0,0.0,0.0,0,0.0,0.0,0.0,,
1717,both_vs_none,15,0.9999999999999997,1,0.043478260869565216,0,0.0,0.0,0.0,0.0,0.0,0,0.0,0.0,0.0,,
1717,display_only_vs_none,15,0.9999999999999997,2,0.08695652173913043,0,0.0,0.0,0.0,0.0,0.0,0,0.0,0.0,0.0,,
1717,mailer_only_vs_none,15,0.9999999999999997,1,0.043478260869565216,0,0.0,0.0,0.0,0.0,0.0,0,0.0,0.0,0.0,,
1719,both_vs_additive,20,0.9999999999999993,2,0.16666666666666666,1,0.1111111111111111,0.1111111111111111,0.1111111111111111,0.1111111111111111,0.1111111111111111,0,0.0,0.0,0.0,0.16836150148988288,0.04128756979795421
1719,both_vs_none,20,0.9999999999999993,2,0.16666666666666666,1,0.1111111111111111,0.0,0.0,0.0,0.0,0,0.0,0.0,0.0,-0.07045406843319933,-0.0015695903236861224
1719,display_only_vs_none,20,0.9999999999999993,2,0.16666666666666666,1,0.1111111111111111,0.0,0.0,0.0,0.0,0,0.0,0.0,0.0,-0.10056833513172979,-0.016514079457296535
1719,mailer_only_vs_none,20,0.9999999999999993,2,0.16666666666666666,1,0.1111111111111111,0.0,0.0,0.0,0.0,0,0.0,0.0,0.0,-0.13824723479135242,-0.026096656611362498
1720,both_vs_additive,19,0.9999999999999993,3,0.12962962962962962,2,0.07407407407407407,0.07407407407407407,0.07407407407407407,0.07407407407407407,0.07407407407407407,0,0.0,0.0,0.0,0.11862346594037401,0.024741715964013436
1720,both_vs_none,19,0.9999999999999993,3,0.12962962962962962,3,0.12962962962962962,0.05555555555555555,0.05555555555555555,0.05555555555555555,0.05555555555555555,0,0.0,0.0,0.0,-0.015364748823071933,0.001650141470399814
1720,display_only_vs_none,19,0.9999999999999996,4,0.16666666666666666,4,0.16666666666666666,0.05555555555555555,0.05555555555555555,0.05555555555555555,0.05555555555555555,0,0.0,0.0,0.0,-0.03427870722046369,-0.007190082854445948
1720,mailer_only_vs_none,19,0.9999999999999993,3,0.12962962962962962,3,0.12962962962962962,0.05555555555555555,0.0,0.05555555555555555,0.0,0,0.0,0.0,0.0,-0.01473710956641719,-0.004164138787280294
1722,both_vs_additive,20,0.9999999999999998,3,0.23595505617977527,1,0.07865168539325842,0.0,0.0,0.0,0.0,0,0.0,0.0,0.0,-0.009428287658487113,-6.331144583812676e-05
1722,both_vs_none,20,0.9999999999999998,3,0.23595505617977527,1,0.07865168539325842,0.07865168539325842,0.07865168539325842,0.07865168539325842,0.07865168539325842,0,0.0,0.0,0.0,0.046018653838346926,0.017053027445988855
1722,display_only_vs_none,20,0.9999999999999998,3,0.23595505617977527,1,0.07865168539325842,0.07865168539325842,0.07865168539325842,0.07865168539325842,0.07865168539325842,0,0.0,0.0,0.0,0.026171438105598695,0.007455165327337751
1722,mailer_only_vs_none,20,0.9999999999999998,4,0.2808988764044944,1,0.07865168539325842,0.07865168539325842,0.07865168539325842,0.07865168539325842,0.07865168539325842,0,0.0,0.0,0.0,0.03505704365079365,0.01341600529100529
1723,both_vs_additive,8,1.0,0,0.0,0,0.0,0.0,0.0,0.0,0.0,0,0.0,0.0,0.0,,
1723,both_vs_none,8,1.0,0,0.0,0,0.0,0.0,0.0,0.0,0.0,0,0.0,0.0,0.0,,
1723,display_only_vs_none,8,1.0,0,0.0,0,0.0,0.0,0.0,0.0,0.0,0,0.0,0.0,0.0,,
1723,mailer_only_vs_none,8,1.0,0,0.0,0,0.0,0.0,0.0,0.0,0.0,0,0.0,0.0,0.0,,
1724,both_vs_additive,18,1.0000000000000002,2,0.07272727272727272,0,0.0,0.0,0.0,0.0,0.0,0,0.0,0.0,0.0,,
1724,both_vs_none,18,1.0000000000000002,2,0.07272727272727272,0,0.0,0.0,0.0,0.0,0.0,0,0.0,0.0,0.0,,
1724,display_only_vs_none,18,1.0000000000000002,2,0.07272727272727272,0,0.0,0.0,0.0,0.0,0.0,0,0.0,0.0,0.0,,
1724,mailer_only_vs_none,18,1.0000000000000002,2,0.07272727272727272,0,0.0,0.0,0.0,0.0,0.0,0,0.0,0.0,0.0,,
1726,both_vs_additive,20,0.9999999999999996,1,0.030303030303030304,0,0.0,0.0,0.0,0.0,0.0,0,0.0,0.0,0.0,,
1726,both_vs_none,20,0.9999999999999996,1,0.030303030303030304,0,0.0,0.0,0.0,0.0,0.0,0,0.0,0.0,0.0,,
1726,display_only_vs_none,20,0.9999999999999996,1,0.030303030303030304,0,0.0,0.0,0.0,0.0,0.0,0,0.0,0.0,0.0,,
1726,mailer_only_vs_none,20,0.9999999999999996,1,0.030303030303030304,0,0.0,0.0,0.0,0.0,0.0,0,0.0,0.0,0.0,,
1729,both_vs_additive,20,1.0,4,0.3,0,0.0,0.0,0.0,0.0,0.0,0,0.0,0.0,0.0,,
1729,both_vs_none,20,1.0,4,0.3,1,0.06666666666666667,0.06666666666666667,0.06666666666666667,0.06666666666666667,0.06666666666666667,0,0.0,0.0,0.0,0.04166208791208791,0.01872710622710623
1729,display_only_vs_none,20,1.0,4,0.3,1,0.06666666666666667,0.06666666666666667,0.06666666666666667,0.06666666666666667,0.06666666666666667,0,0.0,0.0,0.0,0.03919230879486297,0.014758717562443409
1729,mailer_only_vs_none,20,1.0,4,0.3,0,0.0,0.0,0.0,0.0,0.0,0,0.0,0.0,0.0,,
1731,both_vs_additive,11,0.9999999999999998,4,0.4230769230769231,1,0.11538461538461539,0.11538461538461539,0.0,0.11538461538461539,0.0,0,0.0,0.0,0.0,0.011671364168835293,0.017323537206823055
1731,both_vs_none,11,0.9999999999999998,4,0.4230769230769231,1,0.11538461538461539,0.0,0.0,0.0,0.0,0,0.0,0.0,0.0,0.005561485543565982,0.0032824908608400124
1731,display_only_vs_none,11,0.9999999999999998,5,0.5384615384615385,1,0.11538461538461539,0.0,0.0,0.0,0.0,0,0.0,0.0,0.0,-0.0038232147578032526,-0.008058654834500863
1731,mailer_only_vs_none,11,0.9999999999999998,5,0.5384615384615385,1,0.11538461538461539,0.0,0.0,0.0,0.0,0,0.0,0.0,0.0,-0.0029470563350881586,-0.005982391511482188
1738,both_vs_additive,8,1.0,6,0.5217391304347826,2,0.17391304347826086,0.08695652173913043,0.0,0.08695652173913043,0.0,0,0.0,0.0,0.0,0.004841554458361937,0.008813093439606264
1738,both_vs_none,8,1.0,6,0.5217391304347826,3,0.2608695652173913,0.08695652173913043,0.08695652173913043,0.08695652173913043,0.08695652173913043,0,0.0,0.0,0.0,0.005451120598656184,0.00298345772448639
1738,display_only_vs_none,8,1.0,7,0.6521739130434783,3,0.2608695652173913,0.08695652173913043,0.17391304347826086,0.17391304347826086,0.08695652173913043,0,0.0,0.0,0.0,0.0056084811937536574,0.0007903565137292509
1738,mailer_only_vs_none,8,1.0,7,0.6521739130434783,3,0.2608695652173913,0.08695652173913043,0.0,0.08695652173913043,0.0,0,0.0,0.0,0.0,0.018677764757652142,0.001146767949571058
1745,both_vs_additive,20,0.9999999999999996,3,0.18181818181818182,1,0.045454545454545456,0.045454545454545456,0.045454545454545456,0.045454545454545456,0.045454545454545456,0,0.0,0.0,0.0,0.030309441978264528,0.02224906074547422
1745,both_vs_none,20,0.9999999999999996,3,0.18181818181818182,1,0.045454545454545456,0.0,0.0,0.0,0.0,1,0.056818181818181816,0.0,0.0,-0.009896729395254995,-0.0022554718493841587
1745,display_only_vs_none,20,0.9999999999999996,4,0.2272727272727273,1,0.045454545454545456,0.0,0.0,0.0,0.0,2,0.10227272727272727,0.0,0.0,-0.020609755031117248,-0.012958284691227522
1745,mailer_only_vs_none,20,0.9999999999999997,6,0.36363636363636365,1,0.045454545454545456,0.0,0.0,0.0,0.0,2,0.125,0.07954545454545454,0.0,-0.02006837606837607,-0.009401709401709403
1748,both_vs_additive,9,1.0000000000000002,2,0.36363636363636365,1,0.09090909090909091,0.09090909090909091,0.0,0.09090909090909091,0.0,0,0.0,0.0,0.0,0.011671364168835293,0.017323537206823055
1748,both_vs_none,9,1.0000000000000002,2,0.36363636363636365,1,0.09090909090909091,0.0,0.0,0.0,0.0,0,0.0,0.0,0.0,0.005561485543565982,0.003282490860840013
1748,display_only_vs_none,9,1.0000000000000002,4,0.5454545454545455,1,0.09090909090909091,0.0,0.0,0.0,0.0,0,0.0,0.0,0.0,-0.0038232147578032526,-0.008058654834500863
1748,mailer_only_vs_none,9,1.0000000000000002,3,0.4545454545454546,1,0.09090909090909091,0.0,0.0,0.0,0.0,0,0.0,0.0,0.0,-0.0029470563350881586,-0.005982391511482188
1749,both_vs_additive,20,0.9999999999999996,2,0.06060606060606061,2,0.06060606060606061,0.030303030303030304,0.0,0.030303030303030304,0.0,0,0.0,0.0,0.0,-0.00020747097880492786,0.007646978482704441
1749,both_vs_none,20,0.9999999999999996,2,0.06060606060606061,2,0.06060606060606061,0.030303030303030304,0.030303030303030304,0.030303030303030304,0.030303030303030304,0,0.0,0.0,0.0,0.010666159438449655,0.006272963087436861
1749,display_only_vs_none,20,0.9999999999999996,3,0.12121212121212122,3,0.12121212121212122,0.030303030303030304,0.030303030303030304,0.030303030303030304,0.030303030303030304,0,0.0,0.0,0.0,-0.02895968315262198,-0.008546441452590984
1749,mailer_only_vs_none,20,0.9999999999999996,2,0.06060606060606061,2,0.06060606060606061,0.030303030303030304,0.030303030303030304,0.030303030303030304,0.030303030303030304,0,0.0,0.0,0.0,0.005355053703800948,0.0015992600847147456
1752,both_vs_additive,20,0.9999999999999999,4,0.19767441860465118,0,0.0,0.0,0.0,0.0,0.0,0,0.0,0.0,0.0,,
1752,both_vs_none,20,0.9999999999999999,4,0.19767441860465118,0,0.0,0.0,0.0,0.0,0.0,0,0.0,0.0,0.0,,
1752,display_only_vs_none,20,1.0,7,0.40697674418604657,1,0.13953488372093023,0.0,0.0,0.0,0.0,1,0.13953488372093023,0.0,0.0,-0.06157950872656754,-0.015847877612583494
1752,mailer_only_vs_none,20,1.0,7,0.3023255813953488,0,0.0,0.0,0.0,0.0,0.0,0,0.0,0.0,0.0,,
1753,both_vs_additive,8,1.0,0,0.0,0,0.0,0.0,0.0,0.0,0.0,0,0.0,0.0,0.0,,
1753,both_vs_none,8,1.0,0,0.0,0,0.0,0.0,0.0,0.0,0.0,0,0.0,0.0,0.0,,
1753,display_only_vs_none,8,1.0,1,0.11764705882352941,0,0.0,0.0,0.0,0.0,0.0,0,0.0,0.0,0.0,,
1753,mailer_only_vs_none,8,1.0,1,0.11764705882352941,0,0.0,0.0,0.0,0.0,0.0,0,0.0,0.0,0.0,,
1754,both_vs_additive,20,0.9999999999999997,5,0.2962962962962963,1,0.07407407407407407,0.0,0.0,0.0,0.0,1,0.07407407407407407,0.0,0.0,-0.023612947898662175,-0.00957896012344794
1754,both_vs_none,20,0.9999999999999997,6,0.35185185185185186,2,0.1111111111111111,0.1111111111111111,0.1111111111111111,0.1111111111111111,0.1111111111111111,1,0.07407407407407407,0.07407407407407407,0.07407407407407407,0.031225486790012493,0.012555434227574937
1754,display_only_vs_none,20,0.9999999999999997,6,0.3333333333333333,2,0.1111111111111111,0.1111111111111111,0.1111111111111111,0.1111111111111111,0.1111111111111111,1,0.07407407407407407,0.07407407407407407,0.07407407407407407,0.028839763868451666,0.009294516271403212
1754,mailer_only_vs_none,20,0.9999999999999997,7,0.3888888888888889,1,0.07407407407407407,0.07407407407407407,0.07407407407407407,0.07407407407407407,0.07407407407407407,1,0.07407407407407407,0.07407407407407407,0.07407407407407407,0.02383542775536583,0.02068841146240527
1756,both_vs_additive,20,0.9999999999999998,3,0.17543859649122806,1,0.03508771929824561,0.03508771929824561,0.03508771929824561,0.03508771929824561,0.03508771929824561,1,0.03508771929824561,0.0,0.0,0.0050749559082892415,0.004144620811287476
1756,both_vs_none,20,0.9999999999999999,4,0.21052631578947367,1,0.03508771929824561,0.0,0.0,0.0,0.0,1,0.03508771929824561,0.0,0.0,-0.016293650793650794,-0.012742729014280738
1756,display_only_vs_none,20,0.9999999999999999,4,0.21052631578947367,1,0.03508771929824561,0.0,0.0,0.0,0.0,1,0.03508771929824561,0.0,0.0,-0.0019349138515805215,0.0036095077761744442
1756,mailer_only_vs_none,20,0.9999999999999998,3,0.17543859649122806,1,0.03508771929824561,0.0,0.0,0.0,0.0,1,0.03508771929824561,0.03508771929824561,0.0,0.0020739343080984733,-0.0032441631819992035
1762,both_vs_additive,20,1.0000000000000002,7,0.3762376237623761,0,0.0,0.0,0.0,0.0,0.0,0,0.0,0.0,0.0,,
1762,both_vs_none,20,1.0000000000000002,8,0.41584158415841577,1,0.039603960396039604,0.039603960396039604,0.039603960396039604,0.039603960396039604,0.039603960396039604,0,0.0,0.0,0.0,0.04166208791208791,0.01872710622710623
1762,display_only_vs_none,20,1.0000000000000002,7,0.3762376237623761,2,0.06930693069306931,0.039603960396039604,0.039603960396039604,0.039603960396039604,0.039603960396039604,0,0.0,0.0,0.0,0.020344584617472714,0.007668246770375825
1762,mailer_only_vs_none,20,1.0000000000000002,9,0.4653465346534652,1,0.0297029702970297,0.0297029702970297,0.0297029702970297,0.0297029702970297,0.0297029702970297,0,0.0,0.0,0.0,0.02574652238445342,0.009881587681361437
1767,both_vs_additive,20,1.0000000000000004,3,0.2459016393442623,0,0.0,0.0,0.0,0.0,0.0,0,0.0,0.0,0.0,,
1767,both_vs_none,20,1.0000000000000004,3,0.2459016393442623,0,0.0,0.0,0.0,0.0,0.0,0,0.0,0.0,0.0,,
1767,display_only_vs_none,20,1.0000000000000004,3,0.2459016393442623,0,0.0,0.0,0.0,0.0,0.0,0,0.0,0.0,0.0,,
1767,mailer_only_vs_none,20,1.0000000000000004,4,0.29508196721311475,0,0.0,0.0,0.0,0.0,0.0,0,0.0,0.0,0.0,,
1769,both_vs_additive,20,0.9999999999999996,4,0.18518518518518517,0,0.0,0.0,0.0,0.0,0.0,0,0.0,0.0,0.0,,
1769,both_vs_none,20,0.9999999999999996,4,0.18518518518518517,0,0.0,0.0,0.0,0.0,0.0,0,0.0,0.0,0.0,,
1769,display_only_vs_none,20,0.9999999999999996,5,0.2222222222222222,1,0.037037037037037035,0.0,0.0,0.0,0.0,0,0.0,0.0,0.0,-0.007879090233219088,-0.0037545787545787556
1769,mailer_only_vs_none,20,0.9999999999999996,5,0.2222222222222222,0,0.0,0.0,0.0,0.0,0.0,0,0.0,0.0,0.0,,
1770,both_vs_additive,20,0.9999999999999998,1,0.03333333333333333,0,0.0,0.0,0.0,0.0,0.0,0,0.0,0.0,0.0,,
1770,both_vs_none,20,0.9999999999999998,1,0.03333333333333333,0,0.0,0.0,0.0,0.0,0.0,0,0.0,0.0,0.0,,
1770,display_only_vs_none,20,0.9999999999999998,1,0.03333333333333333,0,0.0,0.0,0.0,0.0,0.0,0,0.0,0.0,0.0,,
1770,mailer_only_vs_none,20,0.9999999999999998,2,0.06666666666666667,1,0.03333333333333333,0.03333333333333333,0.03333333333333333,0.03333333333333333,0.03333333333333333,0,0.0,0.0,0.0,0.01003608869183632,0.020952216853171706
1772,both_vs_additive,20,0.9999999999999999,3,0.1206896551724138,2,0.08620689655172414,0.0,0.0,0.0,0.0,1,0.022988505747126436,0.022988505747126436,0.022988505747126436,-0.017687948166205395,-0.006290641056727181
1772,both_vs_none,20,0.9999999999999997,4,0.18390804597701152,2,0.08620689655172414,0.06321839080459771,0.06321839080459771,0.06321839080459771,0.06321839080459771,3,0.1206896551724138,0.09770114942528736,0.09770114942528736,0.0062176799649625745,0.005015709330926722
1772,display_only_vs_none,20,0.9999999999999998,4,0.1781609195402299,2,0.08620689655172414,0.0,0.06321839080459771,0.06321839080459771,0.0,2,0.08620689655172414,0.06321839080459771,0.06321839080459771,0.0028008280471247342,0.003656647455922631
1772,mailer_only_vs_none,20,0.9999999999999998,5,0.2413793103448276,3,0.1206896551724138,0.034482758620689655,0.05747126436781609,0.05747126436781609,0.034482758620689655,2,0.05747126436781609,0.034482758620689655,0.05747126436781609,0.0005312753603295289,0.0036940837179682846
1774,both_vs_additive,13,0.9999999999999998,3,0.22580645161290322,2,0.16129032258064516,0.06451612903225806,0.16129032258064516,0.16129032258064516,0.06451612903225806,0,0.0,0.0,0.0,0.0547967623593987,0.03893810847575436
1774,both_vs_none,13,0.9999999999999996,3,0.22580645161290322,2,0.16129032258064516,0.16129032258064516,0.16129032258064516,0.16129032258064516,0.16129032258064516,1,0.06451612903225806,0.06451612903225806,0.06451612903225806,0.032408392490401484,0.017772889903699497
1774,display_only_vs_none,13,0.9999999999999996,3,0.22580645161290322,2,0.16129032258064516,0.0967741935483871,0.0,0.0967741935483871,0.0,1,0.06451612903225806,0.06451612903225806,0.06451612903225806,-0.0013758327733197253,-0.008039997786099736
1774,mailer_only_vs_none,13,0.9999999999999998,3,0.22580645161290322,2,0.16129032258064516,0.0967741935483871,0.0967741935483871,0.0967741935483871,0.0967741935483871,0,0.0,0.0,0.0,0.017017029961889883,0.005954126558909459
1775,both_vs_additive,18,0.9999999999999994,1,0.044444444444444446,0,0.0,0.0,0.0,0.0,0.0,0,0.0,0.0,0.0,,
1775,both_vs_none,18,0.9999999999999994,1,0.044444444444444446,0,0.0,0.0,0.0,0.0,0.0,0,0.0,0.0,0.0,,
1775,display_only_vs_none,18,0.9999999999999994,2,0.08888888888888889,0,0.0,0.0,0.0,0.0,0.0,0,0.0,0.0,0.0,,
1775,mailer_only_vs_none,18,0.9999999999999994,2,0.08888888888888889,0,0.0,0.0,0.0,0.0,0.0,0,0.0,0.0,0.0,,
1776,both_vs_additive,20,1.0,4,0.24050632911392406,2,0.16455696202531644,0.16455696202531644,0.16455696202531644,0.16455696202531644,0.16455696202531644,0,0.0,0.0,0.0,0.03899559238995809,0.028004800413600945
1776,both_vs_none,20,1.0,4,0.24050632911392406,2,0.16455696202531644,0.0759493670886076,0.0759493670886076,0.0759493670886076,0.0759493670886076,0,0.0,0.0,0.0,0.004727014273057049,0.006973405698855633
1776,display_only_vs_none,20,1.0,5,0.27848101265822783,2,0.16455696202531644,0.0,0.0,0.0,0.0,0,0.0,0.0,0.0,-0.02029058692372066,-0.011366532374843408
1776,mailer_only_vs_none,20,1.0,5,0.27848101265822783,2,0.16455696202531644,0.0,0.0,0.0,0.0,0,0.0,0.0,0.0,-0.013312417063246729,-0.005493524987252675
1777,both_vs_additive,6,1.0,1,0.23529411764705882,0,0.0,0.0,0.0,0.0,0.0,0,0.0,0.0,0.0,,
1777,both_vs_none,6,1.0,1,0.23529411764705882,0,0.0,0.0,0.0,0.0,0.0,0,0.0,0.0,0.0,,
1777,display_only_vs_none,6,1.0,1,0.23529411764705882,0,0.0,0.0,0.0,0.0,0.0,0,0.0,0.0,0.0,,
1777,mailer_only_vs_none,6,1.0,1,0.23529411764705882,0,0.0,0.0,0.0,0.0,0.0,0,0.0,0.0,0.0,,
1778,both_vs_additive,20,1.0,2,0.15873015873015872,0,0.0,0.0,0.0,0.0,0.0,0,0.0,0.0,0.0,,
1778,both_vs_none,20,1.0,2,0.15873015873015872,1,0.031746031746031744,0.031746031746031744,0.031746031746031744,0.031746031746031744,0.031746031746031744,0,0.0,0.0,0.0,0.03802083333333333,0.022321428571428572
1778,display_only_vs_none,20,1.0,4,0.30158730158730157,2,0.12698412698412698,0.031746031746031744,0.031746031746031744,0.031746031746031744,0.031746031746031744,0,0.0,0.0,0.0,-0.044004721341746086,-0.010520693562972975
1778,mailer_only_vs_none,20,1.0000000000000002,4,0.23809523809523808,0,0.0,0.0,0.0,0.0,0.0,0,0.0,0.0,0.0,,
1779,both_vs_additive,20,0.9999999999999996,2,0.08064516129032258,2,0.08064516129032258,0.08064516129032258,0.03225806451612903,0.08064516129032258,0.03225806451612903,0,0.0,0.0,0.0,0.07434741909725433,0.026909150243275518
1779,both_vs_none,20,0.9999999999999996,2,0.08064516129032258,2,0.08064516129032258,0.0,0.0,0.0,0.0,0,0.0,0.0,0.0,-0.02484473604714014,0.001341658387029559
1779,display_only_vs_none,20,0.9999999999999996,2,0.08064516129032258,2,0.08064516129032258,0.0,0.0,0.0,0.0,0,0.0,0.0,0.0,-0.04252126290737387,-0.011440824683619132
1779,mailer_only_vs_none,20,0.9999999999999996,2,0.08064516129032258,2,0.08064516129032258,0.0,0.0,0.0,0.0,0,0.0,0.0,0.0,-0.05706712771759387,-0.01402809755143431
1780,both_vs_additive,15,0.9999999999999996,3,0.18421052631578946,0,0.0,0.0,0.0,0.0,0.0,0,0.0,0.0,0.0,,
1780,both_vs_none,15,0.9999999999999996,3,0.18421052631578946,1,0.05263157894736842,0.05263157894736842,0.05263157894736842,0.05263157894736842,0.05263157894736842,0,0.0,0.0,0.0,0.04166208791208791,0.018727106227106226
1780,display_only_vs_none,15,0.9999999999999996,6,0.42105263157894735,2,0.10526315789473684,0.05263157894736842,0.05263157894736842,0.05263157894736842,0.05263157894736842,0,0.0,0.0,0.0,-0.011193599965852284,-0.0005445800250700426
1780,mailer_only_vs_none,15,0.9999999999999996,4,0.23684210526315788,0,0.0,0.0,0.0,0.0,0.0,0,0.0,0.0,0.0,,
1781,both_vs_additive,13,1.0000000000000002,1,0.05405405405405406,0,0.0,0.0,0.0,0.0,0.0,0,0.0,0.0,0.0,,
1781,both_vs_none,13,1.0000000000000002,1,0.05405405405405406,0,0.0,0.0,0.0,0.0,0.0,0,0.0,0.0,0.0,,
1781,display_only_vs_none,13,1.0000000000000002,1,0.05405405405405406,0,0.0,0.0,0.0,0.0,0.0,0,0.0,0.0,0.0,,
1781,mailer_only_vs_none,13,1.0,2,0.10810810810810811,0,0.0,0.0,0.0,0.0,0.0,0,0.0,0.0,0.0,,
1783,both_vs_additive,20,0.9999999999999999,0,0.0,0,0.0,0.0,0.0,0.0,0.0,0,0.0,0.0,0.0,,
1783,both_vs_none,20,0.9999999999999999,1,0.04411764705882353,0,0.0,0.0,0.0,0.0,0.0,0,0.0,0.0,0.0,,
1783,display_only_vs_none,20,0.9999999999999999,1,0.04411764705882353,0,0.0,0.0,0.0,0.0,0.0,0,0.0,0.0,0.0,,
1783,mailer_only_vs_none,20,0.9999999999999999,1,0.04411764705882353,0,0.0,0.0,0.0,0.0,0.0,0,0.0,0.0,0.0,,
1784,both_vs_additive,7,1.0,2,0.23529411764705882,1,0.11764705882352941,0.11764705882352941,0.0,0.11764705882352941,0.0,0,0.0,0.0,0.0,0.011671364168835293,0.017323537206823055
1784,both_vs_none,7,1.0,2,0.23529411764705882,1,0.11764705882352941,0.0,0.0,0.0,0.0,0,0.0,0.0,0.0,0.005561485543565982,0.003282490860840013
1784,display_only_vs_none,7,1.0,3,0.3529411764705882,1,0.11764705882352941,0.0,0.0,0.0,0.0,0,0.0,0.0,0.0,-0.0038232147578032526,-0.008058654834500863
1784,mailer_only_vs_none,7,1.0,3,0.3529411764705882,1,0.11764705882352941,0.0,0.0,0.0,0.0,0,0.0,0.0,0.0,-0.0029470563350881586,-0.005982391511482188
1787,both_vs_additive,10,0.9999999999999998,6,0.6923076923076923,5,0.6153846153846154,0.07692307692307693,0.07692307692307693,0.07692307692307693,0.07692307692307693,0,0.0,0.0,0.0,-0.007150058100626588,-0.0005245249014626552
1787,both_vs_none,10,0.9999999999999998,6,0.6923076923076923,5,0.6153846153846154,0.2692307692307693,0.2692307692307693,0.2692307692307693,0.2692307692307693,0,0.0,0.0,0.0,0.016792580259157773,0.006435445162599407
1787,display_only_vs_none,10,0.9999999999999998,7,0.7692307692307692,5,0.6153846153846154,0.5384615384615385,0.4230769230769231,0.5384615384615385,0.4230769230769231,0,0.0,0.0,0.0,0.012796588957780684,0.004006974945671897
1787,mailer_only_vs_none,10,0.9999999999999998,6,0.6923076923076923,5,0.6153846153846154,0.38461538461538464,0.38461538461538464,0.38461538461538464,0.38461538461538464,0,0.0,0.0,0.0,0.011217120083214807,0.005968343242233752
1788,both_vs_additive,20,1.0,0,0.0,0,0.0,0.0,0.0,0.0,0.0,0,0.0,0.0,0.0,,
1788,both_vs_none,20,1.0,1,0.04,0,0.0,0.0,0.0,0.0,0.0,0,0.0,0.0,0.0,,
1788,display_only_vs_none,20,1.0,0,0.0,0,0.0,0.0,0.0,0.0,0.0,0,0.0,0.0,0.0,,
1788,mailer_only_vs_none,20,1.0,3,0.16,1,0.04,0.04,0.04,0.04,0.04,0,0.0,0.0,0.0,0.01003608869183632,0.020952216853171706
1790,both_vs_additive,8,0.9999999999999999,0,0.0,0,0.0,0.0,0.0,0.0,0.0,0,0.0,0.0,0.0,,
1790,both_vs_none,8,1.0,2,0.2,0,0.0,0.0,0.0,0.0,0.0,0,0.0,0.0,0.0,,
1790,display_only_vs_none,8,0.9999999999999999,1,0.1,0,0.0,0.0,0.0,0.0,0.0,0,0.0,0.0,0.0,,
1790,mailer_only_vs_none,8,1.0,2,0.2,1,0.1,0.0,0.0,0.0,0.0,0,0.0,0.0,0.0,0.011357142857142859,0.005357142857142856
1792,both_vs_additive,20,1.0000000000000002,1,0.03896103896103896,0,0.0,0.0,0.0,0.0,0.0,0,0.0,0.0,0.0,,
1792,both_vs_none,20,1.0000000000000002,1,0.03896103896103896,0,0.0,0.0,0.0,0.0,0.0,0,0.0,0.0,0.0,,
1792,display_only_vs_none,20,1.0000000000000002,2,0.12987012987012986,1,0.09090909090909091,0.09090909090909091,0.09090909090909091,0.09090909090909091,0.09090909090909091,0,0.0,0.0,0.0,0.017326660471881063,0.004485599057725228
1792,mailer_only_vs_none,20,1.0000000000000002,2,0.11688311688311688,0,0.0,0.0,0.0,0.0,0.0,0,0.0,0.0,0.0,,
1793,both_vs_additive,12,1.0,3,0.25925925925925924,0,0.0,0.0,0.0,0.0,0.0,0,0.0,0.0,0.0,,
1793,both_vs_none,12,1.0,3,0.25925925925925924,0,0.0,0.0,0.0,0.0,0.0,0,0.0,0.0,0.0,,
1793,display_only_vs_none,12,1.0,4,0.3333333333333333,1,0.07407407407407407,0.0,0.0,0.0,0.0,0,0.0,0.0,0.0,-0.007879090233219088,-0.0037545787545787556
1793,mailer_only_vs_none,12,1.0,3,0.25925925925925924,0,0.0,0.0,0.0,0.0,0.0,0,0.0,0.0,0.0,,
1794,both_vs_additive,20,0.9999999999999993,4,0.23404255319148937,1,0.0425531914893617,0.0,0.0,0.0,0.0,1,0.0425531914893617,0.0,0.0,-0.018142438583876954,-0.01475080942488341
1794,both_vs_none,20,0.9999999999999993,4,0.23404255319148937,1,0.0425531914893617,0.0,0.0,0.0,0.0,1,0.0425531914893617,0.0425531914893617,0.0425531914893617,-0.0013745804011641109,-0.0008623577486699657
1794,display_only_vs_none,20,0.9999999999999994,7,0.3617021276595745,2,0.0851063829787234,0.0425531914893617,0.0,0.0425531914893617,0.0,1,0.0425531914893617,0.0425531914893617,0.0425531914893617,0.003100853091599639,0.0019035726919509966
1794,mailer_only_vs_none,20,0.9999999999999994,6,0.3191489361702128,2,0.0851063829787234,0.0851063829787234,0.0851063829787234,0.0851063829787234,0.0851063829787234,1,0.0425531914893617,0.0,0.0,0.014173802428795026,0.01201460790916604
1795,both_vs_additive,20,1.0000000000000002,2,0.07086614173228346,1,0.03937007874015748,0.03937007874015748,0.03937007874015748,0.03937007874015748,0.03937007874015748,0,0.0,0.0,0.0,0.16836150148988288,0.04128756979795421
1795,both_vs_none,20,1.0000000000000002,2,0.07086614173228346,1,0.03937007874015748,0.0,0.0,0.0,0.0,0,0.0,0.0,0.0,-0.07045406843319933,-0.0015695903236861222
1795,display_only_vs_none,20,1.0000000000000002,2,0.07086614173228346,1,0.03937007874015748,0.0,0.0,0.0,0.0,0,0.0,0.0,0.0,-0.10056833513172979,-0.016514079457296535
1795,mailer_only_vs_none,20,1.0000000000000002,2,0.07086614173228346,1,0.03937007874015748,0.0,0.0,0.0,0.0,0,0.0,0.0,0.0,-0.13824723479135242,-0.026096656611362498
1797,both_vs_additive,20,0.9999999999999998,1,0.038461538461538464,0,0.0,0.0,0.0,0.0,0.0,0,0.0,0.0,0.0,,
1797,both_vs_none,20,0.9999999999999998,1,0.038461538461538464,0,0.0,0.0,0.0,0.0,0.0,0,0.0,0.0,0.0,,
1797,display_only_vs_none,20,0.9999999999999998,1,0.038461538461538464,0,0.0,0.0,0.0,0.0,0.0,0,0.0,0.0,0.0,,
1797,mailer_only_vs_none,20,0.9999999999999998,1,0.038461538461538464,0,0.0,0.0,0.0,0.0,0.0,0,0.0,0.0,0.0,,
1803,both_vs_additive,20,1.0000000000000004,2,0.14965986394557823,1,0.047619047619047616,0.047619047619047616,0.0,0.047619047619047616,0.0,0,0.0,0.0,0.0,0.011671364168835293,0.017323537206823055
1803,both_vs_none,20,1.0000000000000004,2,0.14965986394557823,1,0.047619047619047616,0.0,0.0,0.0,0.0,0,0.0,0.0,0.0,0.005561485543565982,0.003282490860840013
1803,display_only_vs_none,20,1.0000000000000004,3,0.2108843537414966,2,0.10884353741496598,0.0,0.0,0.0,0.0,0,0.0,0.0,0.0,-0.03631113011523316,-0.012440092647172342
1803,mailer_only_vs_none,20,1.0000000000000002,3,0.17687074829931973,1,0.047619047619047616,0.0,0.0,0.0,0.0,0,0.0,0.0,0.0,-0.002947056335088158,-0.005982391511482188
1804,both_vs_additive,20,1.0000000000000002,2,0.17721518987341772,0,0.0,0.0,0.0,0.0,0.0,1,0.0379746835443038,0.0,0.0,,
1804,both_vs_none,20,1.0000000000000002,2,0.17721518987341772,0,0.0,0.0,0.0,0.0,0.0,1,0.0379746835443038,0.0379746835443038,0.0379746835443038,,
1804,display_only_vs_none,20,1.0000000000000002,3,0.22784810126582278,0,0.0,0.0,0.0,0.0,0.0,1,0.0379746835443038,0.0379746835443038,0.0379746835443038,,
1804,mailer_only_vs_none,20,1.0000000000000002,3,0.22784810126582278,0,0.0,0.0,0.0,0.0,0.0,1,0.0379746835443038,0.0379746835443038,0.0379746835443038,,
1805,both_vs_additive,6,1.0,2,0.3529411764705882,2,0.3529411764705882,0.0,0.0,0.0,0.0,0,0.0,0.0,0.0,-0.012804273917631755,-0.005171778147341802
1805,both_vs_none,6,1.0,2,0.3529411764705882,2,0.3529411764705882,0.0,0.0,0.0,0.0,0,0.0,0.0,0.0,-0.006381765884648433,-0.004589626548293736
1805,display_only_vs_none,6,1.0,2,0.3529411764705882,2,0.3529411764705882,0.0,0.0,0.0,0.0,0,0.0,0.0,0.0,-0.008396289312793561,-0.00419038167835644
1805,mailer_only_vs_none,6,1.0,2,0.3529411764705882,2,0.3529411764705882,0.0,0.0,0.0,0.0,0,0.0,0.0,0.0,-0.00021503335633770457,-0.00032637451115712004
1808,both_vs_additive,7,1.0,0,0.0,0,0.0,0.0,0.0,0.0,0.0,0,0.0,0.0,0.0,,
1808,both_vs_none,7,1.0,1,0.11764705882352941,0,0.0,0.0,0.0,0.0,0.0,0,0.0,0.0,0.0,,
1808,display_only_vs_none,7,1.0,1,0.11764705882352941,1,0.11764705882352941,0.11764705882352941,0.11764705882352941,0.11764705882352941,0.11764705882352941,0,0.0,0.0,0.0,0.04179099025974026,0.010739087301587302
1808,mailer_only_vs_none,7,1.0,1,0.11764705882352941,1,0.11764705882352941,0.0,0.0,0.0,0.0,0,0.0,0.0,0.0,0.0,0.0
1810,both_vs_additive,5,1.0,0,0.0,0,0.0,0.0,0.0,0.0,0.0,0,0.0,0.0,0.0,,
1810,both_vs_none,5,1.0,0,0.0,0,0.0,0.0,0.0,0.0,0.0,0,0.0,0.0,0.0,,
1810,display_only_vs_none,5,1.0,1,0.7241379310344828,0,0.0,0.0,0.0,0.0,0.0,0,0.0,0.0,0.0,,
1810,mailer_only_vs_none,5,1.0,0,0.0,0,0.0,0.0,0.0,0.0,0.0,0,0.0,0.0,0.0,,
1816,both_vs_additive,10,1.0000000000000002,1,0.09090909090909091,1,0.09090909090909091,0.0,0.0,0.0,0.0,0,0.0,0.0,0.0,-0.023612947898662178,-0.00957896012344794
1816,both_vs_none,10,1.0000000000000002,1,0.09090909090909091,1,0.09090909090909091,0.09090909090909091,0.09090909090909091,0.09090909090909091,0.09090909090909091,0,0.0,0.0,0.0,0.02600718622897478,0.009469598227809288
1816,display_only_vs_none,10,1.0000000000000002,1,0.09090909090909091,1,0.09090909090909091,0.09090909090909091,0.09090909090909091,0.09090909090909091,0.09090909090909091,0,0.0,0.0,0.0,0.023663491405246016,0.006562415625883111
1816,mailer_only_vs_none,10,1.0000000000000002,1,0.09090909090909091,1,0.09090909090909091,0.09090909090909091,0.09090909090909091,0.09090909090909091,0.09090909090909091,0,0.0,0.0,0.0,0.02383542775536583,0.02068841146240527
1818,both_vs_additive,20,1.0000000000000002,6,0.29870129870129875,2,0.07792207792207792,0.03896103896103896,0.0,0.03896103896103896,0.0,0,0.0,0.0,0.0,-0.005970791864913441,0.003872288541687558
1818,both_vs_none,20,1.0000000000000002,6,0.29870129870129875,2,0.07792207792207792,0.03896103896103896,0.03896103896103896,0.03896103896103896,0.03896103896103896,0,0.0,0.0,0.0,0.015784335886270384,0.0063760445443246504
1818,display_only_vs_none,20,1.0000000000000002,8,0.3506493506493507,2,0.07792207792207792,0.03896103896103896,0.03896103896103896,0.03896103896103896,0.03896103896103896,0,0.0,0.0,0.0,0.00992013832372138,-0.0007481196043088757
1818,mailer_only_vs_none,20,1.0000000000000002,6,0.29870129870129875,2,0.07792207792207792,0.03896103896103896,0.03896103896103896,0.03896103896103896,0.03896103896103896,0,0.0,0.0,0.0,0.010444185710138837,0.007353009975461541
1822,both_vs_additive,20,0.9999999999999999,5,0.32075471698113206,0,0.0,0.0,0.0,0.0,0.0,0,0.0,0.0,0.0,,
1822,both_vs_none,20,0.9999999999999999,5,0.32075471698113206,0,0.0,0.0,0.0,0.0,0.0,0,0.0,0.0,0.0,,
1822,display_only_vs_none,20,0.9999999999999999,6,0.3584905660377358,0,0.0,0.0,0.0,0.0,0.0,0,0.0,0.0,0.0,,
1822,mailer_only_vs_none,20,0.9999999999999999,6,0.3773584905660377,0,0.0,0.0,0.0,0.0,0.0,0,0.0,0.0,0.0,,
1823,both_vs_additive,20,0.9999999999999999,1,0.10294117647058823,1,0.10294117647058823,0.10294117647058823,0.10294117647058823,0.10294117647058823,0.10294117647058823,0,0.0,0.0,0.0,0.16836150148988285,0.04128756979795421
1823,both_vs_none,20,0.9999999999999999,1,0.10294117647058823,1,0.10294117647058823,0.0,0.0,0.0,0.0,0,0.0,0.0,0.0,-0.07045406843319933,-0.0015695903236861222
1823,display_only_vs_none,20,0.9999999999999999,1,0.10294117647058823,1,0.10294117647058823,0.0,0.0,0.0,0.0,0,0.0,0.0,0.0,-0.10056833513172979,-0.016514079457296535
1823,mailer_only_vs_none,20,0.9999999999999999,3,0.25,2,0.14705882352941177,0.04411764705882353,0.04411764705882353,0.04411764705882353,0.04411764705882353,1,0.04411764705882353,0.0,0.0,-0.09376223774639579,-0.011981994572002235
1824,both_vs_additive,11,1.0,3,0.30769230769230765,1,0.1282051282051282,0.1282051282051282,0.1282051282051282,0.1282051282051282,0.1282051282051282,1,0.1282051282051282,0.0,0.1282051282051282,0.014807414807414813,0.014104397981905256
1824,both_vs_none,11,1.0,4,0.3589743589743589,1,0.1282051282051282,0.1282051282051282,0.1282051282051282,0.1282051282051282,0.1282051282051282,1,0.1282051282051282,0.1282051282051282,0.1282051282051282,0.005220181864918707,0.0029894179894179897
1824,display_only_vs_none,11,1.0,5,0.5128205128205128,2,0.28205128205128205,0.15384615384615385,0.15384615384615385,0.15384615384615385,0.15384615384615385,1,0.1282051282051282,0.0,0.0,0.008510197234041294,0.0013965452150170757
1824,mailer_only_vs_none,11,1.0,3,0.30769230769230765,1,0.1282051282051282,0.0,0.0,0.0,0.0,1,0.1282051282051282,0.1282051282051282,0.1282051282051282,-0.0031083898944193077,-0.0047094959778783314
1825,both_vs_additive,6,1.0,2,0.3076923076923077,0,0.0,0.0,0.0,0.0,0.0,0,0.0,0.0,0.0,,
1825,both_vs_none,6,1.0,2,0.3076923076923077,0,0.0,0.0,0.0,0.0,0.0,0,0.0,0.0,0.0,,
1825,display_only_vs_none,6,1.0,2,0.3076923076923077,0,0.0,0.0,0.0,0.0,0.0,0,0.0,0.0,0.0,,
1825,mailer_only_vs_none,6,1.0,2,0.3076923076923077,0,0.0,0.0,0.0,0.0,0.0,0,0.0,0.0,0.0,,
1826,both_vs_additive,20,0.9999999999999996,3,0.18518518518518517,1,0.037037037037037035,0.0,0.0,0.0,0.0,0,0.0,0.0,0.0,-0.023612947898662175,-0.00957896012344794
1826,both_vs_none,20,0.9999999999999996,4,0.2222222222222222,2,0.09259259259259259,0.09259259259259259,0.09259259259259259,0.09259259259259259,0.09259259259259259,0,0.0,0.0,0.0,0.03540012723884266,0.015024103027387454
1826,display_only_vs_none,20,0.9999999999999996,3,0.18518518518518517,2,0.09259259259259259,0.09259259259259259,0.09259259259259259,0.09259259259259259,0.09259259259259259,0,0.0,0.0,0.0,0.032980781839016184,0.01148019678781929
1826,mailer_only_vs_none,20,0.9999999999999996,5,0.25925925925925924,2,0.07407407407407407,0.037037037037037035,0.037037037037037035,0.037037037037037035,0.037037037037037035,0,0.0,0.0,0.0,0.017596285306254345,0.013022777159774063
1828,both_vs_additive,20,1.0000000000000002,1,0.1276595744680851,0,0.0,0.0,0.0,0.0,0.0,0,0.0,0.0,0.0,,
1828,both_vs_none,20,1.0000000000000002,1,0.1276595744680851,0,0.0,0.0,0.0,0.0,0.0,0,0.0,0.0,0.0,,
1828,display_only_vs_none,20,1.0000000000000002,1,0.1276595744680851,0,0.0,0.0,0.0,0.0,0.0,0,0.0,0.0,0.0,,
1828,mailer_only_vs_none,20,1.0000000000000002,2,0.19148936170212766,0,0.0,0.0,0.0,0.0,0.0,0,0.0,0.0,0.0,,
1829,both_vs_additive,17,0.9999999999999998,1,0.05555555555555555,0,0.0,0.0,0.0,0.0,0.0,0,0.0,0.0,0.0,,
1829,both_vs_none,17,0.9999999999999998,1,0.05555555555555555,0,0.0,0.0,0.0,0.0,0.0,0,0.0,0.0,0.0,,
1829,display_only_vs_none,17,0.9999999999999998,1,0.05555555555555555,0,0.0,0.0,0.0,0.0,0.0,0,0.0,0.0,0.0,,
1829,mailer_only_vs_none,17,0.9999999999999998,1,0.05555555555555555,0,0.0,0.0,0.0,0.0,0.0,0,0.0,0.0,0.0,,
1831,both_vs_additive,20,1.0000000000000004,0,0.0,0,0.0,0.0,0.0,0.0,0.0,0,0.0,0.0,0.0,,
1831,both_vs_none,20,1.0000000000000004,0,0.0,0,0.0,0.0,0.0,0.0,0.0,0,0.0,0.0,0.0,,
1831,display_only_vs_none,20,1.0000000000000004,0,0.0,0,0.0,0.0,0.0,0.0,0.0,0,0.0,0.0,0.0,,
1831,mailer_only_vs_none,20,1.0000000000000004,1,0.04081632653061224,0,0.0,0.0,0.0,0.0,0.0,1,0.04081632653061224,0.0,0.0,,
1832,both_vs_additive,18,0.9999999999999997,1,0.034482758620689655,1,0.034482758620689655,0.034482758620689655,0.034482758620689655,0.034482758620689655,0.034482758620689655,0,0.0,0.0,0.0,0.03030944197826453,0.02224906074547422
1832,both_vs_none,18,0.9999999999999997,2,0.06896551724137931,1,0.034482758620689655,0.0,0.0,0.0,0.0,0,0.0,0.0,0.0,-0.009896729395254995,-0.0022554718493841587
1832,display_only_vs_none,18,0.9999999999999997,1,0.034482758620689655,1,0.034482758620689655,0.0,0.0,0.0,0.0,0,0.0,0.0,0.0,-0.020609755031117248,-0.01295828469122752
1832,mailer_only_vs_none,18,0.9999999999999997,2,0.06896551724137931,1,0.034482758620689655,0.0,0.0,0.0,0.0,0,0.0,0.0,0.0,-0.02006837606837607,-0.009401709401709403
1833,both_vs_additive,19,0.9999999999999996,4,0.20454545454545453,2,0.09090909090909091,0.045454545454545456,0.045454545454545456,0.045454545454545456,0.045454545454545456,0,0.0,0.0,0.0,0.07237427679561036,0.015854304837253138
1833,both_vs_none,19,0.9999999999999996,4,0.20454545454545453,2,0.09090909090909091,0.045454545454545456,0.045454545454545456,0.045454545454545456,0.045454545454545456,0,0.0,0.0,0.0,-0.022223441102112274,0.003950003952061583
1833,display_only_vs_none,19,0.9999999999999996,4,0.20454545454545453,2,0.09090909090909091,0.045454545454545456,0.045454545454545456,0.045454545454545456,0.045454545454545456,0,0.0,0.0,0.0,-0.03845242186324189,-0.004975831915706712
1833,mailer_only_vs_none,19,0.9999999999999996,4,0.20454545454545453,2,0.09090909090909091,0.045454545454545456,0.045454545454545456,0.045454545454545456,0.045454545454545456,0,0.0,0.0,0.0,-0.057205903517993296,-0.0027041225744786146
1834,both_vs_additive,13,1.0,3,0.24324324324324326,1,0.05405405405405406,0.05405405405405406,0.05405405405405406,0.05405405405405406,0.05405405405405406,0,0.0,0.0,0.0,0.06888543039086517,0.008195862130072656
1834,both_vs_none,13,1.0000000000000002,4,0.2972972972972973,1,0.05405405405405406,0.0,0.0,0.0,0.0,0,0.0,0.0,0.0,0.0017575757575757633,0.0
1834,display_only_vs_none,13,1.0000000000000002,5,0.43243243243243246,2,0.1891891891891892,0.0,0.0,0.0,0.0,0,0.0,0.0,0.0,-0.0496656354849632,-0.014425502642528582
1834,mailer_only_vs_none,13,1.0000000000000002,5,0.40540540540540543,2,0.16216216216216217,0.10810810810810811,0.10810810810810811,0.10810810810810811,0.10810810810810811,0,0.0,0.0,0.0,0.003774852778684531,0.013708021117811222
1835,both_vs_additive,20,1.0,2,0.12105263157894736,1,0.08421052631578947,0.08421052631578947,0.08421052631578947,0.08421052631578947,0.08421052631578947,1,0.08421052631578947,0.0,0.0,0.0491294345369339,0.03471983002641545
1835,both_vs_none,20,1.0,3,0.16842105263157894,1,0.08421052631578947,0.08421052631578947,0.08421052631578947,0.08421052631578947,0.08421052631578947,1,0.08421052631578947,0.08421052631578947,0.08421052631578947,0.021788048552754433,0.017740429505135387
1835,display_only_vs_none,20,1.0,3,0.1526315789473684,1,0.08421052631578947,0.0,0.0,0.0,0.0,1,0.08421052631578947,0.08421052631578947,0.08421052631578947,-0.019918224131757967,-0.009509488005728607
1835,mailer_only_vs_none,20,1.0,4,0.2,1,0.08421052631578947,0.0,0.0,0.0,0.0,1,0.08421052631578947,0.08421052631578947,0.08421052631578947,-0.005430464890595826,-0.0009339765037198258
1836,both_vs_additive,14,0.9999999999999997,2,0.10416666666666666,1,0.041666666666666664,0.0,0.0,0.0,0.0,0,0.0,0.0,0.0,-0.009428287658487113,-6.331144583812676e-05
1836,both_vs_none,14,0.9999999999999997,2,0.10416666666666666,1,0.041666666666666664,0.041666666666666664,0.041666666666666664,0.041666666666666664,0.041666666666666664,0,0.0,0.0,0.0,0.046018653838346926,0.017053027445988855
1836,display_only_vs_none,14,0.9999999999999997,2,0.10416666666666666,1,0.041666666666666664,0.041666666666666664,0.041666666666666664,0.041666666666666664,0.041666666666666664,0,0.0,0.0,0.0,0.026171438105598695,0.007455165327337752
1836,mailer_only_vs_none,14,0.9999999999999997,2,0.10416666666666666,1,0.041666666666666664,0.041666666666666664,0.041666666666666664,0.041666666666666664,0.041666666666666664,0,0.0,0.0,0.0,0.03505704365079365,0.013416005291005291
1845,both_vs_additive,20,1.0,4,0.23148148148148148,1,0.05092592592592592,0.0,0.0,0.0,0.0,1,0.05092592592592592,0.0,0.0,-0.020455829649273415,-0.007092941439589706
1845,both_vs_none,20,1.0,5,0.25925925925925924,1,0.05092592592592592,0.05092592592592592,0.05092592592592592,0.05092592592592592,0.05092592592592592,1,0.05092592592592592,0.05092592592592592,0.0,0.010873397435897436,0.006944444444444444
1845,display_only_vs_none,20,1.0,5,0.25925925925925924,1,0.05092592592592592,0.0,0.05092592592592592,0.05092592592592592,0.0,1,0.05092592592592592,0.05092592592592592,0.05092592592592592,0.009214285714285715,0.0071428571428571435
1845,mailer_only_vs_none,20,1.0,6,0.324074074074074,2,0.07870370370370369,0.027777777777777776,0.027777777777777776,0.027777777777777776,0.027777777777777776,1,0.05092592592592592,0.05092592592592592,0.05092592592592592,0.002749146017892859,0.010731043917814178
1848,both_vs_additive,20,0.9999999999999998,3,0.2111111111111111,1,0.03333333333333333,0.03333333333333333,0.0,0.03333333333333333,0.0,0,0.0,0.0,0.0,0.011671364168835293,0.017323537206823055
1848,both_vs_none,20,0.9999999999999998,3,0.2111111111111111,1,0.03333333333333333,0.0,0.0,0.0,0.0,0,0.0,0.0,0.0,0.005561485543565982,0.003282490860840013
1848,display_only_vs_none,20,0.9999999999999998,4,0.2777777777777778,2,0.1,0.0,0.0,0.0,0.0,0,0.0,0.0,0.0,-0.04232741073697944,-0.01325147001988928
1848,mailer_only_vs_none,20,0.9999999999999998,3,0.2111111111111111,1,0.03333333333333333,0.0,0.0,0.0,0.0,0,0.0,0.0,0.0,-0.0029470563350881586,-0.005982391511482188
1849,both_vs_additive,20,0.9999999999999999,2,0.15789473684210525,0,0.0,0.0,0.0,0.0,0.0,0,0.0,0.0,0.0,,
1849,both_vs_none,20,0.9999999999999998,3,0.19298245614035087,0,0.0,0.0,0.0,0.0,0.0,0,0.0,0.0,0.0,,
1849,display_only_vs_none,20,0.9999999999999998,3,0.19298245614035087,0,0.0,0.0,0.0,0.0,0.0,0,0.0,0.0,0.0,,
1849,mailer_only_vs_none,20,0.9999999999999999,2,0.15789473684210525,0,0.0,0.0,0.0,0.0,0.0,0,0.0,0.0,0.0,,
1850,both_vs_additive,7,0.9999999999999998,0,0.0,0,0.0,0.0,0.0,0.0,0.0,0,0.0,0.0,0.0,,
1850,both_vs_none,7,0.9999999999999998,0,0.0,0,0.0,0.0,0.0,0.0,0.0,0,0.0,0.0,0.0,,
1850,display_only_vs_none,7,0.9999999999999998,0,0.0,0,0.0,0.0,0.0,0.0,0.0,0,0.0,0.0,0.0,,
1850,mailer_only_vs_none,7,0.9999999999999998,0,0.0,0,0.0,0.0,0.0,0.0,0.0,0,0.0,0.0,0.0,,
1852,both_vs_additive,20,1.0000000000000002,6,0.32467532467532473,1,0.03896103896103896,0.0,0.0,0.0,0.0,2,0.09090909090909091,0.09090909090909091,0.09090909090909091,-0.04554927330733782,-0.022977102642174414
1852,both_vs_none,20,1.0000000000000002,6,0.32467532467532473,2,0.07792207792207792,0.03896103896103896,0.03896103896103896,0.03896103896103896,0.03896103896103896,2,0.09090909090909091,0.05194805194805195,0.05194805194805195,0.020831043956043956,0.009363553113553115
1852,display_only_vs_none,20,1.0000000000000002,7,0.3636363636363637,2,0.07792207792207792,0.03896103896103896,0.03896103896103896,0.03896103896103896,0.03896103896103896,2,0.09090909090909091,0.05194805194805195,0.05194805194805195,0.014720661834438922,0.005193506439119362
1852,mailer_only_vs_none,20,1.0000000000000002,8,0.4285714285714286,1,0.03896103896103896,0.0,0.0,0.0,0.0,3,0.15584415584415584,0.11688311688311688,0.11688311688311688,0.001218253968253969,0.0010912698412698417
1854,both_vs_additive,20,1.0000000000000002,2,0.18181818181818182,0,0.0,0.0,0.0,0.0,0.0,1,0.14285714285714285,0.0,0.0,,
1854,both_vs_none,20,1.0000000000000002,2,0.18181818181818182,0,0.0,0.0,0.0,0.0,0.0,1,0.14285714285714285,0.0,0.14285714285714285,,
1854,display_only_vs_none,20,1.0000000000000002,2,0.18181818181818182,0,0.0,0.0,0.0,0.0,0.0,1,0.14285714285714285,0.14285714285714285,0.14285714285714285,,
1854,mailer_only_vs_none,20,1.0000000000000002,4,0.2857142857142857,1,0.06493506493506493,0.06493506493506493,0.06493506493506493,0.06493506493506493,0.06493506493506493,1,0.14285714285714285,0.14285714285714285,0.14285714285714285,0.01003608869183632,0.020952216853171706
1856,both_vs_additive,20,1.0,6,0.234375,2,0.09375,0.0,0.0,0.0,0.0,0,0.0,0.0,0.0,-0.019299134116575186,-0.010921875432236558
1856,both_vs_none,20,1.0,7,0.28125,2,0.09375,0.046875,0.046875,0.046875,0.046875,0,0.0,0.0,0.0,0.004749408517366663,0.0030410433478872388
1856,display_only_vs_none,20,1.0,7,0.28125,3,0.140625,0.046875,0.046875,0.09375,0.0,0,0.0,0.0,0.0,0.006734881898001095,0.003946864093783596
1856,mailer_only_vs_none,20,1.0,8,0.3125,3,0.140625,0.046875,0.046875,0.046875,0.046875,0,0.0,0.0,0.0,-0.0008845162446448303,0.004233859865515168
1859,both_vs_additive,8,0.9999999999999999,0,0.0,0,0.0,0.0,0.0,0.0,0.0,0,0.0,0.0,0.0,,
1859,both_vs_none,8,0.9999999999999999,0,0.0,0,0.0,0.0,0.0,0.0,0.0,0,0.0,0.0,0.0,,
1859,display_only_vs_none,8,0.9999999999999999,0,0.0,0,0.0,0.0,0.0,0.0,0.0,0,0.0,0.0,0.0,,
1859,mailer_only_vs_none,8,0.9999999999999999,0,0.0,0,0.0,0.0,0.0,0.0,0.0,0,0.0,0.0,0.0,,
1860,both_vs_additive,5,1.0,0,0.0,0,0.0,0.0,0.0,0.0,0.0,0,0.0,0.0,0.0,,
1860,both_vs_none,5,1.0,0,0.0,0,0.0,0.0,0.0,0.0,0.0,0,0.0,0.0,0.0,,
1860,display_only_vs_none,5,1.0,0,0.0,0,0.0,0.0,0.0,0.0,0.0,0,0.0,0.0,0.0,,
1860,mailer_only_vs_none,5,1.0,0,0.0,0,0.0,0.0,0.0,0.0,0.0,0,0.0,0.0,0.0,,
1862,both_vs_additive,9,0.9999999999999999,1,0.08,0,0.0,0.0,0.0,0.0,0.0,0,0.0,0.0,0.0,,
1862,both_vs_none,9,0.9999999999999999,1,0.08,0,0.0,0.0,0.0,0.0,0.0,0,0.0,0.0,0.0,,
1862,display_only_vs_none,9,0.9999999999999999,1,0.08,0,0.0,0.0,0.0,0.0,0.0,0,0.0,0.0,0.0,,
1862,mailer_only_vs_none,9,0.9999999999999999,1,0.08,0,0.0,0.0,0.0,0.0,0.0,0,0.0,0.0,0.0,,
1865,both_vs_additive,20,1.0,2,0.13392857142857142,1,0.09821428571428571,0.09821428571428571,0.09821428571428571,0.09821428571428571,0.09821428571428571,0,0.0,0.0,0.0,0.16836150148988288,0.04128756979795421
1865,both_vs_none,20,1.0,2,0.13392857142857142,1,0.09821428571428571,0.0,0.0,0.0,0.0,0,0.0,0.0,0.0,-0.07045406843319933,-0.0015695903236861222
1865,display_only_vs_none,20,1.0,2,0.13392857142857142,1,0.09821428571428571,0.0,0.0,0.0,0.0,0,0.0,0.0,0.0,-0.10056833513172979,-0.016514079457296535
1865,mailer_only_vs_none,20,1.0,2,0.13392857142857142,1,0.09821428571428571,0.0,0.0,0.0,0.0,0,0.0,0.0,0.0,-0.13824723479135242,-0.026096656611362498
1867,both_vs_additive,8,1.0,0,0.0,0,0.0,0.0,0.0,0.0,0.0,0,0.0,0.0,0.0,,
1867,both_vs_none,8,1.0,0,0.0,0,0.0,0.0,0.0,0.0,0.0,0,0.0,0.0,0.0,,
1867,display_only_vs_none,8,1.0,0,0.0,0,0.0,0.0,0.0,0.0,0.0,0,0.0,0.0,0.0,,
1867,mailer_only_vs_none,8,1.0,0,0.0,0,0.0,0.0,0.0,0.0,0.0,0,0.0,0.0,0.0,,
1869,both_vs_additive,20,0.9999999999999996,3,0.22413793103448276,1,0.06896551724137931,0.0,0.0,0.0,0.0,0,0.0,0.0,0.0,-0.023612947898662175,-0.00957896012344794
1869,both_vs_none,20,0.9999999999999996,3,0.22413793103448276,1,0.06896551724137931,0.06896551724137931,0.06896551724137931,0.06896551724137931,0.06896551724137931,0,0.0,0.0,0.0,0.02600718622897478,0.009469598227809288
1869,display_only_vs_none,20,0.9999999999999996,3,0.22413793103448276,2,0.10344827586206896,0.06896551724137931,0.06896551724137931,0.06896551724137931,0.06896551724137931,0,0.0,0.0,0.0,0.01659669306985778,0.0024088350136466713
1869,mailer_only_vs_none,20,0.9999999999999996,4,0.27586206896551724,2,0.10344827586206896,0.06896551724137931,0.06896551724137931,0.06896551724137931,0.06896551724137931,0,0.0,0.0,0.0,0.015704514517988523,0.014255237271233146
1872,both_vs_additive,17,1.0000000000000002,0,0.0,0,0.0,0.0,0.0,0.0,0.0,0,0.0,0.0,0.0,,
1872,both_vs_none,17,1.0000000000000002,0,0.0,0,0.0,0.0,0.0,0.0,0.0,0,0.0,0.0,0.0,,
1872,display_only_vs_none,17,1.0000000000000002,1,0.06779661016949153,0,0.0,0.0,0.0,0.0,0.0,0,0.0,0.0,0.0,,
1872,mailer_only_vs_none,17,1.0000000000000002,0,0.0,0,0.0,0.0,0.0,0.0,0.0,0,0.0,0.0,0.0,,
1873,both_vs_additive,20,0.9999999999999998,3,0.11578947368421053,0,0.0,0.0,0.0,0.0,0.0,0,0.0,0.0,0.0,,
1873,both_vs_none,20,0.9999999999999998,3,0.11578947368421053,0,0.0,0.0,0.0,0.0,0.0,0,0.0,0.0,0.0,,
1873,display_only_vs_none,20,1.0,5,0.2421052631578947,1,0.06315789473684211,0.06315789473684211,0.06315789473684211,0.06315789473684211,0.06315789473684211,0,0.0,0.0,0.0,0.017326660471881063,0.004485599057725228
1873,mailer_only_vs_none,20,0.9999999999999998,3,0.11578947368421053,0,0.0,0.0,0.0,0.0,0.0,0,0.0,0.0,0.0,,
1879,both_vs_additive,20,1.0,3,0.08771929824561403,0,0.0,0.0,0.0,0.0,0.0,0,0.0,0.0,0.0,,
1879,both_vs_none,20,1.0,3,0.08771929824561403,0,0.0,0.0,0.0,0.0,0.0,0,0.0,0.0,0.0,,
1879,display_only_vs_none,20,1.0,3,0.08771929824561403,0,0.0,0.0,0.0,0.0,0.0,0,0.0,0.0,0.0,,
1879,mailer_only_vs_none,20,1.0,3,0.08771929824561403,1,0.023391812865497075,0.023391812865497075,0.023391812865497075,0.023391812865497075,0.023391812865497075,0,0.0,0.0,0.0,0.007133333333333332,0.0033333333333333344
1881,both_vs_additive,9,0.9999999999999998,2,0.21428571428571427,1,0.10714285714285714,0.0,0.0,0.0,0.0,1,0.10714285714285714,0.0,0.0,-0.009428287658487113,-6.331144583812676e-05
1881,both_vs_none,9,0.9999999999999998,2,0.21428571428571427,1,0.10714285714285714,0.10714285714285714,0.10714285714285714,0.10714285714285714,0.10714285714285714,1,0.10714285714285714,0.10714285714285714,0.10714285714285714,0.046018653838346926,0.017053027445988855
1881,display_only_vs_none,9,0.9999999999999998,2,0.21428571428571427,1,0.10714285714285714,0.10714285714285714,0.10714285714285714,0.10714285714285714,0.10714285714285714,1,0.10714285714285714,0.10714285714285714,0.10714285714285714,0.026171438105598695,0.007455165327337752
1881,mailer_only_vs_none,9,0.9999999999999998,2,0.21428571428571427,1,0.10714285714285714,0.10714285714285714,0.10714285714285714,0.10714285714285714,0.10714285714285714,1,0.10714285714285714,0.10714285714285714,0.10714285714285714,0.03505704365079365,0.013416005291005291
1883,both_vs_additive,9,0.9999999999999999,2,0.2,0,0.0,0.0,0.0,0.0,0.0,0,0.0,0.0,0.0,,
1883,both_vs_none,9,0.9999999999999999,2,0.2,0,0.0,0.0,0.0,0.0,0.0,0,0.0,0.0,0.0,,
1883,display_only_vs_none,9,0.9999999999999999,2,0.2,0,0.0,0.0,0.0,0.0,0.0,0,0.0,0.0,0.0,,
1883,mailer_only_vs_none,9,0.9999999999999999,2,0.2,0,0.0,0.0,0.0,0.0,0.0,0,0.0,0.0,0.0,,
1892,both_vs_additive,10,0.9999999999999998,0,0.0,0,0.0,0.0,0.0,0.0,0.0,0,0.0,0.0,0.0,,
1892,both_vs_none,10,0.9999999999999998,0,0.0,0,0.0,0.0,0.0,0.0,0.0,0,0.0,0.0,0.0,,
1892,display_only_vs_none,10,0.9999999999999998,0,0.0,0,0.0,0.0,0.0,0.0,0.0,0,0.0,0.0,0.0,,
1892,mailer_only_vs_none,10,0.9999999999999998,0,0.0,0,0.0,0.0,0.0,0.0,0.0,0,0.0,0.0,0.0,,
1898,both_vs_additive,5,1.0,0,0.0,0,0.0,0.0,0.0,0.0,0.0,0,0.0,0.0,0.0,,
1898,both_vs_none,5,1.0,0,0.0,0,0.0,0.0,0.0,0.0,0.0,0,0.0,0.0,0.0,,
1898,display_only_vs_none,5,1.0,0,0.0,0,0.0,0.0,0.0,0.0,0.0,0,0.0,0.0,0.0,,
1898,mailer_only_vs_none,5,1.0,0,0.0,0,0.0,0.0,0.0,0.0,0.0,0,0.0,0.0,0.0,,
1901,both_vs_additive,20,0.9999999999999998,2,0.09574468085106383,0,0.0,0.0,0.0,0.0,0.0,0,0.0,0.0,0.0,,
1901,both_vs_none,20,0.9999999999999998,2,0.09574468085106383,0,0.0,0.0,0.0,0.0,0.0,0,0.0,0.0,0.0,,
1901,display_only_vs_none,20,0.9999999999999998,3,0.1276595744680851,0,0.0,0.0,0.0,0.0,0.0,0,0.0,0.0,0.0,,
1901,mailer_only_vs_none,20,0.9999999999999998,2,0.09574468085106383,0,0.0,0.0,0.0,0.0,0.0,0,0.0,0.0,0.0,,
1905,both_vs_additive,9,0.9999999999999998,1,0.2608695652173913,0,0.0,0.0,0.0,0.0,0.0,0,0.0,0.0,0.0,,
1905,both_vs_none,9,0.9999999999999998,1,0.2608695652173913,0,0.0,0.0,0.0,0.0,0.0,0,0.0,0.0,0.0,,
1905,display_only_vs_none,9,0.9999999999999998,2,0.3913043478260869,0,0.0,0.0,0.0,0.0,0.0,0,0.0,0.0,0.0,,
1905,mailer_only_vs_none,9,0.9999999999999998,1,0.2608695652173913,0,0.0,0.0,0.0,0.0,0.0,0,0.0,0.0,0.0,,
1906,both_vs_additive,20,1.0000000000000002,1,0.031746031746031744,1,0.031746031746031744,0.0,0.0,0.0,0.0,0,0.0,0.0,0.0,-0.009428287658487113,-6.331144583812676e-05
1906,both_vs_none,20,1.0000000000000002,1,0.031746031746031744,1,0.031746031746031744,0.031746031746031744,0.031746031746031744,0.031746031746031744,0.031746031746031744,0,0.0,0.0,0.0,0.046018653838346926,0.017053027445988855
1906,display_only_vs_none,20,1.0000000000000002,1,0.031746031746031744,1,0.031746031746031744,0.031746031746031744,0.031746031746031744,0.031746031746031744,0.031746031746031744,0,0.0,0.0,0.0,0.026171438105598695,0.007455165327337752
1906,mailer_only_vs_none,20,1.0000000000000002,1,0.031746031746031744,1,0.031746031746031744,0.031746031746031744,0.031746031746031744,0.031746031746031744,0.031746031746031744,0,0.0,0.0,0.0,0.03505704365079365,0.013416005291005291
1907,both_vs_additive,20,1.0000000000000004,3,0.18461538461538463,0,0.0,0.0,0.0,0.0,0.0,0,0.0,0.0,0.0,,
1907,both_vs_none,20,1.0000000000000004,3,0.18461538461538463,1,0.03076923076923077,0.03076923076923077,0.03076923076923077,0.03076923076923077,0.03076923076923077,0,0.0,0.0,0.0,0.04166208791208791,0.018727106227106226
1907,display_only_vs_none,20,1.0000000000000004,4,0.2153846153846154,1,0.03076923076923077,0.03076923076923077,0.03076923076923077,0.03076923076923077,0.03076923076923077,0,0.0,0.0,0.0,0.03919230879486297,0.014758717562443409
1907,mailer_only_vs_none,20,1.0000000000000004,3,0.18461538461538463,0,0.0,0.0,0.0,0.0,0.0,0,0.0,0.0,0.0,,
1910,both_vs_additive,7,1.0,0,0.0,0,0.0,0.0,0.0,0.0,0.0,0,0.0,0.0,0.0,,
1910,both_vs_none,7,1.0,0,0.0,0,0.0,0.0,0.0,0.0,0.0,0,0.0,0.0,0.0,,
1910,display_only_vs_none,7,1.0,0,0.0,0,0.0,0.0,0.0,0.0,0.0,0,0.0,0.0,0.0,,
1910,mailer_only_vs_none,7,1.0,0,0.0,0,0.0,0.0,0.0,0.0,0.0,0,0.0,0.0,0.0,,
1912,both_vs_additive,18,0.9999999999999996,2,0.12962962962962962,0,0.0,0.0,0.0,0.0,0.0,0,0.0,0.0,0.0,,
1912,both_vs_none,18,0.9999999999999996,2,0.12962962962962962,0,0.0,0.0,0.0,0.0,0.0,0,0.0,0.0,0.0,,
1912,display_only_vs_none,18,0.9999999999999996,2,0.12962962962962962,0,0.0,0.0,0.0,0.0,0.0,0,0.0,0.0,0.0,,
1912,mailer_only_vs_none,18,0.9999999999999996,2,0.12962962962962962,0,0.0,0.0,0.0,0.0,0.0,0,0.0,0.0,0.0,,
1914,both_vs_additive,20,1.0000000000000002,2,0.061946902654867256,1,0.02654867256637168,0.02654867256637168,0.02654867256637168,0.02654867256637168,0.02654867256637168,0,0.0,0.0,0.0,0.1439351481851482,0.08693806193806193
1914,both_vs_none,20,1.0000000000000002,2,0.061946902654867256,1,0.02654867256637168,0.02654867256637168,0.02654867256637168,0.02654867256637168,0.02654867256637168,0,0.0,0.0,0.0,0.04137654615915486,0.02234070277548538
1914,display_only_vs_none,20,1.0000000000000002,2,0.061946902654867256,1,0.02654867256637168,0.0,0.0,0.0,0.0,0,0.0,0.0,0.0,-0.007484684382074922,-0.01689899080041509
1914,mailer_only_vs_none,20,1.0000000000000002,2,0.061946902654867256,1,0.02654867256637168,0.0,0.0,0.0,0.0,0,0.0,0.0,0.0,0.0,0.0
1917,both_vs_additive,20,1.0,2,0.16455696202531644,0,0.0,0.0,0.0,0.0,0.0,0,0.0,0.0,0.0,,
1917,both_vs_none,20,1.0,3,0.20253164556962025,0,0.0,0.0,0.0,0.0,0.0,0,0.0,0.0,0.0,,
1917,display_only_vs_none,20,1.0,2,0.16455696202531644,0,0.0,0.0,0.0,0.0,0.0,0,0.0,0.0,0.0,,
1917,mailer_only_vs_none,20,1.0,4,0.2911392405063291,0,0.0,0.0,0.0,0.0,0.0,0,0.0,0.0,0.0,,
1918,both_vs_additive,20,0.9999999999999998,1,0.06172839506172839,0,0.0,0.0,0.0,0.0,0.0,0,0.0,0.0,0.0,,
1918,both_vs_none,20,0.9999999999999998,1,0.06172839506172839,0,0.0,0.0,0.0,0.0,0.0,0,0.0,0.0,0.0,,
1918,display_only_vs_none,20,0.9999999999999998,1,0.06172839506172839,0,0.0,0.0,0.0,0.0,0.0,0,0.0,0.0,0.0,,
1918,mailer_only_vs_none,20,0.9999999999999998,1,0.06172839506172839,0,0.0,0.0,0.0,0.0,0.0,0,0.0,0.0,0.0,,
1919,both_vs_additive,20,0.9999999999999996,5,0.21052631578947367,2,0.10526315789473684,0.05263157894736842,0.05263157894736842,0.05263157894736842,0.05263157894736842,0,0.0,0.0,0.0,0.0018660024269673333,0.00223233624895764
1919,both_vs_none,20,0.9999999999999996,5,0.21052631578947367,2,0.10526315789473684,0.05263157894736842,0.05263157894736842,0.05263157894736842,0.05263157894736842,0,0.0,0.0,0.0,0.026129579828029312,0.00939141271289342
1919,display_only_vs_none,20,0.9999999999999996,5,0.21052631578947367,2,0.10526315789473684,0.05263157894736842,0.05263157894736842,0.05263157894736842,0.05263157894736842,1,0.05263157894736842,0.0,0.05263157894736842,0.010167383817470649,0.003044182703441576
1919,mailer_only_vs_none,20,0.9999999999999996,6,0.2631578947368421,2,0.10526315789473684,0.05263157894736842,0.05263157894736842,0.05263157894736842,0.05263157894736842,1,0.05263157894736842,0.05263157894736842,0.05263157894736842,0.017707093253968256,0.006536387621737084
1922,both_vs_additive,13,0.9999999999999996,1,0.06451612903225806,1,0.06451612903225806,0.06451612903225806,0.0,0.06451612903225806,0.0,0,0.0,0.0,0.0,0.011671364168835293,0.017323537206823055
1922,both_vs_none,13,0.9999999999999996,1,0.06451612903225806,1,0.06451612903225806,0.0,0.0,0.0,0.0,0,0.0,0.0,0.0,0.005561485543565982,0.003282490860840013
1922,display_only_vs_none,13,0.9999999999999996,1,0.06451612903225806,1,0.06451612903225806,0.0,0.0,0.0,0.0,0,0.0,0.0,0.0,-0.0038232147578032526,-0.008058654834500863
1922,mailer_only_vs_none,13,0.9999999999999996,1,0.06451612903225806,1,0.06451612903225806,0.0,0.0,0.0,0.0,0,0.0,0.0,0.0,-0.0029470563350881586,-0.005982391511482188
1923,both_vs_additive,20,1.0,1,0.03508771929824561,0,0.0,0.0,0.0,0.0,0.0,0,0.0,0.0,0.0,,
1923,both_vs_none,20,1.0,2,0.10526315789473684,1,0.03508771929824561,0.03508771929824561,0.03508771929824561,0.03508771929824561,0.03508771929824561,0,0.0,0.0,0.0,0.009946581196581199,0.004896723646723647
1923,display_only_vs_none,20,0.9999999999999999,2,0.07017543859649122,1,0.03508771929824561,0.03508771929824561,0.03508771929824561,0.03508771929824561,0.03508771929824561,0,0.0,0.0,0.0,0.018516409164775406,0.007250766294843045
1923,mailer_only_vs_none,20,1.0,3,0.17543859649122806,2,0.10526315789473684,0.10526315789473684,0.07017543859649122,0.10526315789473684,0.07017543859649122,0,0.0,0.0,0.0,0.027894052540448952,0.016702042615179186
1924,both_vs_additive,16,0.9999999999999999,3,0.16981132075471697,0,0.0,0.0,0.0,0.0,0.0,0,0.0,0.0,0.0,,
1924,both_vs_none,16,0.9999999999999999,3,0.16981132075471697,0,0.0,0.0,0.0,0.0,0.0,0,0.0,0.0,0.0,,
1924,display_only_vs_none,16,0.9999999999999999,3,0.16981132075471697,0,0.0,0.0,0.0,0.0,0.0,0,0.0,0.0,0.0,,
1924,mailer_only_vs_none,16,0.9999999999999999,3,0.16981132075471697,0,0.0,0.0,0.0,0.0,0.0,0,0.0,0.0,0.0,,
1925,both_vs_additive,20,1.0,3,0.2755102040816326,0,0.0,0.0,0.0,0.0,0.0,0,0.0,0.0,0.0,,
1925,both_vs_none,20,1.0,3,0.2755102040816326,0,0.0,0.0,0.0,0.0,0.0,0,0.0,0.0,0.0,,
1925,display_only_vs_none,20,1.0000000000000002,5,0.3571428571428571,1,0.05102040816326531,0.0,0.0,0.0,0.0,0,0.0,0.0,0.0,-0.06157950872656754,-0.015847877612583494
1925,mailer_only_vs_none,20,1.0000000000000002,4,0.3061224489795918,0,0.0,0.0,0.0,0.0,0.0,0,0.0,0.0,0.0,,
1928,both_vs_additive,20,0.9999999999999997,1,0.0958904109589041,1,0.0958904109589041,0.0958904109589041,0.0958904109589041,0.0958904109589041,0.0958904109589041,0,0.0,0.0,0.0,0.16836150148988288,0.04128756979795421
1928,both_vs_none,20,0.9999999999999997,1,0.0958904109589041,1,0.0958904109589041,0.0,0.0,0.0,0.0,0,0.0,0.0,0.0,-0.07045406843319933,-0.0015695903236861222
1928,display_only_vs_none,20,0.9999999999999997,1,0.0958904109589041,1,0.0958904109589041,0.0,0.0,0.0,0.0,0,0.0,0.0,0.0,-0.10056833513172979,-0.016514079457296535
1928,mailer_only_vs_none,20,0.9999999999999997,1,0.0958904109589041,1,0.0958904109589041,0.0,0.0,0.0,0.0,0,0.0,0.0,0.0,-0.13824723479135242,-0.026096656611362498
1929,both_vs_additive,20,1.0,4,0.2555555555555556,1,0.03333333333333333,0.0,0.0,0.0,0.0,0,0.0,0.0,0.0,0.002483426203307333,0.00015922902297245932
1929,both_vs_none,20,1.0,5,0.2777777777777778,2,0.07777777777777778,0.044444444444444446,0.044444444444444446,0.044444444444444446,0.044444444444444446,0,0.0,0.0,0.0,0.0001344292586068897,-0.0006532527540930894
1929,display_only_vs_none,20,1.0,6,0.34444444444444444,2,0.07777777777777778,0.044444444444444446,0.044444444444444446,0.044444444444444446,0.044444444444444446,0,0.0,0.0,0.0,0.008082335470660838,0.0039394119640632315
1929,mailer_only_vs_none,20,1.0,5,0.32222222222222224,3,0.14444444444444443,0.044444444444444446,0.0,0.044444444444444446,0.0,0,0.0,0.0,0.0,0.013659817059669826,-0.0005903656198839727
1930,both_vs_additive,18,1.0000000000000004,3,0.15000000000000002,1,0.05,0.05,0.0,0.05,0.0,0,0.0,0.0,0.0,0.011671364168835291,0.017323537206823055
1930,both_vs_none,18,1.0000000000000004,3,0.15000000000000002,1,0.05,0.0,0.0,0.0,0.0,0,0.0,0.0,0.0,0.005561485543565982,0.0032824908608400133
1930,display_only_vs_none,18,1.0000000000000004,4,0.2,2,0.1,0.05,0.05,0.05,0.05,0,0.0,0.0,0.0,0.006751722857038906,-0.0017865278883878173
1930,mailer_only_vs_none,18,1.0000000000000004,3,0.15000000000000002,1,0.05,0.0,0.0,0.0,0.0,0,0.0,0.0,0.0,-0.0029470563350881586,-0.005982391511482189
1931,both_vs_additive,9,0.9999999999999999,2,0.16666666666666669,0,0.0,0.0,0.0,0.0,0.0,0,0.0,0.0,0.0,,
1931,both_vs_none,9,0.9999999999999999,2,0.16666666666666669,0,0.0,0.0,0.0,0.0,0.0,0,0.0,0.0,0.0,,
1931,display_only_vs_none,9,0.9999999999999999,3,0.3333333333333333,0,0.0,0.0,0.0,0.0,0.0,0,0.0,0.0,0.0,,
1931,mailer_only_vs_none,9,0.9999999999999999,3,0.23333333333333334,0,0.0,0.0,0.0,0.0,0.0,0,0.0,0.0,0.0,,
1933,both_vs_additive,11,0.9999999999999998,5,0.5483870967741935,3,0.3548387096774193,0.3548387096774193,0.29032258064516125,0.3548387096774193,0.29032258064516125,0,0.0,0.0,0.0,0.03205342580164177,0.024754629905976162
1933,both_vs_none,11,0.9999999999999998,5,0.5483870967741935,3,0.3548387096774193,0.0967741935483871,0.0967741935483871,0.0967741935483871,0.0967741935483871,0,0.0,0.0,0.0,0.0015551582158059357,0.004204858103707385
1933,display_only_vs_none,11,0.9999999999999998,5,0.5483870967741935,3,0.3548387096774193,0.0,0.0,0.0,0.0,0,0.0,0.0,0.0,-0.01736905746341672,-0.011126861984868423
1933,mailer_only_vs_none,11,0.9999999999999998,5,0.5483870967741935,3,0.3548387096774193,0.0,0.0,0.0,0.0,0,0.0,0.0,0.0,-0.012963251250201839,-0.006470633540398207
1935,both_vs_additive,18,0.9999999999999999,3,0.23214285714285715,2,0.08928571428571427,0.08928571428571427,0.08928571428571427,0.08928571428571427,0.08928571428571427,2,0.08928571428571427,0.0,0.0,0.013330480630480635,0.008697946293267858
1935,both_vs_none,18,0.9999999999999999,4,0.2857142857142857,2,0.08928571428571427,0.08928571428571427,0.08928571428571427,0.08928571428571427,0.08928571428571427,2,0.08928571428571427,0.05357142857142857,0.05357142857142857,0.011526289013131118,0.006820105820105821
1935,display_only_vs_none,18,0.9999999999999999,4,0.26785714285714285,2,0.08928571428571427,0.0,0.0,0.0,0.0,3,0.12499999999999999,0.12499999999999999,0.12499999999999999,-0.0012417351908198592,-0.001386191637739625
1935,mailer_only_vs_none,18,0.9999999999999999,5,0.3214285714285714,3,0.14285714285714285,0.0,0.0,0.0,0.0,3,0.12499999999999999,0.08928571428571427,0.08928571428571427,0.004354472439059237,0.0005404866273432443
1936,both_vs_additive,20,1.0000000000000002,1,0.09090909090909091,0,0.0,0.0,0.0,0.0,0.0,0,0.0,0.0,0.0,,
1936,both_vs_none,20,1.0000000000000002,1,0.09090909090909091,0,0.0,0.0,0.0,0.0,0.0,0,0.0,0.0,0.0,,
1936,display_only_vs_none,20,1.0000000000000002,2,0.15151515151515152,1,0.06060606060606061,0.06060606060606061,0.06060606060606061,0.06060606060606061,0.06060606060606061,0,0.0,0.0,0.0,0.017326660471881063,0.004485599057725228
1936,mailer_only_vs_none,20,1.0000000000000002,1,0.09090909090909091,0,0.0,0.0,0.0,0.0,0.0,0,0.0,0.0,0.0,,
1938,both_vs_additive,8,0.9999999999999999,0,0.0,0,0.0,0.0,0.0,0.0,0.0,0,0.0,0.0,0.0,,
1938,both_vs_none,8,0.9999999999999999,0,0.0,0,0.0,0.0,0.0,0.0,0.0,0,0.0,0.0,0.0,,
1938,display_only_vs_none,8,0.9999999999999999,0,0.0,0,0.0,0.0,0.0,0.0,0.0,0,0.0,0.0,0.0,,
1938,mailer_only_vs_none,8,0.9999999999999999,0,0.0,0,0.0,0.0,0.0,0.0,0.0,0,0.0,0.0,0.0,,
1939,both_vs_additive,20,0.9999999999999997,5,0.24561403508771928,2,0.14035087719298245,0.0,0.0,0.0,0.0,0,0.0,0.0,0.0,-0.020877693241269566,-0.012164884774165675
1939,both_vs_none,20,0.9999999999999997,5,0.24561403508771928,3,0.17543859649122806,0.10526315789473684,0.10526315789473684,0.10526315789473684,0.10526315789473684,0,0.0,0.0,0.0,0.01818545991354185,0.007188317437076975
1939,display_only_vs_none,20,0.9999999999999997,5,0.24561403508771928,3,0.17543859649122806,0.17543859649122806,0.10526315789473684,0.17543859649122806,0.10526315789473684,0,0.0,0.0,0.0,0.020790911403867116,0.007725747873567342
1939,mailer_only_vs_none,20,0.9999999999999998,6,0.2807017543859649,2,0.14035087719298245,0.14035087719298245,0.14035087719298245,0.14035087719298245,0.14035087719298245,0,0.0,0.0,0.0,0.015337924939375547,0.013539771503311832
1940,both_vs_additive,20,0.9999999999999998,0,0.0,0,0.0,0.0,0.0,0.0,0.0,0,0.0,0.0,0.0,,
1940,both_vs_none,20,0.9999999999999998,0,0.0,0,0.0,0.0,0.0,0.0,0.0,0,0.0,0.0,0.0,,
1940,display_only_vs_none,20,0.9999999999999998,0,0.0,0,0.0,0.0,0.0,0.0,0.0,0,0.0,0.0,0.0,,
1940,mailer_only_vs_none,20,0.9999999999999998,0,0.0,0,0.0,0.0,0.0,0.0,0.0,0,0.0,0.0,0.0,,
1941,both_vs_additive,8,1.0,2,0.13793103448275862,1,0.06896551724137931,0.06896551724137931,0.0,0.06896551724137931,0.0,0,0.0,0.0,0.0,0.011671364168835293,0.017323537206823055
1941,both_vs_none,8,1.0,2,0.13793103448275862,1,0.06896551724137931,0.0,0.0,0.0,0.0,0,0.0,0.0,0.0,0.005561485543565982,0.003282490860840013
1941,display_only_vs_none,8,1.0,3,0.20689655172413793,2,0.13793103448275862,0.0,0.0,0.0,0.0,0,0.0,0.0,0.0,-0.032701361742185395,-0.01195326622354218
1941,mailer_only_vs_none,8,1.0,2,0.13793103448275862,1,0.06896551724137931,0.0,0.0,0.0,0.0,0,0.0,0.0,0.0,-0.0029470563350881586,-0.005982391511482188
1942,both_vs_additive,5,0.9999999999999999,1,0.25,0,0.0,0.0,0.0,0.0,0.0,0,0.0,0.0,0.0,,
1942,both_vs_none,5,0.9999999999999999,2,0.41666666666666663,0,0.0,0.0,0.0,0.0,0.0,0,0.0,0.0,0.0,,
1942,display_only_vs_none,5,0.9999999999999999,2,0.41666666666666663,0,0.0,0.0,0.0,0.0,0.0,0,0.0,0.0,0.0,,
1942,mailer_only_vs_none,5,0.9999999999999999,1,0.25,0,0.0,0.0,0.0,0.0,0.0,0,0.0,0.0,0.0,,
1943,both_vs_additive,20,1.0,8,0.5054945054945056,3,0.16483516483516483,0.1208791208791209,0.03296703296703297,0.1208791208791209,0.03296703296703297,0,0.0,0.0,0.0,0.002992855523255119,0.00746542254514406
1943,both_vs_none,20,1.0,9,0.5384615384615385,3,0.16483516483516483,0.07692307692307693,0.07692307692307693,0.07692307692307693,0.07692307692307693,0,0.0,0.0,0.0,0.010062788219897789,0.006115741157527372
1943,display_only_vs_none,20,1.0,9,0.5384615384615385,3,0.16483516483516483,0.0,0.04395604395604396,0.04395604395604396,0.0,0,0.0,0.0,0.0,0.00041809498631445604,-0.002393187340305222
1943,mailer_only_vs_none,20,1.0,10,0.5714285714285715,3,0.16483516483516483,0.0,0.0,0.0,0.0,0,0.0,0.0,0.0,-0.0008896246459037082,-0.0015776179199362137
1944,both_vs_additive,20,0.9999999999999999,5,0.3076923076923077,3,0.19780219780219782,0.19780219780219782,0.19780219780219782,0.19780219780219782,0.19780219780219782,1,0.04395604395604396,0.04395604395604396,0.0,0.09641890571645809,0.02766186359297446
1944,both_vs_none,20,0.9999999999999999,5,0.3076923076923077,3,0.19780219780219782,0.0,0.04395604395604396,0.04395604395604396,0.0,1,0.04395604395604396,0.0,0.0,-0.036705945278434494,-0.0002088139175041245
1944,display_only_vs_none,20,0.9999999999999999,7,0.4065934065934066,3,0.19780219780219782,0.0,0.04395604395604396,0.04395604395604396,0.0,1,0.04395604395604396,0.0,0.0,-0.05545964896950246,-0.010950129747079877
1944,mailer_only_vs_none,20,0.9999999999999998,6,0.3626373626373626,3,0.19780219780219782,0.0,0.0,0.0,0.0,1,0.04395604395604396,0.0,0.0,-0.07685788658078246,-0.016213328510155132
1954,both_vs_additive,6,1.0000000000000002,0,0.0,0,0.0,0.0,0.0,0.0,0.0,0,0.0,0.0,0.0,,
1954,both_vs_none,6,1.0000000000000002,0,0.0,0,0.0,0.0,0.0,0.0,0.0,0,0.0,0.0,0.0,,
1954,display_only_vs_none,6,1.0000000000000002,0,0.0,0,0.0,0.0,0.0,0.0,0.0,0,0.0,0.0,0.0,,
1954,mailer_only_vs_none,6,1.0000000000000002,0,0.0,0,0.0,0.0,0.0,0.0,0.0,0,0.0,0.0,0.0,,
1955,both_vs_additive,20,0.9999999999999997,3,0.17142857142857143,2,0.1,0.0,0.04285714285714286,0.04285714285714286,0.0,2,0.1,0.1,0.04285714285714286,0.005262955975569488,0.0034425158730160854
1955,both_vs_none,20,0.9999999999999997,3,0.17142857142857143,2,0.1,0.0,0.0,0.0,0.0,2,0.1,0.1,0.1,-0.0012185882047633177,0.002042402042402043
1955,display_only_vs_none,20,0.9999999999999998,5,0.2571428571428571,3,0.14285714285714285,0.0,0.0,0.0,0.0,2,0.1,0.04285714285714286,0.04285714285714286,-0.017675032349120004,-0.004919270043109053
1955,mailer_only_vs_none,20,0.9999999999999998,5,0.2571428571428571,3,0.14285714285714285,0.04285714285714286,0.04285714285714286,0.04285714285714286,0.04285714285714286,2,0.1,0.05714285714285714,0.05714285714285714,0.008164564614129831,0.001143261305648292
1956,both_vs_additive,15,0.9999999999999999,3,0.2,1,0.06666666666666667,0.06666666666666667,0.06666666666666667,0.06666666666666667,0.06666666666666667,0,0.0,0.0,0.0,0.16836150148988288,0.04128756979795421
1956,both_vs_none,15,0.9999999999999999,4,0.26666666666666666,2,0.13333333333333333,0.06666666666666667,0.06666666666666667,0.06666666666666667,0.06666666666666667,0,0.0,0.0,0.0,-0.030253743618309067,0.0016635666615187627
1956,display_only_vs_none,15,0.9999999999999999,4,0.26666666666666666,2,0.13333333333333333,0.06666666666666667,0.06666666666666667,0.06666666666666667,0.06666666666666667,0,0.0,0.0,0.0,-0.041025962983477195,-0.004631656581226746
1956,mailer_only_vs_none,15,0.9999999999999999,4,0.26666666666666666,3,0.2,0.13333333333333333,0.06666666666666667,0.13333333333333333,0.06666666666666667,0,0.0,0.0,0.0,-0.021533721953947295,0.0010190847936677842
1959,both_vs_additive,18,0.9999999999999996,1,0.03225806451612903,1,0.03225806451612903,0.03225806451612903,0.03225806451612903,0.03225806451612903,0.03225806451612903,0,0.0,0.0,0.0,0.01316029251242178,0.004527983943753406
1959,both_vs_none,18,0.9999999999999996,1,0.03225806451612903,1,0.03225806451612903,0.0,0.0,0.0,0.0,1,0.03225806451612903,0.0,0.03225806451612903,0.006240505817711697,0.0017297979797979805
1959,display_only_vs_none,18,0.9999999999999996,1,0.03225806451612903,1,0.03225806451612903,0.0,0.0,0.0,0.0,0,0.0,0.0,0.0,-0.005836670470657401,-0.0013667999204545998
1959,mailer_only_vs_none,18,0.9999999999999996,2,0.12903225806451613,1,0.03225806451612903,0.0,0.0,0.0,0.0,1,0.03225806451612903,0.0,0.0,0.00035714285714285796,-0.0003432300475311213
1960,both_vs_additive,6,1.0,2,0.3076923076923077,1,0.15384615384615385,0.15384615384615385,0.15384615384615385,0.15384615384615385,0.15384615384615385,0,0.0,0.0,0.0,0.16836150148988288,0.04128756979795421
1960,both_vs_none,6,1.0,2,0.3076923076923077,2,0.3076923076923077,0.15384615384615385,0.15384615384615385,0.15384615384615385,0.15384615384615385,0,0.0,0.0,0.0,-0.03025374361830907,0.0016635666615187625
1960,display_only_vs_none,6,1.0,2,0.3076923076923077,2,0.3076923076923077,0.15384615384615385,0.15384615384615385,0.15384615384615385,0.15384615384615385,0,0.0,0.0,0.0,-0.04102596298347719,-0.004631656581226745
1960,mailer_only_vs_none,6,1.0,2,0.3076923076923077,2,0.3076923076923077,0.15384615384615385,0.0,0.15384615384615385,0.0,0,0.0,0.0,0.0,-0.03731862727683911,-0.008947481236084178
1961,both_vs_additive,20,0.9999999999999993,1,0.0425531914893617,0,0.0,0.0,0.0,0.0,0.0,0,0.0,0.0,0.0,,
1961,both_vs_none,20,0.9999999999999993,3,0.1276595744680851,0,0.0,0.0,0.0,0.0,0.0,0,0.0,0.0,0.0,,
1961,display_only_vs_none,20,0.9999999999999993,3,0.1702127659574468,1,0.0425531914893617,0.0,0.0,0.0,0.0,0,0.0,0.0,0.0,-0.004785714285714286,-0.0017857142857142857
1961,mailer_only_vs_none,20,0.9999999999999993,4,0.2127659574468085,1,0.0425531914893617,0.0425531914893617,0.0425531914893617,0.0425531914893617,0.0425531914893617,0,0.0,0.0,0.0,0.02574652238445342,0.009881587681361437
1963,both_vs_additive,13,0.9999999999999998,1,0.05263157894736842,1,0.05263157894736842,0.0,0.0,0.0,0.0,0,0.0,0.0,0.0,-0.04554927330733782,-0.022977102642174414
1963,both_vs_none,13,0.9999999999999998,1,0.05263157894736842,1,0.05263157894736842,0.0,0.0,0.0,0.0,0,0.0,0.0,0.0,0.0,0.0
1963,display_only_vs_none,13,0.9999999999999998,1,0.05263157894736842,1,0.05263157894736842,0.0,0.0,0.0,0.0,0,0.0,0.0,0.0,-0.009750985125985125,-0.004371704684204684
1963,mailer_only_vs_none,13,0.9999999999999998,1,0.05263157894736842,1,0.05263157894736842,0.0,0.0,0.0,0.0,0,0.0,0.0,0.0,0.001218253968253969,0.0010912698412698417
1964,both_vs_additive,7,1.0,1,0.11764705882352941,1,0.11764705882352941,0.11764705882352941,0.11764705882352941,0.11764705882352941,0.11764705882352941,0,0.0,0.0,0.0,0.03030944197826453,0.02224906074547422
1964,both_vs_none,7,1.0,1,0.11764705882352941,1,0.11764705882352941,0.0,0.0,0.0,0.0,0,0.0,0.0,0.0,-0.009896729395254995,-0.0022554718493841587
1964,display_only_vs_none,7,1.0,1,0.11764705882352941,1,0.11764705882352941,0.0,0.0,0.0,0.0,0,0.0,0.0,0.0,-0.020609755031117248,-0.01295828469122752
1964,mailer_only_vs_none,7,1.0,1,0.11764705882352941,1,0.11764705882352941,0.0,0.0,0.0,0.0,0,0.0,0.0,0.0,-0.02006837606837607,-0.009401709401709403
1966,both_vs_additive,20,0.9999999999999999,4,0.20754716981132074,3,0.1320754716981132,0.05660377358490566,0.05660377358490566,0.05660377358490566,0.05660377358490566,0,0.0,0.0,0.0,0.07048062581530243,0.018742550671762198
1966,both_vs_none,20,0.9999999999999999,4,0.20754716981132074,3,0.1320754716981132,0.03773584905660377,0.03773584905660377,0.03773584905660377,0.03773584905660377,0,0.0,0.0,0.0,-0.019781456468121354,0.002232629182291162
1966,display_only_vs_none,20,0.9999999999999999,4,0.20754716981132074,3,0.1320754716981132,0.03773584905660377,0.03773584905660377,0.03773584905660377,0.03773584905660377,0,0.0,0.0,0.0,-0.03782857314234108,-0.006118764009725534
1966,mailer_only_vs_none,20,0.9999999999999999,5,0.2452830188679245,4,0.16981132075471697,0.07547169811320754,0.07547169811320754,0.07547169811320754,0.07547169811320754,0,0.0,0.0,0.0,-0.0362687548584516,-0.0012915465467194102
1968,both_vs_additive,18,0.9999999999999998,1,0.037037037037037035,0,0.0,0.0,0.0,0.0,0.0,0,0.0,0.0,0.0,,
1968,both_vs_none,18,0.9999999999999998,1,0.037037037037037035,0,0.0,0.0,0.0,0.0,0.0,0,0.0,0.0,0.0,,
1968,display_only_vs_none,18,0.9999999999999998,1,0.037037037037037035,0,0.0,0.0,0.0,0.0,0.0,0,0.0,0.0,0.0,,
1968,mailer_only_vs_none,18,0.9999999999999998,3,0.12962962962962962,0,0.0,0.0,0.0,0.0,0.0,1,0.05555555555555555,0.0,0.0,,
1969,both_vs_additive,20,0.9999999999999998,6,0.3066666666666667,4,0.18666666666666668,0.16,0.06666666666666667,0.16,0.06666666666666667,0,0.0,0.0,0.0,0.03003536742323342,0.025250169840118308
1969,both_vs_none,20,0.9999999999999998,6,0.3066666666666667,4,0.18666666666666668,0.09333333333333334,0.09333333333333334,0.09333333333333334,0.09333333333333334,1,0.02666666666666667,0.02666666666666667,0.02666666666666667,0.011124961052111268,0.006977446496434736
1969,display_only_vs_none,20,0.9999999999999997,7,0.3866666666666667,4,0.18666666666666668,0.0,0.0,0.0,0.0,3,0.13333333333333333,0.02666666666666667,0.02666666666666667,-0.0019369782444063845,-0.005914776925411886
1969,mailer_only_vs_none,20,0.9999999999999998,6,0.3066666666666667,4,0.18666666666666668,0.02666666666666667,0.0,0.02666666666666667,0.0,1,0.02666666666666667,0.02666666666666667,0.0,0.0002384259267857915,-0.003152993393225231
1971,both_vs_additive,20,0.9999999999999998,2,0.2,0,0.0,0.0,0.0,0.0,0.0,0,0.0,0.0,0.0,,
1971,both_vs_none,20,0.9999999999999999,3,0.23333333333333334,1,0.03333333333333333,0.0,0.0,0.0,0.0,0,0.0,0.0,0.0,-0.02046746770727413,-0.0004746749343554468
1971,display_only_vs_none,20,1.0,4,0.275,1,0.03333333333333333,0.0,0.0,0.0,0.0,0,0.0,0.0,0.0,0.009029183535762486,0.0002709741435458367
1971,mailer_only_vs_none,20,1.0,4,0.275,0,0.0,0.0,0.0,0.0,0.0,0,0.0,0.0,0.0,,
1973,both_vs_additive,18,1.0000000000000002,2,0.09375,1,0.07291666666666667,0.0,0.07291666666666667,0.07291666666666667,0.0,0,0.0,0.0,0.0,0.0044710405387866844,0.007136903288786226
1973,both_vs_none,18,1.0000000000000002,2,0.09375,1,0.07291666666666667,0.0,0.0,0.0,0.0,0,0.0,0.0,0.0,0.03493919101731601,0.01744453463203463
1973,display_only_vs_none,18,1.0000000000000002,2,0.09375,1,0.07291666666666667,0.0,0.0,0.0,0.0,0,0.0,0.0,0.0,0.020296596421953722,0.009314346610739533
1973,mailer_only_vs_none,18,1.0000000000000002,2,0.09375,1,0.07291666666666667,0.0,0.0,0.0,0.0,0,0.0,0.0,0.0,-0.0012132944282728757,1.8426257650396016e-05
1974,both_vs_additive,20,1.0000000000000002,3,0.1510791366906475,2,0.07913669064748202,0.050359712230215826,0.02877697841726619,0.07913669064748202,0.0,0,0.0,0.0,0.0,0.0030696020805194625,0.002760944992950817
1974,both_vs_none,20,1.0000000000000002,4,0.19424460431654678,2,0.07913669064748202,0.07913669064748202,0.07913669064748202,0.07913669064748202,0.07913669064748202,0,0.0,0.0,0.0,0.018224123416323904,0.008465669951631513
1974,display_only_vs_none,20,1.0000000000000002,4,0.19424460431654678,3,0.1223021582733813,0.07913669064748202,0.050359712230215826,0.07913669064748202,0.050359712230215826,0,0.0,0.0,0.0,-0.0003459823288694722,-0.00030898754633470115
1974,mailer_only_vs_none,20,1.0000000000000002,4,0.19424460431654678,3,0.1223021582733813,0.02877697841726619,0.02877697841726619,0.02877697841726619,0.02877697841726619,0,0.0,0.0,0.0,-0.001196784978563726,-0.0007509776353684217
1975,both_vs_additive,20,1.0000000000000004,2,0.07920792079207921,0,0.0,0.0,0.0,0.0,0.0,0,0.0,0.0,0.0,,
1975,both_vs_none,20,1.0000000000000004,2,0.07920792079207921,0,0.0,0.0,0.0,0.0,0.0,0,0.0,0.0,0.0,,
1975,display_only_vs_none,20,1.0000000000000004,2,0.07920792079207921,0,0.0,0.0,0.0,0.0,0.0,0,0.0,0.0,0.0,,
1975,mailer_only_vs_none,20,1.0000000000000004,2,0.07920792079207921,0,0.0,0.0,0.0,0.0,0.0,0,0.0,0.0,0.0,,
1976,both_vs_additive,20,0.9999999999999998,2,0.1607142857142857,0,0.0,0.0,0.0,0.0,0.0,0,0.0,0.0,0.0,,
1976,both_vs_none,20,0.9999999999999998,2,0.1607142857142857,0,0.0,0.0,0.0,0.0,0.0,0,0.0,0.0,0.0,,
1976,display_only_vs_none,20,0.9999999999999998,3,0.21428571428571427,1,0.05357142857142857,0.05357142857142857,0.05357142857142857,0.05357142857142857,0.05357142857142857,0,0.0,0.0,0.0,0.017326660471881063,0.004485599057725228
1976,mailer_only_vs_none,20,0.9999999999999998,3,0.1964285714285714,0,0.0,0.0,0.0,0.0,0.0,0,0.0,0.0,0.0,,
1978,both_vs_additive,11,1.0,1,0.17647058823529413,0,0.0,0.0,0.0,0.0,0.0,0,0.0,0.0,0.0,,
1978,both_vs_none,11,1.0,1,0.17647058823529413,0,0.0,0.0,0.0,0.0,0.0,0,0.0,0.0,0.0,,
1978,display_only_vs_none,11,1.0,1,0.17647058823529413,0,0.0,0.0,0.0,0.0,0.0,0,0.0,0.0,0.0,,
1978,mailer_only_vs_none,11,1.0,1,0.17647058823529413,0,0.0,0.0,0.0,0.0,0.0,0,0.0,0.0,0.0,,
1979,both_vs_additive,7,1.0,0,0.0,0,0.0,0.0,0.0,0.0,0.0,0,0.0,0.0,0.0,,
1979,both_vs_none,7,1.0,0,0.0,0,0.0,0.0,0.0,0.0,0.0,0,0.0,0.0,0.0,,
1979,display_only_vs_none,7,1.0,0,0.0,0,0.0,0.0,0.0,0.0,0.0,0,0.0,0.0,0.0,,
1979,mailer_only_vs_none,7,1.0,0,0.0,0,0.0,0.0,0.0,0.0,0.0,0,0.0,0.0,0.0,,
1980,both_vs_additive,15,1.0,1,0.058823529411764705,0,0.0,0.0,0.0,0.0,0.0,0,0.0,0.0,0.0,,
1980,both_vs_none,15,1.0,1,0.058823529411764705,0,0.0,0.0,0.0,0.0,0.0,0,0.0,0.0,0.0,,
1980,display_only_vs_none,15,1.0,2,0.11764705882352941,0,0.0,0.0,0.0,0.0,0.0,1,0.058823529411764705,0.0,0.0,,
1980,mailer_only_vs_none,15,1.0,3,0.1764705882352941,0,0.0,0.0,0.0,0.0,0.0,1,0.058823529411764705,0.0,0.0,,
1981,both_vs_additive,12,1.0,2,0.28125,0,0.0,0.0,0.0,0.0,0.0,0,0.0,0.0,0.0,,
1981,both_vs_none,12,1.0,2,0.28125,0,0.0,0.0,0.0,0.0,0.0,0,0.0,0.0,0.0,,
1981,display_only_vs_none,12,1.0,3,0.34375,0,0.0,0.0,0.0,0.0,0.0,0,0.0,0.0,0.0,,
1981,mailer_only_vs_none,12,1.0,4,0.40625,0,0.0,0.0,0.0,0.0,0.0,1,0.0625,0.0,0.0,,
1982,both_vs_additive,20,1.0,2,0.049586776859504134,1,0.024793388429752067,0.024793388429752067,0.024793388429752067,0.024793388429752067,0.024793388429752067,1,0.024793388429752067,0.024793388429752067,0.024793388429752067,0.011115079365079363,0.0005882687603117609
1982,both_vs_none,20,1.0,2,0.049586776859504134,1,0.024793388429752067,0.024793388429752067,0.024793388429752067,0.024793388429752067,0.024793388429752067,1,0.024793388429752067,0.0,0.0,0.020985449735449736,0.012566137566137565
1982,display_only_vs_none,20,1.0,2,0.049586776859504134,1,0.024793388429752067,0.0,0.0,0.0,0.0,1,0.024793388429752067,0.0,0.0,0.0,0.0
1982,mailer_only_vs_none,20,1.0,4,0.12396694214876033,2,0.05785123966942149,0.03305785123966942,0.03305785123966942,0.03305785123966942,0.03305785123966942,1,0.024793388429752067,0.0,0.0,0.007896947957685732,0.012482899426302199
1985,both_vs_additive,16,0.9999999999999999,2,0.11320754716981132,1,0.03773584905660377,0.03773584905660377,0.0,0.03773584905660377,0.0,0,0.0,0.0,0.0,0.011671364168835293,0.017323537206823055
1985,both_vs_none,16,0.9999999999999999,2,0.11320754716981132,1,0.03773584905660377,0.0,0.0,0.0,0.0,0,0.0,0.0,0.0,0.005561485543565982,0.003282490860840013
1985,display_only_vs_none,16,0.9999999999999999,2,0.11320754716981132,1,0.03773584905660377,0.0,0.0,0.0,0.0,0,0.0,0.0,0.0,-0.003823214757803253,-0.008058654834500863
1985,mailer_only_vs_none,16,0.9999999999999999,3,0.22641509433962265,1,0.03773584905660377,0.0,0.0,0.0,0.0,0,0.0,0.0,0.0,-0.0029470563350881586,-0.005982391511482188
1988,both_vs_additive,11,1.0,2,0.32432432432432434,0,0.0,0.0,0.0,0.0,0.0,0,0.0,0.0,0.0,,
1988,both_vs_none,11,1.0,2,0.32432432432432434,0,0.0,0.0,0.0,0.0,0.0,0,0.0,0.0,0.0,,
1988,display_only_vs_none,11,1.0,2,0.32432432432432434,0,0.0,0.0,0.0,0.0,0.0,0,0.0,0.0,0.0,,
1988,mailer_only_vs_none,11,1.0,2,0.32432432432432434,0,0.0,0.0,0.0,0.0,0.0,0,0.0,0.0,0.0,,
1989,both_vs_additive,18,1.0000000000000004,1,0.04081632653061224,1,0.04081632653061224,0.0,0.0,0.0,0.0,0,0.0,0.0,0.0,-0.020455829649273415,-0.007092941439589706
1989,both_vs_none,18,1.0000000000000004,2,0.08163265306122448,1,0.04081632653061224,0.04081632653061224,0.04081632653061224,0.04081632653061224,0.04081632653061224,1,0.04081632653061224,0.04081632653061224,0.04081632653061224,0.010873397435897436,0.006944444444444444
1989,display_only_vs_none,18,1.0000000000000004,1,0.04081632653061224,1,0.04081632653061224,0.0,0.04081632653061224,0.04081632653061224,0.0,1,0.04081632653061224,0.0,0.0,0.009214285714285715,0.0071428571428571435
1989,mailer_only_vs_none,18,1.0000000000000004,2,0.08163265306122448,1,0.04081632653061224,0.0,0.0,0.0,0.0,0,0.0,0.0,0.0,-0.0012255499860763016,0.005155858680346433
1990,both_vs_additive,19,0.9999999999999998,6,0.40740740740740744,1,0.037037037037037035,0.0,0.0,0.0,0.0,0,0.0,0.0,0.0,-0.032781622539715824,-0.006479249207409117
1990,both_vs_none,19,0.9999999999999998,7,0.4444444444444445,1,0.037037037037037035,0.037037037037037035,0.037037037037037035,0.037037037037037035,0.037037037037037035,0,0.0,0.0,0.0,0.01844832669910069,0.010892918570937146
1990,display_only_vs_none,19,0.9999999999999998,6,0.40740740740740744,1,0.037037037037037035,0.037037037037037035,0.037037037037037035,0.037037037037037035,0.037037037037037035,0,0.0,0.0,0.0,0.008462428774928775,0.007661146723646725
1990,mailer_only_vs_none,19,0.9999999999999998,8,0.5,2,0.07407407407407407,0.07407407407407407,0.07407407407407407,0.07407407407407407,0.07407407407407407,0,0.0,0.0,0.0,0.017278401360544215,0.008955611195313712
1993,both_vs_additive,14,1.0000000000000002,4,0.24324324324324326,2,0.13513513513513514,0.0,0.08108108108108109,0.08108108108108109,0.0,1,0.05405405405405406,0.05405405405405406,0.05405405405405406,0.0070164272415067005,0.0035579092592594084
1993,both_vs_none,14,1.0000000000000002,4,0.24324324324324326,3,0.1891891891891892,0.05405405405405406,0.05405405405405406,0.05405405405405406,0.05405405405405406,1,0.05405405405405406,0.0,0.0,0.0016826916896041343,0.002420264920264921
1993,display_only_vs_none,14,1.0,6,0.40540540540540543,3,0.1891891891891892,0.05405405405405406,0.05405405405405406,0.05405405405405406,0.05405405405405406,2,0.13513513513513514,0.0,0.0,0.00539034992960852,0.0013413230761632263
1993,mailer_only_vs_none,14,1.0,7,0.5135135135135136,4,0.2702702702702703,0.13513513513513514,0.08108108108108109,0.13513513513513514,0.08108108108108109,2,0.13513513513513514,0.0,0.0,0.015695467280991235,0.006034671573651523
1994,both_vs_additive,10,0.9999999999999999,5,0.5185185185185185,1,0.07407407407407407,0.07407407407407407,0.07407407407407407,0.07407407407407407,0.07407407407407407,0,0.0,0.0,0.0,0.030309441978264528,0.02224906074547422
1994,both_vs_none,10,0.9999999999999999,5,0.5185185185185185,1,0.07407407407407407,0.0,0.0,0.0,0.0,0,0.0,0.0,0.0,-0.009896729395254995,-0.0022554718493841587
1994,display_only_vs_none,10,0.9999999999999999,5,0.5185185185185185,1,0.07407407407407407,0.0,0.0,0.0,0.0,0,0.0,0.0,0.0,-0.020609755031117248,-0.01295828469122752
1994,mailer_only_vs_none,10,0.9999999999999999,5,0.5185185185185185,1,0.07407407407407407,0.0,0.0,0.0,0.0,0,0.0,0.0,0.0,-0.02006837606837607,-0.009401709401709403
1998,both_vs_additive,20,0.9999999999999999,4,0.10416666666666666,1,0.041666666666666664,0.041666666666666664,0.0,0.041666666666666664,0.0,0,0.0,0.0,0.0,0.011671364168835293,0.017323537206823055
1998,both_vs_none,20,0.9999999999999999,4,0.10416666666666666,2,0.0625,0.020833333333333332,0.020833333333333332,0.020833333333333332,0.020833333333333332,0,0.0,0.0,0.0,0.017595019666406624,0.00843069598292875
1998,display_only_vs_none,20,0.9999999999999999,5,0.15277777777777776,2,0.0625,0.020833333333333332,0.020833333333333332,0.020833333333333332,0.020833333333333332,1,0.04861111111111111,0.04861111111111111,0.04861111111111111,0.01051529309308549,-0.0004528640355194388
1998,mailer_only_vs_none,20,1.0,6,0.1875,1,0.041666666666666664,0.0,0.0,0.0,0.0,1,0.04861111111111111,0.04861111111111111,0.04861111111111111,-0.002947056335088158,-0.005982391511482187
2000,both_vs_additive,7,0.9999999999999998,0,0.0,0,0.0,0.0,0.0,0.0,0.0,0,0.0,0.0,0.0,,
2000,both_vs_none,7,0.9999999999999998,0,0.0,0,0.0,0.0,0.0,0.0,0.0,0,0.0,0.0,0.0,,
2000,display_only_vs_none,7,0.9999999999999998,0,0.0,0,0.0,0.0,0.0,0.0,0.0,0,0.0,0.0,0.0,,
2000,mailer_only_vs_none,7,0.9999999999999998,0,0.0,0,0.0,0.0,0.0,0.0,0.0,0,0.0,0.0,0.0,,
2001,both_vs_additive,8,1.0,1,0.16666666666666666,0,0.0,0.0,0.0,0.0,0.0,0,0.0,0.0,0.0,,
2001,both_vs_none,8,1.0,1,0.16666666666666666,0,0.0,0.0,0.0,0.0,0.0,0,0.0,0.0,0.0,,
2001,display_only_vs_none,8,1.0,2,0.25,1,0.08333333333333333,0.0,0.0,0.0,0.0,0,0.0,0.0,0.0,-0.06157950872656754,-0.015847877612583494
2001,mailer_only_vs_none,8,1.0,1,0.16666666666666666,0,0.0,0.0,0.0,0.0,0.0,0,0.0,0.0,0.0,,
2002,both_vs_additive,20,0.9999999999999996,6,0.31818181818181823,2,0.10606060606060606,0.0,0.0,0.0,0.0,2,0.10606060606060606,0.06060606060606061,0.06060606060606061,-0.00020227519202674696,0.0030726945145931844
2002,both_vs_none,20,0.9999999999999996,7,0.34848484848484856,3,0.15151515151515152,0.09090909090909091,0.09090909090909091,0.09090909090909091,0.09090909090909091,2,0.10606060606060606,0.045454545454545456,0.045454545454545456,0.012320615274457781,0.005612825478428184
2002,display_only_vs_none,20,0.9999999999999998,7,0.37878787878787884,3,0.15151515151515152,0.045454545454545456,0.045454545454545456,0.045454545454545456,0.045454545454545456,2,0.10606060606060606,0.045454545454545456,0.045454545454545456,0.008680176246988832,0.0027613602752076484
2002,mailer_only_vs_none,20,0.9999999999999996,7,0.34848484848484856,3,0.13636363636363635,0.045454545454545456,0.0,0.045454545454545456,0.0,2,0.10606060606060606,0.045454545454545456,0.045454545454545456,0.006740240569950717,0.0018896879880861573
2004,both_vs_additive,20,1.0,4,0.19834710743801653,1,0.05785123966942149,0.05785123966942149,0.0,0.05785123966942149,0.0,0,0.0,0.0,0.0,0.011671364168835293,0.017323537206823055
2004,both_vs_none,20,0.9999999999999999,5,0.23140495867768596,1,0.05785123966942149,0.0,0.0,0.0,0.0,0,0.0,0.0,0.0,0.005561485543565982,0.003282490860840013
2004,display_only_vs_none,20,0.9999999999999999,6,0.3305785123966942,2,0.15702479338842976,0.0,0.0,0.0,0.0,0,0.0,0.0,0.0,-0.040300874106496486,-0.012978163957500418
2004,mailer_only_vs_none,20,1.0,4,0.19834710743801653,1,0.05785123966942149,0.0,0.0,0.0,0.0,0,0.0,0.0,0.0,-0.0029470563350881586,-0.005982391511482187
2006,both_vs_additive,20,0.9999999999999998,2,0.08620689655172414,0,0.0,0.0,0.0,0.0,0.0,0,0.0,0.0,0.0,,
2006,both_vs_none,20,0.9999999999999999,5,0.20689655172413796,0,0.0,0.0,0.0,0.0,0.0,0,0.0,0.0,0.0,,
2006,display_only_vs_none,20,0.9999999999999998,3,0.1293103448275862,0,0.0,0.0,0.0,0.0,0.0,0,0.0,0.0,0.0,,
2006,mailer_only_vs_none,20,0.9999999999999999,5,0.20689655172413796,0,0.0,0.0,0.0,0.0,0.0,0,0.0,0.0,0.0,,
2010,both_vs_additive,18,0.9999999999999996,2,0.1590909090909091,1,0.045454545454545456,0.0,0.0,0.0,0.0,0,0.0,0.0,0.0,-0.006556290931290922,0.002709096459096453
2010,both_vs_none,18,0.9999999999999996,2,0.1590909090909091,1,0.045454545454545456,0.0,0.0,0.0,0.0,0,0.0,0.0,0.0,0.002622710622710623,0.0014652014652014635
2010,display_only_vs_none,18,0.9999999999999996,3,0.2272727272727273,1,0.045454545454545456,0.045454545454545456,0.045454545454545456,0.045454545454545456,0.045454545454545456,0,0.0,0.0,0.0,0.010406965481817259,0.005877431198577444
2010,mailer_only_vs_none,18,0.9999999999999996,2,0.1590909090909091,1,0.045454545454545456,0.0,0.0,0.0,0.0,0,0.0,0.0,0.0,-0.005966666666666666,-0.003333333333333334
2012,both_vs_additive,20,1.0,2,0.125,0,0.0,0.0,0.0,0.0,0.0,0,0.0,0.0,0.0,,
2012,both_vs_none,20,1.0,2,0.125,0,0.0,0.0,0.0,0.0,0.0,0,0.0,0.0,0.0,,
2012,display_only_vs_none,20,1.0,3,0.234375,0,0.0,0.0,0.0,0.0,0.0,0,0.0,0.0,0.0,,
2012,mailer_only_vs_none,20,1.0,4,0.28125,0,0.0,0.0,0.0,0.0,0.0,0,0.0,0.0,0.0,,
2014,both_vs_additive,9,0.9999999999999999,4,0.42857142857142855,2,0.19047619047619047,0.19047619047619047,0.19047619047619047,0.19047619047619047,0.19047619047619047,0,0.0,0.0,0.0,0.10641028928800668,0.047566962034067295
2014,both_vs_none,9,0.9999999999999999,4,0.42857142857142855,3,0.2857142857142857,0.19047619047619047,0.19047619047619047,0.19047619047619047,0.19047619047619047,2,0.23809523809523808,0.09523809523809523,0.09523809523809523,0.028265403276272843,0.013689269667530536
2014,display_only_vs_none,9,0.9999999999999999,4,0.42857142857142855,3,0.2857142857142857,0.09523809523809523,0.09523809523809523,0.09523809523809523,0.09523809523809523,2,0.23809523809523808,0.0,0.0,0.003942224010611888,-0.004336612818454329
2014,mailer_only_vs_none,9,0.9999999999999999,4,0.42857142857142855,2,0.19047619047619047,0.0,0.0,0.0,0.0,0,0.0,0.0,0.0,-0.004373809523809524,-0.0003901851764548728
2015,both_vs_additive,20,1.0,2,0.1717171717171717,0,0.0,0.0,0.0,0.0,0.0,0,0.0,0.0,0.0,,
2015,both_vs_none,20,1.0,3,0.20202020202020202,0,0.0,0.0,0.0,0.0,0.0,0,0.0,0.0,0.0,,
2015,display_only_vs_none,20,1.0,5,0.33333333333333337,0,0.0,0.0,0.0,0.0,0.0,0,0.0,0.0,0.0,,
2015,mailer_only_vs_none,20,1.0,3,0.20202020202020202,0,0.0,0.0,0.0,0.0,0.0,0,0.0,0.0,0.0,,
2016,both_vs_additive,20,1.0,0,0.0,0,0.0,0.0,0.0,0.0,0.0,0,0.0,0.0,0.0,,
2016,both_vs_none,20,1.0,0,0.0,0,0.0,0.0,0.0,0.0,0.0,0,0.0,0.0,0.0,,
2016,display_only_vs_none,20,1.0,2,0.07142857142857142,1,0.02857142857142857,0.0,0.0,0.0,0.0,0,0.0,0.0,0.0,-0.06157950872656754,-0.015847877612583494
2016,mailer_only_vs_none,20,1.0,2,0.15714285714285714,0,0.0,0.0,0.0,0.0,0.0,0,0.0,0.0,0.0,,
2017,both_vs_additive,6,0.9999999999999998,3,0.6666666666666665,2,0.5238095238095237,0.38095238095238093,0.38095238095238093,0.38095238095238093,0.38095238095238093,0,0.0,0.0,0.0,0.11600483347482515,0.027414879819389996
2017,both_vs_none,6,0.9999999999999998,3,0.6666666666666665,2,0.5238095238095237,0.14285714285714285,0.14285714285714285,0.14285714285714285,0.14285714285714285,0,0.0,0.0,0.0,-0.04414645352533367,0.0014410974630853536
2017,display_only_vs_none,6,0.9999999999999998,3,0.6666666666666665,2,0.5238095238095237,0.14285714285714285,0.14285714285714285,0.14285714285714285,0.14285714285714285,0,0.0,0.0,0.0,-0.06668692789437275,-0.010220489889156633
2017,mailer_only_vs_none,6,0.9999999999999998,3,0.6666666666666665,2,0.5238095238095237,0.14285714285714285,0.14285714285714285,0.14285714285714285,0.14285714285714285,0,0.0,0.0,0.0,-0.09404287227861109,-0.013337092591244016
2018,both_vs_additive,9,0.9999999999999999,3,0.44,0,0.0,0.0,0.0,0.0,0.0,0,0.0,0.0,0.0,,
2018,both_vs_none,9,0.9999999999999999,3,0.44,1,0.08,0.08,0.08,0.08,0.08,0,0.0,0.0,0.0,0.009946581196581199,0.004896723646723647
2018,display_only_vs_none,9,0.9999999999999999,3,0.44,1,0.08,0.08,0.08,0.08,0.08,0,0.0,0.0,0.0,0.018516409164775406,0.007250766294843045
2018,mailer_only_vs_none,9,0.9999999999999999,4,0.52,1,0.08,0.08,0.0,0.08,0.0,0,0.0,0.0,0.0,0.06360998023767421,0.008201694139194141
2020,both_vs_additive,20,0.9999999999999999,1,0.03571428571428571,0,0.0,0.0,0.0,0.0,0.0,0,0.0,0.0,0.0,,
2020,both_vs_none,20,0.9999999999999999,1,0.03571428571428571,1,0.03571428571428571,0.03571428571428571,0.03571428571428571,0.03571428571428571,0.03571428571428571,0,0.0,0.0,0.0,0.009946581196581199,0.004896723646723647
2020,display_only_vs_none,20,0.9999999999999999,2,0.10714285714285714,1,0.03571428571428571,0.03571428571428571,0.03571428571428571,0.03571428571428571,0.03571428571428571,0,0.0,0.0,0.0,0.018516409164775406,0.0072507662948430454
2020,mailer_only_vs_none,20,1.0,3,0.1607142857142857,1,0.03571428571428571,0.03571428571428571,0.0,0.03571428571428571,0.0,0,0.0,0.0,0.0,0.06360998023767421,0.008201694139194141
2021,both_vs_additive,6,1.0,3,0.3888888888888889,0,0.0,0.0,0.0,0.0,0.0,0,0.0,0.0,0.0,,
2021,both_vs_none,6,1.0,3,0.3888888888888889,0,0.0,0.0,0.0,0.0,0.0,0,0.0,0.0,0.0,,
2021,display_only_vs_none,6,1.0000000000000002,4,0.7777777777777779,1,0.3888888888888889,0.0,0.0,0.0,0.0,0,0.0,0.0,0.0,-0.06157950872656754,-0.015847877612583494
2021,mailer_only_vs_none,6,1.0,3,0.3888888888888889,0,0.0,0.0,0.0,0.0,0.0,0,0.0,0.0,0.0,,
2027,both_vs_additive,6,0.9999999999999998,2,0.42857142857142855,0,0.0,0.0,0.0,0.0,0.0,0,0.0,0.0,0.0,,
2027,both_vs_none,6,0.9999999999999998,3,0.5714285714285714,1,0.21428571428571427,0.21428571428571427,0.21428571428571427,0.21428571428571427,0.21428571428571427,0,0.0,0.0,0.0,0.04166208791208791,0.01872710622710623
2027,display_only_vs_none,6,0.9999999999999998,2,0.42857142857142855,1,0.21428571428571427,0.21428571428571427,0.21428571428571427,0.21428571428571427,0.21428571428571427,0,0.0,0.0,0.0,0.03919230879486297,0.014758717562443407
2027,mailer_only_vs_none,6,0.9999999999999998,3,0.5714285714285714,0,0.0,0.0,0.0,0.0,0.0,0,0.0,0.0,0.0,,
2028,both_vs_additive,20,0.9999999999999997,5,0.2807017543859649,3,0.12280701754385964,0.07017543859649122,0.03508771929824561,0.07017543859649122,0.03508771929824561,0,0.0,0.0,0.0,0.025768946229752353,0.007692788553037398
2028,both_vs_none,20,0.9999999999999997,5,0.2807017543859649,3,0.12280701754385964,0.05263157894736842,0.05263157894736842,0.05263157894736842,0.05263157894736842,0,0.0,0.0,0.0,0.007170853630613061,0.002703457404810031
2028,display_only_vs_none,20,0.9999999999999998,6,0.3333333333333333,4,0.17543859649122806,0.0,0.05263157894736842,0.05263157894736842,0.0,1,0.05263157894736842,0.05263157894736842,0.05263157894736842,-0.024133075627154447,-0.0073565660398476704
2028,mailer_only_vs_none,20,0.9999999999999997,5,0.2807017543859649,3,0.12280701754385964,0.05263157894736842,0.0,0.05263157894736842,0.0,0,0.0,0.0,0.0,-0.0009966541709528801,-0.0018878212937994505
2035,both_vs_additive,13,0.9999999999999998,3,0.21428571428571427,1,0.07142857142857142,0.07142857142857142,0.07142857142857142,0.07142857142857142,0.07142857142857142,0,0.0,0.0,0.0,0.01316029251242178,0.004527983943753406
2035,both_vs_none,13,0.9999999999999998,4,0.2857142857142857,2,0.14285714285714285,0.07142857142857142,0.07142857142857142,0.07142857142857142,0.07142857142857142,0,0.0,0.0,0.0,0.023951296864899805,0.010228452103452105
2035,display_only_vs_none,13,0.9999999999999998,3,0.21428571428571427,2,0.14285714285714285,0.07142857142857142,0.07142857142857142,0.07142857142857142,0.07142857142857142,1,0.07142857142857142,0.0,0.0,0.016677819162102786,0.006695958820994404
2035,mailer_only_vs_none,13,0.9999999999999998,4,0.2857142857142857,1,0.07142857142857142,0.0,0.0,0.0,0.0,1,0.07142857142857142,0.07142857142857142,0.07142857142857142,0.00035714285714285796,-0.0003432300475311213
2037,both_vs_additive,20,0.9999999999999998,5,0.3611111111111111,1,0.1388888888888889,0.1388888888888889,0.1388888888888889,0.1388888888888889,0.1388888888888889,2,0.1388888888888889,0.041666666666666664,0.041666666666666664,0.03030944197826453,0.02224906074547422
2037,both_vs_none,20,0.9999999999999998,5,0.3611111111111111,1,0.1388888888888889,0.0,0.0,0.0,0.0,2,0.1388888888888889,0.09722222222222222,0.1388888888888889,-0.009896729395254995,-0.0022554718493841587
2037,display_only_vs_none,20,0.9999999999999999,8,0.513888888888889,2,0.18055555555555555,0.0,0.0,0.0,0.0,2,0.1388888888888889,0.09722222222222222,0.09722222222222222,-0.02041100335304387,-0.014167990328754786
2037,mailer_only_vs_none,20,0.9999999999999998,6,0.4166666666666667,1,0.1388888888888889,0.0,0.0,0.0,0.0,2,0.1388888888888889,0.09722222222222222,0.1388888888888889,-0.02006837606837607,-0.009401709401709403
2039,both_vs_additive,20,1.0,2,0.109375,2,0.109375,0.046875,0.046875,0.046875,0.046875,0,0.0,0.0,0.0,0.006417617820576266,0.006948731661480291
2039,both_vs_none,20,1.0,2,0.109375,2,0.109375,0.0,0.0,0.0,0.0,0,0.0,0.0,0.0,-0.003221047291843978,0.001077621251658833
2039,display_only_vs_none,20,1.0,3,0.171875,3,0.171875,0.0,0.0,0.0,0.0,0,0.0,0.0,0.0,-0.029681630077295705,-0.009973426239273392
2039,mailer_only_vs_none,20,1.0,2,0.109375,2,0.109375,0.0,0.0625,0.0625,0.0,0,0.0,0.0,0.0,-0.0033763736263736285,-0.0014895035184890257
2040,both_vs_additive,10,0.9999999999999998,2,0.3870967741935484,0,0.0,0.0,0.0,0.0,0.0,0,0.0,0.0,0.0,,
2040,both_vs_none,10,0.9999999999999998,2,0.3870967741935484,0,0.0,0.0,0.0,0.0,0.0,0,0.0,0.0,0.0,,
2040,display_only_vs_none,10,0.9999999999999998,2,0.3870967741935484,0,0.0,0.0,0.0,0.0,0.0,0,0.0,0.0,0.0,,
2040,mailer_only_vs_none,10,0.9999999999999998,2,0.3870967741935484,1,0.06451612903225806,0.0,0.0,0.0,0.0,0,0.0,0.0,0.0,-0.000726495726495727,-0.0038614163614163616
2044,both_vs_additive,9,1.0000000000000002,0,0.0,0,0.0,0.0,0.0,0.0,0.0,0,0.0,0.0,0.0,,
2044,both_vs_none,9,1.0000000000000002,0,0.0,0,0.0,0.0,0.0,0.0,0.0,0,0.0,0.0,0.0,,
2044,display_only_vs_none,9,1.0000000000000002,0,0.0,0,0.0,0.0,0.0,0.0,0.0,0,0.0,0.0,0.0,,
2044,mailer_only_vs_none,9,1.0000000000000002,0,0.0,0,0.0,0.0,0.0,0.0,0.0,0,0.0,0.0,0.0,,
2050,both_vs_additive,20,0.9999999999999998,1,0.057692307692307696,0,0.0,0.0,0.0,0.0,0.0,0,0.0,0.0,0.0,,
2050,both_vs_none,20,0.9999999999999998,1,0.057692307692307696,0,0.0,0.0,0.0,0.0,0.0,0,0.0,0.0,0.0,,
2050,display_only_vs_none,20,0.9999999999999998,3,0.21153846153846154,1,0.11538461538461539,0.0,0.0,0.0,0.0,1,0.038461538461538464,0.0,0.0,-0.06157950872656754,-0.015847877612583494
2050,mailer_only_vs_none,20,0.9999999999999998,2,0.09615384615384616,0,0.0,0.0,0.0,0.0,0.0,1,0.038461538461538464,0.0,0.038461538461538464,,
2051,both_vs_additive,20,0.9999999999999996,2,0.055248618784530384,1,0.022099447513812154,0.0,0.0,0.0,0.0,0,0.0,0.0,0.0,-0.023612947898662175,-0.00957896012344794
2051,both_vs_none,20,0.9999999999999996,2,0.055248618784530384,1,0.022099447513812154,0.022099447513812154,0.022099447513812154,0.022099447513812154,0.022099447513812154,0,0.0,0.0,0.0,0.02600718622897478,0.009469598227809288
2051,display_only_vs_none,20,0.9999999999999994,4,0.09944751381215469,2,0.049723756906077346,0.022099447513812154,0.022099447513812154,0.022099447513812154,0.022099447513812154,0,0.0,0.0,0.0,-0.023693730890205964,-0.005887747284376114
2051,mailer_only_vs_none,20,0.9999999999999996,4,0.08839779005524862,1,0.022099447513812154,0.022099447513812154,0.022099447513812154,0.022099447513812154,0.022099447513812154,0,0.0,0.0,0.0,0.02383542775536583,0.02068841146240527
2053,both_vs_additive,20,0.9999999999999996,2,0.1935483870967742,1,0.06451612903225806,0.06451612903225806,0.06451612903225806,0.06451612903225806,0.06451612903225806,0,0.0,0.0,0.0,0.030309441978264528,0.02224906074547422
2053,both_vs_none,20,0.9999999999999996,2,0.1935483870967742,1,0.06451612903225806,0.0,0.0,0.0,0.0,0,0.0,0.0,0.0,-0.009896729395254995,-0.0022554718493841587
2053,display_only_vs_none,20,0.9999999999999996,3,0.22580645161290322,1,0.06451612903225806,0.0,0.0,0.0,0.0,0,0.0,0.0,0.0,-0.020609755031117248,-0.01295828469122752
2053,mailer_only_vs_none,20,0.9999999999999996,3,0.22580645161290322,1,0.06451612903225806,0.0,0.0,0.0,0.0,0,0.0,0.0,0.0,-0.02006837606837607,-0.009401709401709403
2058,both_vs_additive,20,0.9999999999999999,0,0.0,0,0.0,0.0,0.0,0.0,0.0,0,0.0,0.0,0.0,,
2058,both_vs_none,20,0.9999999999999999,0,0.0,0,0.0,0.0,0.0,0.0,0.0,0,0.0,0.0,0.0,,
2058,display_only_vs_none,20,0.9999999999999999,0,0.0,0,0.0,0.0,0.0,0.0,0.0,0,0.0,0.0,0.0,,
2058,mailer_only_vs_none,20,1.0,2,0.08823529411764705,1,0.049019607843137254,0.049019607843137254,0.049019607843137254,0.049019607843137254,0.049019607843137254,0,0.0,0.0,0.0,0.010036088691836318,0.020952216853171703
2062,both_vs_additive,20,0.9999999999999999,4,0.23140495867768596,2,0.08264462809917356,0.0,0.0,0.0,0.0,1,0.04132231404958678,0.04132231404958678,0.0,-0.007016409076492447,-0.0030780171868831268
2062,both_vs_none,20,1.0,4,0.23140495867768596,2,0.08264462809917356,0.08264462809917356,0.08264462809917356,0.08264462809917356,0.08264462809917356,2,0.08264462809917356,0.08264462809917356,0.08264462809917356,0.011363007519950041,0.0055320922408872535
2062,display_only_vs_none,20,0.9999999999999999,6,0.36363636363636365,2,0.08264462809917356,0.0,0.08264462809917356,0.08264462809917356,0.0,2,0.08264462809917356,0.08264462809917356,0.08264462809917356,0.0030764935547544247,0.005543830661938258
2062,mailer_only_vs_none,20,0.9999999999999999,4,0.23140495867768596,2,0.08264462809917356,0.04132231404958678,0.0,0.04132231404958678,0.0,1,0.04132231404958678,0.04132231404958678,0.04132231404958678,0.002122686935085891,0.002629725118871169
2063,both_vs_additive,20,1.0,0,0.0,0,0.0,0.0,0.0,0.0,0.0,0,0.0,0.0,0.0,,
2063,both_vs_none,20,1.0,1,0.043478260869565216,0,0.0,0.0,0.0,0.0,0.0,0,0.0,0.0,0.0,,
2063,display_only_vs_none,20,1.0,0,0.0,0,0.0,0.0,0.0,0.0,0.0,0,0.0,0.0,0.0,,
2063,mailer_only_vs_none,20,1.0000000000000002,2,0.09782608695652173,0,0.0,0.0,0.0,0.0,0.0,0,0.0,0.0,0.0,,
2065,both_vs_additive,9,0.9999999999999998,3,0.2692307692307693,2,0.19230769230769232,0.11538461538461539,0.11538461538461539,0.11538461538461539,0.11538461538461539,0,0.0,0.0,0.0,0.041682969358809684,0.006179130241006705
2065,both_vs_none,9,0.9999999999999998,3,0.2692307692307693,2,0.19230769230769232,0.0,0.0,0.0,0.0,0,0.0,0.0,0.0,0.0009713860810635051,0.00142968142968143
2065,display_only_vs_none,9,0.9999999999999998,3,0.2692307692307693,2,0.19230769230769232,0.0,0.0,0.0,0.0,0,0.0,0.0,0.0,-0.010470857126412684,-0.00582909843779409
2065,mailer_only_vs_none,9,0.9999999999999998,3,0.2692307692307693,2,0.19230769230769232,0.0,0.0,0.0,0.0,0,0.0,0.0,0.0,-0.004802509229900535,-0.0019545905357271852
2066,both_vs_additive,7,1.0,0,0.0,0,0.0,0.0,0.0,0.0,0.0,0,0.0,0.0,0.0,,
2066,both_vs_none,7,1.0,0,0.0,0,0.0,0.0,0.0,0.0,0.0,0,0.0,0.0,0.0,,
2066,display_only_vs_none,7,1.0,0,0.0,0,0.0,0.0,0.0,0.0,0.0,0,0.0,0.0,0.0,,
2066,mailer_only_vs_none,7,1.0,0,0.0,0,0.0,0.0,0.0,0.0,0.0,0,0.0,0.0,0.0,,
2068,both_vs_additive,15,1.0000000000000002,2,0.19047619047619047,1,0.14285714285714285,0.14285714285714285,0.14285714285714285,0.14285714285714285,0.14285714285714285,0,0.0,0.0,0.0,0.16836150148988288,0.04128756979795421
2068,both_vs_none,15,1.0000000000000002,3,0.23809523809523808,1,0.14285714285714285,0.0,0.0,0.0,0.0,0,0.0,0.0,0.0,-0.07045406843319933,-0.0015695903236861222
2068,display_only_vs_none,15,1.0000000000000002,2,0.19047619047619047,2,0.19047619047619047,0.0,0.0,0.0,0.0,1,0.047619047619047616,0.047619047619047616,0.0,-0.07481047724902701,-0.013860141145678953
2068,mailer_only_vs_none,15,1.0000000000000002,4,0.2857142857142857,4,0.2857142857142857,0.047619047619047616,0.047619047619047616,0.047619047619047616,0.047619047619047616,1,0.047619047619047616,0.0,0.0,-0.06565096413030738,-0.00843195353914734
2070,both_vs_additive,12,0.9999999999999996,2,0.12121212121212122,1,0.06060606060606061,0.0,0.06060606060606061,0.06060606060606061,0.0,1,0.06060606060606061,0.0,0.0,0.0011087984305529913,0.0024158932120392556
2070,both_vs_none,12,0.9999999999999996,2,0.12121212121212122,1,0.06060606060606061,0.0,0.0,0.0,0.0,1,0.06060606060606061,0.06060606060606061,0.06060606060606061,0.003276923076923075,0.0016153846153846158
2070,display_only_vs_none,12,0.9999999999999996,2,0.12121212121212122,1,0.06060606060606061,0.06060606060606061,0.0,0.06060606060606061,0.0,1,0.06060606060606061,0.0,0.0,0.0030934343434343425,0.0
2070,mailer_only_vs_none,12,0.9999999999999996,2,0.12121212121212122,1,0.06060606060606061,0.0,0.0,0.0,0.0,1,0.06060606060606061,0.06060606060606061,0.06060606060606061,0.005933333333333334,0.0005681818181818179
2073,both_vs_additive,20,1.0000000000000002,4,0.16883116883116883,3,0.11688311688311688,0.07792207792207792,0.03896103896103896,0.07792207792207792,0.03896103896103896,0,0.0,0.0,0.0,0.04582135792336884,0.029836929906667187
2073,both_vs_none,20,1.0000000000000002,4,0.16883116883116883,3,0.11688311688311688,0.03896103896103896,0.03896103896103896,0.03896103896103896,0.03896103896103896,0,0.0,0.0,0.0,0.015187817100518908,0.00825361196255181
2073,display_only_vs_none,20,1.0000000000000002,4,0.16883116883116883,3,0.11688311688311688,0.03896103896103896,0.0,0.03896103896103896,0.0,0,0.0,0.0,0.0,-0.0008634221442959611,-0.0065283501193674695
2073,mailer_only_vs_none,20,1.0000000000000002,4,0.16883116883116883,3,0.11688311688311688,0.03896103896103896,0.03896103896103896,0.03896103896103896,0.03896103896103896,0,0.0,0.0,0.0,0.0012977885960990343,0.00013624667757873495
2076,both_vs_additive,20,1.0,1,0.08130081300813008,0,0.0,0.0,0.0,0.0,0.0,0,0.0,0.0,0.0,,
2076,both_vs_none,20,1.0,1,0.08130081300813008,0,0.0,0.0,0.0,0.0,0.0,0,0.0,0.0,0.0,,
2076,display_only_vs_none,20,1.0,2,0.12195121951219512,0,0.0,0.0,0.0,0.0,0.0,0,0.0,0.0,0.0,,
2076,mailer_only_vs_none,20,1.0,2,0.13008130081300812,0,0.0,0.0,0.0,0.0,0.0,0,0.0,0.0,0.0,,
2078,both_vs_additive,5,1.0,0,0.0,0,0.0,0.0,0.0,0.0,0.0,0,0.0,0.0,0.0,,
2078,both_vs_none,5,1.0,0,0.0,0,0.0,0.0,0.0,0.0,0.0,0,0.0,0.0,0.0,,
2078,display_only_vs_none,5,1.0,0,0.0,0,0.0,0.0,0.0,0.0,0.0,0,0.0,0.0,0.0,,
2078,mailer_only_vs_none,5,1.0,0,0.0,0,0.0,0.0,0.0,0.0,0.0,0,0.0,0.0,0.0,,
2079,both_vs_additive,20,1.0,4,0.21518987341772153,1,0.06329113924050633,0.06329113924050633,0.06329113924050633,0.06329113924050633,0.06329113924050633,0,0.0,0.0,0.0,0.0491294345369339,0.03471983002641545
2079,both_vs_none,20,1.0,4,0.21518987341772153,1,0.06329113924050633,0.06329113924050633,0.06329113924050633,0.06329113924050633,0.06329113924050633,0,0.0,0.0,0.0,0.021788048552754433,0.017740429505135387
2079,display_only_vs_none,20,1.0,6,0.31645569620253167,2,0.11392405063291139,0.0,0.0,0.0,0.0,0,0.0,0.0,0.0,-0.03843435061834,-0.012326550053219669
2079,mailer_only_vs_none,20,1.0,6,0.35443037974683544,1,0.06329113924050633,0.0,0.0,0.0,0.0,0,0.0,0.0,0.0,-0.005430464890595826,-0.0009339765037198258
2080,both_vs_additive,20,0.9999999999999999,4,0.18867924528301888,3,0.12578616352201258,0.03773584905660377,0.050314465408805034,0.08805031446540881,0.0,2,0.08805031446540881,0.050314465408805034,0.050314465408805034,-0.001497802952291301,0.0017381756193975953
2080,both_vs_none,20,0.9999999999999999,4,0.18867924528301888,3,0.12578616352201258,0.0,0.0,0.0,0.0,2,0.08805031446540881,0.03773584905660377,0.03773584905660377,0.0025668407734897912,0.0013721937798048605
2080,display_only_vs_none,20,0.9999999999999999,5,0.23270440251572327,3,0.12578616352201258,0.08805031446540881,0.0,0.08805031446540881,0.0,2,0.08805031446540881,0.08805031446540881,0.08805031446540881,0.002705699122129848,-0.0008058178673061963
2080,mailer_only_vs_none,20,0.9999999999999999,5,0.23270440251572327,3,0.12578616352201258,0.03773584905660377,0.03773584905660377,0.03773584905660377,0.03773584905660377,2,0.08805031446540881,0.03773584905660377,0.03773584905660377,0.0035413430698224644,0.00034989473709358827
2082,both_vs_additive,20,0.9999999999999997,3,0.16279069767441862,2,0.09302325581395349,0.0,0.0,0.0,0.0,0,0.0,0.0,0.0,-0.028197285219189,-0.008029104665428529
2082,both_vs_none,20,0.9999999999999997,3,0.16279069767441862,2,0.09302325581395349,0.09302325581395349,0.09302325581395349,0.09302325581395349,0.09302325581395349,0,0.0,0.0,0.0,0.022227756464037737,0.010181258399373217
2082,display_only_vs_none,20,0.9999999999999997,3,0.16279069767441862,2,0.09302325581395349,0.09302325581395349,0.09302325581395349,0.09302325581395349,0.09302325581395349,0,0.0,0.0,0.0,0.016062960090087394,0.007111781174764918
2082,mailer_only_vs_none,20,0.9999999999999997,3,0.16279069767441862,2,0.09302325581395349,0.09302325581395349,0.09302325581395349,0.09302325581395349,0.09302325581395349,0,0.0,0.0,0.0,0.025629448571560468,0.01763315025984968
2083,both_vs_additive,20,1.0,1,0.11627906976744186,1,0.11627906976744186,0.11627906976744186,0.11627906976744186,0.11627906976744186,0.11627906976744186,0,0.0,0.0,0.0,0.16836150148988288,0.04128756979795421
2083,both_vs_none,20,1.0,1,0.11627906976744186,1,0.11627906976744186,0.0,0.0,0.0,0.0,0,0.0,0.0,0.0,-0.07045406843319933,-0.0015695903236861222
2083,display_only_vs_none,20,1.0,1,0.11627906976744186,1,0.11627906976744186,0.0,0.0,0.0,0.0,0,0.0,0.0,0.0,-0.10056833513172979,-0.016514079457296535
2083,mailer_only_vs_none,20,1.0,1,0.11627906976744186,1,0.11627906976744186,0.0,0.0,0.0,0.0,0,0.0,0.0,0.0,-0.13824723479135242,-0.026096656611362498
2085,both_vs_additive,20,1.0000000000000004,4,0.17,0,0.0,0.0,0.0,0.0,0.0,0,0.0,0.0,0.0,,
2085,both_vs_none,20,1.0000000000000004,4,0.17,0,0.0,0.0,0.0,0.0,0.0,0,0.0,0.0,0.0,,
2085,display_only_vs_none,20,1.0000000000000004,6,0.30000000000000004,1,0.06,0.06,0.06,0.06,0.06,0,0.0,0.0,0.0,0.017326660471881063,0.004485599057725228
2085,mailer_only_vs_none,20,1.0000000000000004,4,0.17,0,0.0,0.0,0.0,0.0,0.0,0,0.0,0.0,0.0,,
2086,both_vs_additive,12,1.0000000000000002,1,0.05555555555555555,0,0.0,0.0,0.0,0.0,0.0,0,0.0,0.0,0.0,,
2086,both_vs_none,12,1.0000000000000002,1,0.05555555555555555,0,0.0,0.0,0.0,0.0,0.0,0,0.0,0.0,0.0,,
2086,display_only_vs_none,12,1.0000000000000002,1,0.05555555555555555,0,0.0,0.0,0.0,0.0,0.0,0,0.0,0.0,0.0,,
2086,mailer_only_vs_none,12,1.0000000000000002,1,0.05555555555555555,0,0.0,0.0,0.0,0.0,0.0,0,0.0,0.0,0.0,,
2087,both_vs_additive,20,0.9999999999999998,3,0.16470588235294115,0,0.0,0.0,0.0,0.0,0.0,0,0.0,0.0,0.0,,
2087,both_vs_none,20,0.9999999999999998,4,0.22352941176470587,0,0.0,0.0,0.0,0.0,0.0,0,0.0,0.0,0.0,,
2087,display_only_vs_none,20,0.9999999999999998,3,0.16470588235294115,0,0.0,0.0,0.0,0.0,0.0,0,0.0,0.0,0.0,,
2087,mailer_only_vs_none,20,0.9999999999999998,4,0.22352941176470587,0,0.0,0.0,0.0,0.0,0.0,0,0.0,0.0,0.0,,
2088,both_vs_additive,20,0.9999999999999996,3,0.20430107526881722,0,0.0,0.0,0.0,0.0,0.0,0,0.0,0.0,0.0,,
2088,both_vs_none,20,0.9999999999999996,5,0.27956989247311825,0,0.0,0.0,0.0,0.0,0.0,0,0.0,0.0,0.0,,
2088,display_only_vs_none,20,0.9999999999999996,4,0.23655913978494625,0,0.0,0.0,0.0,0.0,0.0,0,0.0,0.0,0.0,,
2088,mailer_only_vs_none,20,0.9999999999999996,5,0.27956989247311825,1,0.043010752688172046,0.0,0.0,0.0,0.0,0,0.0,0.0,0.0,0.01135714285714286,0.005357142857142856
2092,both_vs_additive,7,1.0,0,0.0,0,0.0,0.0,0.0,0.0,0.0,0,0.0,0.0,0.0,,
2092,both_vs_none,7,1.0,0,0.0,0,0.0,0.0,0.0,0.0,0.0,0,0.0,0.0,0.0,,
2092,display_only_vs_none,7,1.0,0,0.0,0,0.0,0.0,0.0,0.0,0.0,0,0.0,0.0,0.0,,
2092,mailer_only_vs_none,7,1.0,0,0.0,0,0.0,0.0,0.0,0.0,0.0,0,0.0,0.0,0.0,,
2094,both_vs_additive,13,1.0000000000000002,2,0.10256410256410256,1,0.05128205128205128,0.05128205128205128,0.05128205128205128,0.05128205128205128,0.05128205128205128,0,0.0,0.0,0.0,0.16836150148988288,0.041287569797954206
2094,both_vs_none,13,1.0000000000000002,2,0.10256410256410256,1,0.05128205128205128,0.0,0.0,0.0,0.0,0,0.0,0.0,0.0,-0.07045406843319933,-0.0015695903236861222
2094,display_only_vs_none,13,1.0000000000000002,2,0.10256410256410256,1,0.05128205128205128,0.0,0.0,0.0,0.0,0,0.0,0.0,0.0,-0.10056833513172979,-0.016514079457296535
2094,mailer_only_vs_none,13,1.0000000000000002,2,0.10256410256410256,1,0.05128205128205128,0.0,0.0,0.0,0.0,0,0.0,0.0,0.0,-0.13824723479135242,-0.0260966566113625
2097,both_vs_additive,20,0.9999999999999999,2,0.15730337078651685,1,0.06741573033707865,0.06741573033707865,0.0,0.06741573033707865,0.0,0,0.0,0.0,0.0,0.011671364168835293,0.017323537206823055
2097,both_vs_none,20,1.0,3,0.19101123595505617,1,0.06741573033707865,0.0,0.0,0.0,0.0,0,0.0,0.0,0.0,0.005561485543565982,0.003282490860840013
2097,display_only_vs_none,20,1.0,5,0.3146067415730337,2,0.14606741573033707,0.07865168539325842,0.07865168539325842,0.07865168539325842,0.07865168539325842,0,0.0,0.0,0.0,0.007565179596642147,-0.0013040565848406603
2097,mailer_only_vs_none,20,1.0,3,0.20224719101123595,1,0.06741573033707865,0.0,0.0,0.0,0.0,0,0.0,0.0,0.0,-0.0029470563350881586,-0.005982391511482188
2102,both_vs_additive,7,1.0,0,0.0,0,0.0,0.0,0.0,0.0,0.0,0,0.0,0.0,0.0,,
2102,both_vs_none,7,1.0,0,0.0,0,0.0,0.0,0.0,0.0,0.0,0,0.0,0.0,0.0,,
2102,display_only_vs_none,7,1.0,1,0.1875,1,0.1875,0.1875,0.1875,0.1875,0.1875,0,0.0,0.0,0.0,0.017326660471881063,0.004485599057725228
2102,mailer_only_vs_none,7,1.0,0,0.0,0,0.0,0.0,0.0,0.0,0.0,0,0.0,0.0,0.0,,
2105,both_vs_additive,20,0.9999999999999998,7,0.42105263157894735,4,0.19298245614035087,0.15789473684210525,0.15789473684210525,0.15789473684210525,0.15789473684210525,0,0.0,0.0,0.0,0.027249690507932932,0.02008228384542514
2105,both_vs_none,20,0.9999999999999998,7,0.42105263157894735,4,0.19298245614035087,0.10526315789473684,0.19298245614035087,0.19298245614035087,0.10526315789473684,0,0.0,0.0,0.0,0.01285028056081674,0.009024668421901623
2105,display_only_vs_none,20,0.9999999999999999,8,0.45614035087719296,4,0.19298245614035087,0.0,0.03508771929824561,0.03508771929824561,0.0,0,0.0,0.0,0.0,-6.181042166466149e-05,-0.002193900555234665
2105,mailer_only_vs_none,20,0.9999999999999998,8,0.49122807017543857,4,0.19298245614035087,0.0,0.0,0.0,0.0,0,0.0,0.0,0.0,-0.0035718358969149947,-0.0013107665588727871
2106,both_vs_additive,20,0.9999999999999999,2,0.0875,0,0.0,0.0,0.0,0.0,0.0,0,0.0,0.0,0.0,,
2106,both_vs_none,20,0.9999999999999999,2,0.0875,0,0.0,0.0,0.0,0.0,0.0,0,0.0,0.0,0.0,,
2106,display_only_vs_none,20,0.9999999999999999,3,0.125,0,0.0,0.0,0.0,0.0,0.0,1,0.0375,0.0,0.0,,
2106,mailer_only_vs_none,20,0.9999999999999999,2,0.0875,0,0.0,0.0,0.0,0.0,0.0,0,0.0,0.0,0.0,,
2107,both_vs_additive,17,0.9999999999999996,3,0.25,2,0.11363636363636363,0.045454545454545456,0.045454545454545456,0.045454545454545456,0.045454545454545456,0,0.0,0.0,0.0,0.07119840749372627,0.01707717215867576
2107,both_vs_none,17,0.9999999999999996,3,0.25,2,0.11363636363636363,0.06818181818181818,0.06818181818181818,0.06818181818181818,0.06818181818181818,0,0.0,0.0,0.0,-0.02107005681087815,0.0018440078929235885
2107,display_only_vs_none,17,0.9999999999999996,3,0.25,2,0.11363636363636363,0.0,0.06818181818181818,0.06818181818181818,0.0,0,0.0,0.0,0.0,-0.04206411321555804,-0.004238749274306991
2107,mailer_only_vs_none,17,0.9999999999999996,4,0.29545454545454547,3,0.1590909090909091,0.11363636363636363,0.045454545454545456,0.11363636363636363,0.045454545454545456,0,0.0,0.0,0.0,-0.03428707437575543,-0.0014254435491705532
2108,both_vs_additive,8,1.0,3,0.42857142857142855,0,0.0,0.0,0.0,0.0,0.0,0,0.0,0.0,0.0,,
2108,both_vs_none,8,1.0,3,0.42857142857142855,0,0.0,0.0,0.0,0.0,0.0,0,0.0,0.0,0.0,,
2108,display_only_vs_none,8,1.0,3,0.42857142857142855,0,0.0,0.0,0.0,0.0,0.0,0,0.0,0.0,0.0,,
2108,mailer_only_vs_none,8,1.0,3,0.42857142857142855,0,0.0,0.0,0.0,0.0,0.0,0,0.0,0.0,0.0,,
2110,both_vs_additive,20,1.0000000000000002,2,0.1285714285714286,0,0.0,0.0,0.0,0.0,0.0,0,0.0,0.0,0.0,,
2110,both_vs_none,20,1.0000000000000002,2,0.1285714285714286,0,0.0,0.0,0.0,0.0,0.0,0,0.0,0.0,0.0,,
2110,display_only_vs_none,20,1.0000000000000002,3,0.1642857142857143,0,0.0,0.0,0.0,0.0,0.0,1,0.03571428571428571,0.0,0.03571428571428571,,
2110,mailer_only_vs_none,20,1.0000000000000002,4,0.1785714285714286,1,0.02857142857142857,0.02857142857142857,0.02857142857142857,0.02857142857142857,0.02857142857142857,2,0.05,0.02857142857142857,0.02857142857142857,0.01003608869183632,0.020952216853171706
2111,both_vs_additive,10,1.0,1,0.17647058823529413,0,0.0,0.0,0.0,0.0,0.0,0,0.0,0.0,0.0,,
2111,both_vs_none,10,1.0,1,0.17647058823529413,0,0.0,0.0,0.0,0.0,0.0,0,0.0,0.0,0.0,,
2111,display_only_vs_none,10,1.0,1,0.17647058823529413,0,0.0,0.0,0.0,0.0,0.0,0,0.0,0.0,0.0,,
2111,mailer_only_vs_none,10,1.0,1,0.17647058823529413,0,0.0,0.0,0.0,0.0,0.0,0,0.0,0.0,0.0,,
2114,both_vs_additive,20,1.0,0,0.0,0,0.0,0.0,0.0,0.0,0.0,0,0.0,0.0,0.0,,
2114,both_vs_none,20,1.0,0,0.0,0,0.0,0.0,0.0,0.0,0.0,0,0.0,0.0,0.0,,
2114,display_only_vs_none,20,1.0,1,0.12173913043478261,0,0.0,0.0,0.0,0.0,0.0,0,0.0,0.0,0.0,,
2114,mailer_only_vs_none,20,1.0,1,0.12173913043478261,0,0.0,0.0,0.0,0.0,0.0,0,0.0,0.0,0.0,,
2115,both_vs_additive,20,1.0,5,0.3333333333333333,2,0.1951219512195122,0.1951219512195122,0.1951219512195122,0.1951219512195122,0.1951219512195122,1,0.056910569105691054,0.0,0.0,0.12309448220479005,0.03056602392381231
2115,both_vs_none,20,1.0,6,0.37398373983739835,2,0.1951219512195122,0.0,0.0,0.0,0.0,1,0.056910569105691054,0.056910569105691054,0.0,-0.04808481761001695,-0.0006072687351699256
2115,display_only_vs_none,20,1.0,8,0.47154471544715443,3,0.23577235772357724,0.0,0.0,0.0,0.0,1,0.056910569105691054,0.0,0.0,-0.06346099991184272,-0.011265837240218181
2115,mailer_only_vs_none,20,1.0,9,0.5121951219512195,3,0.23577235772357724,0.0,0.0,0.0,0.0,2,0.0975609756097561,0.056910569105691054,0.0,-0.08385273552921094,-0.016656710499780916
2117,both_vs_additive,6,1.0,0,0.0,0,0.0,0.0,0.0,0.0,0.0,0,0.0,0.0,0.0,,
2117,both_vs_none,6,1.0,0,0.0,0,0.0,0.0,0.0,0.0,0.0,0,0.0,0.0,0.0,,
2117,display_only_vs_none,6,1.0,0,0.0,0,0.0,0.0,0.0,0.0,0.0,0,0.0,0.0,0.0,,
2117,mailer_only_vs_none,6,1.0,0,0.0,0,0.0,0.0,0.0,0.0,0.0,0,0.0,0.0,0.0,,
2121,both_vs_additive,18,0.9999999999999996,2,0.11363636363636363,0,0.0,0.0,0.0,0.0,0.0,0,0.0,0.0,0.0,,
2121,both_vs_none,18,0.9999999999999996,2,0.11363636363636363,0,0.0,0.0,0.0,0.0,0.0,0,0.0,0.0,0.0,,
2121,display_only_vs_none,18,0.9999999999999996,2,0.11363636363636363,0,0.0,0.0,0.0,0.0,0.0,0,0.0,0.0,0.0,,
2121,mailer_only_vs_none,18,0.9999999999999996,2,0.11363636363636363,1,0.045454545454545456,0.045454545454545456,0.045454545454545456,0.045454545454545456,0.045454545454545456,0,0.0,0.0,0.0,0.021507182734204794,0.017638084274113685
2124,both_vs_additive,20,1.0000000000000004,2,0.06930693069306931,1,0.0297029702970297,0.0297029702970297,0.0297029702970297,0.0297029702970297,0.0297029702970297,0,0.0,0.0,0.0,0.04707257094757097,0.0018753387051220743
2124,both_vs_none,20,1.0000000000000004,3,0.09900990099009901,1,0.0297029702970297,0.0,0.0,0.0,0.0,0,0.0,0.0,0.0,-0.006390179910044983,-0.004504872563718143
2124,display_only_vs_none,20,1.0000000000000004,3,0.09900990099009901,1,0.0297029702970297,0.0,0.0,0.0,0.0,0,0.0,0.0,0.0,6.236263736263646e-05,-0.000247252747252747
2124,mailer_only_vs_none,20,1.0000000000000004,4,0.1485148514851485,1,0.0297029702970297,0.0,0.0,0.0,0.0,0,0.0,0.0,0.0,-0.00445054945054945,0.0015109890109890108
2126,both_vs_additive,10,0.9999999999999998,0,0.0,0,0.0,0.0,0.0,0.0,0.0,0,0.0,0.0,0.0,,
2126,both_vs_none,10,0.9999999999999998,0,0.0,0,0.0,0.0,0.0,0.0,0.0,0,0.0,0.0,0.0,,
2126,display_only_vs_none,10,0.9999999999999998,0,0.0,0,0.0,0.0,0.0,0.0,0.0,0,0.0,0.0,0.0,,
2126,mailer_only_vs_none,10,0.9999999999999998,2,0.19230769230769232,0,0.0,0.0,0.0,0.0,0.0,0,0.0,0.0,0.0,,
2128,both_vs_additive,8,1.0,3,0.3529411764705882,0,0.0,0.0,0.0,0.0,0.0,0,0.0,0.0,0.0,,
2128,both_vs_none,8,1.0,3,0.3529411764705882,0,0.0,0.0,0.0,0.0,0.0,0,0.0,0.0,0.0,,
2128,display_only_vs_none,8,1.0,5,0.6470588235294118,0,0.0,0.0,0.0,0.0,0.0,0,0.0,0.0,0.0,,
2128,mailer_only_vs_none,8,1.0,5,0.6470588235294118,0,0.0,0.0,0.0,0.0,0.0,0,0.0,0.0,0.0,,
2129,both_vs_additive,20,0.9999999999999997,6,0.32608695652173914,4,0.17391304347826086,0.08695652173913043,0.13043478260869565,0.13043478260869565,0.08695652173913043,3,0.13043478260869565,0.08695652173913043,0.08695652173913043,0.007445514074661262,0.004527598478193165
2129,both_vs_none,20,0.9999999999999997,7,0.3913043478260869,4,0.17391304347826086,0.0,0.043478260869565216,0.043478260869565216,0.0,3,0.13043478260869565,0.043478260869565216,0.043478260869565216,0.00218724996691017,0.0030621114996115003
2129,display_only_vs_none,20,0.9999999999999997,6,0.32608695652173914,4,0.17391304347826086,0.0,0.0,0.0,0.0,3,0.13043478260869565,0.043478260869565216,0.043478260869565216,-0.0010971745399055415,-0.0006234224238587977
2129,mailer_only_vs_none,20,0.9999999999999997,8,0.4347826086956521,5,0.21739130434782608,0.0,0.0,0.0,0.0,3,0.13043478260869565,0.08695652173913043,0.08695652173913043,-0.0012493230610247106,-0.0029619918446470725
2130,both_vs_additive,8,0.9999999999999998,1,0.34782608695652173,0,0.0,0.0,0.0,0.0,0.0,0,0.0,0.0,0.0,,
2130,both_vs_none,8,0.9999999999999998,1,0.34782608695652173,0,0.0,0.0,0.0,0.0,0.0,0,0.0,0.0,0.0,,
2130,display_only_vs_none,8,0.9999999999999998,2,0.43478260869565216,0,0.0,0.0,0.0,0.0,0.0,1,0.08695652173913043,0.08695652173913043,0.08695652173913043,,
2130,mailer_only_vs_none,8,0.9999999999999998,1,0.34782608695652173,0,0.0,0.0,0.0,0.0,0.0,0,0.0,0.0,0.0,,
2131,both_vs_additive,7,0.9999999999999999,1,0.12,0,0.0,0.0,0.0,0.0,0.0,0,0.0,0.0,0.0,,
2131,both_vs_none,7,0.9999999999999999,1,0.12,0,0.0,0.0,0.0,0.0,0.0,0,0.0,0.0,0.0,,
2131,display_only_vs_none,7,0.9999999999999999,1,0.12,0,0.0,0.0,0.0,0.0,0.0,0,0.0,0.0,0.0,,
2131,mailer_only_vs_none,7,0.9999999999999999,2,0.24,0,0.0,0.0,0.0,0.0,0.0,1,0.12,0.12,0.12,,
2134,both_vs_additive,20,0.9999999999999996,1,0.056818181818181816,0,0.0,0.0,0.0,0.0,0.0,0,0.0,0.0,0.0,,
2134,both_vs_none,20,0.9999999999999996,2,0.10227272727272727,0,0.0,0.0,0.0,0.0,0.0,0,0.0,0.0,0.0,,
2134,display_only_vs_none,20,0.9999999999999996,1,0.056818181818181816,0,0.0,0.0,0.0,0.0,0.0,0,0.0,0.0,0.0,,
2134,mailer_only_vs_none,20,0.9999999999999996,2,0.10227272727272727,0,0.0,0.0,0.0,0.0,0.0,0,0.0,0.0,0.0,,
2141,both_vs_additive,17,1.0000000000000002,4,0.26530612244897955,3,0.22448979591836732,0.18367346938775508,0.14285714285714285,0.18367346938775508,0.14285714285714285,1,0.04081632653061224,0.0,0.0,0.10496794026995694,0.027682012977493613
2141,both_vs_none,17,1.0000000000000002,4,0.26530612244897955,3,0.22448979591836732,0.04081632653061224,0.04081632653061224,0.04081632653061224,0.04081632653061224,1,0.04081632653061224,0.04081632653061224,0.04081632653061224,-0.039094648680664895,0.001319731446499613
2141,display_only_vs_none,17,1.0000000000000002,6,0.346938775510204,4,0.26530612244897955,0.04081632653061224,0.04081632653061224,0.04081632653061224,0.04081632653061224,1,0.04081632653061224,0.0,0.04081632653061224,-0.06057360077541216,-0.011560522295652173
2141,mailer_only_vs_none,17,1.0000000000000002,4,0.26530612244897955,3,0.22448979591836732,0.04081632653061224,0.04081632653061224,0.04081632653061224,0.04081632653061224,1,0.04081632653061224,0.04081632653061224,0.04081632653061224,-0.08417762733626469,-0.013933141488881032
2142,both_vs_additive,20,0.9999999999999999,5,0.2537313432835821,1,0.04477611940298507,0.0,0.0,0.0,0.0,1,0.04477611940298507,0.04477611940298507,0.04477611940298507,0.004076479076479074,0.0030152567599753127
2142,both_vs_none,20,0.9999999999999999,5,0.2537313432835821,1,0.04477611940298507,0.0,0.0,0.0,0.0,1,0.04477611940298507,0.0,0.04477611940298507,-0.008755072541837246,-0.00408935293078095
2142,display_only_vs_none,20,0.9999999999999999,7,0.3880597014925374,2,0.11940298507462685,0.0,0.0,0.0,0.0,1,0.04477611940298507,0.0,0.0,-0.04087745685931427,-0.010567968506847183
2142,mailer_only_vs_none,20,0.9999999999999999,6,0.31343283582089554,1,0.04477611940298507,0.0,0.0,0.0,0.0,1,0.04477611940298507,0.0,0.0,-0.0032828282828282823,0.0
2148,both_vs_additive,20,0.9999999999999998,7,0.3454545454545455,3,0.0909090909090909,0.03636363636363636,0.03636363636363636,0.03636363636363636,0.03636363636363636,0,0.0,0.0,0.0,0.05702481873199265,0.036624585259442476
2148,both_vs_none,20,0.9999999999999998,7,0.3454545454545455,4,0.11818181818181817,0.0909090909090909,0.0909090909090909,0.0909090909090909,0.0909090909090909,0,0.0,0.0,0.0,0.02288210845561804,0.011506186062846488
2148,display_only_vs_none,20,0.9999999999999997,10,0.5545454545454545,5,0.19090909090909092,0.02727272727272727,0.02727272727272727,0.02727272727272727,0.02727272727272727,1,0.02727272727272727,0.0,0.0,-0.02044757179954252,-0.007857012445379292
2148,mailer_only_vs_none,20,0.9999999999999998,9,0.48181818181818187,4,0.14545454545454545,0.08181818181818182,0.05454545454545454,0.08181818181818182,0.05454545454545454,1,0.02727272727272727,0.0,0.0,0.012550530342242298,0.005115528858377828
2156,both_vs_additive,20,1.0000000000000002,4,0.24000000000000002,2,0.09333333333333334,0.04,0.04,0.04,0.04,0,0.0,0.0,0.0,0.007016016882826779,0.002926811559253095
2156,both_vs_none,20,1.0,4,0.24000000000000002,2,0.09333333333333334,0.05333333333333334,0.05333333333333334,0.05333333333333334,0.05333333333333334,1,0.04,0.04,0.04,0.0141018351495931,0.005271142964910631
2156,display_only_vs_none,20,1.0,5,0.28,2,0.09333333333333334,0.05333333333333334,0.05333333333333334,0.05333333333333334,0.05333333333333334,2,0.08,0.08,0.08,0.011192836152410218,0.0011668352062536016
2156,mailer_only_vs_none,20,1.0000000000000002,4,0.24000000000000002,2,0.09333333333333334,0.05333333333333334,0.05333333333333334,0.05333333333333334,0.05333333333333334,0,0.0,0.0,0.0,0.008099396858158468,0.008960420180013279
2158,both_vs_additive,16,1.0000000000000002,2,0.15384615384615385,0,0.0,0.0,0.0,0.0,0.0,1,0.10256410256410256,0.10256410256410256,0.10256410256410256,,
2158,both_vs_none,16,1.0000000000000002,3,0.20512820512820512,0,0.0,0.0,0.0,0.0,0.0,2,0.15384615384615385,0.10256410256410256,0.10256410256410256,,
2158,display_only_vs_none,16,1.0000000000000002,3,0.20512820512820512,0,0.0,0.0,0.0,0.0,0.0,2,0.15384615384615385,0.10256410256410256,0.10256410256410256,,
2158,mailer_only_vs_none,16,1.0000000000000002,2,0.15384615384615385,0,0.0,0.0,0.0,0.0,0.0,1,0.10256410256410256,0.10256410256410256,0.10256410256410256,,
2161,both_vs_additive,7,0.9999999999999999,1,0.2,0,0.0,0.0,0.0,0.0,0.0,0,0.0,0.0,0.0,,
2161,both_vs_none,7,0.9999999999999999,1,0.2,0,0.0,0.0,0.0,0.0,0.0,0,0.0,0.0,0.0,,
2161,display_only_vs_none,7,0.9999999999999999,1,0.2,0,0.0,0.0,0.0,0.0,0.0,0,0.0,0.0,0.0,,
2161,mailer_only_vs_none,7,0.9999999999999999,1,0.2,0,0.0,0.0,0.0,0.0,0.0,0,0.0,0.0,0.0,,
2162,both_vs_additive,15,0.9999999999999998,1,0.13953488372093023,0,0.0,0.0,0.0,0.0,0.0,0,0.0,0.0,0.0,,
2162,both_vs_none,15,0.9999999999999998,1,0.13953488372093023,0,0.0,0.0,0.0,0.0,0.0,0,0.0,0.0,0.0,,
2162,display_only_vs_none,15,0.9999999999999998,1,0.13953488372093023,0,0.0,0.0,0.0,0.0,0.0,0,0.0,0.0,0.0,,
2162,mailer_only_vs_none,15,0.9999999999999998,1,0.13953488372093023,0,0.0,0.0,0.0,0.0,0.0,0,0.0,0.0,0.0,,
2164,both_vs_additive,20,0.9999999999999996,1,0.0625,0,0.0,0.0,0.0,0.0,0.0,0,0.0,0.0,0.0,,
2164,both_vs_none,20,0.9999999999999996,2,0.10416666666666666,0,0.0,0.0,0.0,0.0,0.0,0,0.0,0.0,0.0,,
2164,display_only_vs_none,20,0.9999999999999996,2,0.10416666666666666,0,0.0,0.0,0.0,0.0,0.0,0,0.0,0.0,0.0,,
2164,mailer_only_vs_none,20,0.9999999999999996,3,0.14583333333333331,0,0.0,0.0,0.0,0.0,0.0,0,0.0,0.0,0.0,,
2168,both_vs_additive,20,1.0,3,0.1276595744680851,1,0.03546099290780142,0.0,0.0,0.0,0.0,0,0.0,0.0,0.0,-0.009428287658487113,-6.331144583812676e-05
2168,both_vs_none,20,1.0,3,0.1276595744680851,1,0.03546099290780142,0.03546099290780142,0.03546099290780142,0.03546099290780142,0.03546099290780142,0,0.0,0.0,0.0,0.046018653838346926,0.017053027445988855
2168,display_only_vs_none,20,1.0,3,0.1276595744680851,1,0.03546099290780142,0.03546099290780142,0.03546099290780142,0.03546099290780142,0.03546099290780142,0,0.0,0.0,0.0,0.026171438105598695,0.007455165327337752
2168,mailer_only_vs_none,20,1.0,4,0.1702127659574468,1,0.03546099290780142,0.03546099290780142,0.03546099290780142,0.03546099290780142,0.03546099290780142,0,0.0,0.0,0.0,0.03505704365079365,0.013416005291005291
2170,both_vs_additive,20,1.0000000000000004,3,0.16831683168316833,0,0.0,0.0,0.0,0.0,0.0,0,0.0,0.0,0.0,,
2170,both_vs_none,20,1.0000000000000004,3,0.16831683168316833,0,0.0,0.0,0.0,0.0,0.0,0,0.0,0.0,0.0,,
2170,display_only_vs_none,20,1.0000000000000004,3,0.16831683168316833,0,0.0,0.0,0.0,0.0,0.0,0,0.0,0.0,0.0,,
2170,mailer_only_vs_none,20,1.0000000000000004,3,0.16831683168316833,0,0.0,0.0,0.0,0.0,0.0,0,0.0,0.0,0.0,,
2171,both_vs_additive,11,1.0,1,0.1111111111111111,1,0.1111111111111111,0.1111111111111111,0.0,0.1111111111111111,0.0,0,0.0,0.0,0.0,0.011671364168835293,0.017323537206823055
2171,both_vs_none,11,1.0,1,0.1111111111111111,1,0.1111111111111111,0.0,0.0,0.0,0.0,0,0.0,0.0,0.0,0.005561485543565982,0.003282490860840013
2171,display_only_vs_none,11,1.0,2,0.25925925925925924,2,0.25925925925925924,0.0,0.0,0.0,0.0,0,0.0,0.0,0.0,-0.03682681131138285,-0.01250963927911951
2171,mailer_only_vs_none,11,1.0,2,0.18518518518518517,2,0.18518518518518517,0.07407407407407407,0.07407407407407407,0.07407407407407407,0.07407407407407407,0,0.0,0.0,0.0,0.0022462016756816324,0.004791451834379369
2176,both_vs_additive,5,1.0,3,0.6000000000000001,1,0.2,0.0,0.0,0.0,0.0,0,0.0,0.0,0.0,-0.018142438583876954,-0.01475080942488341
2176,both_vs_none,5,1.0,3,0.6000000000000001,1,0.2,0.0,0.0,0.0,0.0,0,0.0,0.0,0.0,-0.0013745804011641109,-0.0008623577486699657
2176,display_only_vs_none,5,1.0,3,0.6000000000000001,1,0.2,0.2,0.0,0.2,0.0,0,0.0,0.0,0.0,0.00871763270699029,0.005372595276813542
2176,mailer_only_vs_none,5,1.0,3,0.6000000000000001,1,0.2,0.2,0.2,0.2,0.2,0,0.0,0.0,0.0,0.006840422123385263,0.006391131544218393
2178,both_vs_additive,20,0.9999999999999997,3,0.1206896551724138,0,0.0,0.0,0.0,0.0,0.0,0,0.0,0.0,0.0,,
2178,both_vs_none,20,0.9999999999999997,3,0.1206896551724138,0,0.0,0.0,0.0,0.0,0.0,0,0.0,0.0,0.0,,
2178,display_only_vs_none,20,0.9999999999999998,6,0.2758620689655173,0,0.0,0.0,0.0,0.0,0.0,0,0.0,0.0,0.0,,
2178,mailer_only_vs_none,20,0.9999999999999998,8,0.37931034482758624,1,0.034482758620689655,0.0,0.0,0.0,0.0,0,0.0,0.0,0.0,-0.015145801910507798,-0.0047689861578750475
2183,both_vs_additive,8,1.0,1,0.09523809523809523,1,0.09523809523809523,0.09523809523809523,0.0,0.09523809523809523,0.0,0,0.0,0.0,0.0,0.011671364168835293,0.017323537206823055
2183,both_vs_none,8,1.0,1,0.09523809523809523,1,0.09523809523809523,0.0,0.0,0.0,0.0,0,0.0,0.0,0.0,0.005561485543565982,0.003282490860840013
2183,display_only_vs_none,8,1.0,1,0.09523809523809523,1,0.09523809523809523,0.0,0.0,0.0,0.0,0,0.0,0.0,0.0,-0.003823214757803253,-0.008058654834500863
2183,mailer_only_vs_none,8,1.0,1,0.09523809523809523,1,0.09523809523809523,0.0,0.0,0.0,0.0,0,0.0,0.0,0.0,-0.002947056335088158,-0.005982391511482188
2185,both_vs_additive,20,0.9999999999999996,1,0.03787878787878788,0,0.0,0.0,0.0,0.0,0.0,0,0.0,0.0,0.0,,
2185,both_vs_none,20,0.9999999999999996,2,0.07575757575757576,1,0.03787878787878788,0.03787878787878788,0.03787878787878788,0.03787878787878788,0.03787878787878788,0,0.0,0.0,0.0,0.04166208791208791,0.01872710622710623
2185,display_only_vs_none,20,0.9999999999999996,4,0.18181818181818182,1,0.03787878787878788,0.03787878787878788,0.03787878787878788,0.03787878787878788,0.03787878787878788,1,0.06060606060606061,0.0,0.06060606060606061,0.03919230879486297,0.014758717562443407
2185,mailer_only_vs_none,20,0.9999999999999996,3,0.14393939393939395,0,0.0,0.0,0.0,0.0,0.0,1,0.06060606060606061,0.0,0.06060606060606061,,
2187,both_vs_additive,17,0.9999999999999996,5,0.3157894736842105,2,0.13157894736842105,0.07894736842105263,0.0,0.07894736842105263,0.0,0,0.0,0.0,0.0,-0.00025415693224960554,0.004493798554140469
2187,both_vs_none,17,0.9999999999999996,7,0.42105263157894735,2,0.13157894736842105,0.0,0.0,0.0,0.0,0,0.0,0.0,0.0,0.002787059165673945,0.0016245514170360213
2187,display_only_vs_none,17,0.9999999999999996,8,0.47368421052631576,3,0.18421052631578946,0.05263157894736842,0.0,0.05263157894736842,0.0,2,0.10526315789473684,0.0,0.0,-0.004790196339765866,-0.007118779836795264
2187,mailer_only_vs_none,17,0.9999999999999996,7,0.42105263157894735,2,0.13157894736842105,0.05263157894736842,0.05263157894736842,0.05263157894736842,0.05263157894736842,1,0.05263157894736842,0.05263157894736842,0.05263157894736842,0.0009679350483012096,-0.001032982289201956
2188,both_vs_additive,7,1.0,1,0.2916666666666667,0,0.0,0.0,0.0,0.0,0.0,0,0.0,0.0,0.0,,
2188,both_vs_none,7,1.0,1,0.2916666666666667,0,0.0,0.0,0.0,0.0,0.0,0,0.0,0.0,0.0,,
2188,display_only_vs_none,7,1.0,1,0.2916666666666667,0,0.0,0.0,0.0,0.0,0.0,0,0.0,0.0,0.0,,
2188,mailer_only_vs_none,7,1.0,1,0.2916666666666667,0,0.0,0.0,0.0,0.0,0.0,0,0.0,0.0,0.0,,
2190,both_vs_additive,20,1.0000000000000002,4,0.26666666666666666,2,0.13333333333333333,0.13333333333333333,0.05,0.13333333333333333,0.05,0,0.0,0.0,0.0,0.06127028317495263,0.04342898398103764
2190,both_vs_none,20,1.0000000000000002,5,0.31666666666666665,2,0.13333333333333333,0.05,0.05,0.05,0.05,0,0.0,0.0,0.0,0.01899213327441181,0.010429320328832026
2190,display_only_vs_none,20,1.0000000000000002,5,0.31666666666666665,3,0.18333333333333335,0.0,0.0,0.0,0.0,0,0.0,0.0,0.0,-0.02057351391954033,-0.012593989037409095
2190,mailer_only_vs_none,20,1.0000000000000002,6,0.35,2,0.13333333333333333,0.0,0.0,0.0,0.0,0,0.0,0.0,0.0,-0.001841910209430099,-0.003738994694676367
2193,both_vs_additive,20,1.0,3,0.1794871794871795,1,0.07692307692307693,0.07692307692307693,0.07692307692307693,0.07692307692307693,0.07692307692307693,1,0.07692307692307693,0.07692307692307693,0.07692307692307693,0.16836150148988288,0.04128756979795421
2193,both_vs_none,20,1.0,4,0.21794871794871795,1,0.07692307692307693,0.0,0.0,0.0,0.0,1,0.07692307692307693,0.0,0.0,-0.07045406843319933,-0.0015695903236861222
2193,display_only_vs_none,20,1.0,3,0.1794871794871795,1,0.07692307692307693,0.0,0.0,0.0,0.0,1,0.07692307692307693,0.0,0.0,-0.10056833513172979,-0.016514079457296535
2193,mailer_only_vs_none,20,1.0,6,0.3076923076923077,2,0.1282051282051282,0.05128205128205128,0.05128205128205128,0.05128205128205128,0.05128205128205128,1,0.07692307692307693,0.0,0.0,-0.07893390539807695,-0.007277107225548819
2194,both_vs_additive,20,1.0000000000000002,3,0.11764705882352941,1,0.03529411764705882,0.0,0.03529411764705882,0.03529411764705882,0.0,0,0.0,0.0,0.0,-0.00462882819110097,0.006938139500882644
2194,both_vs_none,20,1.0000000000000002,3,0.11764705882352941,1,0.03529411764705882,0.03529411764705882,0.03529411764705882,0.03529411764705882,0.03529411764705882,0,0.0,0.0,0.0,0.02642962337789924,0.014727681322508911
2194,display_only_vs_none,20,1.0000000000000002,4,0.15294117647058825,1,0.03529411764705882,0.03529411764705882,0.0,0.03529411764705882,0.0,0,0.0,0.0,0.0,0.002696734965850406,-0.0021340024432228337
2194,mailer_only_vs_none,20,1.0000000000000002,5,0.24705882352941172,2,0.07058823529411765,0.07058823529411765,0.07058823529411765,0.07058823529411765,0.07058823529411765,0,0.0,0.0,0.0,0.017747524968241567,0.006628438799091217
2195,both_vs_additive,6,0.9999999999999999,1,0.26666666666666666,0,0.0,0.0,0.0,0.0,0.0,0,0.0,0.0,0.0,,
2195,both_vs_none,6,0.9999999999999999,1,0.26666666666666666,0,0.0,0.0,0.0,0.0,0.0,0,0.0,0.0,0.0,,
2195,display_only_vs_none,6,1.0,2,0.4,0,0.0,0.0,0.0,0.0,0.0,0,0.0,0.0,0.0,,
2195,mailer_only_vs_none,6,0.9999999999999999,1,0.26666666666666666,0,0.0,0.0,0.0,0.0,0.0,0,0.0,0.0,0.0,,
2196,both_vs_additive,9,1.0000000000000002,2,0.16666666666666666,2,0.16666666666666666,0.0,0.0,0.0,0.0,1,0.08333333333333333,0.0,0.0,-0.014760114391015006,-0.003214840968015464
2196,both_vs_none,9,1.0000000000000002,2,0.16666666666666666,2,0.16666666666666666,0.16666666666666666,0.16666666666666666,0.16666666666666666,0.16666666666666666,1,0.08333333333333333,0.0,0.0,0.018543622977097902,0.00745219041825247
2196,display_only_vs_none,9,1.0,3,0.25,2,0.16666666666666666,0.08333333333333333,0.08333333333333333,0.08333333333333333,0.08333333333333333,1,0.08333333333333333,0.0,0.0,0.010951909770545451,0.0016828628219237062
2196,mailer_only_vs_none,9,1.0000000000000002,2,0.16666666666666666,2,0.16666666666666666,0.16666666666666666,0.08333333333333333,0.16666666666666666,0.08333333333333333,1,0.08333333333333333,0.08333333333333333,0.08333333333333333,0.020430912635446892,0.011393023427617586
2197,both_vs_additive,6,1.0,2,0.38461538461538464,0,0.0,0.0,0.0,0.0,0.0,0,0.0,0.0,0.0,,
2197,both_vs_none,6,1.0,2,0.38461538461538464,0,0.0,0.0,0.0,0.0,0.0,0,0.0,0.0,0.0,,
2197,display_only_vs_none,6,1.0,2,0.38461538461538464,0,0.0,0.0,0.0,0.0,0.0,0,0.0,0.0,0.0,,
2197,mailer_only_vs_none,6,1.0,2,0.38461538461538464,0,0.0,0.0,0.0,0.0,0.0,0,0.0,0.0,0.0,,
2198,both_vs_additive,20,1.0,1,0.029411764705882353,1,0.029411764705882353,0.0,0.0,0.0,0.0,0,0.0,0.0,0.0,-0.023612947898662175,-0.00957896012344794
2198,both_vs_none,20,1.0,3,0.09803921568627452,1,0.029411764705882353,0.029411764705882353,0.029411764705882353,0.029411764705882353,0.029411764705882353,1,0.029411764705882353,0.029411764705882353,0.029411764705882353,0.02600718622897478,0.009469598227809288
2198,display_only_vs_none,20,1.0,2,0.0784313725490196,1,0.029411764705882353,0.029411764705882353,0.029411764705882353,0.029411764705882353,0.029411764705882353,0,0.0,0.0,0.0,0.023663491405246012,0.00656241562588311
2198,mailer_only_vs_none,20,1.0,4,0.3137254901960784,1,0.029411764705882353,0.029411764705882353,0.029411764705882353,0.029411764705882353,0.029411764705882353,1,0.029411764705882353,0.029411764705882353,0.029411764705882353,0.02383542775536583,0.02068841146240527
2199,both_vs_additive,20,1.0000000000000002,2,0.10869565217391304,0,0.0,0.0,0.0,0.0,0.0,0,0.0,0.0,0.0,,
2199,both_vs_none,20,1.0000000000000002,3,0.14130434782608695,0,0.0,0.0,0.0,0.0,0.0,0,0.0,0.0,0.0,,
2199,display_only_vs_none,20,1.0000000000000002,3,0.14130434782608695,0,0.0,0.0,0.0,0.0,0.0,0,0.0,0.0,0.0,,
2199,mailer_only_vs_none,20,1.0,4,0.20652173913043478,0,0.0,0.0,0.0,0.0,0.0,0,0.0,0.0,0.0,,
2200,both_vs_additive,20,0.9999999999999996,3,0.25757575757575757,1,0.03787878787878788,0.0,0.0,0.0,0.0,0,0.0,0.0,0.0,-0.020455829649273415,-0.007092941439589707
2200,both_vs_none,20,0.9999999999999996,3,0.25757575757575757,1,0.03787878787878788,0.03787878787878788,0.03787878787878788,0.03787878787878788,0.03787878787878788,0,0.0,0.0,0.0,0.010873397435897436,0.006944444444444444
2200,display_only_vs_none,20,0.9999999999999996,3,0.25757575757575757,1,0.03787878787878788,0.0,0.03787878787878788,0.03787878787878788,0.0,0,0.0,0.0,0.0,0.009214285714285715,0.007142857142857144
2200,mailer_only_vs_none,20,0.9999999999999996,3,0.25757575757575757,1,0.03787878787878788,0.0,0.0,0.0,0.0,0,0.0,0.0,0.0,-0.0012255499860763016,0.005155858680346433
2203,both_vs_additive,14,1.0000000000000002,3,0.2571428571428572,1,0.08571428571428572,0.08571428571428572,0.08571428571428572,0.08571428571428572,0.08571428571428572,0,0.0,0.0,0.0,0.06888543039086517,0.008195862130072656
2203,both_vs_none,14,1.0000000000000002,3,0.2571428571428572,1,0.08571428571428572,0.0,0.0,0.0,0.0,0,0.0,0.0,0.0,0.0017575757575757633,0.0
2203,display_only_vs_none,14,1.0000000000000002,3,0.2571428571428572,1,0.08571428571428572,0.0,0.0,0.0,0.0,0,0.0,0.0,0.0,-0.01988095238095238,-0.010869565217391304
2203,mailer_only_vs_none,14,1.0000000000000002,3,0.2571428571428572,1,0.08571428571428572,0.0,0.0,0.0,0.0,0,0.0,0.0,0.0,-0.008747619047619047,-0.0007803703529097455
2205,both_vs_additive,18,1.0,4,0.25,1,0.0875,0.0,0.0,0.0,0.0,0,0.0,0.0,0.0,-0.020455829649273415,-0.007092941439589708
2205,both_vs_none,18,1.0,4,0.25,1,0.0875,0.0875,0.0875,0.0875,0.0875,0,0.0,0.0,0.0,0.010873397435897436,0.006944444444444444
2205,display_only_vs_none,18,1.0,4,0.25,1,0.0875,0.0,0.0875,0.0875,0.0,0,0.0,0.0,0.0,0.009214285714285715,0.0071428571428571435
2205,mailer_only_vs_none,18,1.0,4,0.25,1,0.0875,0.0,0.0,0.0,0.0,0,0.0,0.0,0.0,-0.0012255499860763016,0.005155858680346433
2207,both_vs_additive,20,0.9999999999999996,0,0.0,0,0.0,0.0,0.0,0.0,0.0,0,0.0,0.0,0.0,,
2207,both_vs_none,20,0.9999999999999996,1,0.04225352112676056,0,0.0,0.0,0.0,0.0,0.0,0,0.0,0.0,0.0,,
2207,display_only_vs_none,20,0.9999999999999996,1,0.04225352112676056,1,0.04225352112676056,0.0,0.0,0.0,0.0,0,0.0,0.0,0.0,-0.007879090233219088,-0.003754578754578755
2207,mailer_only_vs_none,20,0.9999999999999996,1,0.04225352112676056,0,0.0,0.0,0.0,0.0,0.0,0,0.0,0.0,0.0,,
2208,both_vs_additive,20,1.0,7,0.37142857142857144,2,0.07142857142857142,0.02857142857142857,0.0,0.02857142857142857,0.0,0,0.0,0.0,0.0,-0.0013772187851268855,0.004478825880416083
2208,both_vs_none,20,1.0,7,0.37142857142857144,2,0.07142857142857142,0.0,0.0,0.0,0.0,0,0.0,0.0,0.0,-0.001726731630638584,0.0011400090055877971
2208,display_only_vs_none,20,1.0,7,0.37142857142857144,2,0.07142857142857142,0.0,0.0,0.0,0.0,1,0.02857142857142857,0.02857142857142857,0.02857142857142857,-0.010430994225662082,-0.006781719443688714
2208,mailer_only_vs_none,20,1.0,8,0.40714285714285714,2,0.07142857142857142,0.0,0.04285714285714286,0.04285714285714286,0.0,1,0.02857142857142857,0.02857142857142857,0.02857142857142857,-0.003903147671971348,-0.0022637597155643944
2209,both_vs_additive,16,1.0000000000000004,1,0.21428571428571427,0,0.0,0.0,0.0,0.0,0.0,0,0.0,0.0,0.0,,
2209,both_vs_none,16,1.0000000000000004,1,0.21428571428571427,0,0.0,0.0,0.0,0.0,0.0,0,0.0,0.0,0.0,,
2209,display_only_vs_none,16,1.0000000000000004,1,0.21428571428571427,0,0.0,0.0,0.0,0.0,0.0,0,0.0,0.0,0.0,,
2209,mailer_only_vs_none,16,1.0000000000000004,1,0.21428571428571427,0,0.0,0.0,0.0,0.0,0.0,0,0.0,0.0,0.0,,
2212,both_vs_additive,8,0.9999999999999999,0,0.0,0,0.0,0.0,0.0,0.0,0.0,0,0.0,0.0,0.0,,
2212,both_vs_none,8,0.9999999999999999,0,0.0,0,0.0,0.0,0.0,0.0,0.0,0,0.0,0.0,0.0,,
2212,display_only_vs_none,8,0.9999999999999999,0,0.0,0,0.0,0.0,0.0,0.0,0.0,0,0.0,0.0,0.0,,
2212,mailer_only_vs_none,8,0.9999999999999999,0,0.0,0,0.0,0.0,0.0,0.0,0.0,0,0.0,0.0,0.0,,
2213,both_vs_additive,20,0.9999999999999999,2,0.1348314606741573,1,0.06741573033707865,0.06741573033707865,0.06741573033707865,0.06741573033707865,0.06741573033707865,0,0.0,0.0,0.0,0.16836150148988288,0.04128756979795421
2213,both_vs_none,20,0.9999999999999999,4,0.21348314606741572,1,0.06741573033707865,0.0,0.0,0.0,0.0,0,0.0,0.0,0.0,-0.07045406843319933,-0.0015695903236861222
2213,display_only_vs_none,20,0.9999999999999999,2,0.1348314606741573,1,0.06741573033707865,0.0,0.0,0.0,0.0,0,0.0,0.0,0.0,-0.10056833513172979,-0.016514079457296535
2213,mailer_only_vs_none,20,0.9999999999999998,6,0.348314606741573,2,0.1348314606741573,0.06741573033707865,0.06741573033707865,0.06741573033707865,0.06741573033707865,0,0.0,0.0,0.0,-0.06410557304975804,-0.0025722198790953965
2217,both_vs_additive,14,1.0000000000000002,1,0.06896551724137931,0,0.0,0.0,0.0,0.0,0.0,0,0.0,0.0,0.0,,
2217,both_vs_none,14,1.0000000000000002,1,0.06896551724137931,0,0.0,0.0,0.0,0.0,0.0,0,0.0,0.0,0.0,,
2217,display_only_vs_none,14,1.0000000000000002,1,0.06896551724137931,0,0.0,0.0,0.0,0.0,0.0,0,0.0,0.0,0.0,,
2217,mailer_only_vs_none,14,1.0000000000000002,2,0.13793103448275862,1,0.06896551724137931,0.06896551724137931,0.06896551724137931,0.06896551724137931,0.06896551724137931,0,0.0,0.0,0.0,0.01003608869183632,0.020952216853171706
2221,both_vs_additive,20,0.9999999999999996,4,0.1724137931034483,1,0.034482758620689655,0.0,0.0,0.0,0.0,0,0.0,0.0,0.0,-0.0059072808833678415,0.0031492781874170126
2221,both_vs_none,20,0.9999999999999996,4,0.1724137931034483,1,0.034482758620689655,0.034482758620689655,0.034482758620689655,0.034482758620689655,0.034482758620689655,0,0.0,0.0,0.0,0.011080059725221018,0.005434782608695652
2221,display_only_vs_none,20,0.9999999999999996,4,0.1724137931034483,1,0.034482758620689655,0.0,0.0,0.0,0.0,0,0.0,0.0,0.0,-0.001759671864155106,-0.0031966899820356984
2221,mailer_only_vs_none,20,0.9999999999999996,4,0.1724137931034483,1,0.034482758620689655,0.034482758620689655,0.0,0.034482758620689655,0.0,0,0.0,0.0,0.0,0.017026397515527952,0.002097635392829901
2223,both_vs_additive,20,1.0,1,0.0379746835443038,0,0.0,0.0,0.0,0.0,0.0,0,0.0,0.0,0.0,,
2223,both_vs_none,20,1.0,1,0.0379746835443038,0,0.0,0.0,0.0,0.0,0.0,0,0.0,0.0,0.0,,
2223,display_only_vs_none,20,1.0000000000000002,1,0.0379746835443038,1,0.0379746835443038,0.0,0.0,0.0,0.0,1,0.0379746835443038,0.0,0.0,-0.004785714285714286,-0.0017857142857142857
2223,mailer_only_vs_none,20,1.0000000000000002,1,0.0379746835443038,1,0.0379746835443038,0.0379746835443038,0.0379746835443038,0.0379746835443038,0.0379746835443038,1,0.0379746835443038,0.0379746835443038,0.0379746835443038,0.02574652238445342,0.009881587681361437
2224,both_vs_additive,20,0.9999999999999997,3,0.19999999999999998,0,0.0,0.0,0.0,0.0,0.0,0,0.0,0.0,0.0,,
2224,both_vs_none,20,0.9999999999999997,4,0.24444444444444444,0,0.0,0.0,0.0,0.0,0.0,0,0.0,0.0,0.0,,
2224,display_only_vs_none,20,0.9999999999999997,4,0.24444444444444444,0,0.0,0.0,0.0,0.0,0.0,0,0.0,0.0,0.0,,
2224,mailer_only_vs_none,20,0.9999999999999997,5,0.3222222222222222,0,0.0,0.0,0.0,0.0,0.0,0,0.0,0.0,0.0,,
2226,both_vs_additive,9,1.0,1,0.1111111111111111,1,0.1111111111111111,0.1111111111111111,0.1111111111111111,0.1111111111111111,0.1111111111111111,0,0.0,0.0,0.0,0.16836150148988288,0.04128756979795421
2226,both_vs_none,9,1.0,1,0.1111111111111111,1,0.1111111111111111,0.0,0.0,0.0,0.0,0,0.0,0.0,0.0,-0.07045406843319933,-0.0015695903236861224
2226,display_only_vs_none,9,1.0,2,0.2962962962962963,1,0.1111111111111111,0.0,0.0,0.0,0.0,0,0.0,0.0,0.0,-0.10056833513172979,-0.016514079457296535
2226,mailer_only_vs_none,9,1.0,3,0.4074074074074074,1,0.1111111111111111,0.0,0.0,0.0,0.0,0,0.0,0.0,0.0,-0.13824723479135242,-0.026096656611362498
2227,both_vs_additive,20,1.0000000000000004,4,0.31147540983606553,0,0.0,0.0,0.0,0.0,0.0,0,0.0,0.0,0.0,,
2227,both_vs_none,20,1.0000000000000004,4,0.31147540983606553,0,0.0,0.0,0.0,0.0,0.0,0,0.0,0.0,0.0,,
2227,display_only_vs_none,20,1.0000000000000004,5,0.360655737704918,0,0.0,0.0,0.0,0.0,0.0,0,0.0,0.0,0.0,,
2227,mailer_only_vs_none,20,1.0000000000000004,4,0.31147540983606553,0,0.0,0.0,0.0,0.0,0.0,0,0.0,0.0,0.0,,
2228,both_vs_additive,17,0.9999999999999998,3,0.25490196078431376,0,0.0,0.0,0.0,0.0,0.0,0,0.0,0.0,0.0,,
2228,both_vs_none,17,0.9999999999999998,3,0.25490196078431376,0,0.0,0.0,0.0,0.0,0.0,0,0.0,0.0,0.0,,
2228,display_only_vs_none,17,0.9999999999999998,5,0.3921568627450981,0,0.0,0.0,0.0,0.0,0.0,0,0.0,0.0,0.0,,
2228,mailer_only_vs_none,17,0.9999999999999998,5,0.3921568627450981,0,0.0,0.0,0.0,0.0,0.0,0,0.0,0.0,0.0,,
2231,both_vs_additive,20,1.0,1,0.11764705882352941,0,0.0,0.0,0.0,0.0,0.0,0,0.0,0.0,0.0,,
2231,both_vs_none,20,0.9999999999999999,2,0.19117647058823528,0,0.0,0.0,0.0,0.0,0.0,0,0.0,0.0,0.0,,
2231,display_only_vs_none,20,1.0,2,0.14705882352941177,0,0.0,0.0,0.0,0.0,0.0,1,0.029411764705882353,0.029411764705882353,0.029411764705882353,,
2231,mailer_only_vs_none,20,0.9999999999999999,3,0.22058823529411764,0,0.0,0.0,0.0,0.0,0.0,1,0.029411764705882353,0.0,0.0,,
2233,both_vs_additive,20,0.9999999999999997,0,0.0,0,0.0,0.0,0.0,0.0,0.0,0,0.0,0.0,0.0,,
2233,both_vs_none,20,0.9999999999999997,2,0.10344827586206896,0,0.0,0.0,0.0,0.0,0.0,0,0.0,0.0,0.0,,
2233,display_only_vs_none,20,0.9999999999999997,3,0.15517241379310343,0,0.0,0.0,0.0,0.0,0.0,0,0.0,0.0,0.0,,
2233,mailer_only_vs_none,20,0.9999999999999998,3,0.1206896551724138,0,0.0,0.0,0.0,0.0,0.0,0,0.0,0.0,0.0,,
2234,both_vs_additive,20,1.0000000000000004,0,0.0,0,0.0,0.0,0.0,0.0,0.0,0,0.0,0.0,0.0,,
2234,both_vs_none,20,1.0000000000000004,0,0.0,0,0.0,0.0,0.0,0.0,0.0,0,0.0,0.0,0.0,,
2234,display_only_vs_none,20,1.0000000000000004,0,0.0,0,0.0,0.0,0.0,0.0,0.0,0,0.0,0.0,0.0,,
2234,mailer_only_vs_none,20,1.0000000000000004,0,0.0,0,0.0,0.0,0.0,0.0,0.0,0,0.0,0.0,0.0,,
2236,both_vs_additive,12,0.9999999999999998,1,0.09090909090909091,0,0.0,0.0,0.0,0.0,0.0,0,0.0,0.0,0.0,,
2236,both_vs_none,12,0.9999999999999998,1,0.09090909090909091,0,0.0,0.0,0.0,0.0,0.0,0,0.0,0.0,0.0,,
2236,display_only_vs_none,12,0.9999999999999998,2,0.15151515151515152,0,0.0,0.0,0.0,0.0,0.0,0,0.0,0.0,0.0,,
2236,mailer_only_vs_none,12,0.9999999999999998,2,0.15151515151515152,1,0.06060606060606061,0.0,0.0,0.0,0.0,0,0.0,0.0,0.0,-0.011694311767260093,-0.006795484151107251
2237,both_vs_additive,20,1.0,1,0.04054054054054054,0,0.0,0.0,0.0,0.0,0.0,0,0.0,0.0,0.0,,
2237,both_vs_none,20,1.0,1,0.04054054054054054,0,0.0,0.0,0.0,0.0,0.0,0,0.0,0.0,0.0,,
2237,display_only_vs_none,20,1.0,2,0.08108108108108109,0,0.0,0.0,0.0,0.0,0.0,0,0.0,0.0,0.0,,
2237,mailer_only_vs_none,20,1.0,5,0.17567567567567569,1,0.04054054054054054,0.04054054054054054,0.04054054054054054,0.04054054054054054,0.04054054054054054,0,0.0,0.0,0.0,0.01003608869183632,0.020952216853171706
2240,both_vs_additive,20,0.9999999999999998,4,0.3888888888888889,1,0.041666666666666664,0.041666666666666664,0.041666666666666664,0.041666666666666664,0.041666666666666664,0,0.0,0.0,0.0,0.014807414807414812,0.014104397981905254
2240,both_vs_none,20,0.9999999999999998,4,0.3888888888888889,1,0.041666666666666664,0.041666666666666664,0.041666666666666664,0.041666666666666664,0.041666666666666664,0,0.0,0.0,0.0,0.005220181864918707,0.0029894179894179897
2240,display_only_vs_none,20,0.9999999999999998,5,0.4444444444444445,2,0.09722222222222221,0.0,0.0,0.0,0.0,0,0.0,0.0,0.0,-0.0008869537077284708,-0.0009901368840997322
2240,mailer_only_vs_none,20,0.9999999999999998,5,0.4444444444444445,2,0.09722222222222221,0.05555555555555555,0.05555555555555555,0.05555555555555555,0.05555555555555555,0,0.0,0.0,0.0,0.004088241065657032,0.0012469507033582663
2241,both_vs_additive,12,0.9999999999999999,2,0.23333333333333334,1,0.13333333333333333,0.13333333333333333,0.13333333333333333,0.13333333333333333,0.13333333333333333,0,0.0,0.0,0.0,0.030309441978264535,0.02224906074547422
2241,both_vs_none,12,0.9999999999999999,4,0.4,1,0.13333333333333333,0.0,0.0,0.0,0.0,0,0.0,0.0,0.0,-0.009896729395254995,-0.0022554718493841587
2241,display_only_vs_none,12,0.9999999999999999,4,0.4,2,0.23333333333333334,0.0,0.0,0.0,0.0,1,0.1,0.1,0.1,-0.010802976900898164,-0.007693959882838539
2241,mailer_only_vs_none,12,0.9999999999999999,4,0.43333333333333335,2,0.23333333333333334,0.0,0.0,0.0,0.0,1,0.1,0.1,0.1,-0.01501125241246209,-0.004877581355842225
2245,both_vs_additive,15,1.0000000000000002,2,0.10256410256410256,2,0.10256410256410256,0.0,0.0,0.0,0.0,0,0.0,0.0,0.0,-0.001655957985705798,0.0010886558798172492
2245,both_vs_none,15,1.0000000000000002,2,0.10256410256410256,2,0.10256410256410256,0.0,0.0,0.0,0.0,0,0.0,0.0,0.0,-0.0014813596851720003,0.0004096913187822283
2245,display_only_vs_none,15,1.0000000000000002,3,0.15384615384615385,2,0.10256410256410256,0.0,0.0,0.0,0.0,2,0.10256410256410256,0.0,0.0,0.001236426481214192,-0.000452626077626078
2245,mailer_only_vs_none,15,1.0000000000000002,3,0.15384615384615385,3,0.15384615384615385,0.05128205128205128,0.05128205128205128,0.05128205128205128,0.05128205128205128,2,0.10256410256410256,0.05128205128205128,0.0,0.008427597609796032,0.0018888130229100216
2251,both_vs_additive,20,0.9999999999999993,3,0.14893617021276595,0,0.0,0.0,0.0,0.0,0.0,0,0.0,0.0,0.0,,
2251,both_vs_none,20,0.9999999999999994,4,0.19148936170212766,0,0.0,0.0,0.0,0.0,0.0,0,0.0,0.0,0.0,,
2251,display_only_vs_none,20,0.9999999999999994,4,0.19148936170212766,1,0.0425531914893617,0.0425531914893617,0.0425531914893617,0.0425531914893617,0.0425531914893617,0,0.0,0.0,0.0,0.04179099025974026,0.010739087301587302
2251,mailer_only_vs_none,20,0.9999999999999994,4,0.19148936170212766,1,0.0425531914893617,0.0,0.0,0.0,0.0,0,0.0,0.0,0.0,0.0,0.0
2252,both_vs_additive,20,0.9999999999999999,4,0.2285714285714286,2,0.08571428571428572,0.08571428571428572,0.08571428571428572,0.08571428571428572,0.08571428571428572,0,0.0,0.0,0.0,0.02585359836385379,0.004238277886453195
2252,both_vs_none,20,0.9999999999999998,5,0.2857142857142857,2,0.08571428571428572,0.0,0.04285714285714286,0.04285714285714286,0.0,1,0.04285714285714286,0.04285714285714286,0.04285714285714286,-0.0005538064301182764,0.0012197859403631501
2252,display_only_vs_none,20,0.9999999999999998,5,0.2857142857142857,2,0.08571428571428572,0.0,0.0,0.0,0.0,1,0.04285714285714286,0.04285714285714286,0.04285714285714286,3.118131868131823e-05,-0.0001236263736263735
2252,mailer_only_vs_none,20,0.9999999999999999,4,0.2285714285714286,2,0.08571428571428572,0.0,0.0,0.0,0.0,0,0.0,0.0,0.0,-0.005287506235782097,-0.0007756212497591808
2257,both_vs_additive,6,1.0,2,0.21951219512195125,0,0.0,0.0,0.0,0.0,0.0,0,0.0,0.0,0.0,,
2257,both_vs_none,6,1.0,2,0.21951219512195125,1,0.04878048780487805,0.04878048780487805,0.04878048780487805,0.04878048780487805,0.04878048780487805,0,0.0,0.0,0.0,0.04166208791208791,0.01872710622710623
2257,display_only_vs_none,6,1.0,2,0.21951219512195125,1,0.04878048780487805,0.04878048780487805,0.04878048780487805,0.04878048780487805,0.04878048780487805,0,0.0,0.0,0.0,0.03919230879486297,0.014758717562443409
2257,mailer_only_vs_none,6,1.0,2,0.21951219512195125,0,0.0,0.0,0.0,0.0,0.0,0,0.0,0.0,0.0,,
2258,both_vs_additive,5,1.0,1,0.18181818181818182,0,0.0,0.0,0.0,0.0,0.0,0,0.0,0.0,0.0,,
2258,both_vs_none,5,1.0,1,0.18181818181818182,0,0.0,0.0,0.0,0.0,0.0,0,0.0,0.0,0.0,,
2258,display_only_vs_none,5,1.0,1,0.18181818181818182,0,0.0,0.0,0.0,0.0,0.0,0,0.0,0.0,0.0,,
2258,mailer_only_vs_none,5,1.0,1,0.18181818181818182,0,0.0,0.0,0.0,0.0,0.0,0,0.0,0.0,0.0,,
2260,both_vs_additive,20,1.0,2,0.06474820143884892,0,0.0,0.0,0.0,0.0,0.0,0,0.0,0.0,0.0,,
2260,both_vs_none,20,1.0,2,0.06474820143884892,0,0.0,0.0,0.0,0.0,0.0,0,0.0,0.0,0.0,,
2260,display_only_vs_none,20,1.0,3,0.11510791366906474,1,0.050359712230215826,0.0,0.0,0.0,0.0,0,0.0,0.0,0.0,-0.06157950872656753,-0.015847877612583494
2260,mailer_only_vs_none,20,1.0,4,0.15827338129496404,0,0.0,0.0,0.0,0.0,0.0,0,0.0,0.0,0.0,,
2261,both_vs_additive,20,1.0,1,0.09345794392523364,0,0.0,0.0,0.0,0.0,0.0,0,0.0,0.0,0.0,,
2261,both_vs_none,20,1.0,1,0.09345794392523364,0,0.0,0.0,0.0,0.0,0.0,0,0.0,0.0,0.0,,
2261,display_only_vs_none,20,1.0,3,0.14953271028037382,1,0.028037383177570093,0.0,0.0,0.0,0.0,0,0.0,0.0,0.0,-0.06157950872656753,-0.015847877612583494
2261,mailer_only_vs_none,20,1.0,2,0.12149532710280374,0,0.0,0.0,0.0,0.0,0.0,0,0.0,0.0,0.0,,
2263,both_vs_additive,20,0.9999999999999996,3,0.13333333333333333,2,0.10666666666666666,0.04,0.0,0.04,0.0,0,0.0,0.0,0.0,-0.00840813196748265,0.002063238052815079
2263,both_vs_none,20,0.9999999999999996,3,0.13333333333333333,2,0.10666666666666666,0.06666666666666667,0.06666666666666667,0.06666666666666667,0.06666666666666667,0,0.0,0.0,0.0,0.008881430476273142,0.005571211850592782
2263,display_only_vs_none,20,0.9999999999999997,5,0.2066666666666667,2,0.10666666666666666,0.0,0.06666666666666667,0.06666666666666667,0.0,0,0.0,0.0,0.0,0.004325223037252353,0.0014422901513478912
2263,mailer_only_vs_none,20,0.9999999999999996,3,0.13333333333333333,2,0.10666666666666666,0.0,0.0,0.0,0.0,0,0.0,0.0,0.0,-0.001871114866955748,0.0009790148584107
2264,both_vs_additive,20,1.0,3,0.21904761904761907,1,0.02857142857142857,0.02857142857142857,0.02857142857142857,0.02857142857142857,0.02857142857142857,0,0.0,0.0,0.0,0.011115079365079363,0.0005882687603117609
2264,both_vs_none,20,1.0,3,0.21904761904761907,1,0.02857142857142857,0.02857142857142857,0.02857142857142857,0.02857142857142857,0.02857142857142857,0,0.0,0.0,0.0,0.020985449735449736,0.012566137566137565
2264,display_only_vs_none,20,1.0,5,0.2761904761904762,1,0.02857142857142857,0.0,0.0,0.0,0.0,0,0.0,0.0,0.0,0.0,0.0
2264,mailer_only_vs_none,20,1.0,6,0.3047619047619048,1,0.02857142857142857,0.0,0.0,0.0,0.0,0,0.0,0.0,0.0,0.005044760312151618,0.0011904761904761906
2266,both_vs_additive,20,0.9999999999999994,1,0.05172413793103448,0,0.0,0.0,0.0,0.0,0.0,0,0.0,0.0,0.0,,
2266,both_vs_none,20,0.9999999999999994,2,0.10344827586206896,0,0.0,0.0,0.0,0.0,0.0,0,0.0,0.0,0.0,,
2266,display_only_vs_none,20,0.9999999999999994,2,0.10344827586206896,0,0.0,0.0,0.0,0.0,0.0,0,0.0,0.0,0.0,,
2266,mailer_only_vs_none,20,0.9999999999999994,1,0.05172413793103448,0,0.0,0.0,0.0,0.0,0.0,0,0.0,0.0,0.0,,
2269,both_vs_additive,15,0.9999999999999998,3,0.20833333333333334,1,0.10416666666666667,0.10416666666666667,0.0,0.10416666666666667,0.0,0,0.0,0.0,0.0,0.011671364168835293,0.017323537206823055
2269,both_vs_none,15,0.9999999999999998,3,0.20833333333333334,1,0.10416666666666667,0.0,0.0,0.0,0.0,0,0.0,0.0,0.0,0.005561485543565983,0.003282490860840013
2269,display_only_vs_none,15,0.9999999999999998,4,0.3541666666666667,3,0.3125,0.0,0.0,0.0,0.0,0,0.0,0.0,0.0,-0.030968651848808797,-0.010439037354515443
2269,mailer_only_vs_none,15,0.9999999999999999,4,0.27083333333333337,2,0.16666666666666669,0.0625,0.0625,0.0625,0.0625,0,0.0,0.0,0.0,0.007813035684739933,-3.339931416582934e-05
2273,both_vs_additive,6,1.0000000000000002,0,0.0,0,0.0,0.0,0.0,0.0,0.0,0,0.0,0.0,0.0,,
2273,both_vs_none,6,1.0000000000000002,0,0.0,0,0.0,0.0,0.0,0.0,0.0,0,0.0,0.0,0.0,,
2273,display_only_vs_none,6,1.0,1,0.1111111111111111,0,0.0,0.0,0.0,0.0,0.0,0,0.0,0.0,0.0,,
2273,mailer_only_vs_none,6,1.0,1,0.1111111111111111,0,0.0,0.0,0.0,0.0,0.0,0,0.0,0.0,0.0,,
2274,both_vs_additive,20,1.0,1,0.08955223880597014,0,0.0,0.0,0.0,0.0,0.0,0,0.0,0.0,0.0,,
2274,both_vs_none,20,1.0,1,0.08955223880597014,0,0.0,0.0,0.0,0.0,0.0,0,0.0,0.0,0.0,,
2274,display_only_vs_none,20,1.0,2,0.1791044776119403,1,0.08955223880597014,0.0,0.0,0.0,0.0,0,0.0,0.0,0.0,-0.06157950872656753,-0.015847877612583494
2274,mailer_only_vs_none,20,1.0,1,0.08955223880597014,0,0.0,0.0,0.0,0.0,0.0,0,0.0,0.0,0.0,,
2280,both_vs_additive,20,0.9999999999999999,3,0.19811320754716982,1,0.09433962264150944,0.09433962264150944,0.09433962264150944,0.09433962264150944,0.09433962264150944,0,0.0,0.0,0.0,0.16836150148988288,0.04128756979795421
2280,both_vs_none,20,0.9999999999999999,3,0.19811320754716982,1,0.09433962264150944,0.0,0.0,0.0,0.0,0,0.0,0.0,0.0,-0.07045406843319933,-0.0015695903236861222
2280,display_only_vs_none,20,0.9999999999999999,3,0.19811320754716982,1,0.09433962264150944,0.0,0.0,0.0,0.0,0,0.0,0.0,0.0,-0.10056833513172979,-0.016514079457296535
2280,mailer_only_vs_none,20,0.9999999999999999,3,0.19811320754716982,1,0.09433962264150944,0.0,0.0,0.0,0.0,0,0.0,0.0,0.0,-0.13824723479135242,-0.026096656611362498
2282,both_vs_additive,6,0.9999999999999999,0,0.0,0,0.0,0.0,0.0,0.0,0.0,0,0.0,0.0,0.0,,
2282,both_vs_none,6,0.9999999999999999,0,0.0,0,0.0,0.0,0.0,0.0,0.0,0,0.0,0.0,0.0,,
2282,display_only_vs_none,6,0.9999999999999999,0,0.0,0,0.0,0.0,0.0,0.0,0.0,0,0.0,0.0,0.0,,
2282,mailer_only_vs_none,6,0.9999999999999999,0,0.0,0,0.0,0.0,0.0,0.0,0.0,0,0.0,0.0,0.0,,
2285,both_vs_additive,6,0.9999999999999999,0,0.0,0,0.0,0.0,0.0,0.0,0.0,0,0.0,0.0,0.0,,
2285,both_vs_none,6,0.9999999999999999,0,0.0,0,0.0,0.0,0.0,0.0,0.0,0,0.0,0.0,0.0,,
2285,display_only_vs_none,6,0.9999999999999999,0,0.0,0,0.0,0.0,0.0,0.0,0.0,0,0.0,0.0,0.0,,
2285,mailer_only_vs_none,6,0.9999999999999999,1,0.16666666666666666,1,0.16666666666666666,0.16666666666666666,0.16666666666666666,0.16666666666666666,0.16666666666666666,0,0.0,0.0,0.0,0.01003608869183632,0.020952216853171706
2286,both_vs_additive,10,0.9999999999999998,1,0.21739130434782608,1,0.21739130434782608,0.21739130434782608,0.21739130434782608,0.21739130434782608,0.21739130434782608,0,0.0,0.0,0.0,0.16836150148988288,0.041287569797954206
2286,both_vs_none,10,0.9999999999999998,1,0.21739130434782608,1,0.21739130434782608,0.0,0.0,0.0,0.0,0,0.0,0.0,0.0,-0.07045406843319933,-0.0015695903236861222
2286,display_only_vs_none,10,0.9999999999999998,1,0.21739130434782608,1,0.21739130434782608,0.0,0.0,0.0,0.0,0,0.0,0.0,0.0,-0.10056833513172979,-0.016514079457296535
2286,mailer_only_vs_none,10,0.9999999999999998,2,0.30434782608695654,1,0.21739130434782608,0.0,0.0,0.0,0.0,0,0.0,0.0,0.0,-0.13824723479135242,-0.026096656611362498
2287,both_vs_additive,7,1.0,1,0.25,0,0.0,0.0,0.0,0.0,0.0,0,0.0,0.0,0.0,,
2287,both_vs_none,7,1.0,1,0.25,0,0.0,0.0,0.0,0.0,0.0,0,0.0,0.0,0.0,,
2287,display_only_vs_none,7,1.0,1,0.25,0,0.0,0.0,0.0,0.0,0.0,0,0.0,0.0,0.0,,
2287,mailer_only_vs_none,7,1.0,1,0.25,0,0.0,0.0,0.0,0.0,0.0,0,0.0,0.0,0.0,,
2288,both_vs_additive,20,0.9999999999999998,3,0.10526315789473684,0,0.0,0.0,0.0,0.0,0.0,0,0.0,0.0,0.0,,
2288,both_vs_none,20,0.9999999999999997,4,0.14035087719298245,0,0.0,0.0,0.0,0.0,0.0,0,0.0,0.0,0.0,,
2288,display_only_vs_none,20,0.9999999999999997,4,0.14035087719298245,0,0.0,0.0,0.0,0.0,0.0,0,0.0,0.0,0.0,,
2288,mailer_only_vs_none,20,0.9999999999999998,3,0.10526315789473684,0,0.0,0.0,0.0,0.0,0.0,0,0.0,0.0,0.0,,
2294,both_vs_additive,10,0.9999999999999999,6,0.5666666666666667,1,0.06666666666666667,0.06666666666666667,0.06666666666666667,0.06666666666666667,0.06666666666666667,0,0.0,0.0,0.0,0.030309441978264535,0.02224906074547422
2294,both_vs_none,10,0.9999999999999999,6,0.5666666666666667,2,0.13333333333333333,0.06666666666666667,0.06666666666666667,0.06666666666666667,0.06666666666666667,0,0.0,0.0,0.0,0.01588267925841646,0.008235817188861036
2294,display_only_vs_none,10,0.9999999999999999,6,0.5666666666666667,2,0.13333333333333333,0.06666666666666667,0.06666666666666667,0.06666666666666667,0.06666666666666667,0,0.0,0.0,0.0,0.009291276881872862,0.000900216435607945
2294,mailer_only_vs_none,10,0.9999999999999999,6,0.5666666666666667,1,0.06666666666666667,0.0,0.0,0.0,0.0,0,0.0,0.0,0.0,-0.02006837606837607,-0.009401709401709403
2295,both_vs_additive,20,0.9999999999999999,6,0.28125,4,0.17708333333333331,0.041666666666666664,0.041666666666666664,0.041666666666666664,0.041666666666666664,1,0.041666666666666664,0.041666666666666664,0.0,-0.004746528925266326,-0.0015870898369061792
2295,both_vs_none,20,0.9999999999999999,7,0.34375000000000006,4,0.17708333333333331,0.041666666666666664,0.041666666666666664,0.041666666666666664,0.041666666666666664,1,0.041666666666666664,0.041666666666666664,0.041666666666666664,0.0027382142107354197,0.0007956137072820128
2295,display_only_vs_none,20,0.9999999999999999,6,0.28125,4,0.17708333333333331,0.09375,0.041666666666666664,0.09375,0.041666666666666664,1,0.041666666666666664,0.041666666666666664,0.041666666666666664,0.0030069045799760337,-0.0005451714955720868
2295,mailer_only_vs_none,20,0.9999999999999999,7,0.34375000000000006,4,0.17708333333333331,0.09375,0.09375,0.09375,0.09375,1,0.041666666666666664,0.041666666666666664,0.041666666666666664,0.0023268047947378597,0.003780090300484631
2296,both_vs_additive,20,0.9999999999999998,6,0.39743589743589736,0,0.0,0.0,0.0,0.0,0.0,0,0.0,0.0,0.0,,
2296,both_vs_none,20,0.9999999999999998,7,0.4487179487179487,0,0.0,0.0,0.0,0.0,0.0,0,0.0,0.0,0.0,,
2296,display_only_vs_none,20,0.9999999999999998,7,0.4487179487179487,0,0.0,0.0,0.0,0.0,0.0,0,0.0,0.0,0.0,,
2296,mailer_only_vs_none,20,0.9999999999999998,6,0.39743589743589736,0,0.0,0.0,0.0,0.0,0.0,0,0.0,0.0,0.0,,
2300,both_vs_additive,12,1.0,2,0.3055555555555555,0,0.0,0.0,0.0,0.0,0.0,0,0.0,0.0,0.0,,
2300,both_vs_none,12,1.0,2,0.3055555555555555,0,0.0,0.0,0.0,0.0,0.0,0,0.0,0.0,0.0,,
2300,display_only_vs_none,12,1.0,2,0.3055555555555555,0,0.0,0.0,0.0,0.0,0.0,0,0.0,0.0,0.0,,
2300,mailer_only_vs_none,12,1.0,2,0.3055555555555555,0,0.0,0.0,0.0,0.0,0.0,0,0.0,0.0,0.0,,
2304,both_vs_additive,11,0.9999999999999998,0,0.0,0,0.0,0.0,0.0,0.0,0.0,0,0.0,0.0,0.0,,
2304,both_vs_none,11,0.9999999999999998,0,0.0,0,0.0,0.0,0.0,0.0,0.0,0,0.0,0.0,0.0,,
2304,display_only_vs_none,11,0.9999999999999998,0,0.0,0,0.0,0.0,0.0,0.0,0.0,0,0.0,0.0,0.0,,
2304,mailer_only_vs_none,11,0.9999999999999998,0,0.0,0,0.0,0.0,0.0,0.0,0.0,0,0.0,0.0,0.0,,
2305,both_vs_additive,20,1.0,2,0.16666666666666666,0,0.0,0.0,0.0,0.0,0.0,0,0.0,0.0,0.0,,
2305,both_vs_none,20,1.0,2,0.16666666666666666,0,0.0,0.0,0.0,0.0,0.0,0,0.0,0.0,0.0,,
2305,display_only_vs_none,20,1.0,2,0.16666666666666666,0,0.0,0.0,0.0,0.0,0.0,0,0.0,0.0,0.0,,
2305,mailer_only_vs_none,20,1.0,5,0.2698412698412698,0,0.0,0.0,0.0,0.0,0.0,0,0.0,0.0,0.0,,
2307,both_vs_additive,20,1.0000000000000002,3,0.2058823529411765,0,0.0,0.0,0.0,0.0,0.0,1,0.0392156862745098,0.0392156862745098,0.0392156862745098,,
2307,both_vs_none,20,1.0000000000000002,3,0.2058823529411765,0,0.0,0.0,0.0,0.0,0.0,1,0.0392156862745098,0.0392156862745098,0.0392156862745098,,
2307,display_only_vs_none,20,1.0000000000000002,4,0.23529411764705885,0,0.0,0.0,0.0,0.0,0.0,1,0.0392156862745098,0.0392156862745098,0.0392156862745098,,
2307,mailer_only_vs_none,20,1.0000000000000002,5,0.303921568627451,1,0.029411764705882353,0.0,0.0,0.0,0.0,1,0.0392156862745098,0.0,0.0,-0.011694311767260093,-0.006795484151107251
2310,both_vs_additive,8,1.0,2,0.21052631578947367,1,0.10526315789473684,0.10526315789473684,0.10526315789473684,0.10526315789473684,0.10526315789473684,0,0.0,0.0,0.0,0.0491294345369339,0.03471983002641545
2310,both_vs_none,8,1.0,2,0.21052631578947367,1,0.10526315789473684,0.10526315789473684,0.10526315789473684,0.10526315789473684,0.10526315789473684,0,0.0,0.0,0.0,0.021788048552754437,0.017740429505135387
2310,display_only_vs_none,8,1.0,3,0.3157894736842105,2,0.21052631578947367,0.0,0.0,0.0,0.0,1,0.10526315789473684,0.0,0.0,-0.040748866429162756,-0.012678682809156051
2310,mailer_only_vs_none,8,1.0,3,0.3684210526315789,1,0.10526315789473684,0.0,0.0,0.0,0.0,0,0.0,0.0,0.0,-0.005430464890595826,-0.0009339765037198258
2311,both_vs_additive,15,1.0000000000000002,3,0.33333333333333326,1,0.07142857142857142,0.07142857142857142,0.07142857142857142,0.07142857142857142,0.07142857142857142,0,0.0,0.0,0.0,0.030309441978264528,0.02224906074547422
2311,both_vs_none,15,1.0000000000000002,3,0.33333333333333326,1,0.07142857142857142,0.0,0.0,0.0,0.0,0,0.0,0.0,0.0,-0.009896729395254995,-0.0022554718493841587
2311,display_only_vs_none,15,1.0000000000000002,4,0.40476190476190466,1,0.07142857142857142,0.0,0.0,0.0,0.0,0,0.0,0.0,0.0,-0.020609755031117248,-0.01295828469122752
2311,mailer_only_vs_none,15,1.0000000000000002,4,0.40476190476190466,1,0.07142857142857142,0.0,0.0,0.0,0.0,0,0.0,0.0,0.0,-0.02006837606837607,-0.009401709401709403
2312,both_vs_additive,20,0.9999999999999999,1,0.11764705882352941,1,0.11764705882352941,0.11764705882352941,0.11764705882352941,0.11764705882352941,0.11764705882352941,0,0.0,0.0,0.0,0.16836150148988288,0.04128756979795421
2312,both_vs_none,20,0.9999999999999999,2,0.15126050420168066,1,0.11764705882352941,0.0,0.0,0.0,0.0,0,0.0,0.0,0.0,-0.07045406843319933,-0.0015695903236861222
2312,display_only_vs_none,20,0.9999999999999999,1,0.11764705882352941,1,0.11764705882352941,0.0,0.0,0.0,0.0,0,0.0,0.0,0.0,-0.10056833513172979,-0.016514079457296535
2312,mailer_only_vs_none,20,1.0,3,0.19327731092436973,1,0.11764705882352941,0.0,0.0,0.0,0.0,0,0.0,0.0,0.0,-0.13824723479135242,-0.026096656611362498
2314,both_vs_additive,20,0.9999999999999997,2,0.1232876712328767,0,0.0,0.0,0.0,0.0,0.0,0,0.0,0.0,0.0,,
2314,both_vs_none,20,0.9999999999999997,2,0.1232876712328767,0,0.0,0.0,0.0,0.0,0.0,0,0.0,0.0,0.0,,
2314,display_only_vs_none,20,0.9999999999999997,4,0.1780821917808219,0,0.0,0.0,0.0,0.0,0.0,0,0.0,0.0,0.0,,
2314,mailer_only_vs_none,20,0.9999999999999998,4,0.1917808219178082,0,0.0,0.0,0.0,0.0,0.0,0,0.0,0.0,0.0,,
2316,both_vs_additive,7,1.0,0,0.0,0,0.0,0.0,0.0,0.0,0.0,0,0.0,0.0,0.0,,
2316,both_vs_none,7,1.0,0,0.0,0,0.0,0.0,0.0,0.0,0.0,0,0.0,0.0,0.0,,
2316,display_only_vs_none,7,1.0,0,0.0,0,0.0,0.0,0.0,0.0,0.0,0,0.0,0.0,0.0,,
2316,mailer_only_vs_none,7,1.0,0,0.0,0,0.0,0.0,0.0,0.0,0.0,0,0.0,0.0,0.0,,
2317,both_vs_additive,20,0.9999999999999999,3,0.21266968325791855,2,0.11312217194570136,0.11312217194570136,0.05429864253393665,0.11312217194570136,0.05429864253393665,0,0.0,0.0,0.0,0.08688263008293814,0.028826272850566013
2317,both_vs_none,20,0.9999999999999999,3,0.21266968325791855,2,0.11312217194570136,0.0,0.0,0.0,0.0,0,0.0,0.0,0.0,-0.030925980365281373,0.0009534918922674679
2317,display_only_vs_none,20,0.9999999999999999,3,0.21266968325791855,2,0.11312217194570136,0.0,0.0,0.0,0.0,0,0.0,0.0,0.0,-0.05026087253728799,-0.012117258653442787
2317,mailer_only_vs_none,20,0.9999999999999999,4,0.28959276018099545,2,0.11312217194570136,0.0,0.0,0.0,0.0,0,0.0,0.0,0.0,-0.067891141994095,-0.015637238759424736
2318,both_vs_additive,20,0.9999999999999999,4,0.30158730158730157,0,0.0,0.0,0.0,0.0,0.0,1,0.05555555555555555,0.05555555555555555,0.0,,
2318,both_vs_none,20,0.9999999999999999,4,0.30158730158730157,1,0.05555555555555555,0.05555555555555555,0.05555555555555555,0.05555555555555555,0.05555555555555555,1,0.05555555555555555,0.05555555555555555,0.05555555555555555,0.04166208791208791,0.01872710622710623
2318,display_only_vs_none,20,1.0,5,0.33333333333333337,2,0.0873015873015873,0.05555555555555555,0.05555555555555555,0.05555555555555555,0.05555555555555555,1,0.05555555555555555,0.05555555555555555,0.05555555555555555,0.0025480115143427825,0.0036290465897063527
2318,mailer_only_vs_none,20,1.0,5,0.3412698412698413,0,0.0,0.0,0.0,0.0,0.0,1,0.05555555555555555,0.05555555555555555,0.05555555555555555,,
2319,both_vs_additive,20,0.9999999999999997,1,0.06896551724137931,0,0.0,0.0,0.0,0.0,0.0,0,0.0,0.0,0.0,,
2319,both_vs_none,20,0.9999999999999997,2,0.09195402298850575,0,0.0,0.0,0.0,0.0,0.0,0,0.0,0.0,0.0,,
2319,display_only_vs_none,20,0.9999999999999997,1,0.06896551724137931,0,0.0,0.0,0.0,0.0,0.0,0,0.0,0.0,0.0,,
2319,mailer_only_vs_none,20,0.9999999999999997,2,0.09195402298850575,1,0.022988505747126436,0.0,0.0,0.0,0.0,0,0.0,0.0,0.0,0.011357142857142859,0.005357142857142857
2322,both_vs_additive,20,0.9999999999999999,2,0.1764705882352941,0,0.0,0.0,0.0,0.0,0.0,0,0.0,0.0,0.0,,
2322,both_vs_none,20,1.0,3,0.21323529411764705,0,0.0,0.0,0.0,0.0,0.0,0,0.0,0.0,0.0,,
2322,display_only_vs_none,20,1.0,3,0.21323529411764705,0,0.0,0.0,0.0,0.0,0.0,0,0.0,0.0,0.0,,
2322,mailer_only_vs_none,20,1.0,4,0.2426470588235294,1,0.029411764705882353,0.029411764705882353,0.029411764705882353,0.029411764705882353,0.029411764705882353,0,0.0,0.0,0.0,0.01003608869183632,0.02095221685317171
2324,both_vs_additive,7,0.9999999999999999,1,0.13333333333333333,0,0.0,0.0,0.0,0.0,0.0,0,0.0,0.0,0.0,,
2324,both_vs_none,7,0.9999999999999999,1,0.13333333333333333,0,0.0,0.0,0.0,0.0,0.0,0,0.0,0.0,0.0,,
2324,display_only_vs_none,7,0.9999999999999999,1,0.13333333333333333,0,0.0,0.0,0.0,0.0,0.0,0,0.0,0.0,0.0,,
2324,mailer_only_vs_none,7,0.9999999999999999,1,0.13333333333333333,0,0.0,0.0,0.0,0.0,0.0,0,0.0,0.0,0.0,,
2328,both_vs_additive,20,1.0,2,0.16842105263157894,0,0.0,0.0,0.0,0.0,0.0,0,0.0,0.0,0.0,,
2328,both_vs_none,20,1.0,2,0.16842105263157894,0,0.0,0.0,0.0,0.0,0.0,0,0.0,0.0,0.0,,
2328,display_only_vs_none,20,1.0,3,0.2421052631578947,0,0.0,0.0,0.0,0.0,0.0,0,0.0,0.0,0.0,,
2328,mailer_only_vs_none,20,1.0,3,0.2421052631578947,0,0.0,0.0,0.0,0.0,0.0,0,0.0,0.0,0.0,,
2329,both_vs_additive,20,1.0,4,0.2,3,0.11428571428571428,0.07142857142857142,0.07142857142857142,0.07142857142857142,0.07142857142857142,0,0.0,0.0,0.0,0.01448553117139693,0.001087106471579551
2329,both_vs_none,20,1.0,4,0.2,3,0.11428571428571428,0.04285714285714286,0.04285714285714286,0.04285714285714286,0.04285714285714286,0,0.0,0.0,0.0,0.006857107659497365,0.0032528409090909092
2329,display_only_vs_none,20,1.0,5,0.30000000000000004,4,0.2142857142857143,0.0,0.04285714285714286,0.04285714285714286,0.0,0,0.0,0.0,0.0,-0.030712374674466175,-0.007689740137043963
2329,mailer_only_vs_none,20,1.0,4,0.2,3,0.11428571428571428,0.0,0.0,0.0,0.0,0,0.0,0.0,0.0,-0.002512557435254803,0.0016096431490783055
2331,both_vs_additive,20,0.9999999999999998,5,0.2577319587628866,3,0.16494845360824742,0.05154639175257732,0.0,0.05154639175257732,0.0,0,0.0,0.0,0.0,-0.010877066216698835,-0.0027881326144368387
2331,both_vs_none,20,0.9999999999999997,6,0.31958762886597936,3,0.16494845360824742,0.061855670103092786,0.061855670103092786,0.061855670103092786,0.061855670103092786,0,0.0,0.0,0.0,0.011061102692866127,0.004307390932981622
2331,display_only_vs_none,20,0.9999999999999998,7,0.36082474226804123,3,0.16494845360824742,0.1134020618556701,0.061855670103092786,0.1134020618556701,0.061855670103092786,0,0.0,0.0,0.0,0.010403314886088205,0.0016215122479288791
2331,mailer_only_vs_none,20,0.9999999999999998,5,0.2577319587628866,3,0.16494845360824742,0.1134020618556701,0.1134020618556701,0.1134020618556701,0.1134020618556701,0,0.0,0.0,0.0,0.010154962217105032,0.007885885558632042
2334,both_vs_additive,20,1.0,4,0.3047619047619048,1,0.0380952380952381,0.0380952380952381,0.0380952380952381,0.0380952380952381,0.0380952380952381,0,0.0,0.0,0.0,0.04707257094757097,0.001875338705122074
2334,both_vs_none,20,1.0,5,0.33333333333333337,2,0.0761904761904762,0.0380952380952381,0.0380952380952381,0.0380952380952381,0.0380952380952381,0,0.0,0.0,0.0,0.0017782006432681078,0.0001959255415027521
2334,display_only_vs_none,20,1.0,6,0.36190476190476195,3,0.10476190476190476,0.0380952380952381,0.0380952380952381,0.0380952380952381,0.0380952380952381,0,0.0,0.0,0.0,-0.010038494451922769,-0.001775416240671753
2334,mailer_only_vs_none,20,1.0,5,0.33333333333333337,2,0.0761904761904762,0.0380952380952381,0.0,0.0380952380952381,0.0,0,0.0,0.0,0.0,0.02957971539356238,0.004856341575091576
2336,both_vs_additive,20,0.9999999999999997,6,0.3921568627450981,2,0.09803921568627451,0.0,0.0,0.0,0.0,0,0.0,0.0,0.0,-0.01675300736744974,-0.012419692214512161
2336,both_vs_none,20,0.9999999999999997,8,0.47058823529411764,3,0.1568627450980392,0.09803921568627451,0.058823529411764705,0.09803921568627451,0.058823529411764705,0,0.0,0.0,0.0,0.007998583409608497,0.004806442605173846
2336,display_only_vs_none,20,0.9999999999999997,7,0.43137254901960786,3,0.1568627450980392,0.058823529411764705,0.0,0.058823529411764705,0.0,1,0.058823529411764705,0.0,0.0,0.005865705745603918,0.0007427005238054005
2336,mailer_only_vs_none,20,0.9999999999999997,8,0.47058823529411764,4,0.21568627450980393,0.1568627450980392,0.11764705882352941,0.1568627450980392,0.11764705882352941,1,0.058823529411764705,0.0,0.0,0.006069417021043423,0.0036155472519525233
2337,both_vs_additive,20,0.9999999999999998,3,0.11976047904191617,1,0.023952095808383235,0.023952095808383235,0.0,0.023952095808383235,0.0,0,0.0,0.0,0.0,0.011671364168835293,0.017323537206823055
2337,both_vs_none,20,0.9999999999999998,3,0.11976047904191617,1,0.023952095808383235,0.0,0.0,0.0,0.0,0,0.0,0.0,0.0,0.005561485543565981,0.003282490860840013
2337,display_only_vs_none,20,0.9999999999999998,3,0.11976047904191617,1,0.023952095808383235,0.0,0.0,0.0,0.0,0,0.0,0.0,0.0,-0.003823214757803252,-0.008058654834500863
2337,mailer_only_vs_none,20,0.9999999999999998,4,0.1497005988023952,1,0.023952095808383235,0.0,0.0,0.0,0.0,0,0.0,0.0,0.0,-0.002947056335088158,-0.005982391511482188
2340,both_vs_additive,11,0.9999999999999998,3,0.3076923076923077,2,0.23076923076923078,0.11538461538461539,0.11538461538461539,0.11538461538461539,0.11538461538461539,0,0.0,0.0,0.0,0.012758243319135864,0.012570434951483755
2340,both_vs_none,11,0.9999999999999998,3,0.3076923076923077,2,0.23076923076923078,0.23076923076923078,0.23076923076923078,0.23076923076923078,0.23076923076923078,0,0.0,0.0,0.0,0.023897617390864604,0.01360501386647234
2340,display_only_vs_none,11,0.9999999999999998,3,0.3076923076923077,2,0.23076923076923078,0.11538461538461539,0.11538461538461539,0.11538461538461539,0.11538461538461539,0,0.0,0.0,0.0,0.0018726336367440217,-0.0014735361899227476
2340,mailer_only_vs_none,11,0.9999999999999998,3,0.3076923076923077,2,0.23076923076923078,0.11538461538461539,0.11538461538461539,0.11538461538461539,0.11538461538461539,0,0.0,0.0,0.0,0.009202481432385001,0.009877217479342722
2341,both_vs_additive,20,1.0000000000000002,5,0.23308270676691728,2,0.08270676691729323,0.045112781954887216,0.0,0.045112781954887216,0.0,0,0.0,0.0,0.0,-0.0018803643551248196,0.0027442887378655713
2341,both_vs_none,20,1.0000000000000002,5,0.23308270676691728,2,0.08270676691729323,0.0,0.0,0.0,0.0,0,0.0,0.0,0.0,0.002408728295961394,0.0013984687656082046
2341,display_only_vs_none,20,1.0000000000000002,5,0.23308270676691728,2,0.08270676691729323,0.03759398496240601,0.0,0.03759398496240601,0.0,0,0.0,0.0,0.0,0.00187717045346654,-0.00195354114753977
2341,mailer_only_vs_none,20,1.0000000000000002,5,0.23308270676691728,2,0.08270676691729323,0.03759398496240601,0.03759398496240601,0.03759398496240601,0.03759398496240601,0,0.0,0.0,0.0,0.0015017975096724865,-0.0003580628498001059
2342,both_vs_additive,11,0.9999999999999999,2,0.23333333333333334,0,0.0,0.0,0.0,0.0,0.0,0,0.0,0.0,0.0,,
2342,both_vs_none,11,0.9999999999999999,4,0.39999999999999997,1,0.06666666666666667,0.0,0.0,0.0,0.0,0,0.0,0.0,0.0,-0.02046746770727413,-0.0004746749343554468
2342,display_only_vs_none,11,0.9999999999999999,3,0.3,1,0.06666666666666667,0.0,0.0,0.0,0.0,1,0.06666666666666667,0.06666666666666667,0.06666666666666667,0.009029183535762486,0.0002709741435458367
2342,mailer_only_vs_none,11,0.9999999999999999,5,0.5,1,0.1,0.1,0.1,0.1,0.1,0,0.0,0.0,0.0,0.01003608869183632,0.020952216853171706
2345,both_vs_additive,20,0.9999999999999999,6,0.3584905660377358,2,0.07547169811320754,0.0,0.03773584905660377,0.03773584905660377,0.0,0,0.0,0.0,0.0,-0.0010727009938968181,0.003548684261927552
2345,both_vs_none,20,0.9999999999999999,7,0.3962264150943396,3,0.1320754716981132,0.09433962264150944,0.09433962264150944,0.09433962264150944,0.09433962264150944,0,0.0,0.0,0.0,0.021706947215430168,0.009932891249900815
2345,display_only_vs_none,20,0.9999999999999999,7,0.43396226415094336,4,0.20754716981132074,0.16981132075471697,0.1320754716981132,0.16981132075471697,0.1320754716981132,0,0.0,0.0,0.0,0.01641977387522698,0.0051817354313181
2345,mailer_only_vs_none,20,0.9999999999999999,7,0.3962264150943396,3,0.11320754716981132,0.03773584905660377,0.03773584905660377,0.03773584905660377,0.03773584905660377,0,0.0,0.0,0.0,0.012495572201049934,0.005125937406372351
2348,both_vs_additive,6,1.0,0,0.0,0,0.0,0.0,0.0,0.0,0.0,0,0.0,0.0,0.0,,
2348,both_vs_none,6,1.0,0,0.0,0,0.0,0.0,0.0,0.0,0.0,0,0.0,0.0,0.0,,
2348,display_only_vs_none,6,1.0,0,0.0,0,0.0,0.0,0.0,0.0,0.0,0,0.0,0.0,0.0,,
2348,mailer_only_vs_none,6,1.0,0,0.0,0,0.0,0.0,0.0,0.0,0.0,0,0.0,0.0,0.0,,
2351,both_vs_additive,20,0.9999999999999994,2,0.1643835616438356,1,0.0547945205479452,0.0,0.0,0.0,0.0,0,0.0,0.0,0.0,-0.009428287658487113,-6.331144583812676e-05
2351,both_vs_none,20,0.9999999999999994,5,0.3150684931506849,1,0.0547945205479452,0.0547945205479452,0.0547945205479452,0.0547945205479452,0.0547945205479452,0,0.0,0.0,0.0,0.046018653838346926,0.017053027445988855
2351,display_only_vs_none,20,0.9999999999999994,2,0.1643835616438356,1,0.0547945205479452,0.0547945205479452,0.0547945205479452,0.0547945205479452,0.0547945205479452,0,0.0,0.0,0.0,0.026171438105598695,0.007455165327337752
2351,mailer_only_vs_none,20,0.9999999999999994,5,0.3150684931506849,1,0.0547945205479452,0.0547945205479452,0.0547945205479452,0.0547945205479452,0.0547945205479452,0,0.0,0.0,0.0,0.03505704365079365,0.013416005291005291
2354,both_vs_additive,20,0.9999999999999999,3,0.16176470588235295,0,0.0,0.0,0.0,0.0,0.0,0,0.0,0.0,0.0,,
2354,both_vs_none,20,0.9999999999999999,3,0.16176470588235295,1,0.029411764705882353,0.029411764705882353,0.029411764705882353,0.029411764705882353,0.029411764705882353,0,0.0,0.0,0.0,0.009946581196581199,0.004896723646723647
2354,display_only_vs_none,20,0.9999999999999999,3,0.16176470588235295,1,0.029411764705882353,0.029411764705882353,0.029411764705882353,0.029411764705882353,0.029411764705882353,0,0.0,0.0,0.0,0.018516409164775406,0.007250766294843045
2354,mailer_only_vs_none,20,0.9999999999999999,5,0.2647058823529412,2,0.058823529411764705,0.029411764705882353,0.0,0.029411764705882353,0.0,1,0.029411764705882353,0.0,0.0,0.02797254805110092,-0.0016462793671845385
2356,both_vs_additive,20,1.0000000000000002,6,0.32999999999999996,1,0.04,0.0,0.0,0.0,0.0,0,0.0,0.0,0.0,-0.020455829649273415,-0.007092941439589707
2356,both_vs_none,20,1.0000000000000004,6,0.32999999999999996,1,0.04,0.04,0.04,0.04,0.04,1,0.04,0.0,0.04,0.010873397435897436,0.006944444444444444
2356,display_only_vs_none,20,1.0000000000000004,6,0.32999999999999996,1,0.04,0.0,0.04,0.04,0.0,1,0.04,0.0,0.04,0.009214285714285715,0.0071428571428571435
2356,mailer_only_vs_none,20,1.0000000000000002,7,0.36999999999999994,2,0.08,0.04,0.04,0.04,0.04,0,0.0,0.0,0.0,0.004405269352880009,0.01305403776675907
2358,both_vs_additive,9,0.9999999999999996,0,0.0,0,0.0,0.0,0.0,0.0,0.0,0,0.0,0.0,0.0,,
2358,both_vs_none,9,0.9999999999999996,0,0.0,0,0.0,0.0,0.0,0.0,0.0,0,0.0,0.0,0.0,,
2358,display_only_vs_none,9,0.9999999999999996,0,0.0,0,0.0,0.0,0.0,0.0,0.0,0,0.0,0.0,0.0,,
2358,mailer_only_vs_none,9,0.9999999999999996,0,0.0,0,0.0,0.0,0.0,0.0,0.0,0,0.0,0.0,0.0,,
2360,both_vs_additive,20,0.9999999999999999,2,0.1904761904761905,1,0.0380952380952381,0.0380952380952381,0.0380952380952381,0.0380952380952381,0.0380952380952381,0,0.0,0.0,0.0,0.16836150148988288,0.04128756979795421
2360,both_vs_none,20,0.9999999999999999,3,0.2285714285714286,1,0.0380952380952381,0.0,0.0,0.0,0.0,0,0.0,0.0,0.0,-0.07045406843319933,-0.0015695903236861222
2360,display_only_vs_none,20,0.9999999999999999,5,0.3047619047619048,1,0.0380952380952381,0.0,0.0,0.0,0.0,0,0.0,0.0,0.0,-0.10056833513172979,-0.016514079457296535
2360,mailer_only_vs_none,20,0.9999999999999999,5,0.3047619047619048,3,0.12380952380952381,0.0380952380952381,0.0380952380952381,0.0380952380952381,0.0380952380952381,0,0.0,0.0,0.0,-0.043947395633412684,-0.004196552291407646
2361,both_vs_additive,19,0.9999999999999997,3,0.1956521739130435,1,0.043478260869565216,0.043478260869565216,0.0,0.043478260869565216,0.0,0,0.0,0.0,0.0,0.007468705092873996,0.0003739767027040597
2361,both_vs_none,19,0.9999999999999997,3,0.1956521739130435,1,0.043478260869565216,0.043478260869565216,0.043478260869565216,0.043478260869565216,0.043478260869565216,0,0.0,0.0,0.0,0.013535266295423714,0.004887377739701576
2361,display_only_vs_none,19,0.9999999999999997,5,0.30434782608695654,1,0.043478260869565216,0.043478260869565216,0.043478260869565216,0.043478260869565216,0.043478260869565216,0,0.0,0.0,0.0,0.013021726976733407,0.006709431026303735
2361,mailer_only_vs_none,19,0.9999999999999997,6,0.34782608695652173,2,0.10869565217391304,0.0,0.0,0.0,0.0,0,0.0,0.0,0.0,-0.008900050167512155,-0.004537987561483779
2366,both_vs_additive,16,1.0000000000000004,3,0.2195121951219512,2,0.14634146341463417,0.0975609756097561,0.0,0.0975609756097561,0.0,0,0.0,0.0,0.0,-0.007402181656555746,0.0038899905904905647
2366,both_vs_none,16,1.0000000000000004,3,0.2195121951219512,2,0.14634146341463417,0.0,0.0,0.0,0.0,0,0.0,0.0,0.0,0.0037076570290439878,0.0021883272405600084
2366,display_only_vs_none,16,1.0000000000000002,4,0.26829268292682923,2,0.14634146341463417,0.0,0.0,0.0,0.0,0,0.0,0.0,0.0,-0.005799138213863876,-0.006829671451068803
2366,mailer_only_vs_none,16,1.0000000000000004,3,0.2195121951219512,2,0.14634146341463417,0.0,0.0,0.0,0.0,0,0.0,0.0,0.0,-0.0015586195673074493,-0.0036245043938981777
2370,both_vs_additive,20,0.9999999999999994,3,0.17777777777777778,1,0.044444444444444446,0.044444444444444446,0.044444444444444446,0.044444444444444446,0.044444444444444446,0,0.0,0.0,0.0,0.16836150148988288,0.04128756979795421
2370,both_vs_none,20,0.9999999999999994,3,0.17777777777777778,1,0.044444444444444446,0.0,0.0,0.0,0.0,0,0.0,0.0,0.0,-0.07045406843319933,-0.0015695903236861222
2370,display_only_vs_none,20,0.9999999999999994,4,0.22222222222222224,1,0.044444444444444446,0.0,0.0,0.0,0.0,0,0.0,0.0,0.0,-0.10056833513172979,-0.016514079457296535
2370,mailer_only_vs_none,20,0.9999999999999994,4,0.22222222222222224,1,0.044444444444444446,0.0,0.0,0.0,0.0,0,0.0,0.0,0.0,-0.13824723479135242,-0.026096656611362498
2371,both_vs_additive,8,0.9999999999999999,1,0.14814814814814814,0,0.0,0.0,0.0,0.0,0.0,0,0.0,0.0,0.0,,
2371,both_vs_none,8,0.9999999999999999,1,0.14814814814814814,0,0.0,0.0,0.0,0.0,0.0,0,0.0,0.0,0.0,,
2371,display_only_vs_none,8,0.9999999999999999,1,0.14814814814814814,0,0.0,0.0,0.0,0.0,0.0,0,0.0,0.0,0.0,,
2371,mailer_only_vs_none,8,0.9999999999999999,1,0.14814814814814814,0,0.0,0.0,0.0,0.0,0.0,0,0.0,0.0,0.0,,
2374,both_vs_additive,20,0.9999999999999997,1,0.1346153846153846,1,0.1346153846153846,0.1346153846153846,0.1346153846153846,0.1346153846153846,0.1346153846153846,0,0.0,0.0,0.0,0.16836150148988288,0.04128756979795421
2374,both_vs_none,20,0.9999999999999997,1,0.1346153846153846,1,0.1346153846153846,0.0,0.0,0.0,0.0,0,0.0,0.0,0.0,-0.07045406843319933,-0.0015695903236861222
2374,display_only_vs_none,20,0.9999999999999998,3,0.21153846153846154,1,0.1346153846153846,0.0,0.0,0.0,0.0,0,0.0,0.0,0.0,-0.10056833513172979,-0.016514079457296535
2374,mailer_only_vs_none,20,0.9999999999999998,3,0.21153846153846154,1,0.1346153846153846,0.0,0.0,0.0,0.0,0,0.0,0.0,0.0,-0.13824723479135242,-0.026096656611362498
2376,both_vs_additive,20,0.9999999999999996,6,0.3333333333333333,3,0.14583333333333331,0.10416666666666666,0.0625,0.10416666666666666,0.0625,0,0.0,0.0,0.0,0.009226023070912692,0.007791298722817414
2376,both_vs_none,20,0.9999999999999996,6,0.3333333333333333,4,0.20833333333333331,0.0625,0.0625,0.0625,0.0625,0,0.0,0.0,0.0,0.014349119167285729,0.008586706852376684
2376,display_only_vs_none,20,0.9999999999999996,6,0.3333333333333333,4,0.20833333333333331,0.0625,0.0625,0.0625,0.0625,0,0.0,0.0,0.0,0.000829105302136989,-3.7193020958630184e-05
2376,mailer_only_vs_none,20,0.9999999999999996,6,0.3333333333333333,3,0.14583333333333331,0.0,0.0,0.0,0.0,0,0.0,0.0,0.0,-0.00037033901505618245,-0.0029180449693520616
2377,both_vs_additive,13,0.9999999999999999,4,0.18749999999999997,2,0.08333333333333333,0.0,0.0,0.0,0.0,2,0.08333333333333333,0.041666666666666664,0.041666666666666664,0.0022173781220885492,0.0006197783691064642
2377,both_vs_none,13,0.9999999999999999,4,0.18749999999999997,2,0.08333333333333333,0.041666666666666664,0.041666666666666664,0.041666666666666664,0.041666666666666664,2,0.08333333333333333,0.0,0.0,0.006348956329912008,0.0024454493516127863
2377,display_only_vs_none,13,0.9999999999999999,4,0.18749999999999997,2,0.08333333333333333,0.0,0.08333333333333333,0.08333333333333333,0.0,2,0.08333333333333333,0.0,0.08333333333333333,-0.0004645247152440245,0.0035618811309324704
2377,mailer_only_vs_none,13,0.9999999999999999,4,0.18749999999999997,2,0.08333333333333333,0.041666666666666664,0.0,0.041666666666666664,0.0,2,0.08333333333333333,0.0,0.041666666666666664,0.00042064711330922703,0.0006622963891985629
2378,both_vs_additive,16,1.0000000000000002,6,0.3571428571428571,3,0.16666666666666666,0.11904761904761904,0.047619047619047616,0.16666666666666666,0.0,0,0.0,0.0,0.0,0.005813406615721705,0.009513549146806083
2378,both_vs_none,16,1.0000000000000002,6,0.3571428571428571,3,0.16666666666666666,0.09523809523809523,0.09523809523809523,0.09523809523809523,0.09523809523809523,0,0.0,0.0,0.0,0.013802033711049122,0.007011084386705858
2378,display_only_vs_none,16,1.0000000000000002,7,0.4047619047619047,3,0.16666666666666666,0.09523809523809523,0.047619047619047616,0.09523809523809523,0.047619047619047616,0,0.0,0.0,0.0,0.00285246851596541,-0.0021464439053343978
2378,mailer_only_vs_none,16,1.0000000000000002,6,0.3571428571428571,3,0.16666666666666666,0.047619047619047616,0.047619047619047616,0.047619047619047616,0.047619047619047616,0,0.0,0.0,0.0,0.005494992666464947,-5.7653051263644546e-05
2381,both_vs_additive,13,1.0000000000000004,2,0.14634146341463417,1,0.0975609756097561,0.0975609756097561,0.0975609756097561,0.0975609756097561,0.0975609756097561,1,0.0975609756097561,0.0,0.0,0.030309441978264535,0.022249060745474225
2381,both_vs_none,13,1.0000000000000004,2,0.14634146341463417,1,0.0975609756097561,0.0,0.0,0.0,0.0,1,0.0975609756097561,0.0,0.0,-0.009896729395254995,-0.0022554718493841587
2381,display_only_vs_none,13,1.0000000000000004,2,0.14634146341463417,1,0.0975609756097561,0.0,0.0,0.0,0.0,1,0.0975609756097561,0.0975609756097561,0.0975609756097561,-0.020609755031117245,-0.01295828469122752
2381,mailer_only_vs_none,13,1.0000000000000002,3,0.1951219512195122,1,0.0975609756097561,0.0,0.0,0.0,0.0,1,0.0975609756097561,0.0975609756097561,0.0975609756097561,-0.02006837606837607,-0.009401709401709403
2384,both_vs_additive,18,0.9999999999999997,1,0.09090909090909091,0,0.0,0.0,0.0,0.0,0.0,1,0.09090909090909091,0.0,0.0,,
2384,both_vs_none,18,0.9999999999999997,2,0.13636363636363635,0,0.0,0.0,0.0,0.0,0.0,1,0.09090909090909091,0.09090909090909091,0.09090909090909091,,
2384,display_only_vs_none,18,0.9999999999999997,3,0.18181818181818182,1,0.045454545454545456,0.0,0.0,0.0,0.0,1,0.09090909090909091,0.09090909090909091,0.09090909090909091,-0.01974849775946594,-0.01820034245384567
2384,mailer_only_vs_none,18,0.9999999999999997,2,0.13636363636363635,0,0.0,0.0,0.0,0.0,0.0,1,0.09090909090909091,0.09090909090909091,0.09090909090909091,,
2391,both_vs_additive,9,1.0,2,0.3142857142857143,0,0.0,0.0,0.0,0.0,0.0,0,0.0,0.0,0.0,,
2391,both_vs_none,9,1.0,2,0.3142857142857143,0,0.0,0.0,0.0,0.0,0.0,0,0.0,0.0,0.0,,
2391,display_only_vs_none,9,1.0,2,0.3142857142857143,0,0.0,0.0,0.0,0.0,0.0,0,0.0,0.0,0.0,,
2391,mailer_only_vs_none,9,1.0,2,0.3142857142857143,0,0.0,0.0,0.0,0.0,0.0,0,0.0,0.0,0.0,,
2395,both_vs_additive,20,1.0000000000000002,4,0.21000000000000002,1,0.07,0.07,0.07,0.07,0.07,0,0.0,0.0,0.0,0.0491294345369339,0.03471983002641545
2395,both_vs_none,20,1.0000000000000002,4,0.21000000000000002,1,0.07,0.07,0.07,0.07,0.07,0,0.0,0.0,0.0,0.021788048552754433,0.017740429505135387
2395,display_only_vs_none,20,1.0000000000000002,4,0.21000000000000002,1,0.07,0.0,0.0,0.0,0.0,0,0.0,0.0,0.0,-0.019918224131757967,-0.009509488005728607
2395,mailer_only_vs_none,20,1.0000000000000002,6,0.37,1,0.07,0.0,0.0,0.0,0.0,0,0.0,0.0,0.0,-0.005430464890595826,-0.0009339765037198257
2398,both_vs_additive,10,0.9999999999999998,0,0.0,0,0.0,0.0,0.0,0.0,0.0,0,0.0,0.0,0.0,,
2398,both_vs_none,10,0.9999999999999998,0,0.0,0,0.0,0.0,0.0,0.0,0.0,0,0.0,0.0,0.0,,
2398,display_only_vs_none,10,0.9999999999999998,0,0.0,0,0.0,0.0,0.0,0.0,0.0,0,0.0,0.0,0.0,,
2398,mailer_only_vs_none,10,0.9999999999999998,1,0.07692307692307693,0,0.0,0.0,0.0,0.0,0.0,0,0.0,0.0,0.0,,
2405,both_vs_additive,8,1.0000000000000002,1,0.1111111111111111,0,0.0,0.0,0.0,0.0,0.0,0,0.0,0.0,0.0,,
2405,both_vs_none,8,1.0,2,0.2222222222222222,0,0.0,0.0,0.0,0.0,0.0,0,0.0,0.0,0.0,,
2405,display_only_vs_none,8,1.0,3,0.3333333333333333,1,0.1111111111111111,0.0,0.0,0.0,0.0,0,0.0,0.0,0.0,-0.007879090233219088,-0.003754578754578755
2405,mailer_only_vs_none,8,1.0000000000000002,1,0.1111111111111111,0,0.0,0.0,0.0,0.0,0.0,0,0.0,0.0,0.0,,
2406,both_vs_additive,17,1.0000000000000004,3,0.26190476190476186,0,0.0,0.0,0.0,0.0,0.0,0,0.0,0.0,0.0,,
2406,both_vs_none,17,1.0000000000000004,3,0.26190476190476186,1,0.047619047619047616,0.047619047619047616,0.047619047619047616,0.047619047619047616,0.047619047619047616,0,0.0,0.0,0.0,0.009946581196581199,0.004896723646723647
2406,display_only_vs_none,17,1.0000000000000004,3,0.26190476190476186,1,0.047619047619047616,0.047619047619047616,0.047619047619047616,0.047619047619047616,0.047619047619047616,0,0.0,0.0,0.0,0.018516409164775406,0.007250766294843045
2406,mailer_only_vs_none,17,1.0000000000000004,3,0.26190476190476186,1,0.047619047619047616,0.047619047619047616,0.0,0.047619047619047616,0.0,0,0.0,0.0,0.0,0.06360998023767421,0.008201694139194141
2407,both_vs_additive,20,0.9999999999999997,4,0.25,3,0.20588235294117646,0.16176470588235292,0.0,0.16176470588235292,0.0,1,0.058823529411764705,0.058823529411764705,0.058823529411764705,0.006108876012901802,0.011189484427782484
2407,both_vs_none,20,0.9999999999999997,4,0.25,3,0.20588235294117646,0.04411764705882353,0.10294117647058823,0.10294117647058823,0.04411764705882353,1,0.058823529411764705,0.058823529411764705,0.058823529411764705,0.014937801247347131,0.007962481121576
2407,display_only_vs_none,20,0.9999999999999997,4,0.25,3,0.20588235294117646,0.04411764705882353,0.04411764705882353,0.04411764705882353,0.04411764705882353,1,0.058823529411764705,0.0,0.0,0.002304983755911891,-0.0018723124831158417
2407,mailer_only_vs_none,20,0.9999999999999997,4,0.25,3,0.20588235294117646,0.10294117647058823,0.10294117647058823,0.10294117647058823,0.10294117647058823,1,0.058823529411764705,0.058823529411764705,0.058823529411764705,0.01002314639513814,0.001875887982516114
2410,both_vs_additive,6,0.9999999999999999,2,0.3333333333333333,1,0.16666666666666666,0.16666666666666666,0.16666666666666666,0.16666666666666666,0.16666666666666666,0,0.0,0.0,0.0,0.04912943453693389,0.03471983002641545
2410,both_vs_none,6,0.9999999999999999,2,0.3333333333333333,1,0.16666666666666666,0.16666666666666666,0.16666666666666666,0.16666666666666666,0.16666666666666666,0,0.0,0.0,0.0,0.021788048552754433,0.017740429505135387
2410,display_only_vs_none,6,0.9999999999999999,2,0.3333333333333333,1,0.16666666666666666,0.0,0.0,0.0,0.0,0,0.0,0.0,0.0,-0.019918224131757967,-0.009509488005728607
2410,mailer_only_vs_none,6,0.9999999999999999,2,0.3333333333333333,1,0.16666666666666666,0.0,0.0,0.0,0.0,0,0.0,0.0,0.0,-0.005430464890595826,-0.0009339765037198257
2415,both_vs_additive,10,1.0,2,0.13559322033898305,0,0.0,0.0,0.0,0.0,0.0,0,0.0,0.0,0.0,,
2415,both_vs_none,10,1.0,2,0.13559322033898305,1,0.1016949152542373,0.1016949152542373,0.1016949152542373,0.1016949152542373,0.1016949152542373,0,0.0,0.0,0.0,0.041662087912087906,0.01872710622710623
2415,display_only_vs_none,10,1.0,2,0.13559322033898305,1,0.1016949152542373,0.1016949152542373,0.1016949152542373,0.1016949152542373,0.1016949152542373,0,0.0,0.0,0.0,0.03919230879486297,0.014758717562443409
2415,mailer_only_vs_none,10,1.0,2,0.13559322033898305,0,0.0,0.0,0.0,0.0,0.0,0,0.0,0.0,0.0,,
2419,both_vs_additive,15,1.0000000000000002,2,0.17073170731707316,2,0.17073170731707316,0.17073170731707316,0.17073170731707316,0.17073170731707316,0.17073170731707316,0,0.0,0.0,0.0,0.1289180559151348,0.035847995782959934
2419,both_vs_none,15,1.0000000000000002,2,0.17073170731707316,2,0.17073170731707316,0.0,0.0,0.0,0.0,0,0.0,0.0,0.0,-0.05315197156521524,-0.0017655564738855614
2419,display_only_vs_none,15,1.0000000000000002,2,0.17073170731707316,2,0.17073170731707316,0.0,0.0,0.0,0.0,0,0.0,0.0,0.0,-0.07772302653155479,-0.015498138095562532
2419,mailer_only_vs_none,15,1.0000000000000002,4,0.26829268292682923,2,0.17073170731707316,0.0,0.0,0.0,0.0,0,0.0,0.0,0.0,-0.10448184658478776,-0.021326671694318757
2420,both_vs_additive,20,1.0,0,0.0,0,0.0,0.0,0.0,0.0,0.0,0,0.0,0.0,0.0,,
2420,both_vs_none,20,1.0,1,0.08860759493670886,0,0.0,0.0,0.0,0.0,0.0,0,0.0,0.0,0.0,,
2420,display_only_vs_none,20,1.0,1,0.13924050632911392,1,0.13924050632911392,0.0,0.0,0.0,0.0,0,0.0,0.0,0.0,-0.06157950872656753,-0.015847877612583494
2420,mailer_only_vs_none,20,1.0,2,0.1518987341772152,1,0.08860759493670886,0.0,0.0,0.0,0.0,0,0.0,0.0,0.0,0.011357142857142859,0.005357142857142856
2421,both_vs_additive,20,0.9999999999999998,4,0.21138211382113825,1,0.032520325203252036,0.0,0.0,0.0,0.0,1,0.032520325203252036,0.032520325203252036,0.032520325203252036,-0.020455829649273415,-0.007092941439589707
2421,both_vs_none,20,0.9999999999999998,6,0.29268292682926833,1,0.032520325203252036,0.032520325203252036,0.032520325203252036,0.032520325203252036,0.032520325203252036,1,0.032520325203252036,0.0,0.0,0.010873397435897436,0.006944444444444444
2421,display_only_vs_none,20,0.9999999999999998,6,0.28455284552845533,1,0.032520325203252036,0.0,0.032520325203252036,0.032520325203252036,0.0,1,0.032520325203252036,0.0,0.0,0.009214285714285715,0.0071428571428571435
2421,mailer_only_vs_none,20,0.9999999999999997,6,0.3008130081300813,1,0.032520325203252036,0.0,0.0,0.0,0.0,1,0.032520325203252036,0.0,0.0,-0.0012255499860763016,0.005155858680346433
2423,both_vs_additive,14,1.0,3,0.20588235294117646,1,0.058823529411764705,0.0,0.0,0.0,0.0,0,0.0,0.0,0.0,-0.009428287658487113,-6.331144583812676e-05
2423,both_vs_none,14,1.0,3,0.20588235294117646,2,0.11764705882352941,0.11764705882352941,0.11764705882352941,0.11764705882352941,0.11764705882352941,0,0.0,0.0,0.0,0.027982617517464066,0.01097487554635625
2423,display_only_vs_none,14,1.0,4,0.2647058823529412,3,0.1764705882352941,0.11764705882352941,0.11764705882352941,0.11764705882352941,0.11764705882352941,0,0.0,0.0,0.0,-0.005630553818731149,-0.00038064866346756564
2423,mailer_only_vs_none,14,1.0,3,0.20588235294117646,2,0.11764705882352941,0.11764705882352941,0.058823529411764705,0.11764705882352941,0.058823529411764705,0,0.0,0.0,0.0,0.049333511944233924,0.010808849715099718
2424,both_vs_additive,20,0.9999999999999998,5,0.23611111111111108,1,0.041666666666666664,0.041666666666666664,0.041666666666666664,0.041666666666666664,0.041666666666666664,1,0.06944444444444445,0.0,0.06944444444444445,0.014807414807414812,0.014104397981905254
2424,both_vs_none,20,0.9999999999999998,6,0.29166666666666663,2,0.09722222222222221,0.09722222222222221,0.09722222222222221,0.09722222222222221,0.09722222222222221,1,0.06944444444444445,0.0,0.0,0.00792098148301156,0.004079306936449795
2424,display_only_vs_none,20,0.9999999999999999,6,0.2777777777777778,3,0.13888888888888887,0.09722222222222221,0.09722222222222221,0.09722222222222221,0.09722222222222221,1,0.06944444444444445,0.06944444444444445,0.0,0.011983694212064553,0.0035528904163849733
2424,mailer_only_vs_none,20,0.9999999999999998,6,0.29166666666666663,3,0.15277777777777776,0.05555555555555555,0.0,0.05555555555555555,0.0,1,0.06944444444444445,0.06944444444444445,0.0,0.026413029336000943,0.003646078186519363
2425,both_vs_additive,9,1.0,1,0.09090909090909091,0,0.0,0.0,0.0,0.0,0.0,0,0.0,0.0,0.0,,
2425,both_vs_none,9,1.0,2,0.18181818181818182,0,0.0,0.0,0.0,0.0,0.0,0,0.0,0.0,0.0,,
2425,display_only_vs_none,9,1.0,1,0.09090909090909091,0,0.0,0.0,0.0,0.0,0.0,0,0.0,0.0,0.0,,
2425,mailer_only_vs_none,9,1.0,2,0.18181818181818182,0,0.0,0.0,0.0,0.0,0.0,0,0.0,0.0,0.0,,
2426,both_vs_additive,10,1.0,2,0.2195121951219512,0,0.0,0.0,0.0,0.0,0.0,0,0.0,0.0,0.0,,
2426,both_vs_none,10,1.0,3,0.26829268292682923,0,0.0,0.0,0.0,0.0,0.0,0,0.0,0.0,0.0,,
2426,display_only_vs_none,10,1.0,2,0.2195121951219512,0,0.0,0.0,0.0,0.0,0.0,0,0.0,0.0,0.0,,
2426,mailer_only_vs_none,10,1.0,3,0.26829268292682923,0,0.0,0.0,0.0,0.0,0.0,0,0.0,0.0,0.0,,
2427,both_vs_additive,20,1.0000000000000002,1,0.042105263157894736,0,0.0,0.0,0.0,0.0,0.0,0,0.0,0.0,0.0,,
2427,both_vs_none,20,1.0000000000000002,3,0.11578947368421053,0,0.0,0.0,0.0,0.0,0.0,0,0.0,0.0,0.0,,
2427,display_only_vs_none,20,1.0,2,0.0736842105263158,0,0.0,0.0,0.0,0.0,0.0,0,0.0,0.0,0.0,,
2427,mailer_only_vs_none,20,1.0000000000000002,3,0.11578947368421053,0,0.0,0.0,0.0,0.0,0.0,0,0.0,0.0,0.0,,
2430,both_vs_additive,13,1.0,3,0.2647058823529412,1,0.058823529411764705,0.0,0.0,0.0,0.0,0,0.0,0.0,0.0,-0.009428287658487113,-6.331144583812676e-05
2430,both_vs_none,13,1.0,3,0.2647058823529412,1,0.058823529411764705,0.058823529411764705,0.058823529411764705,0.058823529411764705,0.058823529411764705,0,0.0,0.0,0.0,0.046018653838346926,0.017053027445988855
2430,display_only_vs_none,13,1.0,4,0.35294117647058826,2,0.14705882352941177,0.058823529411764705,0.058823529411764705,0.058823529411764705,0.058823529411764705,0,0.0,0.0,0.0,-0.02647912999370105,-0.006526660436614996
2430,mailer_only_vs_none,13,1.0,3,0.2647058823529412,1,0.058823529411764705,0.058823529411764705,0.058823529411764705,0.058823529411764705,0.058823529411764705,0,0.0,0.0,0.0,0.03505704365079365,0.013416005291005291
2431,both_vs_additive,20,1.0000000000000004,5,0.30612244897959184,2,0.10204081632653061,0.10204081632653061,0.10204081632653061,0.10204081632653061,0.10204081632653061,0,0.0,0.0,0.0,0.02410863110992464,0.018991195640046633
2431,both_vs_none,20,1.0000000000000004,5,0.30612244897959184,2,0.10204081632653061,0.04081632653061224,0.04081632653061224,0.04081632653061224,0.04081632653061224,0,0.0,0.0,0.0,-0.0038499648911855143,-0.00015751591386329943
2431,display_only_vs_none,20,1.0000000000000004,5,0.30612244897959184,2,0.10204081632653061,0.0,0.0,0.0,0.0,1,0.04081632653061224,0.04081632653061224,0.04081632653061224,-0.013193676479216921,-0.008699098573229595
2431,mailer_only_vs_none,20,1.0000000000000004,6,0.3469387755102041,2,0.10204081632653061,0.0,0.0,0.0,0.0,1,0.04081632653061224,0.04081632653061224,0.04081632653061224,-0.013284381598793365,-0.007524824032176974
2437,both_vs_additive,11,0.9999999999999998,2,0.19230769230769232,1,0.11538461538461539,0.11538461538461539,0.11538461538461539,0.11538461538461539,0.11538461538461539,0,0.0,0.0,0.0,0.16836150148988288,0.04128756979795421
2437,both_vs_none,11,0.9999999999999998,2,0.19230769230769232,1,0.11538461538461539,0.0,0.0,0.0,0.0,0,0.0,0.0,0.0,-0.07045406843319932,-0.0015695903236861222
2437,display_only_vs_none,11,0.9999999999999998,3,0.2692307692307693,1,0.11538461538461539,0.0,0.0,0.0,0.0,0,0.0,0.0,0.0,-0.10056833513172979,-0.016514079457296535
2437,mailer_only_vs_none,11,0.9999999999999998,3,0.2692307692307693,1,0.11538461538461539,0.0,0.0,0.0,0.0,0,0.0,0.0,0.0,-0.13824723479135242,-0.026096656611362498
2439,both_vs_additive,9,0.9999999999999998,3,0.391304347826087,1,0.13043478260869565,0.0,0.0,0.0,0.0,0,0.0,0.0,0.0,-0.020455829649273415,-0.007092941439589707
2439,both_vs_none,9,0.9999999999999998,3,0.391304347826087,1,0.13043478260869565,0.13043478260869565,0.13043478260869565,0.13043478260869565,0.13043478260869565,0,0.0,0.0,0.0,0.010873397435897436,0.006944444444444444
2439,display_only_vs_none,9,0.9999999999999998,3,0.391304347826087,1,0.13043478260869565,0.0,0.13043478260869565,0.13043478260869565,0.0,0,0.0,0.0,0.0,0.009214285714285715,0.0071428571428571435
2439,mailer_only_vs_none,9,0.9999999999999998,3,0.391304347826087,1,0.13043478260869565,0.0,0.0,0.0,0.0,0,0.0,0.0,0.0,-0.0012255499860763016,0.005155858680346433
2440,both_vs_additive,7,1.0,0,0.0,0,0.0,0.0,0.0,0.0,0.0,0,0.0,0.0,0.0,,
2440,both_vs_none,7,1.0,0,0.0,0,0.0,0.0,0.0,0.0,0.0,0,0.0,0.0,0.0,,
2440,display_only_vs_none,7,1.0,0,0.0,0,0.0,0.0,0.0,0.0,0.0,0,0.0,0.0,0.0,,
2440,mailer_only_vs_none,7,1.0,0,0.0,0,0.0,0.0,0.0,0.0,0.0,0,0.0,0.0,0.0,,
2441,both_vs_additive,11,1.0,2,0.15384615384615385,0,0.0,0.0,0.0,0.0,0.0,0,0.0,0.0,0.0,,
2441,both_vs_none,11,1.0,2,0.15384615384615385,0,0.0,0.0,0.0,0.0,0.0,0,0.0,0.0,0.0,,
2441,display_only_vs_none,11,1.0,2,0.15384615384615385,0,0.0,0.0,0.0,0.0,0.0,0,0.0,0.0,0.0,,
2441,mailer_only_vs_none,11,1.0,3,0.2564102564102564,0,0.0,0.0,0.0,0.0,0.0,0,0.0,0.0,0.0,,
2443,both_vs_additive,20,0.9999999999999997,1,0.09876543209876543,0,0.0,0.0,0.0,0.0,0.0,0,0.0,0.0,0.0,,
2443,both_vs_none,20,0.9999999999999997,1,0.09876543209876543,0,0.0,0.0,0.0,0.0,0.0,0,0.0,0.0,0.0,,
2443,display_only_vs_none,20,0.9999999999999997,2,0.12345679012345678,0,0.0,0.0,0.0,0.0,0.0,1,0.024691358024691357,0.024691358024691357,0.024691358024691357,,
2443,mailer_only_vs_none,20,0.9999999999999997,2,0.12345679012345678,0,0.0,0.0,0.0,0.0,0.0,1,0.024691358024691357,0.024691358024691357,0.024691358024691357,,
2445,both_vs_additive,20,0.9999999999999999,2,0.1607142857142857,0,0.0,0.0,0.0,0.0,0.0,0,0.0,0.0,0.0,,
2445,both_vs_none,20,0.9999999999999999,2,0.1607142857142857,0,0.0,0.0,0.0,0.0,0.0,0,0.0,0.0,0.0,,
2445,display_only_vs_none,20,0.9999999999999999,2,0.1607142857142857,0,0.0,0.0,0.0,0.0,0.0,0,0.0,0.0,0.0,,
2445,mailer_only_vs_none,20,0.9999999999999999,2,0.1607142857142857,0,0.0,0.0,0.0,0.0,0.0,0,0.0,0.0,0.0,,
2447,both_vs_additive,20,1.0,0,0.0,0,0.0,0.0,0.0,0.0,0.0,0,0.0,0.0,0.0,,
2447,both_vs_none,20,1.0,0,0.0,0,0.0,0.0,0.0,0.0,0.0,0,0.0,0.0,0.0,,
2447,display_only_vs_none,20,1.0,0,0.0,0,0.0,0.0,0.0,0.0,0.0,0,0.0,0.0,0.0,,
2447,mailer_only_vs_none,20,1.0,1,0.03007518796992481,0,0.0,0.0,0.0,0.0,0.0,1,0.03007518796992481,0.03007518796992481,0.03007518796992481,,
2448,both_vs_additive,20,1.0000000000000002,2,0.16393442622950818,0,0.0,0.0,0.0,0.0,0.0,1,0.0546448087431694,0.0,0.0,,
2448,both_vs_none,20,1.0000000000000002,2,0.16393442622950818,0,0.0,0.0,0.0,0.0,0.0,1,0.0546448087431694,0.0546448087431694,0.0546448087431694,,
2448,display_only_vs_none,20,1.0,4,0.28415300546448086,1,0.08196721311475409,0.0,0.0,0.0,0.0,2,0.09289617486338797,0.09289617486338797,0.09289617486338797,-0.06157950872656754,-0.015847877612583494
2448,mailer_only_vs_none,20,1.0000000000000002,3,0.1912568306010929,0,0.0,0.0,0.0,0.0,0.0,1,0.0546448087431694,0.0546448087431694,0.0546448087431694,,
2449,both_vs_additive,20,1.0,2,0.14960629921259844,0,0.0,0.0,0.0,0.0,0.0,0,0.0,0.0,0.0,,
2449,both_vs_none,20,1.0,2,0.14960629921259844,0,0.0,0.0,0.0,0.0,0.0,0,0.0,0.0,0.0,,
2449,display_only_vs_none,20,1.0,2,0.14960629921259844,0,0.0,0.0,0.0,0.0,0.0,0,0.0,0.0,0.0,,
2449,mailer_only_vs_none,20,1.0,2,0.14960629921259844,0,0.0,0.0,0.0,0.0,0.0,0,0.0,0.0,0.0,,
2450,both_vs_additive,17,0.9999999999999998,2,0.13953488372093023,1,0.09302325581395349,0.09302325581395349,0.09302325581395349,0.09302325581395349,0.09302325581395349,0,0.0,0.0,0.0,0.16836150148988288,0.04128756979795421
2450,both_vs_none,17,0.9999999999999998,3,0.18604651162790697,2,0.13953488372093023,0.046511627906976744,0.046511627906976744,0.046511627906976744,0.046511627906976744,0,0.0,0.0,0.0,-0.04365385188993916,0.0005858476664504675
2450,display_only_vs_none,17,0.9999999999999998,2,0.13953488372093023,2,0.13953488372093023,0.046511627906976744,0.046511627906976744,0.046511627906976744,0.046511627906976744,0,0.0,0.0,0.0,-0.06087342036622805,-0.008592464206583342
2450,mailer_only_vs_none,17,0.9999999999999998,3,0.18604651162790697,2,0.13953488372093023,0.046511627906976744,0.0,0.046511627906976744,0.0,0,0.0,0.0,0.0,-0.07096149644834354,-0.01466387302784362
2451,both_vs_additive,20,1.0,2,0.10619469026548672,0,0.0,0.0,0.0,0.0,0.0,0,0.0,0.0,0.0,,
2451,both_vs_none,20,1.0,3,0.18584070796460178,0,0.0,0.0,0.0,0.0,0.0,0,0.0,0.0,0.0,,
2451,display_only_vs_none,20,1.0,2,0.10619469026548672,0,0.0,0.0,0.0,0.0,0.0,0,0.0,0.0,0.0,,
2451,mailer_only_vs_none,20,1.0,4,0.22123893805309736,0,0.0,0.0,0.0,0.0,0.0,0,0.0,0.0,0.0,,
2452,both_vs_additive,20,0.9999999999999997,3,0.21568627450980393,0,0.0,0.0,0.0,0.0,0.0,0,0.0,0.0,0.0,,
2452,both_vs_none,20,0.9999999999999997,3,0.21568627450980393,0,0.0,0.0,0.0,0.0,0.0,0,0.0,0.0,0.0,,
2452,display_only_vs_none,20,0.9999999999999997,4,0.2549019607843137,0,0.0,0.0,0.0,0.0,0.0,0,0.0,0.0,0.0,,
2452,mailer_only_vs_none,20,0.9999999999999997,5,0.33333333333333337,0,0.0,0.0,0.0,0.0,0.0,0,0.0,0.0,0.0,,
2453,both_vs_additive,10,1.0,1,0.15151515151515152,1,0.15151515151515152,0.15151515151515152,0.15151515151515152,0.15151515151515152,0.15151515151515152,0,0.0,0.0,0.0,0.16836150148988288,0.04128756979795421
2453,both_vs_none,10,1.0,1,0.15151515151515152,1,0.15151515151515152,0.0,0.0,0.0,0.0,0,0.0,0.0,0.0,-0.07045406843319933,-0.0015695903236861222
2453,display_only_vs_none,10,1.0,1,0.15151515151515152,1,0.15151515151515152,0.0,0.0,0.0,0.0,0,0.0,0.0,0.0,-0.10056833513172979,-0.016514079457296535
2453,mailer_only_vs_none,10,1.0,1,0.15151515151515152,1,0.15151515151515152,0.0,0.0,0.0,0.0,0,0.0,0.0,0.0,-0.13824723479135242,-0.026096656611362495
2455,both_vs_additive,7,1.0,1,0.2631578947368421,0,0.0,0.0,0.0,0.0,0.0,0,0.0,0.0,0.0,,
2455,both_vs_none,7,1.0,1,0.2631578947368421,0,0.0,0.0,0.0,0.0,0.0,0,0.0,0.0,0.0,,
2455,display_only_vs_none,7,1.0,1,0.2631578947368421,0,0.0,0.0,0.0,0.0,0.0,0,0.0,0.0,0.0,,
2455,mailer_only_vs_none,7,1.0,1,0.2631578947368421,0,0.0,0.0,0.0,0.0,0.0,0,0.0,0.0,0.0,,
2456,both_vs_additive,14,0.9999999999999999,2,0.16666666666666669,0,0.0,0.0,0.0,0.0,0.0,0,0.0,0.0,0.0,,
2456,both_vs_none,14,0.9999999999999999,2,0.16666666666666669,0,0.0,0.0,0.0,0.0,0.0,0,0.0,0.0,0.0,,
2456,display_only_vs_none,14,0.9999999999999999,2,0.16666666666666669,0,0.0,0.0,0.0,0.0,0.0,0,0.0,0.0,0.0,,
2456,mailer_only_vs_none,14,0.9999999999999999,2,0.16666666666666669,0,0.0,0.0,0.0,0.0,0.0,0,0.0,0.0,0.0,,
2457,both_vs_additive,15,0.9999999999999996,2,0.14893617021276595,0,0.0,0.0,0.0,0.0,0.0,0,0.0,0.0,0.0,,
2457,both_vs_none,15,0.9999999999999997,3,0.19148936170212766,0,0.0,0.0,0.0,0.0,0.0,0,0.0,0.0,0.0,,
2457,display_only_vs_none,15,0.9999999999999996,2,0.14893617021276595,0,0.0,0.0,0.0,0.0,0.0,0,0.0,0.0,0.0,,
2457,mailer_only_vs_none,15,0.9999999999999997,4,0.23404255319148937,1,0.0425531914893617,0.0425531914893617,0.0425531914893617,0.0425531914893617,0.0425531914893617,0,0.0,0.0,0.0,0.01003608869183632,0.020952216853171706
2459,both_vs_additive,20,0.9999999999999999,2,0.19545454545454544,0,0.0,0.0,0.0,0.0,0.0,0,0.0,0.0,0.0,,
2459,both_vs_none,20,0.9999999999999999,2,0.19545454545454544,0,0.0,0.0,0.0,0.0,0.0,0,0.0,0.0,0.0,,
2459,display_only_vs_none,20,0.9999999999999999,5,0.4136363636363637,0,0.0,0.0,0.0,0.0,0.0,0,0.0,0.0,0.0,,
2459,mailer_only_vs_none,20,1.0,7,0.509090909090909,0,0.0,0.0,0.0,0.0,0.0,0,0.0,0.0,0.0,,
2465,both_vs_additive,13,1.0,2,0.14705882352941177,1,0.058823529411764705,0.0,0.0,0.0,0.0,0,0.0,0.0,0.0,-0.006556290931290922,0.002709096459096453
2465,both_vs_none,13,1.0,3,0.2647058823529412,1,0.058823529411764705,0.0,0.0,0.0,0.0,0,0.0,0.0,0.0,0.002622710622710623,0.0014652014652014635
2465,display_only_vs_none,13,1.0,4,0.35294117647058826,1,0.058823529411764705,0.058823529411764705,0.058823529411764705,0.058823529411764705,0.058823529411764705,0,0.0,0.0,0.0,0.010406965481817259,0.005877431198577444
2465,mailer_only_vs_none,13,1.0,4,0.29411764705882354,1,0.058823529411764705,0.0,0.0,0.0,0.0,0,0.0,0.0,0.0,-0.005966666666666665,-0.003333333333333334
2467,both_vs_additive,20,1.0000000000000002,3,0.16842105263157894,1,0.07368421052631578,0.0,0.07368421052631578,0.07368421052631578,0.0,0,0.0,0.0,0.0,0.011107860195360197,0.0038271604938271615
2467,both_vs_none,20,1.0000000000000002,3,0.16842105263157894,1,0.07368421052631578,0.0,0.0,0.0,0.0,0,0.0,0.0,0.0,-0.0025661745661745648,0.0
2467,display_only_vs_none,20,1.0,4,0.21052631578947367,1,0.07368421052631578,0.0,0.0,0.0,0.0,0,0.0,0.0,0.0,-0.002196313444361633,-0.002858491506582322
2467,mailer_only_vs_none,20,1.0,6,0.2947368421052632,1,0.07368421052631578,0.0,0.0,0.0,0.0,0,0.0,0.0,0.0,-0.0008679549114331721,-0.0038271604938271615
2469,both_vs_additive,11,1.0,0,0.0,0,0.0,0.0,0.0,0.0,0.0,0,0.0,0.0,0.0,,
2469,both_vs_none,11,1.0,0,0.0,0,0.0,0.0,0.0,0.0,0.0,0,0.0,0.0,0.0,,
2469,display_only_vs_none,11,1.0,0,0.0,0,0.0,0.0,0.0,0.0,0.0,0,0.0,0.0,0.0,,
2469,mailer_only_vs_none,11,1.0,1,0.18518518518518517,0,0.0,0.0,0.0,0.0,0.0,0,0.0,0.0,0.0,,
2470,both_vs_additive,8,0.9999999999999998,1,0.08695652173913043,0,0.0,0.0,0.0,0.0,0.0,0,0.0,0.0,0.0,,
2470,both_vs_none,8,0.9999999999999998,1,0.08695652173913043,0,0.0,0.0,0.0,0.0,0.0,0,0.0,0.0,0.0,,
2470,display_only_vs_none,8,0.9999999999999998,1,0.08695652173913043,0,0.0,0.0,0.0,0.0,0.0,0,0.0,0.0,0.0,,
2470,mailer_only_vs_none,8,0.9999999999999998,1,0.08695652173913043,0,0.0,0.0,0.0,0.0,0.0,0,0.0,0.0,0.0,,
2474,both_vs_additive,6,0.9999999999999999,1,0.16666666666666666,1,0.16666666666666666,0.0,0.0,0.0,0.0,0,0.0,0.0,0.0,-0.02361294789866217,-0.00957896012344794
2474,both_vs_none,6,0.9999999999999999,1,0.16666666666666666,1,0.16666666666666666,0.16666666666666666,0.16666666666666666,0.16666666666666666,0.16666666666666666,0,0.0,0.0,0.0,0.02600718622897478,0.009469598227809288
2474,display_only_vs_none,6,0.9999999999999999,1,0.16666666666666666,1,0.16666666666666666,0.16666666666666666,0.16666666666666666,0.16666666666666666,0.16666666666666666,0,0.0,0.0,0.0,0.02366349140524601,0.006562415625883111
2474,mailer_only_vs_none,6,0.9999999999999999,1,0.16666666666666666,1,0.16666666666666666,0.16666666666666666,0.16666666666666666,0.16666666666666666,0.16666666666666666,0,0.0,0.0,0.0,0.023835427755365828,0.02068841146240527
2475,both_vs_additive,15,1.0000000000000002,6,0.38888888888888895,3,0.19444444444444445,0.05555555555555555,0.05555555555555555,0.05555555555555555,0.05555555555555555,0,0.0,0.0,0.0,0.036618447670964845,0.0068305123731118725
2475,both_vs_none,15,1.0000000000000002,6,0.38888888888888895,3,0.19444444444444445,0.0,0.0,0.0,0.0,0,0.0,0.0,0.0,-0.02423229762104523,-0.0033989285878134367
2475,display_only_vs_none,15,1.0000000000000002,7,0.4722222222222223,3,0.19444444444444445,0.0,0.0,0.0,0.0,0,0.0,0.0,0.0,-0.03482792353343187,-0.0077243898298999135
2475,mailer_only_vs_none,15,1.0000000000000002,6,0.38888888888888895,3,0.19444444444444445,0.0,0.0,0.0,0.0,0,0.0,0.0,0.0,-0.03955042752887107,-0.007588051943185302
2477,both_vs_additive,5,1.0,2,0.36363636363636365,1,0.18181818181818182,0.18181818181818182,0.0,0.18181818181818182,0.0,0,0.0,0.0,0.0,0.011671364168835293,0.017323537206823055
2477,both_vs_none,5,1.0,2,0.36363636363636365,1,0.18181818181818182,0.0,0.0,0.0,0.0,0,0.0,0.0,0.0,0.005561485543565982,0.003282490860840013
2477,display_only_vs_none,5,1.0,2,0.36363636363636365,1,0.18181818181818182,0.0,0.0,0.0,0.0,0,0.0,0.0,0.0,-0.0038232147578032526,-0.008058654834500863
2477,mailer_only_vs_none,5,1.0,2,0.36363636363636365,1,0.18181818181818182,0.0,0.0,0.0,0.0,0,0.0,0.0,0.0,-0.0029470563350881586,-0.005982391511482188
2478,both_vs_additive,20,0.9999999999999999,4,0.16981132075471697,2,0.09433962264150944,0.0660377358490566,0.09433962264150944,0.09433962264150944,0.0660377358490566,0,0.0,0.0,0.0,0.022557921546421177,0.01771541350846782
2478,both_vs_none,20,0.9999999999999999,4,0.16981132075471697,2,0.09433962264150944,0.0,0.0,0.0,0.0,0,0.0,0.0,0.0,0.003554046728516307,0.003654530095041478
2478,display_only_vs_none,20,0.9999999999999999,4,0.169811320754717,3,0.14150943396226418,0.0,0.0,0.0,0.0,1,0.04716981132075472,0.04716981132075472,0.04716981132075472,-0.004737534263770201,-0.006150438937367005
2478,mailer_only_vs_none,20,0.9999999999999999,5,0.20754716981132076,3,0.14150943396226418,0.0,0.0,0.0,0.0,1,0.04716981132075472,0.0,0.0,-0.009793671703152108,-0.003920816172971344
2479,both_vs_additive,20,1.0,1,0.06756756756756757,0,0.0,0.0,0.0,0.0,0.0,0,0.0,0.0,0.0,,
2479,both_vs_none,20,1.0,1,0.06756756756756757,0,0.0,0.0,0.0,0.0,0.0,0,0.0,0.0,0.0,,
2479,display_only_vs_none,20,1.0,2,0.10810810810810811,1,0.04054054054054054,0.0,0.0,0.0,0.0,0,0.0,0.0,0.0,-0.06157950872656754,-0.015847877612583494
2479,mailer_only_vs_none,20,1.0,1,0.06756756756756757,0,0.0,0.0,0.0,0.0,0.0,0,0.0,0.0,0.0,,
2481,both_vs_additive,10,0.9999999999999998,3,0.32,0,0.0,0.0,0.0,0.0,0.0,0,0.0,0.0,0.0,,
2481,both_vs_none,10,0.9999999999999998,3,0.32,0,0.0,0.0,0.0,0.0,0.0,0,0.0,0.0,0.0,,
2481,display_only_vs_none,10,0.9999999999999998,3,0.32,0,0.0,0.0,0.0,0.0,0.0,0,0.0,0.0,0.0,,
2481,mailer_only_vs_none,10,0.9999999999999998,3,0.32,0,0.0,0.0,0.0,0.0,0.0,0,0.0,0.0,0.0,,
2482,both_vs_additive,20,0.9999999999999999,6,0.34722222222222227,0,0.0,0.0,0.0,0.0,0.0,0,0.0,0.0,0.0,,
2482,both_vs_none,20,1.0,8,0.44444444444444453,0,0.0,0.0,0.0,0.0,0.0,0,0.0,0.0,0.0,,
2482,display_only_vs_none,20,0.9999999999999999,6,0.34722222222222227,0,0.0,0.0,0.0,0.0,0.0,0,0.0,0.0,0.0,,
2482,mailer_only_vs_none,20,1.0,8,0.44444444444444453,0,0.0,0.0,0.0,0.0,0.0,0,0.0,0.0,0.0,,
2484,both_vs_additive,20,0.9999999999999999,7,0.373134328358209,3,0.16417910447761191,0.11940298507462685,0.07462686567164178,0.11940298507462685,0.07462686567164178,2,0.08955223880597014,0.08955223880597014,0.08955223880597014,0.015349041795247728,0.01569670453728103
2484,both_vs_none,20,0.9999999999999999,7,0.373134328358209,4,0.20895522388059698,0.08955223880597014,0.08955223880597014,0.08955223880597014,0.08955223880597014,2,0.08955223880597014,0.08955223880597014,0.04477611940298507,0.0021629094585592593,0.0021117594358469388
2484,display_only_vs_none,20,0.9999999999999999,10,0.47761194029850745,6,0.2686567164179104,0.04477611940298507,0.04477611940298507,0.04477611940298507,0.04477611940298507,3,0.11940298507462686,0.04477611940298507,0.04477611940298507,-0.003886088059148615,-0.0049707473316352455
2484,mailer_only_vs_none,20,1.0,9,0.49253731343283585,5,0.2388059701492537,0.08955223880597014,0.029850746268656716,0.11940298507462685,0.0,2,0.08955223880597014,0.04477611940298507,0.04477611940298507,0.008540305458204066,-0.0019430358514545601
2488,both_vs_additive,20,0.9999999999999999,0,0.0,0,0.0,0.0,0.0,0.0,0.0,0,0.0,0.0,0.0,,
2488,both_vs_none,20,0.9999999999999999,0,0.0,0,0.0,0.0,0.0,0.0,0.0,0,0.0,0.0,0.0,,
2488,display_only_vs_none,20,0.9999999999999999,0,0.0,0,0.0,0.0,0.0,0.0,0.0,0,0.0,0.0,0.0,,
2488,mailer_only_vs_none,20,0.9999999999999999,1,0.04477611940298507,0,0.0,0.0,0.0,0.0,0.0,0,0.0,0.0,0.0,,
2489,both_vs_additive,16,0.9999999999999996,3,0.21052631578947367,1,0.05263157894736842,0.0,0.0,0.0,0.0,0,0.0,0.0,0.0,0.0008792778107264559,0.0031540324074077787
2489,both_vs_none,16,0.9999999999999996,3,0.21052631578947367,2,0.13157894736842105,0.07894736842105263,0.07894736842105263,0.07894736842105263,0.07894736842105263,0,0.0,0.0,0.0,0.024914093373770794,0.012665945165945167
2489,display_only_vs_none,16,0.9999999999999996,3,0.21052631578947367,2,0.13157894736842105,0.07894736842105263,0.07894736842105263,0.07894736842105263,0.07894736842105263,0,0.0,0.0,0.0,0.02497309957907653,0.009547871230106737
2489,mailer_only_vs_none,16,0.9999999999999998,5,0.3157894736842105,1,0.05263157894736842,0.0,0.0,0.0,0.0,0,0.0,0.0,0.0,0.0011151554966772328,-0.0037159208099533454
2492,both_vs_additive,10,1.0,4,0.41935483870967744,1,0.0967741935483871,0.0967741935483871,0.0967741935483871,0.0967741935483871,0.0967741935483871,0,0.0,0.0,0.0,0.04707257094757096,0.0018753387051220743
2492,both_vs_none,10,1.0,4,0.41935483870967744,2,0.16129032258064516,0.06451612903225806,0.06451612903225806,0.06451612903225806,0.06451612903225806,0,0.0,0.0,0.0,0.012830727218808175,0.004787918952611605
2492,display_only_vs_none,10,1.0,4,0.41935483870967744,2,0.16129032258064516,0.06451612903225806,0.06451612903225806,0.06451612903225806,0.06451612903225806,0,0.0,0.0,0.0,0.01571434110036277,0.005755135376625716
2492,mailer_only_vs_none,10,1.0,4,0.41935483870967744,1,0.0967741935483871,0.0,0.0,0.0,0.0,0,0.0,0.0,0.0,-0.00445054945054945,0.0015109890109890108
2493,both_vs_additive,20,0.9999999999999998,2,0.22058823529411764,0,0.0,0.0,0.0,0.0,0.0,0,0.0,0.0,0.0,,
2493,both_vs_none,20,0.9999999999999998,2,0.22058823529411764,0,0.0,0.0,0.0,0.0,0.0,0,0.0,0.0,0.0,,
2493,display_only_vs_none,20,0.9999999999999998,4,0.3088235294117647,0,0.0,0.0,0.0,0.0,0.0,0,0.0,0.0,0.0,,
2493,mailer_only_vs_none,20,0.9999999999999998,4,0.3088235294117647,0,0.0,0.0,0.0,0.0,0.0,0,0.0,0.0,0.0,,
2497,both_vs_additive,20,1.0,4,0.14285714285714285,0,0.0,0.0,0.0,0.0,0.0,0,0.0,0.0,0.0,,
2497,both_vs_none,20,1.0,4,0.14285714285714285,0,0.0,0.0,0.0,0.0,0.0,0,0.0,0.0,0.0,,
2497,display_only_vs_none,20,1.0,5,0.19047619047619047,0,0.0,0.0,0.0,0.0,0.0,0,0.0,0.0,0.0,,
2497,mailer_only_vs_none,20,1.0,5,0.19047619047619047,0,0.0,0.0,0.0,0.0,0.0,0,0.0,0.0,0.0,,
