PRODUCT_ID,MANUFACTURER,DEPARTMENT,BRAND,COMMODITY_DESC,SUB_COMMODITY_DESC,CURR_SIZE_OF_PRODUCT,comparison,eligible_stores,reference_weeks,comparison_weeks,avg_reference_spv,avg_comparison_spv,mean_spv_difference,median_spv_difference,positive_spv_store_pct,mean_bpr_difference,median_bpr_difference,positive_bpr_store_pct,mean_basket_share_difference,mean_category_share_difference,zero_reference_stores,support_tier,is_repeated_sales_positive,is_repeated_penetration_positive,response_type,is_repeated_any_positive,product_level_spv_lift_pct
1038217,69,GROCERY,Private,CRACKERS/MISC BKD FD,SOUP CRACKERS (SALTINE/OYSTER),16 OZ,both_vs_additive,39,205,281,0.014059997257925524,0.03147409432319373,0.01741409706526821,0.014807414807414813,69.23076923076923,0.016254611368967886,0.014104397981905256,71.7948717948718,0.009694921254301658,0.07170679324338139,0,multi_store_repeated,1,1,sales_and_penetration_positive,1,123.8556220589019
1013321,69,GROCERY,Private,VEGETABLES - SHELF STABLE,BEANS GREEN: FS/WHL/CUT,14.5 OZ,both_vs_additive,32,220,154,0.02673508489665004,0.03578765344074529,0.009052568544095247,0.01316029251242178,62.5,0.006855232679061473,0.004527983943753406,62.5,0.0034184805600139772,-0.008108625214885876,0,multi_store_repeated,1,1,sales_and_penetration_positive,1,33.86025733260174
822407,1377,GROCERY,National,MEAT - SHELF STABLE,PASTA: CANNED,15 OZ,both_vs_additive,29,185,199,0.038167800278297095,0.04836639138073664,0.010198591102439553,0.01718489489899427,62.06896551724138,0.0061274778319347235,0.0037700281911453234,62.06896551724138,0.003614891750115815,0.03589557268315237,0,multi_store_repeated,1,1,sales_and_penetration_positive,1,26.720405755839828
973861,69,GROCERY,Private,VEGETABLES - SHELF STABLE,BEANS GREEN: FS/WHL/CUT,14 1/4 OZ,both_vs_additive,13,81,61,0.009858469695825925,0.019670768859206947,0.00981229916338102,0.011107860195360197,53.84615384615385,0.010431959809851612,0.003827160493827161,61.53846153846154,0.004708258488033757,0.013523401875429084,0,multi_store_repeated,0,1,penetration_positive_only,1,99.53166633494395
1054262,1046,GROCERY,National,COLD CEREAL,KIDS CEREAL,13 OZ,both_vs_additive,13,46,97,0.018258626381444862,0.05484460328131194,0.03658597689986708,0.04785463659147872,76.92307692307693,0.015649281930809427,0.019601173802854477,69.23076923076923,0.008516721242484862,0.04992616170595362,0,multi_store_repeated,1,1,sales_and_penetration_positive,1,200.37639270086163
1058779,69,GROCERY,Private,SALD DRSNG/SNDWCH SPRD,POURABLE SALAD DRESSINGS,16 OZ,both_vs_additive,13,47,67,-0.0029853694460620986,0.02351458739536908,0.02649995684143118,0.004634625780136615,61.53846153846154,0.009556604527170493,0.006601217067784316,76.92307692307693,0.0030656714606465984,-0.021096983653625945,0,multi_store_repeated,1,1,sales_and_penetration_positive,1,
1122568,1046,GROCERY,National,COLD CEREAL,KIDS CEREAL,13 OZ,both_vs_additive,9,38,70,0.016641972036678353,0.03556787574663889,0.018925903709960536,0.02154861111111111,66.66666666666666,0.011077074754463475,0.011805555555555555,77.77777777777779,0.004972701179526323,-0.001404736906693794,1,multi_store_repeated,1,1,sales_and_penetration_positive,1,113.72392447390536
864774,942,GROCERY,National,CONDIMENTS/SAUCES,SALAD MUSTARD,14 OZ,both_vs_additive,8,33,38,0.0048528992471575496,0.013104176819363222,0.008251277572205673,0.01374145206501573,62.5,0.011293983835174761,0.01754230076589021,62.5,0.00420197303183933,-0.01530623769684078,0,multi_store_repeated,1,1,sales_and_penetration_positive,1,170.02779476698652
867668,69,GROCERY,Private,CRACKERS/MISC BKD FD,SOUP CRACKERS (SALTINE/OYSTER),14 OZ,both_vs_additive,7,34,34,0.010156366652333854,0.021866587626056578,0.011710220973722723,0.025225905201630573,71.42857142857143,0.00696100468822428,0.012169180317319488,71.42857142857143,0.0033493553533333006,0.04739410076887435,0,multi_store_repeated,1,1,sales_and_penetration_positive,1,115.29931297854246
911470,69,GROCERY,Private,SOUP,RTS SOUP: CHUNKY/HOMESTYLE ET,18.6 OZ,both_vs_additive,7,41,39,0.06215931890792189,0.05931617803163046,-0.0028431408762914453,0.00802739449355988,71.42857142857143,-0.0016186790653277268,0.008894488969676938,57.14285714285714,0.00010985223722641466,0.025356429179244282,0,multi_store_repeated,1,0,sales_positive_only,1,-4.573957575859289
1101173,317,GROCERY,National,DINNER MXS:DRY,MACARONI & CHEESE DNRS,12 OZ,both_vs_additive,6,19,21,-0.011289140451039766,0.06409054834054835,0.07537968879158811,0.06888543039086517,83.33333333333334,0.011170532373240229,0.008195862130072656,83.33333333333334,0.008580201418816049,0.14459939711578312,1,multi_store_repeated,1,1,sales_and_penetration_positive,1,
1135768,1276,GROCERY,National,ISOTONIC DRINKS,ISOTONIC DRINKS SINGLE SERVE,32 OZ,both_vs_additive,6,19,45,0.023695384756855342,0.031038878911614425,0.007343494154759075,0.004551931902638425,66.66666666666666,0.006139144536512396,0.005986233573190095,66.66666666666666,0.003693627895099586,0.01975458238982931,0,multi_store_repeated,1,1,sales_and_penetration_positive,1,30.991242514576722
889774,407,GROCERY,National,VEGETABLES - SHELF STABLE,CORN,15.25 OZ,both_vs_additive,5,22,21,-0.008186641588723367,0.02810308504322952,0.03628972663195289,0.06201904094971322,60.0,0.024970061207967714,0.03636571295184741,60.0,0.015441406348432968,0.03558586543649854,0,multi_store_repeated,1,1,sales_and_penetration_positive,1,
895743,843,GROCERY,National,BEANS - CANNED GLASS & MW,PREPARED BEANS - BAKED W/PORK,28 OZ,both_vs_additive,5,19,22,0.024330856340345697,0.026071491228070176,0.0017406348877244764,0.0050749559082892415,60.0,0.004516934473524787,0.004144620811287476,80.0,0.002841934346185837,0.1197263025607018,0,multi_store_repeated,1,1,sales_and_penetration_positive,1,7.154022297349805
976955,69,GROCERY,Private,VEGETABLES - SHELF STABLE,CORN,14.75 OZ,both_vs_additive,5,30,20,0.012882428468738627,0.01004021164021164,-0.002842216828526989,0.0007357397504456336,60.0,-0.00038560226661831025,-5.9417706476529164e-05,40.0,-0.0008822419140913914,-0.00871586150923635,0,multi_store_repeated,1,0,sales_positive_only,1,-22.06274100744362
1042438,1075,GROCERY,National,COOKIES/CONES,SANDWICH COOKIES,18 OZ,both_vs_additive,5,29,35,0.0013144870960602433,0.04660694929415275,0.0452924621980925,0.04707257094757097,80.0,0.014013884822348378,0.0018753387051220743,60.0,0.010873560862208012,0.09150615837197992,0,multi_store_repeated,1,1,sales_and_penetration_positive,1,3445.6376432938937
1044805,1251,GROCERY,National,SOUP,RTS SOUP: CHUNKY/HOMESTYLE ET,19 OZ,both_vs_additive,5,22,17,0.04956801169337401,0.0501449440642989,0.0005769323709248847,0.011115079365079363,60.0,0.004344582696382603,0.0005882687603117609,60.0,0.0017919132807009941,-0.014735792645803159,0,multi_store_repeated,1,1,sales_and_penetration_positive,1,1.163920744882363
826249,69,GROCERY,Private,BAKED BREAD/BUNS/ROLLS,HAMBURGER BUNS,12 OZ,both_vs_additive,4,18,87,0.030859640118382176,0.052052640663585656,0.021193000545203483,0.011671364168835293,75.0,0.024802877156257633,0.017323537206823055,50.0,0.012359480929064002,0.028573889313490752,0,multi_store_repeated,1,0,sales_positive_only,1,68.6754623965282
830887,2557,GROCERY,National,CANNED JUICES,ASEPTIC PACK JUICE AND DRINKS,10/6.75 OZ,both_vs_additive,4,12,21,0.02756827847856556,0.03402616058882359,0.006457882110258025,0.001108798430552991,50.0,0.006460143808832006,0.0024158932120392556,75.0,0.003220570147426068,-0.011636378779281198,0,multi_store_repeated,0,1,penetration_positive_only,1,23.425046708226827
1041796,1075,GROCERY,National,CRACKERS/MISC BKD FD,BUTTER SPRAY CRACKER (RITZ/CLU,16 OZ,both_vs_additive,4,26,33,0.05641833282195975,0.06524265020693593,0.008824317384976169,0.0044710405387866844,50.0,0.0018967850173693462,0.007136903288786226,75.0,0.004356584082586976,-0.019815670303734545,0,multi_store_repeated,0,1,penetration_positive_only,1,15.640868745312297
1100972,586,GROCERY,National,CRACKERS/MISC BKD FD,BUTTER SPRAY CRACKER (RITZ/CLU,16 OZ,both_vs_additive,4,24,31,0.036943508414566825,0.025886168738457067,-0.011057339676109763,0.007468705092873996,75.0,-0.005705942878387444,0.0003739767027040597,50.0,-0.0023386734886210623,0.013775882923751948,0,multi_store_repeated,1,0,sales_positive_only,1,-29.930399549572417
849843,69,GROCERY,Private,BAKED BREAD/BUNS/ROLLS,MAINSTREAM WHEAT/MULTIGRAIN BR,20 OZ,both_vs_additive,3,16,49,0.0052994188044271084,0.023223759968338007,0.0179243411639109,0.03030944197826453,66.66666666666666,0.016701372497068483,0.02224906074547422,66.66666666666666,0.010020347500929656,0.023406858549529144,0,multi_store_repeated,1,1,sales_and_penetration_positive,1,338.2322066890994
852864,407,GROCERY,National,VEGETABLES - SHELF STABLE,BEANS GREEN: FS/WHL/CUT,14.5 OZ,both_vs_additive,3,11,16,0.001775124307906692,0.04911220479514197,0.047337080487235283,0.008368561440148924,100.0,0.021726074661688688,0.007278771785565052,100.0,0.01397162884863933,0.06525465281158777,0,multi_store_repeated,1,1,sales_and_penetration_positive,1,2666.6910185606853
913785,131,GROCERY,National,CONDIMENTS/SAUCES,CATSUP,24 OZ,both_vs_additive,3,9,12,-0.008032238420446832,0.13856683999906505,0.1465990784195119,0.1439351481851482,100.0,0.08729770904700991,0.08693806193806193,100.0,0.038139815342917376,0.37953958829975004,0,multi_store_repeated,1,1,sales_and_penetration_positive,1,
931671,764,GROCERY,National,WAREHOUSE SNACKS,CANISTER POTATO/TORT CHIPS,5.75 OZ,both_vs_additive,3,11,13,0.01638224712102085,0.02141690009337068,0.005034652972349836,0.020913286713286714,66.66666666666666,0.01603720838072702,0.01735431235431235,100.0,0.008802037704121397,0.14163935126961769,0,multi_store_repeated,1,1,sales_and_penetration_positive,1,30.732371054820828
990797,410,GROCERY,National,CRACKERS/MISC BKD FD,CHEESE CRACKERS (CHEEZ-ITS/GOL,16 OZ,both_vs_additive,3,26,29,0.02663783894972264,0.054553667703092994,0.027915828753370345,-0.00462882819110097,33.33333333333333,0.007830344265190846,0.006938139500882644,66.66666666666666,0.00790655579991994,0.0687566767415473,0,multi_store_repeated,0,1,penetration_positive_only,1,104.7976482103516
1029968,1276,GROCERY,National,ISOTONIC DRINKS,ISOTONIC DRINKS SINGLE SERVE,32 OZ,both_vs_additive,3,11,21,-0.0038954501638712286,0.009417132392409459,0.013312582556280686,0.03643355695071942,66.66666666666666,0.0031588364514509803,-0.012568704944865932,33.33333333333333,0.0042681507932031204,0.00903519665655833,0,multi_store_repeated,1,0,sales_positive_only,1,
1069621,69,GROCERY,Private,SHORTENING/OIL,CANOLA OILS,48 OZ,both_vs_additive,3,12,10,-0.007995202050956525,0.04458657750380854,0.05258177955476506,0.03992731829573935,100.0,0.02950686413471613,0.02230576441102757,100.0,0.016942026809499383,0.3159281514876983,0,multi_store_repeated,1,1,sales_and_penetration_positive,1,
1070820,69,GROCERY,Private,FLUID MILK PRODUCTS,FLUID MILK WHITE ONLY,1 GA,both_vs_additive,3,12,30,-0.01341330370702476,0.1337011351416131,0.14711443884863787,0.16836150148988288,100.0,0.0586315833280757,0.04128756979795421,100.0,0.04182016028328145,0.12918996888858594,0,multi_store_repeated,1,1,sales_and_penetration_positive,1,
1114597,1232,GROCERY,National,REFRGRATD JUICES/DRNKS,DAIRY CASE JUICE DRNK UNDER 10,64 OZ,both_vs_additive,3,12,15,0.01412167343711468,0.04090513116171123,0.02678345772459655,0.0491294345369339,66.66666666666666,0.03143148012074009,0.03471983002641545,66.66666666666666,0.014022099819012923,0.08450760649486427,0,multi_store_repeated,1,1,sales_and_penetration_positive,1,189.66206692051156
938700,69,GROCERY,Private,VEGETABLES - SHELF STABLE,CORN,15.25 OZ,both_vs_additive,49,362,232,0.025299665504425806,0.02980495684213285,0.00450529133770703,0.0008792778107264559,51.02040816326531,0.003565831334332694,0.0031540324074077787,57.14285714285714,0.001943283066558035,0.007985431561431302,0,multi_store_repeated,0,0,mixed_or_nonpositive,0,17.807711081867495
930917,1377,GROCERY,National,MEAT - SHELF STABLE,PASTA: CANNED,15 OZ,both_vs_additive,37,238,255,0.02134730203354388,0.03658964850434507,0.015242346470801183,0.004076479076479074,54.054054054054056,0.004458333370169227,0.0030152567599753127,56.75675675675676,0.0030823165527182183,-0.004834325947826539,0,multi_store_repeated,0,0,mixed_or_nonpositive,0,71.40174644482131
892008,1377,GROCERY,National,MEAT - SHELF STABLE,PASTA: CANNED,14.5 OZ,both_vs_additive,30,178,211,0.03528523117235841,0.029854773657297915,-0.0054304575150605095,-0.00198825525211142,40.0,-0.0009327438773159334,0.0003026496723894743,50.0,0.00026297379105831857,-0.023851803674536123,0,multi_store_repeated,0,0,mixed_or_nonpositive,0,-15.390171283090769
896369,69,GROCERY,Private,PNT BTR/JELLY/JAMS,PEANUT BUTTER,18 OZ,both_vs_additive,27,109,169,0.042849397281793454,0.03246843138827938,-0.010380965893514092,-0.0059072808833678415,48.148148148148145,-0.0005549020878041594,0.0031492781874170126,51.85185185185185,-0.0003303777581929912,-0.053423472880494365,0,multi_store_repeated,0,0,mixed_or_nonpositive,0,-24.226632232992706
1045220,1377,GROCERY,National,MEAT - SHELF STABLE,PASTA: CANNED,15 OZ,both_vs_additive,24,143,164,0.036646359507005954,0.042217315249189806,0.005570955742183845,0.006423011496288518,54.166666666666664,0.004256816749905702,0.0009369070658234542,54.166666666666664,0.002830912182087105,0.032822143807113395,0,multi_store_repeated,0,0,mixed_or_nonpositive,0,15.201934972882668
1030819,69,GROCERY,Private,VEGETABLES - SHELF STABLE,PEAS GREEN,14 OZ,both_vs_additive,21,124,111,0.01775911823647794,0.014735104532857183,-0.0030240137036207483,-0.0041911937821380515,42.857142857142854,-0.0016302073840960035,-0.0009767206477732798,42.857142857142854,-0.0016942897653753296,0.005963392633036219,0,multi_store_repeated,0,0,mixed_or_nonpositive,0,-17.027949605117843
951190,317,GROCERY,National,SALD DRSNG/SNDWCH SPRD,POURABLE SALAD DRESSINGS,16 OZ,both_vs_additive,18,79,121,0.018725828013092867,0.020303130752064615,0.001577302738971749,0.002483426203307333,50.0,0.0006505258464723731,0.00015922902297245932,50.0,0.0009545656847375398,-0.045460152020392865,0,multi_store_repeated,0,0,mixed_or_nonpositive,0,8.423140156306674
911812,1251,GROCERY,National,SOUP,CONDENSED SOUP,10.5OZ,both_vs_additive,15,65,61,0.03913370759963497,0.0341540195797929,-0.004979688019842063,-0.011501250297689933,26.666666666666668,-0.004595297286627937,-0.004526515151515156,33.33333333333333,-0.0023013771261174987,-0.04062160051634344,0,multi_store_repeated,0,0,mixed_or_nonpositive,0,-12.724805098427517
936594,843,GROCERY,National,BEANS - CANNED GLASS & MW,PREPARED BEANS - BAKED W/PORK,28 OZ,both_vs_additive,12,50,60,0.0427181100982121,0.03160592263793744,-0.01111218746027466,-0.01208630612644515,41.66666666666667,0.0003728222701631402,-0.002029580241414173,41.66666666666667,0.0003074263836443253,-0.06320636075081167,0,multi_store_repeated,0,0,mixed_or_nonpositive,0,-26.012825555079377
1003188,69,GROCERY,Private,CANNED JUICES,APPLE JUICE & CIDER (OVER 50%,64 OZ,both_vs_additive,10,35,42,0.06829456025134194,0.08505468699274582,0.01676012674140387,-0.020455829649273415,30.0,0.007110502202239794,-0.007092941439589707,30.0,0.005831586521717798,0.0539462326944957,0,multi_store_repeated,0,0,mixed_or_nonpositive,0,24.540939541483553
850841,1276,GROCERY,National,ISOTONIC DRINKS,ISOTONIC DRINKS SINGLE SERVE,32 OZ,both_vs_additive,9,31,60,0.04094947629307089,0.029364437699902317,-0.011585038593168576,-0.01550453514739229,44.44444444444444,-0.00023729703346647124,-0.004137681159420287,22.22222222222222,-0.000632512907715956,-0.07158219330227518,0,multi_store_repeated,0,0,mixed_or_nonpositive,0,-28.291054347693557
859075,69,GROCERY,Private,CHEESE,SHREDDED CHEESE,8 OZ,both_vs_additive,9,49,213,0.1059017251954864,0.0732208169273943,-0.03268090826809212,-0.023612947898662175,11.11111111111111,-0.009936267423046869,-0.00957896012344794,22.22222222222222,-0.008023167136963322,-0.015824275431386838,0,multi_store_repeated,0,0,mixed_or_nonpositive,0,-30.859656164963955
1043590,69,GROCERY,Private,SHORTENING/OIL,VEGETABLE/SALAD OIL,48 OZ,both_vs_additive,7,27,26,0.0338743103689219,0.01731495290423862,-0.01655935746468328,-0.006556290931290922,42.857142857142854,-0.00832177441513281,0.002709096459096453,57.14285714285714,-0.0022259002080830567,-0.09419171220230825,0,multi_store_repeated,0,0,mixed_or_nonpositive,0,-48.88470727326073
859010,69,GROCERY,Private,BAG SNACKS,TORTILLA/NACHO CHIPS,13.5OZ,both_vs_additive,5,19,36,0.026902221066991867,0.017631025937559303,-0.009271195129432561,-0.04554927330733782,40.0,-0.004932114079683751,-0.022977102642174414,40.0,-0.0034594045988687538,0.002612411888025212,0,multi_store_repeated,0,0,mixed_or_nonpositive,0,-34.46256391375808
833025,69,GROCERY,Private,MILK BY-PRODUCTS,SOUR CREAMS,16 OZ,both_vs_additive,4,44,59,0.03349745899039329,0.014843558946500121,-0.018653900043893168,-0.018142438583876954,25.0,-0.012697632914704587,-0.01475080942488341,25.0,-0.0070368141695660415,-0.08411977618585871,0,multi_store_repeated,0,0,mixed_or_nonpositive,0,-55.687507668097766
863449,69,GROCERY,Private,SOUP,RTS SOUP: CHUNKY/HOMESTYLE ET,18.6 OZ,both_vs_additive,4,21,21,0.04690973021225646,0.027766728243021344,-0.019143001969235116,-0.025556413354815607,50.0,-0.01222832455069297,-0.010971278059364653,50.0,-0.011492948603880185,0.002982791839428109,0,multi_store_repeated,0,0,mixed_or_nonpositive,0,-40.80816897180423
921744,69,GROCERY,Private,BAG SNACKS,TORTILLA/NACHO CHIPS,13.5OZ,both_vs_additive,4,16,35,0.023341458982143765,0.018123600011612194,-0.005217858970531576,0.0035682257772212773,50.0,0.002769213590670822,0.003730884100074506,50.0,0.0015181310199596104,0.0028048562915602444,0,multi_store_repeated,0,0,mixed_or_nonpositive,0,-22.354467964162982
987562,69,GROCERY,Private,CHEESE,SHREDDED CHEESE,8 OZ,both_vs_additive,4,16,93,0.1112953357826616,0.07695643225747262,-0.03433890352518899,-0.009428287658487113,25.0,-0.0024522315882090587,-6.331144583812676e-05,50.0,-0.0035243445983444053,-0.020999297115583,0,multi_store_repeated,0,0,mixed_or_nonpositive,0,-30.853856797958056
987724,69,GROCERY,Private,CHEESE,SHREDDED CHEESE,8 OZ,both_vs_additive,4,18,44,0.032848673156625846,0.03171458916269883,-0.001134083993927018,-0.014668860542808918,25.0,0.0038885140278443267,-0.008923016398955288,25.0,0.0035559865176536766,-0.01608893157986154,0,multi_store_repeated,0,0,mixed_or_nonpositive,0,-3.4524499315987223
1077490,1251,GROCERY,National,SOUP,CONDENSED SOUP,10.5 OZ,both_vs_additive,4,17,12,0.0395146497512542,0.025390625,-0.014124024751254193,-0.010223279096634362,50.0,-0.014004735922817374,-0.011008675372710462,25.0,-0.008957832240203589,-0.011229434412760876,0,multi_store_repeated,0,0,mixed_or_nonpositive,0,-35.743768045940726
832678,586,GROCERY,National,CRACKERS/MISC BKD FD,BUTTER SPRAY CRACKER (RITZ/CLU,16 OZ,both_vs_additive,3,19,24,0.035965033575754354,0.02808665663838078,-0.00787837693737358,-0.010076274087768337,33.33333333333333,-0.0036038445360752906,-0.004084315003855232,33.33333333333333,-0.001379281254710552,0.0044385030715821715,0,multi_store_repeated,0,0,mixed_or_nonpositive,0,-21.905657117708742
882830,764,GROCERY,National,WAREHOUSE SNACKS,CANISTER POTATO/TORT CHIPS,5.75 OZ,both_vs_additive,3,10,20,0.045818622523332665,0.01615198482138851,-0.02966663770194416,-0.032781622539715824,33.33333333333333,-0.012962671988000656,-0.006479249207409117,33.33333333333333,-0.0073121999682253325,-0.260160325854503,0,multi_store_repeated,0,0,mixed_or_nonpositive,0,-64.74799124927146
908181,69,GROCERY,Private,SOUP,RTS SOUP: CHUNKY/HOMESTYLE ET,18.8 OZ,both_vs_additive,3,10,19,0.0902843662881257,0.026856902356902357,-0.06342746393122332,-0.05158730158730158,33.33333333333333,-0.0007074518352713823,-0.001803751803751804,33.33333333333333,0.001319435413671852,-0.07570428261194741,0,multi_store_repeated,0,0,mixed_or_nonpositive,0,-70.25298680040177
834117,69,GROCERY,Private,WATER - CARBONATED/FLVRD DRINK,NON-CRBNTD DRNKING/MNERAL WATE,405.6 OZ,both_vs_additive,2,9,7,0.164755282607895,0.3137451923076923,0.14898990969979733,0.14898990969979733,50.0,0.03510830187226088,0.03510830187226088,50.0,0.005459694613970409,-0.02336351605256831,0,two_store_limited,0,0,insufficient_multistore_support,0,90.43103646902901
871756,317,GROCERY,National,SALD DRSNG/SNDWCH SPRD,SEMI-SOLID SALAD DRESSING MAY,32 OZ,both_vs_additive,2,21,21,0.05741253439458994,0.03495032588198678,-0.022462208512603155,-0.022462208512603155,0.0,-0.006866824649914805,-0.006866824649914805,0.0,-0.003215247340663168,-0.11458094098546884,0,two_store_limited,0,0,insufficient_multistore_support,0,-39.124223916371484
883404,69,GROCERY,Private,BAKED BREAD/BUNS/ROLLS,MAINSTREAM WHITE BREAD,20 OZ,both_vs_additive,2,21,25,0.06842709177050664,0.035847026048993924,-0.032580065721512716,-0.032580065721512716,0.0,-0.010500852794679466,-0.010500852794679466,0.0,-0.00463346005486991,-0.028746190120937015,0,two_store_limited,0,0,insufficient_multistore_support,0,-47.6128166176943
898068,131,GROCERY,National,CONDIMENTS/SAUCES,CATSUP,36 OZ,both_vs_additive,2,6,6,0.10668147409742237,0.031355311355311354,-0.07532616274211101,-0.07532616274211101,0.0,-0.034723470176056384,-0.034723470176056384,0.0,-0.015151665532829714,-0.20630629655908841,0,two_store_limited,0,0,insufficient_multistore_support,0,-70.60847572590023
906763,69,GROCERY,Private,PNT BTR/JELLY/JAMS,PEANUT BUTTER,18 OZ,both_vs_additive,2,9,8,0.10259824753848662,0.05023569023569024,-0.05236255730279638,-0.05236255730279638,0.0,-0.007968884426247847,-0.007968884426247847,0.0,-0.002674209294341831,-0.038930616633640544,0,two_store_limited,0,0,insufficient_multistore_support,0,-51.03650262949584
918368,69,GROCERY,Private,CHEESE,SHREDDED CHEESE,8 OZ,both_vs_additive,2,14,17,0.04266407484668198,0.016441632656646887,-0.02622244219003509,-0.02622244219003509,0.0,-0.015672025830769112,-0.015672025830769112,0.0,-0.007603834703884116,-0.02403603769807125,0,two_store_limited,0,0,insufficient_multistore_support,0,-61.4625824754628
926233,586,GROCERY,National,COOKIES/CONES,CHOCOLATE COVERED COOKIES,11.5 OZ,both_vs_additive,2,12,9,0.05376573680239974,0.0,-0.05376573680239974,-0.05376573680239974,0.0,-0.02486756464998125,-0.02486756464998125,0.0,-0.014525958253729165,-0.1201269675614823,0,two_store_limited,0,0,insufficient_multistore_support,0,-100.0
929309,69,GROCERY,Private,SALD DRSNG/SNDWCH SPRD,POURABLE SALAD DRESSINGS,16 OZ,both_vs_additive,2,8,10,0.021778659611992945,0.03411078963442256,0.012332130022429612,0.012332130022429612,50.0,0.008603734960701217,0.008603734960701217,50.0,0.007045797820552471,0.08321957376851571,0,two_store_limited,0,0,insufficient_multistore_support,0,56.624834779265434
971949,2557,GROCERY,National,CANNED JUICES,ASEPTIC PACK JUICE AND DRINKS,10/6.75 OZ,both_vs_additive,2,9,14,0.02553462189778482,0.1394064027790808,0.11387178088129599,0.11387178088129599,100.0,0.013731966937941835,0.013731966937941835,100.0,0.015272001092062438,0.08892096005614838,0,two_store_limited,0,0,insufficient_multistore_support,0,445.95052684596277
1007549,317,GROCERY,National,SALD DRSNG/SNDWCH SPRD,POURABLE SALAD DRESSINGS,L    16 OZ,both_vs_additive,2,7,14,0.03473809906622197,0.025264913657770803,-0.009473185408451162,-0.009473185408451162,50.0,-0.004367867931854626,-0.004367867931854626,50.0,-0.004233433665421977,-0.017270729051913826,0,two_store_limited,0,0,insufficient_multistore_support,0,-27.27030454485213
1062782,69,GROCERY,Private,PNT BTR/JELLY/JAMS,JELLY,32 OZ,both_vs_additive,2,6,6,0.005121759204702307,0.02641025641025641,0.021288497205554098,0.021288497205554098,50.0,0.019260397393022783,0.019260397393022783,50.0,0.004031091670590078,-0.05099896277619153,0,two_store_limited,0,0,insufficient_multistore_support,0,415.64814655888256
1074754,1075,GROCERY,National,COOKIES/CONES,SANDWICH COOKIES,18 OZ,both_vs_additive,2,9,11,0.049897991231645955,0.022192982456140348,-0.027705008775505607,-0.027705008775505607,0.0,-0.009223851082120128,-0.009223851082120128,50.0,-0.003368730713284443,0.09623174771265956,0,two_store_limited,0,0,insufficient_multistore_support,0,-55.52329480938049
1096036,69,GROCERY,Private,CHEESE,IWS SINGLE CHEESE,12 OZ,both_vs_additive,2,6,40,0.1480358197096366,0.0473746221949347,-0.10066119751470191,-0.10066119751470191,50.0,-0.04070205876997672,-0.04070205876997672,0.0,-0.0210488375690818,-0.20066703887578122,0,two_store_limited,0,0,insufficient_multistore_support,0,-67.99786545725408
1098066,69,GROCERY,Private,BAKED BREAD/BUNS/ROLLS,HOT DOG BUNS,11 OZ,both_vs_additive,2,13,37,0.033860055311590795,0.051895750208892824,0.01803569489730203,0.01803569489730203,100.0,0.013375657078515655,0.013375657078515655,100.0,0.0058500058142423,0.018534421426412956,0,two_store_limited,0,0,insufficient_multistore_support,0,53.26540293963473
1102845,69,GROCERY,Private,COFFEE,GROUND COFFEE,39 OZ,both_vs_additive,2,8,15,0.12294543736769356,0.11153546871334741,-0.01140996865434616,-0.01140996865434616,50.0,-0.006284292701313001,-0.006284292701313001,50.0,0.0018409595486772023,-0.020886229103693553,0,two_store_limited,0,0,insufficient_multistore_support,0,-9.28051410335977
821344,69,GROCERY,Private,CONVENIENT BRKFST/WHLSM SNACKS,FRUIT SNACKS,5.4 OZ,both_vs_additive,1,4,3,0.027523107133302038,0.012820512820512822,-0.014702594312789216,-0.014702594312789216,0.0,-0.007176357431229992,-0.007176357431229992,0.0,-0.006270613718825562,-0.1015734951207809,0,single_store_limited,0,0,insufficient_multistore_support,0,-53.41909342422887
821562,181,GROCERY,National,DRY BN/VEG/POTATO/RICE,NOODLE SIDE DISH MIXES,4.8 OZ,both_vs_additive,1,3,3,-0.022988505747126436,0.007523809523809524,0.03051231527093596,0.03051231527093596,100.0,0.021018062397372743,0.021018062397372743,100.0,0.013636363636363637,0.20634920634920634,0,single_store_limited,0,0,insufficient_multistore_support,0,
822346,69,GROCERY,Private,CONVENIENT BRKFST/WHLSM SNACKS,FRUIT SNACKS,N  5.4 OZ,both_vs_additive,1,5,8,0.1331977225672878,0.039054437564499486,-0.0941432850027883,-0.0941432850027883,0.0,-0.0027929825629717936,-0.0027929825629717936,0.0,-0.009975002184897315,-0.07256471848113058,0,single_store_limited,0,0,insufficient_multistore_support,0,-70.67935035843405
834491,794,GROCERY,National,CONVENIENT BRKFST/WHLSM SNACKS,TREATS,6.2 OZ,both_vs_additive,1,4,3,0.18472916224731106,0.0,-0.18472916224731106,-0.18472916224731106,0.0,-0.04949528503861535,-0.04949528503861535,0.0,-0.03132903594637011,-0.4838891773294045,0,single_store_limited,0,0,insufficient_multistore_support,0,-100.0
840361,69,GROCERY,Private,EGGS,EGGS - LARGE,1 DZ,both_vs_additive,1,11,4,0.1211616556148662,0.12084569597069597,-0.0003159596441702356,-0.0003159596441702356,0.0,0.0015796050384913884,0.0015796050384913884,100.0,0.010802185206317122,0.34496915439481723,0,single_store_limited,0,0,insufficient_multistore_support,0,-0.26077527792668365
846417,544,GROCERY,National,BAG SNACKS,DIPS (NON-REFRIGERATED),16 OZ,both_vs_additive,1,6,3,0.01297572868118689,0.04065040650406504,0.02767467782287815,0.02767467782287815,100.0,0.002939789828338252,0.002939789828338252,100.0,0.0026387287058018774,0.03949928453808901,0,single_store_limited,0,0,insufficient_multistore_support,0,213.28033671822078
847789,69,GROCERY,Private,BAKED BREAD/BUNS/ROLLS,MAINSTREAM WHEAT/MULTIGRAIN BR,20 OZ,both_vs_additive,1,14,11,0.014341396292437577,0.009908148290969076,-0.004433248001468501,-0.004433248001468501,0.0,-0.0038386263439211463,-0.0038386263439211463,0.0,-0.003035281171180377,-0.006102521186051861,0,single_store_limited,0,0,insufficient_multistore_support,0,-30.912248089861492
851676,2557,GROCERY,National,CANNED JUICES,ASEPTIC PACK JUICE AND DRINKS,10/6.75 OZ,both_vs_additive,1,3,5,0.07081339712918662,0.035199999999999995,-0.035613397129186625,-0.035613397129186625,0.0,-0.023301435406698563,-0.023301435406698563,0.0,-0.012496947496947491,-0.07634954329866367,0,single_store_limited,0,0,insufficient_multistore_support,0,-50.291891891891915
857283,69,GROCERY,Private,SALD DRSNG/SNDWCH SPRD,POURABLE SALAD DRESSINGS,16 OZ,both_vs_additive,1,5,7,0.008823994935106046,0.005291005291005291,-0.0035329896441007556,-0.0035329896441007556,0.0,-0.00121817482928594,-0.00121817482928594,0.0,-0.0007580965577258132,-0.004585695816579291,0,single_store_limited,0,0,insufficient_multistore_support,0,-40.038436899423445
862139,2326,GROCERY,National,SEAFOOD - SHELF STABLE,TUNA,5.0 OZ,both_vs_additive,1,3,3,0.024326923076923072,0.08792270531400966,0.06359578223708659,0.06359578223708659,100.0,0.01450801613845092,0.01450801613845092,100.0,0.006619051838350083,0.505565886167957,0,single_store_limited,0,0,insufficient_multistore_support,0,261.42139733822154
863506,181,GROCERY,National,DRY BN/VEG/POTATO/RICE,NOODLE SIDE DISH MIXES,5.1 OZ,both_vs_additive,1,3,3,0.09507941176470588,0.0,-0.09507941176470588,-0.09507941176470588,0.0,-0.05735294117647059,-0.05735294117647059,0.0,-0.02991599813485242,-0.29267292039441467,0,single_store_limited,0,0,insufficient_multistore_support,0,-100.0
868319,764,GROCERY,National,WAREHOUSE SNACKS,CANISTER POTATO/TORT CHIPS,5.125 OZ,both_vs_additive,1,7,6,0.010208954036159916,0.016018306636155607,0.0058093525999956905,0.0058093525999956905,100.0,0.004547400091719651,0.004547400091719651,100.0,0.0007497404556228073,0.02790781467458124,0,single_store_limited,0,0,insufficient_multistore_support,0,56.904483842508036
871252,69,GROCERY,Private,SOUP,RTS SOUP: CHUNKY/HOMESTYLE ET,18.6 OZ,both_vs_additive,1,3,3,0.06834666137326073,0.011494252873563218,-0.05685240849969751,-0.05685240849969751,0.0,-0.019382562008469453,-0.019382562008469453,0.0,-0.012817448352938774,-0.0896721884838677,0,single_store_limited,0,0,insufficient_multistore_support,0,-83.18242231205734
872417,181,GROCERY,National,DRY BN/VEG/POTATO/RICE,RICE SIDE DISH MIXES DRY,6.9 OZ,both_vs_additive,1,3,3,0.036062378167641324,0.0,-0.036062378167641324,-0.036062378167641324,0.0,-0.029889538661468484,-0.029889538661468484,0.0,-0.012650674304809642,-0.11851698679655669,0,single_store_limited,0,0,insufficient_multistore_support,0,-100.0
879735,1377,GROCERY,National,MEAT - SHELF STABLE,PASTA: CANNED,14.5 OZ,both_vs_additive,1,6,10,0.04639363560416192,0.04722099366062214,0.0008273580564602256,0.0008273580564602256,100.0,0.0015417666269059473,0.0015417666269059473,100.0,0.0025236899147776867,0.0066775851761991245,0,single_store_limited,0,0,insufficient_multistore_support,0,1.7833438696621684
883549,5258,GROCERY,National,BAKING MIXES,LAYER CAKE MIX,18.25 OZ,both_vs_additive,1,3,3,-0.02688888888888889,0.03911111111111111,0.066,0.066,100.0,0.052777777777777785,0.052777777777777785,100.0,0.029050112426686793,0.3251424269467131,0,single_store_limited,0,0,insufficient_multistore_support,0,
885023,531,GROCERY,National,BAKING NEEDS,BITS & MORSELS,12 OZ,both_vs_additive,1,3,3,0.024691358024691357,0.14075021312872976,0.1160588551040384,0.1160588551040384,100.0,0.038421584414764294,0.038421584414764294,100.0,0.015254725052500584,0.10863759068514112,0,single_store_limited,0,0,insufficient_multistore_support,0,470.03836317135557
898212,69,GROCERY,Private,BAG SNACKS,TORTILLA/NACHO CHIPS,13.5OZ,both_vs_additive,1,3,11,0.03338081966953425,0.0,-0.03338081966953425,-0.03338081966953425,0.0,-0.01829427418622763,-0.01829427418622763,0.0,-0.010314632435830428,-0.04980315430460276,0,single_store_limited,0,0,insufficient_multistore_support,0,-100.0
903233,1251,GROCERY,National,SOUP,RTS SOUP: CHUNKY/HOMESTYLE ET,19 OZ,both_vs_additive,1,3,5,0.05867013888888889,0.0375,-0.02117013888888889,-0.02117013888888889,0.0,-0.018819444444444437,-0.018819444444444437,0.0,-0.004990039200565516,0.14799226139832294,0,single_store_limited,0,0,insufficient_multistore_support,0,-36.083328401491386
932761,181,GROCERY,National,DRY BN/VEG/POTATO/RICE,NOODLE SIDE DISH MIXES,4.7 OZ,both_vs_additive,1,3,3,0.0,0.05128205128205129,0.05128205128205129,0.05128205128205129,100.0,0.025641025641025644,0.025641025641025644,100.0,0.013888888888888888,0.2638522427440633,1,single_store_limited,0,0,insufficient_multistore_support,0,
940947,2082,MEAT-PCKGD,National,HEAT/SERVE,ENTREES,24 OZ,both_vs_additive,1,4,16,0.1252079240434722,0.07079899267399267,-0.054408931369479524,-0.054408931369479524,0.0,0.005722210144967613,0.005722210144967613,100.0,0.003985630614743168,-0.19875488087271181,0,single_store_limited,0,0,insufficient_multistore_support,0,-43.454862609645005
942475,69,GROCERY,Private,COFFEE,GROUND COFFEE,13 OZ,both_vs_additive,1,6,3,0.15069387755102043,0.07428571428571429,-0.07640816326530614,-0.07640816326530614,0.0,-0.010204081632653066,-0.010204081632653066,0.0,-0.0030499156184212797,0.1763271298282288,0,single_store_limited,0,0,insufficient_multistore_support,0,-50.70422535211267
944139,1755,GROCERY,National,FROZEN PIZZA,PIZZA/TRADITIONAL,15.7 OZ,both_vs_additive,1,3,12,0.018497076023391814,0.011574074074074075,-0.006923001949317739,-0.006923001949317739,0.0,-0.006773879142300196,-0.006773879142300196,0.0,-0.004911433172302736,0.003949509973711948,0,single_store_limited,0,0,insufficient_multistore_support,0,-37.427547686795236
954966,693,DRUG GM,National,CANDY - PACKAGED,CANDY BARS (MULTI PACK),6 PK,both_vs_additive,1,6,11,0.010900199709513433,0.009383116883116884,-0.0015170828263965496,-0.0015170828263965496,0.0,-0.00017488140037159828,-0.00017488140037159828,0.0,-0.00024303586896362714,-0.10721053185532697,0,single_store_limited,0,0,insufficient_multistore_support,0,-13.917936063799608
956609,1276,GROCERY,National,BEANS - CANNED GLASS & MW,PREPARED BEANS - BAKED W/PORK,15 OZ,both_vs_additive,1,3,7,0.012562904911180775,0.016339869281045753,0.003776964369864978,0.003776964369864978,100.0,-0.0074455215733106195,-0.0074455215733106195,0.0,-0.00457052223531887,0.12688369419192974,0,single_store_limited,0,0,insufficient_multistore_support,0,30.06441899041632
958700,2557,GROCERY,National,CANNED JUICES,ASEPTIC PACK JUICE AND DRINKS,10/6.75 OZ,both_vs_additive,1,3,4,-0.032188644688644685,0.042727272727272725,0.07491591741591741,0.07491591741591741,100.0,0.03142690642690643,0.03142690642690643,100.0,0.011160034790171776,0.09718821157791274,0,single_store_limited,0,0,insufficient_multistore_support,0,
974108,764,GROCERY,National,WAREHOUSE SNACKS,CANISTER POTATO/TORT CHIPS,6 OZ,both_vs_additive,1,3,4,-0.041149010468089414,0.039473684210526314,0.08062269467861573,0.08062269467861573,100.0,0.05897348379365922,0.05897348379365922,100.0,0.04779573362534523,0.4325743768528014,0,single_store_limited,0,0,insufficient_multistore_support,0,
981760,69,GROCERY,Private,EGGS,EGGS - X-LARGE,1 DZ,both_vs_additive,1,8,5,0.11904145041174047,0.08332179487179488,-0.03571965553994559,-0.03571965553994559,0.0,-0.011416686549760705,-0.011416686549760705,0.0,-0.006296645672718003,-0.013544268774633772,0,single_store_limited,0,0,insufficient_multistore_support,0,-30.006065464087072
999971,69,GROCERY,Private,BAKED BREAD/BUNS/ROLLS,MAINSTREAM WHITE BREAD,20 OZ,both_vs_additive,1,7,8,-0.010892138126153472,0.0033333333333333335,0.014225471459486806,0.014225471459486806,100.0,0.014761744365324927,0.014761744365324927,100.0,0.00906085539668223,0.017829186461229225,0,single_store_limited,0,0,insufficient_multistore_support,0,
1002178,1075,GROCERY,National,CRACKERS/MISC BKD FD,SNACK CRACKERS,8.5 OZ,both_vs_additive,1,3,5,0.03189810925980698,0.0,-0.03189810925980698,-0.03189810925980698,0.0,-0.015832361124804187,-0.015832361124804187,0.0,-0.009893750095039913,-0.09102417749186378,0,single_store_limited,0,0,insufficient_multistore_support,0,-100.0
1002558,69,GROCERY,Private,CHEESE,SHREDDED CHEESE,8 OZ,both_vs_additive,1,3,12,0.0845964346835293,0.009768009768009768,-0.07482842491551953,-0.07482842491551953,0.0,-0.033157930542034544,-0.033157930542034544,0.0,-0.017901960811630438,-0.048250186203911166,0,single_store_limited,0,0,insufficient_multistore_support,0,-88.45340255230451
1007191,69,GROCERY,Private,BAKED BREAD/BUNS/ROLLS,MAINSTREAM WHITE BREAD,20 OZ,both_vs_additive,1,15,12,0.016572046189728094,0.010361493483245868,-0.006210552706482226,-0.006210552706482226,0.0,-0.0022907578717586835,-0.0022907578717586835,0.0,-0.0016408227415367618,-0.006980111402331986,0,single_store_limited,0,0,insufficient_multistore_support,0,-37.47607649278538
1007512,2082,MEAT-PCKGD,National,HEAT/SERVE,ENTREES,24 OZ,both_vs_additive,1,3,11,0.08642602353786566,0.06672494172494171,-0.019701081812923946,-0.019701081812923946,0.0,0.014994179796811374,0.014994179796811374,100.0,0.009938092504755842,-0.02021043209773596,0,single_store_limited,0,0,insufficient_multistore_support,0,-22.795312113708842
1012587,69,MEAT-PCKGD,Private,MEAT - MISC,GRND/PATTY - FROZEN,3 LB,both_vs_additive,1,3,10,-0.15583110924163557,0.2294080882352941,0.3852391974769297,0.3852391974769297,100.0,0.04325763117171786,0.04325763117171786,100.0,0.020552826228875935,0.37073772908767594,0,single_store_limited,0,0,insufficient_multistore_support,0,
1018859,69,GROCERY,Private,CONVENIENT BRKFST/WHLSM SNACKS,FRUIT SNACKS,5.4 OZ,both_vs_additive,1,3,9,0.11195225916453537,0.030355846042120556,-0.08159641312241481,-0.08159641312241481,0.0,0.01973919358403587,0.01973919358403587,100.0,0.0035931244643965243,0.08602211329630771,0,single_store_limited,0,0,insufficient_multistore_support,0,-72.88500806624474
1027168,781,MEAT-PCKGD,National,LUNCHMEAT,PEPPERONI/SALAMI,8 OZ,both_vs_additive,1,3,5,-0.13647445046901568,0.0,0.13647445046901568,0.13647445046901568,100.0,0.037843682082812524,0.037843682082812524,100.0,0.022122256836209157,0.07836109221550522,0,single_store_limited,0,0,insufficient_multistore_support,0,
1029743,69,GROCERY,Private,FLUID MILK PRODUCTS,FLUID MILK WHITE ONLY,1 GA,both_vs_additive,1,4,13,0.3599686232392023,0.3591789001596694,-0.0007897230795329002,-0.0007897230795329002,0.0,-0.001931645041699237,-0.001931645041699237,0.0,-0.0008197176542307505,0.15916017840776442,0,single_store_limited,0,0,insufficient_multistore_support,0,-0.21938664332088464
1031923,69,GROCERY,Private,SALD DRSNG/SNDWCH SPRD,POURABLE SALAD DRESSINGS,16 OZ,both_vs_additive,1,4,3,0.00953125,0.03422619047619047,0.024694940476190474,0.024694940476190474,100.0,0.030319940476190473,0.030319940476190473,100.0,0.01915649582353418,0.15501166071179054,0,single_store_limited,0,0,insufficient_multistore_support,0,259.0944574551132
1043128,827,GROCERY,National,FRUIT - SHELF STABLE,PINEAPPLE,20 OZ,both_vs_additive,1,3,3,-0.014512034161490685,0.011904761904761904,0.02641679606625259,0.02641679606625259,100.0,0.01872929606625259,0.01872929606625259,100.0,0.009627453330479957,0.11623777774270941,0,single_store_limited,0,0,insufficient_multistore_support,0,
1045515,1446,GROCERY,National,VEGETABLES - SHELF STABLE,CORN,15.25 OZ,both_vs_additive,1,3,4,0.0003019323671497598,0.0,-0.0003019323671497598,-0.0003019323671497598,0.0,-0.0003019323671497598,-0.0003019323671497598,0.0,0.0001535372332405957,-0.007598369337929543,0,single_store_limited,0,0,insufficient_multistore_support,0,-100.0
1048383,2557,GROCERY,National,CANNED JUICES,ASEPTIC PACK JUICE AND DRINKS,10/6.75 OZ,both_vs_additive,1,3,3,-0.030220330281509368,0.0,0.030220330281509368,0.030220330281509368,100.0,0.020079290379624085,0.020079290379624085,100.0,0.008313124632569077,0.026982060630081323,0,single_store_limited,0,0,insufficient_multistore_support,0,
1050721,531,DRUG GM,National,CANDY - PACKAGED,CANDY BARS MULTI PACK W/FLOUR,10 PK,both_vs_additive,1,3,3,0.06188834041775218,0.030303030303030304,-0.031585310114721876,-0.031585310114721876,0.0,-0.010768316650669595,-0.010768316650669595,0.0,-0.013539820114841422,-0.08886336175013529,0,single_store_limited,0,0,insufficient_multistore_support,0,-51.035962350126105
1054747,317,GROCERY,National,SALD DRSNG/SNDWCH SPRD,POURABLE SALAD DRESSINGS,L    16 OZ,both_vs_additive,1,4,4,0.019611196257158993,0.0,-0.019611196257158993,-0.019611196257158993,0.0,-0.006880696942808743,-0.006880696942808743,0.0,-0.0032381348765921462,-0.04083759909178445,0,single_store_limited,0,0,insufficient_multistore_support,0,-100.0
1068719,69,GROCERY,Private,SUGARS/SWEETNERS,SUGAR,(600) 4LB,both_vs_additive,1,3,3,0.1610073885142288,0.2406,0.07959261148577121,0.07959261148577121,100.0,-0.00804102312040307,-0.00804102312040307,0.0,0.004953862743059222,0.4003205372780648,0,single_store_limited,0,0,insufficient_multistore_support,0,49.43413604819591
1070463,69,GROCERY,Private,SOUP,RTS SOUP: CHUNKY/HOMESTYLE ET,18.6 OZ,both_vs_additive,1,6,6,0.00045763760049474453,0.026709401709401708,0.026251764108906964,0.026251764108906964,100.0,0.02176196819053962,0.02176196819053962,100.0,0.011784511784511785,0.08176325859087673,0,single_store_limited,0,0,insufficient_multistore_support,0,5736.365211365196
1072968,544,GROCERY,National,BAG SNACKS,DIPS (NON-REFRIGERATED),16 OZ,both_vs_additive,1,6,3,0.02459112872202021,0.0,-0.02459112872202021,-0.02459112872202021,0.0,-0.006383824061025378,-0.006383824061025378,0.0,-0.0020979096124868497,-0.009462522249784819,0,single_store_limited,0,0,insufficient_multistore_support,0,-100.0
1074524,2224,GROCERY,National,SOFT DRINKS,SFT DRNK 2 LITER BTL CARB INCL,2 LTR,both_vs_additive,1,4,14,-0.012328703703703705,0.008802776171197225,0.02113147987490093,0.02113147987490093,100.0,0.0160826076944498,0.0160826076944498,100.0,0.0075928063144681535,0.008719494084834986,0,single_store_limited,0,0,insufficient_multistore_support,0,
1075074,1046,GROCERY,National,FROZEN PIE/DESSERTS,FRZN WHIPPED TOPPING,8 OZ,both_vs_additive,1,3,7,-0.031746031746031744,0.010393046107331822,0.042139077853363564,0.042139077853363564,100.0,0.026266061980347692,0.026266061980347692,100.0,0.019754137786924673,0.07870993673599841,0,single_store_limited,0,0,insufficient_multistore_support,0,
1080014,69,GROCERY,Private,SPICES & EXTRACTS,PURE EXTRACTS,2 OZ,both_vs_additive,1,4,4,-0.07466896551724136,0.0,0.07466896551724136,0.07466896551724136,100.0,0.018620689655172412,0.018620689655172412,100.0,0.011416709911779968,0.21197031635588556,0,single_store_limited,0,0,insufficient_multistore_support,0,
1084177,1251,GROCERY,National,SOUP,RTS SOUP: CHUNKY/HOMESTYLE ET,18.8 OZ,both_vs_additive,1,3,3,0.07256410256410256,0.0,-0.07256410256410256,-0.07256410256410256,0.0,-0.045641025641025644,-0.045641025641025644,0.0,-0.01948853615520282,-0.0642190174553878,0,single_store_limited,0,0,insufficient_multistore_support,0,-100.0
1094955,499,GROCERY,National,MEAT - SHELF STABLE,SANDWICH SAUCE,15.5 OZ,both_vs_additive,1,3,5,0.012727272727272728,0.032,0.019272727272727275,0.019272727272727275,100.0,0.002222222222222221,0.002222222222222221,100.0,0.0009605010680279503,-0.1497484416205543,0,single_store_limited,0,0,insufficient_multistore_support,0,151.42857142857142
1096842,69,GROCERY,Private,SALD DRSNG/SNDWCH SPRD,POURABLE SALAD DRESSINGS,16 OZ,both_vs_additive,1,9,4,0.03709938004540786,0.0,-0.03709938004540786,-0.03709938004540786,0.0,-0.03217328772482311,-0.03217328772482311,0.0,-0.017352975057981005,-0.15263289740301578,0,single_store_limited,0,0,insufficient_multistore_support,0,-100.0
1099058,5258,GROCERY,National,BAKING MIXES,LAYER CAKE MIX,18.25 OZ,both_vs_additive,1,3,4,0.013968253968253968,0.028888888888888888,0.01492063492063492,0.01492063492063492,100.0,-0.0005952380952380949,-0.0005952380952380949,0.0,-0.0014391224068643436,0.07316844263478586,0,single_store_limited,0,0,insufficient_multistore_support,0,106.81818181818178
1104414,1075,GROCERY,National,CRACKERS/MISC BKD FD,SNACK CRACKERS,9.5 OZ,both_vs_additive,1,7,5,0.03825054734537493,0.010444444444444444,-0.02780610290093049,-0.02780610290093049,0.0,-0.006407019704433499,-0.006407019704433499,0.0,-0.0031149449094534107,-0.05801512136434861,0,single_store_limited,0,0,insufficient_multistore_support,0,-72.69465362119234
1106523,69,GROCERY,Private,FLUID MILK PRODUCTS,FLUID MILK WHITE ONLY,1 GA,both_vs_additive,1,5,12,0.06864696260936697,0.11653398453398454,0.04788702192461758,0.04788702192461758,100.0,0.022890776074394707,0.022890776074394707,100.0,0.0116449758776127,0.05070176976902688,0,single_store_limited,0,0,insufficient_multistore_support,0,69.7583987759472
1115175,544,GROCERY,National,BAG SNACKS,TORTILLA/NACHO CHIPS,13 OZ,both_vs_additive,1,3,3,0.01832695830916474,0.0,-0.01832695830916474,-0.01832695830916474,0.0,-0.004574264049289478,-0.004574264049289478,0.0,-0.003208821947261518,-0.011646849170022754,0,single_store_limited,0,0,insufficient_multistore_support,0,-100.0
1126899,69,GROCERY,Private,FLUID MILK PRODUCTS,FLUID MILK WHITE ONLY,1 GA,both_vs_additive,1,5,11,0.18307164899306283,0.23049883122162884,0.04742718222856601,0.04742718222856601,100.0,-0.000772252921480622,-0.000772252921480622,0.0,-0.006173131953369944,0.019930319624778634,0,single_store_limited,0,0,insufficient_multistore_support,0,25.906350048970815
1130458,794,GROCERY,National,COLD CEREAL,KIDS CEREAL,12.2 OZ,both_vs_additive,1,3,3,-0.013617582417582416,0.08106473079249849,0.0946823132100809,0.0946823132100809,100.0,0.040312585176469025,0.040312585176469025,100.0,0.021291647289546446,0.09826140745989975,0,single_store_limited,0,0,insufficient_multistore_support,0,
5568378,544,GROCERY,National,BAG SNACKS,TORTILLA/NACHO CHIPS,12.5 OZ,both_vs_additive,1,4,13,0.05696969696969697,0.047278106508875734,-0.009691590460821235,-0.009691590460821235,0.0,-0.005155101308947467,-0.005155101308947467,0.0,-0.0014537033886879089,0.008579737662903937,0,single_store_limited,0,0,insufficient_multistore_support,0,-17.011834319526642
5569230,1208,GROCERY,National,SOFT DRINKS,SOFT DRINKS 12/18&15PK CAN CAR,12 OZ,both_vs_additive,1,3,22,0.2805,0.2792918255986438,-0.0012081744013562323,-0.0012081744013562323,0.0,-0.0108365119728756,-0.0108365119728756,0.0,-0.006694635752037464,-0.05236620846660145,0,single_store_limited,0,0,insufficient_multistore_support,0,-0.4307217117134554
5582712,2082,MEAT-PCKGD,National,HEAT/SERVE,ENTREES,20 OZ,both_vs_additive,1,4,9,0.040462962962962964,0.056878306878306875,0.01641534391534391,0.01641534391534391,100.0,0.009218559218559219,0.009218559218559219,100.0,0.005722289558926933,0.06528348592902129,0,single_store_limited,0,0,insufficient_multistore_support,0,40.56881333769204
9337581,693,DRUG GM,National,CANDY - PACKAGED,CANDY BARS (MULTI PACK),4.4 OZ,both_vs_additive,1,5,7,0.07322593370681606,0.055555555555555546,-0.01767037815126051,-0.01767037815126051,0.0,-0.02215861344537814,-0.02215861344537814,0.0,-0.0011524454835772132,0.011299791830118054,0,single_store_limited,0,0,insufficient_multistore_support,0,-24.131311485913777
9526410,544,GROCERY,National,BAG SNACKS,POTATO CHIPS,11.5 OZ,both_vs_additive,1,3,23,0.028029136214912327,0.015594922032860017,-0.01243421418205231,-0.01243421418205231,0.0,-0.006886012536008371,-0.006886012536008371,0.0,-0.0038282570294584355,-0.014891051661854778,0,single_store_limited,0,0,insufficient_multistore_support,0,-44.36174588725621
9527159,544,GROCERY,National,BAG SNACKS,MULT PK BAG SNACKS,24 OZ,both_vs_additive,1,3,3,0.0636978457511373,0.0,-0.0636978457511373,-0.0636978457511373,0.0,-0.010634031010206558,-0.010634031010206558,0.0,-0.006495961969586474,-0.053648272276145555,0,single_store_limited,0,0,insufficient_multistore_support,0,-100.0
10204822,857,DRUG GM,National,CANDY - PACKAGED,CANDY BARS (MULTI PACK),4.62 OZ,both_vs_additive,1,3,3,0.034613095238095234,0.05444444444444444,0.019831349206349207,0.019831349206349207,100.0,0.00662968975468976,0.00662968975468976,100.0,0.012524263337130477,0.05593172912555866,0,single_store_limited,0,0,insufficient_multistore_support,0,57.29435368300373
10285144,693,DRUG GM,National,CANDY - PACKAGED,CANDY BARS (MULTI PACK),4.4 OZ,both_vs_additive,1,3,9,0.09540175510763746,0.07344702081544187,-0.02195473429219559,-0.02195473429219559,0.0,-0.019393716878236995,-0.019393716878236995,0.0,-0.01269619850085437,-0.062258696836830524,0,single_store_limited,0,0,insufficient_multistore_support,0,-23.012924937727885
1038217,69,GROCERY,Private,CRACKERS/MISC BKD FD,SOUP CRACKERS (SALTINE/OYSTER),16 OZ,both_vs_none,46,328,348,0.027272145684897088,0.03226365764199315,0.004991511957096064,0.005220181864918707,65.21739130434783,0.0034407490952635244,0.0029894179894179897,63.04347826086957,0.0017434745410489704,0.013630859980339112,6,multi_store_repeated,1,1,sales_and_penetration_positive,1,18.302600810248258
822407,1377,GROCERY,National,MEAT - SHELF STABLE,PASTA: CANNED,15 OZ,both_vs_none,31,224,210,0.03477224250101299,0.0468947245533056,0.012122482052292613,0.005715811965811966,58.06451612903226,0.008698204787987005,0.005411255411255412,64.51612903225806,0.003915023717098441,0.00978668282934524,3,multi_store_repeated,0,1,penetration_positive_only,1,34.86252591255643
896369,69,GROCERY,Private,PNT BTR/JELLY/JAMS,PEANUT BUTTER,18 OZ,both_vs_none,31,163,200,0.01708804665985648,0.03171593052847365,0.014627883868617176,0.011080059725221018,64.51612903225806,0.004830344215080814,0.005434782608695652,61.29032258064516,0.003094457362824663,0.09931180774194975,8,multi_store_repeated,1,1,sales_and_penetration_positive,1,85.6030192320415
1003188,69,GROCERY,Private,CANNED JUICES,APPLE JUICE & CIDER (OVER 50%,64 OZ,both_vs_none,25,136,143,0.043222339881064345,0.06558429496858406,0.022361955087519717,0.010873397435897436,64.0,0.01045067884959109,0.006944444444444444,64.0,0.007218424388054628,0.10126116536868342,6,multi_store_repeated,1,1,sales_and_penetration_positive,1,51.737030315928045
1045220,1377,GROCERY,National,MEAT - SHELF STABLE,PASTA: CANNED,15 OZ,both_vs_none,24,181,164,0.02264377043971708,0.042217315249189806,0.01957354480947272,0.011852617604002646,70.83333333333334,0.0076063612278200925,0.004119740037330063,79.16666666666666,0.0033476614231148466,0.031820736302176,5,multi_store_repeated,1,1,sales_and_penetration_positive,1,86.44119079718638
913785,131,GROCERY,National,CONDIMENTS/SAUCES,CATSUP,24 OZ,both_vs_none,20,79,84,0.03493412613944258,0.08554068135289777,0.050606555213455175,0.041376546159154856,80.0,0.025172690259136182,0.02234070277548538,70.0,0.013212146947432404,0.16345586193742315,2,multi_store_repeated,1,1,sales_and_penetration_positive,1,144.86280553134426
1058779,69,GROCERY,Private,SALD DRSNG/SNDWCH SPRD,POURABLE SALAD DRESSINGS,16 OZ,both_vs_none,17,64,95,0.041967287646353386,0.022628697225610773,-0.01933859042074261,0.00528256704980843,58.82352941176471,0.0004942275046358636,0.006944444444444444,64.70588235294117,0.0011786187451328525,0.00784998917079625,6,multi_store_repeated,0,1,penetration_positive_only,1,-46.08015315095775
864774,942,GROCERY,National,CONDIMENTS/SAUCES,SALAD MUSTARD,14 OZ,both_vs_none,12,71,69,0.012754982255462179,0.014679252844289337,0.0019242705888271579,0.0052834249084249075,75.0,0.002214016323973783,0.00655431869717584,75.0,0.0013905641579415214,0.01418481956197757,2,multi_store_repeated,1,1,sales_and_penetration_positive,1,15.086423095595535
936594,843,GROCERY,National,BEANS - CANNED GLASS & MW,PREPARED BEANS - BAKED W/PORK,28 OZ,both_vs_none,12,64,60,0.011988278581466892,0.03160592263793744,0.01961764405647055,0.01577083333333333,83.33333333333334,0.011186178112368729,0.00926343531403371,91.66666666666666,0.00767433730885598,0.04394140114526163,6,multi_store_repeated,1,1,sales_and_penetration_positive,1,163.64020841823083
850841,1276,GROCERY,National,ISOTONIC DRINKS,ISOTONIC DRINKS SINGLE SERVE,32 OZ,both_vs_none,10,41,63,0.03708377922799388,0.028808946310864468,-0.008274832917129413,-0.006435719115232301,50.0,-0.003002945934527201,0.0017080745341614915,60.0,-0.0025889692470581864,0.026592335602632976,2,multi_store_repeated,0,1,penetration_positive_only,1,-22.313887876030947
859075,69,GROCERY,Private,CHEESE,SHREDDED CHEESE,8 OZ,both_vs_none,10,69,226,0.037560146153239035,0.06996213297013482,0.03240198681689578,0.02600718622897478,80.0,0.016500346429297427,0.009469598227809288,80.0,0.009454931459774924,0.043264400384803635,3,multi_store_repeated,1,1,sales_and_penetration_positive,1,86.26693486415404
1122568,1046,GROCERY,National,COLD CEREAL,KIDS CEREAL,13 OZ,both_vs_none,10,48,78,0.019400544231762032,0.033479838171974995,0.014079293940212961,0.018118055555555554,80.0,0.004674612655790255,0.006331599825087456,60.0,0.0027248638524327035,0.02737239894672088,3,multi_store_repeated,1,1,sales_and_penetration_positive,1,72.57164423852984
852864,407,GROCERY,National,VEGETABLES - SHELF STABLE,BEANS GREEN: FS/WHL/CUT,14.5 OZ,both_vs_none,8,28,35,0.01744493526318716,0.02621844364121175,0.00877350837802459,0.002229710701484895,62.5,0.005577334543017695,0.003693036354326677,62.5,0.002639076989810407,1.8849929037671482e-05,2,multi_store_repeated,1,1,sales_and_penetration_positive,1,50.29258203404583
867668,69,GROCERY,Private,CRACKERS/MISC BKD FD,SOUP CRACKERS (SALTINE/OYSTER),14 OZ,both_vs_none,8,61,42,0.018774084780941884,0.022173422543840228,0.003399337762898346,0.00451388888888889,50.0,0.005746492733167541,0.006605077928607341,62.5,0.003908466550026454,0.050597337476181496,1,multi_store_repeated,0,1,penetration_positive_only,1,18.106543155430455
911470,69,GROCERY,Private,SOUP,RTS SOUP: CHUNKY/HOMESTYLE ET,18.6 OZ,both_vs_none,8,57,46,0.029290824131427633,0.05602253489855577,0.026731710767128138,0.008035714285714287,50.0,0.009506979974597792,0.009334554334554334,62.5,0.0037107662782393117,0.03290549845340696,1,multi_store_repeated,0,1,penetration_positive_only,1,91.2630885603738
1135768,1276,GROCERY,National,ISOTONIC DRINKS,ISOTONIC DRINKS SINGLE SERVE,32 OZ,both_vs_none,7,24,52,0.027389160792522144,0.028525521660135295,0.0011363608676131503,0.003703703703703704,71.42857142857143,0.0007220877185710947,0.008403361344537815,71.42857142857143,1.80518143136129e-05,-0.0103764182865524,3,multi_store_repeated,1,1,sales_and_penetration_positive,1,4.148943723472542
931671,764,GROCERY,National,WAREHOUSE SNACKS,CANISTER POTATO/TORT CHIPS,5.75 OZ,both_vs_none,5,30,23,0.016353993783993787,0.02288963679117132,0.006535643007177533,0.003968614718614715,80.0,0.007204687753281104,0.006385281385281383,60.0,0.0038500877306958136,-0.010078937110667674,1,multi_store_repeated,1,1,sales_and_penetration_positive,1,39.963589894317984
987562,69,GROCERY,Private,CHEESE,SHREDDED CHEESE,8 OZ,both_vs_none,5,22,109,0.026577517511728037,0.0655353839012162,0.03895786638948816,0.046018653838346926,80.0,0.016416150546634065,0.017053027445988855,80.0,0.009482976152447604,0.042636292164259626,1,multi_store_repeated,1,1,sales_and_penetration_positive,1,146.58203638581733
1044805,1251,GROCERY,National,SOUP,RTS SOUP: CHUNKY/HOMESTYLE ET,19 OZ,both_vs_none,5,35,17,0.03185124098124098,0.0501449440642989,0.01829370308305792,0.020985449735449736,60.0,0.010690204657946595,0.012566137566137565,60.0,0.006045662842241194,-0.016456251096311117,0,multi_store_repeated,1,1,sales_and_penetration_positive,1,57.434820495164175
1077490,1251,GROCERY,National,SOUP,CONDENSED SOUP,10.5 OZ,both_vs_none,5,27,15,0.022649410086481025,0.025190548780487803,0.002541138694006781,0.011782018794213913,60.0,-0.0010126676256608722,-0.005434132263400556,40.0,-0.00015618786245409042,0.012256784101516436,2,multi_store_repeated,1,0,sales_positive_only,1,11.21944758960205
863449,69,GROCERY,Private,SOUP,RTS SOUP: CHUNKY/HOMESTYLE ET,18.6 OZ,both_vs_none,4,24,21,0.027976635632885632,0.027766728243021344,-0.00020990738986428848,0.00248197093455714,50.0,0.007293378875275428,0.007257799671592776,100.0,0.00365362490073473,-0.022986929821114124,1,multi_store_repeated,0,1,penetration_positive_only,1,-0.7502953272106483
987724,69,GROCERY,Private,CHEESE,SHREDDED CHEESE,8 OZ,both_vs_none,4,20,44,0.020121527777777776,0.03171458916269883,0.01159306138492105,0.013326077512069559,75.0,0.008278385803075812,0.0028637770897832816,50.0,0.005072237573456233,0.010017624584986742,2,multi_store_repeated,1,0,sales_positive_only,1,57.61521447553517
1069621,69,GROCERY,Private,SHORTENING/OIL,CANOLA OILS,48 OZ,both_vs_none,4,30,15,0.011801525761819878,0.047209163897087174,0.035407638135267296,0.03426022247016829,100.0,0.019780803427523627,0.01913978908947949,100.0,0.011111668437365467,0.2303748108471168,1,multi_store_repeated,1,1,sales_and_penetration_positive,1,300.0259360515702
1100972,586,GROCERY,National,CRACKERS/MISC BKD FD,BUTTER SPRAY CRACKER (RITZ/CLU,16 OZ,both_vs_none,4,24,31,0.013912732621784345,0.025886168738457067,0.01197343611667272,0.013535266295423714,75.0,0.0034066330893739545,0.004887377739701576,75.0,0.0007053193847277087,0.015157584860907528,1,multi_store_repeated,1,1,sales_and_penetration_positive,1,86.06099493297886
834117,69,GROCERY,Private,WATER - CARBONATED/FLVRD DRINK,NON-CRBNTD DRNKING/MNERAL WATE,405.6 OZ,both_vs_none,3,36,12,0.04025468050468051,0.20916346153846155,0.16890878103378104,0.009946581196581199,66.66666666666666,0.04013956722290057,0.004896723646723647,66.66666666666666,0.014104209514610519,0.1766267437737071,0,multi_store_repeated,1,1,sales_and_penetration_positive,1,419.6003518501199
882830,764,GROCERY,National,WAREHOUSE SNACKS,CANISTER POTATO/TORT CHIPS,5.75 OZ,both_vs_none,3,26,20,0.0019590643274853803,0.01615198482138851,0.01419292049390313,0.01844832669910069,100.0,0.011674451117848613,0.010892918570937146,100.0,0.006885201129314217,0.08632706266880195,2,multi_store_repeated,1,1,sales_and_penetration_positive,1,724.4744490917716
908181,69,GROCERY,Private,SOUP,RTS SOUP: CHUNKY/HOMESTYLE ET,18.8 OZ,both_vs_none,3,19,19,0.01815288220551378,0.026856902356902357,0.008704020151388575,0.020531024531024532,66.66666666666666,0.009014012303485988,0.012265512265512268,66.66666666666666,0.004410629104670538,0.013494093317781767,1,multi_store_repeated,1,1,sales_and_penetration_positive,1,47.948419721165834
918368,69,GROCERY,Private,CHEESE,SHREDDED CHEESE,8 OZ,both_vs_none,3,19,20,0.005614035087719298,0.010961088437764591,0.005347053350045293,0.013820084485407065,66.66666666666666,0.0046509415772429405,0.011770353302611367,66.66666666666666,0.0020971533953415395,0.005386336790459419,2,multi_store_repeated,1,1,sales_and_penetration_positive,1,95.24438779768178
990797,410,GROCERY,National,CRACKERS/MISC BKD FD,CHEESE CRACKERS (CHEEZ-ITS/GOL,16 OZ,both_vs_none,3,31,29,0.027174074074074076,0.054553667703092994,0.027379593629018914,0.02642962337789924,66.66666666666666,0.013804899336508532,0.01472768132250891,66.66666666666666,0.009125884926706984,0.09470568601226215,1,multi_store_repeated,1,1,sales_and_penetration_positive,1,100.75630748037491
1068719,69,GROCERY,Private,SUGARS/SWEETNERS,SUGAR,(600) 4LB,both_vs_none,3,14,16,0.03433071823876421,0.11893035780644477,0.08459963956768056,0.04166208791208791,100.0,0.02624375550632661,0.01872710622710623,100.0,0.014155058773626978,0.16909832383081783,1,multi_store_repeated,1,1,sales_and_penetration_positive,1,246.4254868753537
1094955,499,GROCERY,National,MEAT - SHELF STABLE,SANDWICH SAUCE,15.5 OZ,both_vs_none,3,10,19,0.0,0.04445138888888889,0.04445138888888889,0.03802083333333333,100.0,0.02091269841269841,0.022321428571428572,100.0,0.011833685572342559,0.09849960101557252,3,multi_store_repeated,1,1,sales_and_penetration_positive,1,
1114597,1232,GROCERY,National,REFRGRATD JUICES/DRNKS,DAIRY CASE JUICE DRNK UNDER 10,64 OZ,both_vs_none,3,13,15,0.022033470122191926,0.04090513116171123,0.018871661039519302,0.021788048552754433,100.0,0.012197901841928788,0.017740429505135387,66.66666666666666,0.008303240989514514,0.052101918457218094,1,multi_store_repeated,1,1,sales_and_penetration_positive,1,85.64997222344894
10204822,857,DRUG GM,National,CANDY - PACKAGED,CANDY BARS (MULTI PACK),4.62 OZ,both_vs_none,3,10,12,0.016264619883040937,0.05089842441416654,0.034633804531125606,0.026072427445425157,100.0,0.03166347624829733,0.029040404040404044,100.0,0.02253060303342505,0.07646238724198216,1,multi_store_repeated,1,1,sales_and_penetration_positive,1,212.93952628575198
938700,69,GROCERY,Private,VEGETABLES - SHELF STABLE,CORN,15.25 OZ,both_vs_none,53,549,245,0.025600349106095235,0.030823354090035684,0.005223004983940437,-0.00020789843370488253,49.056603773584904,0.003832435681815917,0.003574203574203575,54.71698113207547,0.0023542406313495716,-0.0014330625300303542,1,multi_store_repeated,0,0,mixed_or_nonpositive,0,20.40208499616474
930917,1377,GROCERY,National,MEAT - SHELF STABLE,PASTA: CANNED,15 OZ,both_vs_none,38,298,261,0.03794754078128236,0.03562676301738862,-0.0023207777638937486,-0.008755072541837246,42.10526315789473,-0.0012107899868858112,-0.00408935293078095,39.473684210526315,-0.0003312670641882168,-0.024097016709054425,5,multi_store_repeated,0,0,mixed_or_nonpositive,0,-6.115752736837344
1013321,69,GROCERY,Private,VEGETABLES - SHELF STABLE,BEANS GREEN: FS/WHL/CUT,14.5 OZ,both_vs_none,35,354,165,0.0319381994132496,0.03464553711407824,0.002707337700828632,0.006240505817711697,51.42857142857142,0.0034257095647336733,0.0017297979797979805,57.14285714285714,0.0022370944271951367,0.021683618682905133,0,multi_store_repeated,0,0,mixed_or_nonpositive,0,8.476801293016823
892008,1377,GROCERY,National,MEAT - SHELF STABLE,PASTA: CANNED,14.5 OZ,both_vs_none,31,240,215,0.027816906819746034,0.029765815461806677,0.001948908642060641,0.0008452950558213712,51.61290322580645,0.001496925134658642,0.0007711586658955098,51.61290322580645,0.0012794242070205274,-0.0036461315580470772,3,multi_store_repeated,0,0,mixed_or_nonpositive,0,7.006201856624816
1030819,69,GROCERY,Private,VEGETABLES - SHELF STABLE,PEAS GREEN,14 OZ,both_vs_none,23,223,119,0.015692248561280445,0.014080673732330245,-0.0016115748289501999,-0.0027548209366391185,43.47826086956522,-0.0007406419894912638,-0.0027548209366391185,47.82608695652174,-0.0006176717284982668,-0.006540752357799268,1,multi_store_repeated,0,0,mixed_or_nonpositive,0,-10.26987829473114
951190,317,GROCERY,National,SALD DRSNG/SNDWCH SPRD,POURABLE SALAD DRESSINGS,16 OZ,both_vs_none,21,113,144,0.03103665328394484,0.0214168223843296,-0.00961983089961523,-0.012948439992025523,28.57142857142857,-0.006322831652613446,-0.008053221288515405,33.33333333333333,-0.003986064712879149,-0.03154220512593882,5,multi_store_repeated,0,0,mixed_or_nonpositive,0,-30.99506513027146
1054262,1046,GROCERY,National,COLD CEREAL,KIDS CEREAL,13 OZ,both_vs_none,21,87,170,0.042081401360741864,0.0445992714605948,0.002517870099852934,-0.0017719662895824759,42.857142857142854,-0.005172716057787576,-0.00032679738562091387,47.61904761904761,-0.0032841295285411833,-0.03193764146300695,3,multi_store_repeated,0,0,mixed_or_nonpositive,0,5.983332347391546
911812,1251,GROCERY,National,SOUP,CONDENSED SOUP,10.5OZ,both_vs_none,18,91,74,0.029441051652911887,0.0393226684029697,0.009881616750057814,0.0017857142857142846,50.0,0.005579514153977192,0.0035774410774410768,50.0,0.003129382165305307,0.01930246827125153,3,multi_store_repeated,0,0,mixed_or_nonpositive,0,33.564075314138655
898068,131,GROCERY,National,CONDIMENTS/SAUCES,CATSUP,36 OZ,both_vs_none,17,86,78,0.04802685451392011,0.04910741001782288,0.0010805555039027997,-0.007554761904761904,47.05882352941176,0.0005038417311237494,-0.004523809523809522,47.05882352941176,-8.143856468786393e-06,-0.04592308530259598,0,multi_store_repeated,0,0,mixed_or_nonpositive,0,2.2498985512148906
973861,69,GROCERY,Private,VEGETABLES - SHELF STABLE,BEANS GREEN: FS/WHL/CUT,14 1/4 OZ,both_vs_none,14,115,64,0.019762079405434115,0.01913872981370804,-0.0006233495917260785,-0.0025661745661745648,28.57142857142857,0.005730481288720952,0.0,42.857142857142854,0.002568809107006614,-0.007051617023696116,2,multi_store_repeated,0,0,mixed_or_nonpositive,0,-3.1542712633503056
1043590,69,GROCERY,Private,SHORTENING/OIL,VEGETABLE/SALAD OIL,48 OZ,both_vs_none,10,82,37,0.024814812645315522,0.032363129554500644,0.007548316909185125,0.002622710622710623,50.0,0.005268257086479554,0.0014652014652014635,50.0,0.004298006376098472,-0.13527783384562966,3,multi_store_repeated,0,0,mixed_or_nonpositive,0,30.418593188976082
889774,407,GROCERY,National,VEGETABLES - SHELF STABLE,CORN,15.25 OZ,both_vs_none,9,40,43,0.041037715347865725,0.02399963539590134,-0.01703807995196438,-0.01170099160945843,33.33333333333333,-0.005281019862896806,-0.001183261183261189,44.44444444444444,-0.002422589832621244,-0.004493679328086388,2,multi_store_repeated,0,0,mixed_or_nonpositive,0,-41.51810062411404
1101173,317,GROCERY,National,DINNER MXS:DRY,MACARONI & CHEESE DNRS,12 OZ,both_vs_none,9,29,41,0.05897369833601718,0.06354107522077294,0.004567376884755757,0.0017575757575757633,55.55555555555556,0.0051816072238033304,0.0,44.44444444444444,0.004717471657969667,0.054067865527174144,4,multi_store_repeated,0,0,mixed_or_nonpositive,0,7.744769301616472
7139529,5550,GROCERY,National,CONDIMENTS/SAUCES,BBQ SAUCE,28 OZ,both_vs_none,8,50,32,0.07199657572625615,0.09603083398209884,0.02403425825584269,-0.02046746770727413,37.5,0.004532866199875418,-0.00047467493435544676,25.0,0.0025740503749491824,0.05533316059706211,2,multi_store_repeated,0,0,mixed_or_nonpositive,0,33.38250189456959
830887,2557,GROCERY,National,CANNED JUICES,ASEPTIC PACK JUICE AND DRINKS,10/6.75 OZ,both_vs_none,7,28,35,0.026926992848421424,0.029283628121405992,0.0023566352729845704,0.003276923076923075,57.14285714285714,0.0022534895685742233,0.0016153846153846158,57.14285714285714,0.001974236819313147,0.00722166674126218,2,multi_store_repeated,0,0,mixed_or_nonpositive,0,8.75194376977273
895743,843,GROCERY,National,BEANS - CANNED GLASS & MW,PREPARED BEANS - BAKED W/PORK,28 OZ,both_vs_none,6,33,25,0.024506706412606587,0.02172624269005848,-0.002780463722548109,-0.016293650793650794,33.33333333333333,-0.005163002445167285,-0.012742729014280738,33.33333333333333,-0.002116401836883139,-0.19108811489805178,0,multi_store_repeated,0,0,mixed_or_nonpositive,0,-11.34572584228536
976955,69,GROCERY,Private,VEGETABLES - SHELF STABLE,CORN,14.75 OZ,both_vs_none,6,45,23,0.0083202577802251,0.01274379776601999,0.004423539985794887,-0.004836507936507936,33.33333333333333,0.009582447176401424,0.003910934744268079,50.0,0.0034346269060659793,-0.0040273430784761475,2,multi_store_repeated,0,0,mixed_or_nonpositive,0,53.16590065644831
832678,586,GROCERY,National,CRACKERS/MISC BKD FD,BUTTER SPRAY CRACKER (RITZ/CLU,16 OZ,both_vs_none,5,30,56,0.0217949156743236,0.025329068249436443,0.0035341525751128437,-0.006585543080108294,40.0,0.003366178049581644,-0.0002883122312470135,40.0,0.0012569819515320373,0.003980810605396746,2,multi_store_repeated,0,0,mixed_or_nonpositive,0,16.21549093340333
859010,69,GROCERY,Private,BAG SNACKS,TORTILLA/NACHO CHIPS,13.5OZ,both_vs_none,5,28,36,0.02286965811965812,0.017631025937559303,-0.005238632182098817,0.0,40.0,-0.0018765786417204694,0.0,40.0,-0.0005630364185596554,-0.0008068830134775245,2,multi_store_repeated,0,0,mixed_or_nonpositive,0,-22.90647352351908
921744,69,GROCERY,Private,BAG SNACKS,TORTILLA/NACHO CHIPS,13.5OZ,both_vs_none,5,20,53,0.012725170502983801,0.015392819403229147,0.0026676489002453447,-0.00957264882697265,40.0,0.0007630433996546672,-0.006884439822440604,40.0,-0.0003905625145305803,0.006364248002050129,2,multi_store_repeated,0,0,mixed_or_nonpositive,0,20.96356115322646
1042438,1075,GROCERY,National,COOKIES/CONES,SANDWICH COOKIES,18 OZ,both_vs_none,5,41,35,0.060803203262656445,0.04660694929415275,-0.014196253968503691,-0.006390179910044983,40.0,-0.006888874277076388,-0.004504872563718143,40.0,-0.004916383292649445,0.1092104783389298,0,multi_store_repeated,0,0,mixed_or_nonpositive,0,-23.347871833625277
826249,69,GROCERY,Private,BAKED BREAD/BUNS/ROLLS,HAMBURGER BUNS,12 OZ,both_vs_none,4,30,87,0.04481810990797028,0.052052640663585656,0.007234530755615379,0.005561485543565982,50.0,0.00032076997152650014,0.003282490860840013,50.0,-3.2692575831630606e-05,-0.00842765131189125,0,multi_store_repeated,0,0,mixed_or_nonpositive,0,16.141980932419496
833025,69,GROCERY,Private,MILK BY-PRODUCTS,SOUR CREAMS,16 OZ,both_vs_none,4,60,59,0.013897216848008702,0.014843558946500121,0.000946342098491419,-0.0013745804011641109,50.0,0.0019711859177356907,-0.0008623577486699657,25.0,0.0019067422334020302,0.02694598711289234,0,multi_store_repeated,0,0,mixed_or_nonpositive,0,6.809579996062443
1041796,1075,GROCERY,National,CRACKERS/MISC BKD FD,BUTTER SPRAY CRACKER (RITZ/CLU,16 OZ,both_vs_none,4,36,33,0.03986015807109557,0.06524265020693593,0.02538249213584035,0.03493919101731601,50.0,0.012406876357769214,0.01744453463203463,50.0,0.00523794277500477,0.05771369406675668,2,multi_store_repeated,0,0,mixed_or_nonpositive,0,63.678854686345
849843,69,GROCERY,Private,BAKED BREAD/BUNS/ROLLS,MAINSTREAM WHEAT/MULTIGRAIN BR,20 OZ,both_vs_none,3,24,49,0.03891419974509506,0.023223759968338007,-0.01569043977675705,-0.009896729395254995,0.0,-0.012484580189864147,-0.0022554718493841587,0.0,-0.008727052151161728,-0.025877507548209264,0,multi_store_repeated,0,0,mixed_or_nonpositive,0,-40.32060245241136
1029968,1276,GROCERY,National,ISOTONIC DRINKS,ISOTONIC DRINKS SINGLE SERVE,32 OZ,both_vs_none,3,11,21,0.07084457939721098,0.009417132392409459,-0.06142744700480152,-0.018137293251709728,0.0,-0.02937993569258432,-0.022026182140598614,0.0,-0.022903886000400605,-0.06324702923063578,0,multi_store_repeated,0,0,mixed_or_nonpositive,0,-86.70733530703947
1070820,69,GROCERY,Private,FLUID MILK PRODUCTS,FLUID MILK WHITE ONLY,1 GA,both_vs_none,3,12,30,0.16957003581500485,0.1337011351416131,-0.03586890067339175,-0.07045406843319933,33.33333333333333,-0.000530743419255147,-0.0015695903236861222,33.33333333333333,-0.008448415562479486,-0.05385999292672855,0,multi_store_repeated,0,0,mixed_or_nonpositive,0,-21.152853156511387
837751,794,GROCERY,National,COLD CEREAL,KIDS CEREAL,12.2 OZ,both_vs_none,2,6,11,0.01845679012345679,0.04716748768472906,0.02871069756127227,0.02871069756127227,100.0,0.014434713860001216,0.014434713860001216,100.0,0.0076662758955676116,0.028851226878010863,1,two_store_limited,0,0,insufficient_multistore_support,0,155.55628779017084
847789,69,GROCERY,Private,BAKED BREAD/BUNS/ROLLS,MAINSTREAM WHEAT/MULTIGRAIN BR,20 OZ,both_vs_none,2,19,14,0.0029850016558091094,0.004954074145484538,0.0019690724896754283,0.0019690724896754283,50.0,0.001467712069893557,0.001467712069893557,50.0,0.0008146154146816736,0.0018274938526198345,1,two_store_limited,0,0,insufficient_multistore_support,0,65.96554095182555
851676,2557,GROCERY,National,CANNED JUICES,ASEPTIC PACK JUICE AND DRINKS,10/6.75 OZ,both_vs_none,2,7,8,0.03446969696969697,0.017599999999999998,-0.016869696969696972,-0.016869696969696972,50.0,-0.009696969696969697,-0.009696969696969697,50.0,-0.004922161172161173,-0.06696090360204145,0,two_store_limited,0,0,insufficient_multistore_support,0,-48.940659340659344
871756,317,GROCERY,National,SALD DRSNG/SNDWCH SPRD,SEMI-SOLID SALAD DRESSING MAY,32 OZ,both_vs_none,2,30,21,0.03985611550285463,0.03495032588198678,-0.004905789620867847,-0.004905789620867847,50.0,0.005513521889518578,0.005513521889518578,50.0,0.002958175795190716,-0.027897201896627897,0,two_store_limited,0,0,insufficient_multistore_support,0,-12.308750009810865
883404,69,GROCERY,Private,BAKED BREAD/BUNS/ROLLS,MAINSTREAM WHITE BREAD,20 OZ,both_vs_none,2,21,25,0.025085413656131345,0.035847026048993924,0.010761612392862576,0.010761612392862576,50.0,0.008413646785919769,0.008413646785919769,100.0,0.004789952075014837,-0.0006395649615987282,0,two_store_limited,0,0,insufficient_multistore_support,0,42.899880147012205
883932,586,GROCERY,National,CRACKERS/MISC BKD FD,SOUP CRACKERS (SALTINE/OYSTER),16 OZ,both_vs_none,2,15,6,0.07946291230503019,0.012291666666666666,-0.06717124563836352,-0.06717124563836352,0.0,-0.02799101652570743,-0.02799101652570743,0.0,-0.01616298973795988,-0.22353068346556226,0,two_store_limited,0,0,insufficient_multistore_support,0,-84.5315678596283
906763,69,GROCERY,Private,PNT BTR/JELLY/JAMS,PEANUT BUTTER,18 OZ,both_vs_none,2,9,8,0.012403846153846154,0.05023569023569024,0.037831844081844083,0.037831844081844083,100.0,0.015648363981697316,0.015648363981697316,100.0,0.008975375677961885,-0.019495550745550733,1,two_store_limited,0,0,insufficient_multistore_support,0,305.00091352804526
926233,586,GROCERY,National,COOKIES/CONES,CHOCOLATE COVERED COOKIES,11.5 OZ,both_vs_none,2,13,9,0.0,0.0,0.0,0.0,0.0,0.0,0.0,0.0,0.0,0.0,2,two_store_limited,0,0,insufficient_multistore_support,0,
929309,69,GROCERY,Private,SALD DRSNG/SNDWCH SPRD,POURABLE SALAD DRESSINGS,16 OZ,both_vs_none,2,9,10,0.004,0.03411078963442256,0.030110789634422555,0.030110789634422555,100.0,0.026110789634422555,0.026110789634422555,100.0,0.013863263280828788,0.050686755588554754,1,two_store_limited,0,0,insufficient_multistore_support,0,752.769740860564
971949,2557,GROCERY,National,CANNED JUICES,ASEPTIC PACK JUICE AND DRINKS,10/6.75 OZ,both_vs_none,2,9,14,0.11302083333333335,0.1394064027790808,0.026385569445747464,0.026385569445747464,50.0,0.01660667888899313,0.01660667888899313,100.0,0.007727731196744537,0.008026520416275273,1,two_store_limited,0,0,insufficient_multistore_support,0,23.345757297619873
974108,764,GROCERY,National,WAREHOUSE SNACKS,CANISTER POTATO/TORT CHIPS,6 OZ,both_vs_none,2,24,8,0.02445121088706615,0.04873294346978557,0.02428173258271942,0.02428173258271942,50.0,0.022819950760740237,0.022819950760740237,50.0,0.014846781194968225,0.031136610250245333,1,two_store_limited,0,0,insufficient_multistore_support,0,99.30687152824657
989935,5258,GROCERY,National,BAKING MIXES,LAYER CAKE MIX,18.25 OZ,both_vs_none,2,10,6,0.007857142857142858,0.020833333333333332,0.012976190476190474,0.012976190476190474,50.0,0.005952380952380952,0.005952380952380952,50.0,0.0024920255183413075,0.018807622652307985,1,two_store_limited,0,0,insufficient_multistore_support,0,165.15151515151513
1007549,317,GROCERY,National,SALD DRSNG/SNDWCH SPRD,POURABLE SALAD DRESSINGS,L    16 OZ,both_vs_none,2,8,14,0.015625,0.025264913657770803,0.009639913657770803,0.009639913657770803,100.0,0.007195185766614338,0.007195185766614338,100.0,0.0026071074680173497,0.03261144548713216,0,two_store_limited,0,0,insufficient_multistore_support,0,61.69544740973314
1012587,69,MEAT-PCKGD,Private,MEAT - MISC,GRND/PATTY - FROZEN,3 LB,both_vs_none,2,6,16,0.10136363636363636,0.1632457107843137,0.061882074420677356,0.061882074420677356,100.0,0.002025772430184194,0.002025772430184194,50.0,0.0016834673366182395,0.005718718738275709,1,two_store_limited,0,0,insufficient_multistore_support,0,61.049580145959716
1029624,69,GROCERY,Private,DINNER MXS:DRY,MACARONI & CHEESE DNRS,12 OZ,both_vs_none,2,8,7,0.1396305067481538,0.20059640522875816,0.06096589848060436,0.06096589848060436,50.0,-0.0051398968678380424,-0.0051398968678380424,50.0,-0.0032735763139791884,-0.1405635864326343,0,two_store_limited,0,0,insufficient_multistore_support,0,43.6623055379769
1029743,69,GROCERY,Private,FLUID MILK PRODUCTS,FLUID MILK WHITE ONLY,1 GA,both_vs_none,2,11,28,0.25151235554950724,0.3591487495088482,0.10763639395934094,0.10763639395934094,100.0,0.050851887115086064,0.050851887115086064,100.0,0.037471494714992226,0.05912415130466832,0,two_store_limited,0,0,insufficient_multistore_support,0,42.79566851663237
1062782,69,GROCERY,Private,PNT BTR/JELLY/JAMS,JELLY,32 OZ,both_vs_none,2,6,6,0.035987654320987654,0.02641025641025641,-0.009577397910731245,-0.009577397910731245,50.0,0.00017568850902184227,0.00017568850902184227,50.0,-0.003341783150366301,-0.0045295711538068245,0,two_store_limited,0,0,insufficient_multistore_support,0,-26.61300963187756
1074754,1075,GROCERY,National,COOKIES/CONES,SANDWICH COOKIES,18 OZ,both_vs_none,2,10,11,0.06273227969348659,0.022192982456140348,-0.04053929723734624,-0.04053929723734624,0.0,-0.011199964710627144,-0.011199964710627144,50.0,-0.00554896923938506,-0.09434048882311216,0,two_store_limited,0,0,insufficient_multistore_support,0,-64.62270689894183
1096036,69,GROCERY,Private,CHEESE,IWS SINGLE CHEESE,12 OZ,both_vs_none,2,6,40,0.0,0.0473746221949347,0.0473746221949347,0.0473746221949347,100.0,0.022504983442483445,0.022504983442483445,100.0,0.013544350037821569,0.050807732862733074,2,two_store_limited,0,0,insufficient_multistore_support,0,
1098066,69,GROCERY,Private,BAKED BREAD/BUNS/ROLLS,HOT DOG BUNS,11 OZ,both_vs_none,2,22,37,0.03775228367501604,0.051895750208892824,0.01414346653387679,0.01414346653387679,50.0,0.018311829412970215,0.018311829412970215,100.0,0.010512804572519265,0.007149063377018858,0,two_store_limited,0,0,insufficient_multistore_support,0,37.463870147905084
1102845,69,GROCERY,Private,COFFEE,GROUND COFFEE,39 OZ,both_vs_none,2,8,15,0.04455357142857143,0.11153546871334741,0.06698189728477597,0.06698189728477597,100.0,0.009861379896786301,0.009861379896786301,100.0,0.004800108778689342,0.13017965830076003,1,two_store_limited,0,0,insufficient_multistore_support,0,150.34013017825473
1106523,69,GROCERY,Private,FLUID MILK PRODUCTS,FLUID MILK WHITE ONLY,1 GA,both_vs_none,2,9,27,0.29940577865761686,0.25915205125865387,-0.04025372739896302,-0.04025372739896302,50.0,0.009102498668319258,0.009102498668319258,50.0,0.008878389737351684,-0.056353401559577354,0,two_store_limited,0,0,insufficient_multistore_support,0,-13.44453924017105
1130458,794,GROCERY,National,COLD CEREAL,KIDS CEREAL,12.2 OZ,both_vs_none,2,6,10,0.019933333333333334,0.08981203309696958,0.06987869976363624,0.06987869976363624,100.0,0.0298595717651979,0.0298595717651979,100.0,0.01918729100977,0.07368216532369433,1,two_store_limited,0,0,insufficient_multistore_support,0,350.56203894800797
10121965,159,GROCERY,National,CRACKERS/MISC BKD FD,CHEESE CRACKERS (CHEEZ-ITS/GOL,6.6 OZ,both_vs_none,2,6,12,0.03270053475935829,0.053238938400371395,0.020538403641013104,0.020538403641013104,100.0,0.0022048920987443738,0.0022048920987443738,50.0,0.0012073689124772738,0.04967350007838804,0,two_store_limited,0,0,insufficient_multistore_support,0,62.80754670268931
819927,1251,GROCERY,National,PASTA SAUCE,MAINSTREAM,26 OZ,both_vs_none,1,5,4,0.035551820728291314,0.0,-0.035551820728291314,-0.035551820728291314,0.0,-0.021288515406162466,-0.021288515406162466,0.0,-0.012072072072072072,-0.26666666666666666,0,single_store_limited,0,0,insufficient_multistore_support,0,-100.0
821344,69,GROCERY,Private,CONVENIENT BRKFST/WHLSM SNACKS,FRUIT SNACKS,5.4 OZ,both_vs_none,1,4,3,0.0,0.012820512820512822,0.012820512820512822,0.012820512820512822,100.0,0.012820512820512822,0.012820512820512822,100.0,0.006802721088435374,0.13793103448275862,1,single_store_limited,0,0,insufficient_multistore_support,0,
821562,181,GROCERY,National,DRY BN/VEG/POTATO/RICE,NOODLE SIDE DISH MIXES,4.8 OZ,both_vs_none,1,3,3,0.022988505747126436,0.007523809523809524,-0.015464696223316914,-0.015464696223316914,0.0,-0.0019704433497536953,-0.0019704433497536953,0.0,-0.0015151515151515154,0.015873015873015872,0,single_store_limited,0,0,insufficient_multistore_support,0,-67.27142857142857
822346,69,GROCERY,Private,CONVENIENT BRKFST/WHLSM SNACKS,FRUIT SNACKS,N  5.4 OZ,both_vs_none,1,5,8,0.02,0.039054437564499486,0.019054437564499486,0.019054437564499486,100.0,0.021701496388028894,0.021701496388028894,100.0,0.009426643871396481,0.17069171962788987,0,single_store_limited,0,0,insufficient_multistore_support,0,95.27218782249743
834491,794,GROCERY,National,CONVENIENT BRKFST/WHLSM SNACKS,TREATS,6.2 OZ,both_vs_none,1,4,3,0.0,0.0,0.0,0.0,0.0,0.0,0.0,0.0,0.0,0.0,1,single_store_limited,0,0,insufficient_multistore_support,0,
839243,942,GROCERY,National,VEGETABLES - SHELF STABLE,MISCELLANEOUS VEGETABLES,6 OZ,both_vs_none,1,3,4,0.03691358024691358,0.058732142857142865,0.021818562610229283,0.021818562610229283,100.0,0.007297178130511464,0.007297178130511464,100.0,0.0012744930508088396,0.320152354848146,0,single_store_limited,0,0,insufficient_multistore_support,0,59.10714285714287
840361,69,GROCERY,Private,EGGS,EGGS - LARGE,1 DZ,both_vs_none,1,11,4,0.0902175855190561,0.12084569597069597,0.030628110451639864,0.030628110451639864,100.0,0.055091115435366794,0.055091115435366794,100.0,0.03467963114741621,0.23128286501469397,0,single_store_limited,0,0,insufficient_multistore_support,0,33.949157778303075
843306,827,GROCERY,National,FRUIT - SHELF STABLE,PINEAPPLE,L    20 OZ,both_vs_none,1,6,4,0.04047619047619048,0.06666666666666667,0.026190476190476188,0.026190476190476188,100.0,0.0380952380952381,0.0380952380952381,100.0,0.013304843304843307,0.11455058637414017,0,single_store_limited,0,0,insufficient_multistore_support,0,64.70588235294117
846417,544,GROCERY,National,BAG SNACKS,DIPS (NON-REFRIGERATED),16 OZ,both_vs_none,1,6,3,0.009689922480620155,0.04065040650406504,0.030960484023444885,0.030960484023444885,100.0,0.004254112308564947,0.004254112308564947,100.0,0.00266955266955267,0.037162705857407295,0,single_store_limited,0,0,insufficient_multistore_support,0,319.5121951219512
849701,69,GROCERY,Private,FRUIT - SHELF STABLE,FRUIT COCKTAIL FRUIT SALAD,15.25 OZ,both_vs_none,1,13,4,0.00294314381270903,0.03800366300366301,0.03506051919095398,0.03506051919095398,100.0,0.03454471253384297,0.03454471253384297,100.0,0.024456791455388933,0.12397450363699605,0,single_store_limited,0,0,insufficient_multistore_support,0,1191.2608225108227
852486,1808,PRODUCE,National,BROCCOLI/CAULIFLOWER,BROCCOLI WHOLE&CROWNS, ,both_vs_none,1,7,3,0.050758241758241764,0.07561147186147187,0.024853230103230102,0.024853230103230102,100.0,0.03465700965700966,0.03465700965700966,100.0,0.0185379663258543,0.09156091717987969,0,single_store_limited,0,0,insufficient_multistore_support,0,48.963930274820065
854405,397,MEAT-PCKGD,National,MEAT - MISC,BREAST - BONELESS(IQF),40 OZ,both_vs_none,1,5,7,0.10890909090909091,0.5419304812834225,0.43302139037433157,0.43302139037433157,100.0,0.040616246498599434,0.040616246498599434,100.0,0.023150161586794338,0.28181197359435467,0,single_store_limited,0,0,insufficient_multistore_support,0,397.59893940881864
856252,988,GROCERY,National,FROZEN PIZZA,SNACKS/APPETIZERS,L 13.25 OZ,both_vs_none,1,3,10,0.0,0.13579379217273954,0.13579379217273954,0.13579379217273954,100.0,0.03628879892037786,0.03628879892037786,100.0,0.024529179212784122,0.11685086325780442,1,single_store_limited,0,0,insufficient_multistore_support,0,
857283,69,GROCERY,Private,SALD DRSNG/SNDWCH SPRD,POURABLE SALAD DRESSINGS,16 OZ,both_vs_none,1,5,7,0.0,0.005291005291005291,0.005291005291005291,0.005291005291005291,100.0,0.005291005291005291,0.005291005291005291,100.0,0.002976190476190476,0.016270745200130162,1,single_store_limited,0,0,insufficient_multistore_support,0,
861819,69,GROCERY,Private,CONVENIENT BRKFST/WHLSM SNACKS,FRUIT SNACKS,5.4 OZ,both_vs_none,1,3,3,0.0579326923076923,0.023809523809523808,-0.034123168498168495,-0.034123168498168495,0.0,-0.022664835164835168,-0.022664835164835168,0.0,-0.008108412055780476,-0.16508657105885122,0,single_store_limited,0,0,insufficient_multistore_support,0,-58.90140288480538
862139,2326,GROCERY,National,SEAFOOD - SHELF STABLE,TUNA,5.0 OZ,both_vs_none,1,3,3,0.03875,0.08792270531400966,0.049172705314009656,0.049172705314009656,100.0,0.015881642512077295,0.015881642512077295,100.0,0.007784275503573747,0.5310981535471331,0,single_store_limited,0,0,insufficient_multistore_support,0,126.89730403615394
863506,181,GROCERY,National,DRY BN/VEG/POTATO/RICE,NOODLE SIDE DISH MIXES,5.1 OZ,both_vs_none,1,3,3,0.0,0.0,0.0,0.0,0.0,0.0,0.0,0.0,0.0,0.0,1,single_store_limited,0,0,insufficient_multistore_support,0,
863664,759,GROCERY,National,YOGURT,YOGURT NOT MULTI-PACKS,6 OZ,both_vs_none,1,3,3,0.0,0.03125,0.03125,0.03125,100.0,0.020833333333333332,0.020833333333333332,100.0,0.009009009009009009,0.04699248120300752,1,single_store_limited,0,0,insufficient_multistore_support,0,
867020,827,GROCERY,National,FRUIT - SHELF STABLE,FRUIT BOWL AND CUPS,4 PK/4 OZ,both_vs_none,1,4,3,0.013046875,0.02141025641025641,0.008363381410256412,0.008363381410256412,100.0,0.005008012820512822,0.005008012820512822,100.0,0.0038699690402476776,0.05193363164000429,0,single_store_limited,0,0,insufficient_multistore_support,0,64.10256410256412
868319,764,GROCERY,National,WAREHOUSE SNACKS,CANISTER POTATO/TORT CHIPS,5.125 OZ,both_vs_none,1,34,6,0.01225857843137255,0.016018306636155607,0.003759728204783057,0.003759728204783057,100.0,0.008787914479292861,0.008787914479292861,100.0,0.006403890227419639,0.010387824222259992,0,single_store_limited,0,0,insufficient_multistore_support,0,30.670181096700745
871252,69,GROCERY,Private,SOUP,RTS SOUP: CHUNKY/HOMESTYLE ET,18.6 OZ,both_vs_none,1,3,3,0.0,0.011494252873563218,0.011494252873563218,0.011494252873563218,100.0,0.011494252873563218,0.011494252873563218,100.0,0.006666666666666667,0.022629554197782304,1,single_store_limited,0,0,insufficient_multistore_support,0,
872417,181,GROCERY,National,DRY BN/VEG/POTATO/RICE,RICE SIDE DISH MIXES DRY,6.9 OZ,both_vs_none,1,3,3,0.0,0.0,0.0,0.0,0.0,0.0,0.0,0.0,0.0,0.0,1,single_store_limited,0,0,insufficient_multistore_support,0,
879735,1377,GROCERY,National,MEAT - SHELF STABLE,PASTA: CANNED,14.5 OZ,both_vs_none,1,13,10,0.0,0.04722099366062214,0.04722099366062214,0.04722099366062214,100.0,0.020669320359722836,0.020669320359722836,100.0,0.011292705657718272,0.11300421028024915,1,single_store_limited,0,0,insufficient_multistore_support,0,
883549,5258,GROCERY,National,BAKING MIXES,LAYER CAKE MIX,18.25 OZ,both_vs_none,1,3,3,0.02688888888888889,0.03911111111111111,0.012222222222222221,0.012222222222222221,100.0,-0.008333333333333335,-0.008333333333333335,0.0,-0.0060616066795603565,0.009458333509560712,0,single_store_limited,0,0,insufficient_multistore_support,0,45.45454545454546
885023,531,GROCERY,National,BAKING NEEDS,BITS & MORSELS,12 OZ,both_vs_none,1,4,3,0.0,0.14075021312872976,0.14075021312872976,0.14075021312872976,100.0,0.05076726342710997,0.05076726342710997,100.0,0.021664981462756996,0.1492714793482862,1,single_store_limited,0,0,insufficient_multistore_support,0,
890695,988,GROCERY,National,FROZEN PIZZA,SNACKS/APPETIZERS,13 OZ,both_vs_none,1,3,8,0.0,0.12456249999999999,0.12456249999999999,0.12456249999999999,100.0,0.025,0.025,100.0,0.015548780487804878,0.04725190482972246,1,single_store_limited,0,0,insufficient_multistore_support,0,
898212,69,GROCERY,Private,BAG SNACKS,TORTILLA/NACHO CHIPS,13.5OZ,both_vs_none,1,3,11,0.0,0.0,0.0,0.0,0.0,0.0,0.0,0.0,0.0,0.0,1,single_store_limited,0,0,insufficient_multistore_support,0,
903233,1251,GROCERY,National,SOUP,RTS SOUP: CHUNKY/HOMESTYLE ET,19 OZ,both_vs_none,1,4,5,0.04928819444444445,0.0375,-0.011788194444444448,-0.011788194444444448,0.0,-0.019513888888888886,-0.019513888888888886,0.0,-0.008959899749373435,-0.24258708057076048,0,single_store_limited,0,0,insufficient_multistore_support,0,-23.916872138076794
904129,69,MEAT-PCKGD,Private,MEAT - MISC,GRND/PATTY - FROZEN,3 LB,both_vs_none,1,3,6,0.3631818181818182,0.11488888888888889,-0.24829292929292934,-0.24829292929292934,0.0,0.0024410774410774418,0.0024410774410774418,100.0,0.002189689689689689,-0.1382354432002098,0,single_store_limited,0,0,insufficient_multistore_support,0,-68.36601307189542
909894,69,GROCERY,Private,REFRGRATD JUICES/DRNKS,DAIRY CASE 100% PURE JUICE - O, ,both_vs_none,1,6,7,0.02657342657342657,0.006696428571428571,-0.019876998001998,-0.019876998001998,0.0,-0.009521728271728272,-0.009521728271728272,0.0,-0.006028544072022334,-0.01690403971893733,0,single_store_limited,0,0,insufficient_multistore_support,0,-74.80028195488721
932761,181,GROCERY,National,DRY BN/VEG/POTATO/RICE,NOODLE SIDE DISH MIXES,4.7 OZ,both_vs_none,1,3,3,0.0,0.05128205128205129,0.05128205128205129,0.05128205128205129,100.0,0.025641025641025644,0.025641025641025644,100.0,0.013888888888888888,0.2638522427440633,1,single_store_limited,0,0,insufficient_multistore_support,0,
937845,69,GROCERY,Private,PASTA SAUCE,MAINSTREAM,26 OZ,both_vs_none,1,3,3,0.0,0.04545454545454545,0.04545454545454545,0.04545454545454545,100.0,0.030303030303030304,0.030303030303030304,100.0,0.015151515151515152,0.17605633802816903,1,single_store_limited,0,0,insufficient_multistore_support,0,
940947,2082,MEAT-PCKGD,National,HEAT/SERVE,ENTREES,24 OZ,both_vs_none,1,7,16,0.1120556586270872,0.07079899267399267,-0.04125666595309453,-0.04125666595309453,0.0,-0.013323878502449933,-0.013323878502449933,0.0,-0.008202415255579703,-0.17010855606489633,0,single_store_limited,0,0,insufficient_multistore_support,0,-36.8180121009271
942475,69,GROCERY,Private,COFFEE,GROUND COFFEE,13 OZ,both_vs_none,1,6,3,0.0,0.07428571428571429,0.07428571428571429,0.07428571428571429,100.0,0.023809523809523808,0.023809523809523808,100.0,0.016666666666666666,0.3333333333333333,1,single_store_limited,0,0,insufficient_multistore_support,0,
944139,1755,GROCERY,National,FROZEN PIZZA,PIZZA/TRADITIONAL,15.7 OZ,both_vs_none,1,3,12,0.0,0.011574074074074075,0.011574074074074075,0.011574074074074075,100.0,0.004629629629629629,0.004629629629629629,100.0,0.0036231884057971015,0.02117208672086721,1,single_store_limited,0,0,insufficient_multistore_support,0,
954966,693,DRUG GM,National,CANDY - PACKAGED,CANDY BARS (MULTI PACK),6 PK,both_vs_none,1,6,11,0.017839506172839508,0.009383116883116884,-0.008456389289722624,-0.008456389289722624,0.0,-0.0029260862594195926,-0.0029260862594195926,0.0,-0.0016737138830162086,-0.017259351535181933,0,single_store_limited,0,0,insufficient_multistore_support,0,-47.4025974025974
956609,1276,GROCERY,National,BEANS - CANNED GLASS & MW,PREPARED BEANS - BAKED W/PORK,15 OZ,both_vs_none,1,8,7,0.0089,0.016339869281045753,0.007439869281045753,0.007439869281045753,100.0,0.007371615312791783,0.007371615312791783,100.0,0.002031359149171211,0.0479644126934316,0,single_store_limited,0,0,insufficient_multistore_support,0,83.59403686568261
958700,2557,GROCERY,National,CANNED JUICES,ASEPTIC PACK JUICE AND DRINKS,10/6.75 OZ,both_vs_none,1,3,4,0.05555555555555555,0.042727272727272725,-0.012828282828282828,-0.012828282828282828,0.0,0.006854256854256856,0.006854256854256856,100.0,0.004166666666666667,0.025123875277880556,0,single_store_limited,0,0,insufficient_multistore_support,0,-23.090909090909093
972665,1923,MEAT-PCKGD,National,BREAKFAST SAUSAGE/SANDWICHES,OTHER,1 LB,both_vs_none,1,4,4,0.0,0.06818181818181818,0.06818181818181818,0.06818181818181818,100.0,0.022727272727272728,0.022727272727272728,100.0,0.014705882352941176,0.13636363636363635,1,single_store_limited,0,0,insufficient_multistore_support,0,
977499,69,GROCERY,Private,DINNER MXS:DRY,MACARONI & CHEESE DNRS,14 OZ,both_vs_none,1,5,3,0.0,0.05263157894736842,0.05263157894736842,0.05263157894736842,100.0,0.017543859649122806,0.017543859649122806,100.0,0.009259259259259259,0.09813542688910698,1,single_store_limited,0,0,insufficient_multistore_support,0,
981760,69,GROCERY,Private,EGGS,EGGS - X-LARGE,1 DZ,both_vs_none,1,8,5,0.023390624999999998,0.08332179487179488,0.05993116987179488,0.05993116987179488,100.0,0.07090544871794872,0.07090544871794872,100.0,0.036664915966386546,0.2689916954448851,0,single_store_limited,0,0,insufficient_multistore_support,0,256.2187623109467
982960,407,GROCERY,National,VEGETABLES - SHELF STABLE,BEANS GREEN: FS/WHL/CUT,14.5 OZ,both_vs_none,1,7,3,0.029687295661071016,0.03246273106738223,0.002775435406311217,0.002775435406311217,100.0,0.01424806157611699,0.01424806157611699,100.0,0.0074815938603314015,-0.04592909596253904,0,single_store_limited,0,0,insufficient_multistore_support,0,9.348899401270327
999971,69,GROCERY,Private,BAKED BREAD/BUNS/ROLLS,MAINSTREAM WHITE BREAD,20 OZ,both_vs_none,1,7,8,0.012161368895384241,0.0033333333333333335,-0.008828035562050907,-0.008828035562050907,0.0,-0.008468038071618634,-0.008468038071618634,0.0,-0.004481452880958961,-0.009039377790324548,0,single_store_limited,0,0,insufficient_multistore_support,0,-72.59080485093683
1000908,2142,GROCERY,National,REFRGRATD DOUGH PRODUCTS,REFRIGERATED BAGELS,17.1 OZ,both_vs_none,1,5,3,0.0,0.0,0.0,0.0,0.0,0.0,0.0,0.0,0.0,0.0,1,single_store_limited,0,0,insufficient_multistore_support,0,
1002178,1075,GROCERY,National,CRACKERS/MISC BKD FD,SNACK CRACKERS,8.5 OZ,both_vs_none,1,3,5,0.0,0.0,0.0,0.0,0.0,0.0,0.0,0.0,0.0,0.0,1,single_store_limited,0,0,insufficient_multistore_support,0,
1002558,69,GROCERY,Private,CHEESE,SHREDDED CHEESE,8 OZ,both_vs_none,1,3,12,0.029298245614035087,0.009768009768009768,-0.01953023584602532,-0.01953023584602532,0.0,-0.010370477475740634,-0.010370477475740634,0.0,-0.007478757786639561,-0.03103242807744122,0,single_store_limited,0,0,insufficient_multistore_support,0,-66.66008642056546
1007191,69,GROCERY,Private,BAKED BREAD/BUNS/ROLLS,MAINSTREAM WHITE BREAD,20 OZ,both_vs_none,1,17,12,0.00834348133192671,0.010361493483245868,0.002018012151319158,0.002018012151319158,100.0,0.006302428713972866,0.006302428713972866,100.0,0.0034357634651821143,0.004722485896912242,0,single_store_limited,0,0,insufficient_multistore_support,0,24.18669223357812
1007512,2082,MEAT-PCKGD,National,HEAT/SERVE,ENTREES,24 OZ,both_vs_none,1,3,11,0.06644444444444444,0.06672494172494171,0.00028049728049726885,0.00028049728049726885,100.0,0.004467754467754468,0.004467754467754468,100.0,0.005688684075780848,0.07728894697049399,0,single_store_limited,0,0,insufficient_multistore_support,0,0.42215309773836474
1018859,69,GROCERY,Private,CONVENIENT BRKFST/WHLSM SNACKS,FRUIT SNACKS,5.4 OZ,both_vs_none,1,5,9,0.04529411764705883,0.030355846042120556,-0.014938271604938276,-0.014938271604938276,0.0,-0.003500363108206249,-0.003500363108206249,0.0,-0.005558104423674475,-0.10177687740012842,0,single_store_limited,0,0,insufficient_multistore_support,0,-32.98059964726632
1020682,69,MEAT-PCKGD,Private,MISCELLANEOUS,SAUERKRAUT,2 LB,both_vs_none,1,10,5,0.020399999999999998,0.04823076923076923,0.027830769230769232,0.027830769230769232,100.0,0.03157509157509157,0.03157509157509157,100.0,0.021349206349206347,0.0,0,single_store_limited,0,0,insufficient_multistore_support,0,136.42533936651583
1022003,1251,GROCERY,National,SOUP,CONDENSED SOUP,10.5OZ,both_vs_none,1,3,3,0.02857142857142857,0.14666666666666667,0.1180952380952381,0.1180952380952381,100.0,0.04285714285714286,0.04285714285714286,100.0,0.026115859449192785,0.010416666666666685,0,single_store_limited,0,0,insufficient_multistore_support,0,413.33333333333337
1027168,781,MEAT-PCKGD,National,LUNCHMEAT,PEPPERONI/SALAMI,8 OZ,both_vs_none,1,3,5,0.18213804713804715,0.0,-0.18213804713804715,-0.18213804713804715,0.0,-0.052188552188552194,-0.052188552188552194,0.0,-0.032247765006385695,-0.13305021192536784,0,single_store_limited,0,0,insufficient_multistore_support,0,-100.0
1030362,2224,GROCERY,National,SOFT DRINKS,SFT DRNK 2 LITER BTL CARB INCL,2 LTR,both_vs_none,1,5,14,0.0590834477498093,0.03662728249194415,-0.022456165257865153,-0.022456165257865153,0.0,-0.012415666495431125,-0.012415666495431125,0.0,-0.007346165526409277,-0.018281776809652574,0,single_store_limited,0,0,insufficient_multistore_support,0,-38.007540374008784
1031923,69,GROCERY,Private,SALD DRSNG/SNDWCH SPRD,POURABLE SALAD DRESSINGS,16 OZ,both_vs_none,1,5,3,0.0,0.03422619047619047,0.03422619047619047,0.03422619047619047,100.0,0.03422619047619047,0.03422619047619047,100.0,0.020801232665639446,0.16263094624763866,1,single_store_limited,0,0,insufficient_multistore_support,0,
1034686,69,GROCERY,Private,CHEESE,SHREDDED CHEESE,8 OZ,both_vs_none,1,3,7,0.0,0.031512605042016806,0.031512605042016806,0.031512605042016806,100.0,0.01680672268907563,0.01680672268907563,100.0,0.006968641114982578,0.01782743047302116,1,single_store_limited,0,0,insufficient_multistore_support,0,
1039348,69,GROCERY,Private,COOKIES/CONES,VANILLA WAFER/KIDS COOKIES,12 OZ,both_vs_none,1,4,4,0.0,0.050841503267973855,0.050841503267973855,0.050841503267973855,100.0,0.028594771241830064,0.028594771241830064,100.0,0.018874643874643875,0.29711563716243644,1,single_store_limited,0,0,insufficient_multistore_support,0,
1043128,827,GROCERY,National,FRUIT - SHELF STABLE,PINEAPPLE,20 OZ,both_vs_none,1,16,3,0.021654891304347827,0.011904761904761904,-0.009750129399585923,-0.009750129399585923,0.0,-0.0020626293995859232,-0.0020626293995859232,0.0,-0.00028401898704561324,-0.004742166669110481,0,single_store_limited,0,0,insufficient_multistore_support,0,-45.025067374170156
1044895,69,GROCERY,Private,FLOUR & MEALS,FLOUR: WHITE & SELF RISING,5 LB,both_vs_none,1,4,3,0.01767857142857143,0.02644444444444444,0.008765873015873012,0.008765873015873012,100.0,0.004365079365079367,0.004365079365079367,100.0,0.004487179487179489,0.1480139584392592,0,single_store_limited,0,0,insufficient_multistore_support,0,49.584736251402894
1045515,1446,GROCERY,National,VEGETABLES - SHELF STABLE,CORN,15.25 OZ,both_vs_none,1,9,4,0.016203703703703703,0.0,-0.016203703703703703,-0.016203703703703703,0.0,-0.016203703703703703,-0.016203703703703703,0.0,-0.009441462929835023,-0.018434684068652632,0,single_store_limited,0,0,insufficient_multistore_support,0,-100.0
1048383,2557,GROCERY,National,CANNED JUICES,ASEPTIC PACK JUICE AND DRINKS,10/6.75 OZ,both_vs_none,1,3,3,0.04487179487179487,0.0,-0.04487179487179487,-0.04487179487179487,0.0,-0.025641025641025644,-0.025641025641025644,0.0,-0.010499338624338625,-0.04007654579806921,0,single_store_limited,0,0,insufficient_multistore_support,0,-100.0
1050229,1251,GROCERY,National,SOUP,CONDENSED SOUP,10.7OZ,both_vs_none,1,3,3,0.0,0.06666666666666667,0.06666666666666667,0.06666666666666667,100.0,0.044444444444444446,0.044444444444444446,100.0,0.025641025641025644,0.15625,1,single_store_limited,0,0,insufficient_multistore_support,0,
1050721,531,DRUG GM,National,CANDY - PACKAGED,CANDY BARS MULTI PACK W/FLOUR,10 PK,both_vs_none,1,3,3,0.0,0.030303030303030304,0.030303030303030304,0.030303030303030304,100.0,0.030303030303030304,0.030303030303030304,100.0,0.018518518518518517,0.037579857196542645,1,single_store_limited,0,0,insufficient_multistore_support,0,
1054747,317,GROCERY,National,SALD DRSNG/SNDWCH SPRD,POURABLE SALAD DRESSINGS,L    16 OZ,both_vs_none,1,5,4,0.013636363636363636,0.0,-0.013636363636363636,-0.013636363636363636,0.0,-0.00909090909090909,-0.00909090909090909,0.0,-0.00392156862745098,-0.024671052631578948,0,single_store_limited,0,0,insufficient_multistore_support,0,-100.0
1070463,69,GROCERY,Private,SOUP,RTS SOUP: CHUNKY/HOMESTYLE ET,18.6 OZ,both_vs_none,1,7,6,0.014693877551020407,0.026709401709401708,0.0120155241583813,0.0120155241583813,100.0,0.016505320076748646,0.016505320076748646,100.0,0.010702260702260701,0.0697895143900873,0,single_store_limited,0,0,insufficient_multistore_support,0,81.77231718898386
1072968,544,GROCERY,National,BAG SNACKS,DIPS (NON-REFRIGERATED),16 OZ,both_vs_none,1,9,3,0.023562565122667425,0.0,-0.023562565122667425,-0.023562565122667425,0.0,-0.007009567111868902,-0.007009567111868902,0.0,-0.00501452080038216,-0.026411617276554757,0,single_store_limited,0,0,insufficient_multistore_support,0,-100.0
1074524,2224,GROCERY,National,SOFT DRINKS,SFT DRNK 2 LITER BTL CARB INCL,2 LTR,both_vs_none,1,4,14,0.022166666666666668,0.008802776171197225,-0.013363890495469443,-0.013363890495469443,0.0,-0.007412762675920571,-0.007412762675920571,0.0,-0.0046286256438059096,-0.008852546318545878,0,single_store_limited,0,0,insufficient_multistore_support,0,-60.288227799110274
1075074,1046,GROCERY,National,FROZEN PIE/DESSERTS,FRZN WHIPPED TOPPING,8 OZ,both_vs_none,1,3,7,0.031746031746031744,0.010393046107331822,-0.021352985638699924,-0.021352985638699924,0.0,-0.00547996976568405,-0.00547996976568405,0.0,-0.009875491842704958,-0.01630193974856217,0,single_store_limited,0,0,insufficient_multistore_support,0,-67.26190476190477
1078763,1251,GROCERY,National,PASTA SAUCE,MAINSTREAM,26 OZ,both_vs_none,1,3,5,0.07687301587301587,0.02783333333333333,-0.049039682539682536,-0.049039682539682536,0.0,-0.02936507936507937,-0.02936507936507937,0.0,-0.022234848484848482,-0.6168197115384616,0,single_store_limited,0,0,insufficient_multistore_support,0,-63.793103448275865
1080014,69,GROCERY,Private,SPICES & EXTRACTS,PURE EXTRACTS,2 OZ,both_vs_none,1,4,4,0.07466896551724136,0.0,-0.07466896551724136,-0.07466896551724136,0.0,-0.018620689655172412,-0.018620689655172412,0.0,-0.011416709911779968,-0.21197031635588556,0,single_store_limited,0,0,insufficient_multistore_support,0,-100.0
1084177,1251,GROCERY,National,SOUP,RTS SOUP: CHUNKY/HOMESTYLE ET,18.8 OZ,both_vs_none,1,3,3,0.0,0.0,0.0,0.0,0.0,0.0,0.0,0.0,0.0,0.0,1,single_store_limited,0,0,insufficient_multistore_support,0,
1095100,69,GROCERY,Private,CHEESE,SHREDDED CHEESE,8 OZ,both_vs_none,1,3,5,0.0,0.0,0.0,0.0,0.0,0.0,0.0,0.0,0.0,0.0,1,single_store_limited,0,0,insufficient_multistore_support,0,
1096842,69,GROCERY,Private,SALD DRSNG/SNDWCH SPRD,POURABLE SALAD DRESSINGS,16 OZ,both_vs_none,1,11,4,0.004132231404958678,0.0,-0.004132231404958678,-0.004132231404958678,0.0,-0.004132231404958678,-0.004132231404958678,0.0,-0.00202020202020202,-0.0125,0,single_store_limited,0,0,insufficient_multistore_support,0,-100.0
1099058,5258,GROCERY,National,BAKING MIXES,LAYER CAKE MIX,18.25 OZ,both_vs_none,1,3,4,0.0,0.028888888888888888,0.028888888888888888,0.028888888888888888,100.0,0.015277777777777777,0.015277777777777777,100.0,0.008661887694145758,0.12815126050420167,1,single_store_limited,0,0,insufficient_multistore_support,0,
1104414,1075,GROCERY,National,CRACKERS/MISC BKD FD,SNACK CRACKERS,9.5 OZ,both_vs_none,1,7,5,0.0,0.010444444444444444,0.010444444444444444,0.010444444444444444,100.0,0.005555555555555555,0.005555555555555555,100.0,0.004081632653061224,0.022235363690124185,1,single_store_limited,0,0,insufficient_multistore_support,0,
1115175,544,GROCERY,National,BAG SNACKS,TORTILLA/NACHO CHIPS,13 OZ,both_vs_none,1,3,3,0.02374149659863946,0.0,-0.02374149659863946,-0.02374149659863946,0.0,-0.006802721088435374,-0.006802721088435374,0.0,-0.0030864197530864196,-0.024327338630977274,0,single_store_limited,0,0,insufficient_multistore_support,0,-100.0
1117514,673,PRODUCE,National,BROCCOLI/CAULIFLOWER,CAULIFLOWER WHOLE, ,both_vs_none,1,21,3,0.014425239792886851,0.042,0.02757476020711315,0.02757476020711315,100.0,0.028605805958747135,0.028605805958747135,100.0,0.017765060047007307,0.6390778533635677,0,single_store_limited,0,0,insufficient_multistore_support,0,191.15633849435477
1126899,69,GROCERY,Private,FLUID MILK PRODUCTS,FLUID MILK WHITE ONLY,1 GA,both_vs_none,1,5,11,0.03375686274509804,0.23049883122162884,0.1967419684765308,0.1967419684765308,100.0,0.046836755097379924,0.046836755097379924,100.0,0.030092711425079365,0.11055807978451128,0,single_store_limited,0,0,insufficient_multistore_support,0,582.820654757381
1136257,69,GROCERY,Private,CHEESE,SHREDDED CHEESE,8 OZ,both_vs_none,1,4,5,0.0,0.029666666666666668,0.029666666666666668,0.029666666666666668,100.0,0.008333333333333333,0.008333333333333333,100.0,0.0037037037037037034,0.02521246458923513,1,single_store_limited,0,0,insufficient_multistore_support,0,
5568378,544,GROCERY,National,BAG SNACKS,TORTILLA/NACHO CHIPS,12.5 OZ,both_vs_none,1,4,13,0.0,0.047278106508875734,0.047278106508875734,0.047278106508875734,100.0,0.025147928994082837,0.025147928994082837,100.0,0.01684981684981685,0.04124973357108911,1,single_store_limited,0,0,insufficient_multistore_support,0,
5569230,1208,GROCERY,National,SOFT DRINKS,SOFT DRINKS 12/18&15PK CAN CAR,12 OZ,both_vs_none,1,3,22,0.0,0.2792918255986438,0.2792918255986438,0.2792918255986438,100.0,0.054548103411739775,0.054548103411739775,100.0,0.037293900651359624,0.1314697514938424,1,single_store_limited,0,0,insufficient_multistore_support,0,
5582712,2082,MEAT-PCKGD,National,HEAT/SERVE,ENTREES,20 OZ,both_vs_none,1,4,9,0.0,0.056878306878306875,0.056878306878306875,0.056878306878306875,100.0,0.02275132275132275,0.02275132275132275,100.0,0.01498773816261083,0.1558870768470472,1,single_store_limited,0,0,insufficient_multistore_support,0,
6039759,1882,GROCERY,National,BAKED BREAD/BUNS/ROLLS,PREMIUM BREAD,24 OZ,both_vs_none,1,8,3,0.014390371533228676,0.016666666666666666,0.002276295133437991,0.002276295133437991,100.0,0.0025771847200418627,0.0025771847200418627,100.0,0.0012352802262440821,0.005253942415024186,0,single_store_limited,0,0,insufficient_multistore_support,0,15.81818181818182
6424447,69,GROCERY,Private,BAG SNACKS,PRETZELS,10 OZ,both_vs_none,1,3,3,0.0423076923076923,0.013888888888888888,-0.028418803418803415,-0.028418803418803415,0.0,-0.015598290598290602,-0.015598290598290602,0.0,-0.00884813384813385,-0.051868550133549664,0,single_store_limited,0,0,insufficient_multistore_support,0,-67.17171717171718
8203451,1208,GROCERY,National,SOFT DRINKS,SFT DRNK 2 LITER BTL CARB INCL,2LITER,both_vs_none,1,4,11,0.03206477732793522,0.028753501400560225,-0.0033112759273749987,-0.0033112759273749987,0.0,-0.004764735608388863,-0.004764735608388863,0.0,-0.003954574903513487,-0.008494027360206265,0,single_store_limited,0,0,insufficient_multistore_support,0,-10.32683275330334
9337581,693,DRUG GM,National,CANDY - PACKAGED,CANDY BARS (MULTI PACK),4.4 OZ,both_vs_none,1,5,7,0.016352941176470587,0.055555555555555546,0.039202614379084955,0.039202614379084955,100.0,0.008076563958916903,0.008076563958916903,100.0,0.009345126418297149,0.018236477509455375,0,single_store_limited,0,0,insufficient_multistore_support,0,239.7282174260591
9526410,544,GROCERY,National,BAG SNACKS,POTATO CHIPS,11.5 OZ,both_vs_none,1,3,23,0.0,0.015594922032860017,0.015594922032860017,0.015594922032860017,100.0,0.007676673437151153,0.007676673437151153,100.0,0.004059722359535152,0.018636846481876513,1,single_store_limited,0,0,insufficient_multistore_support,0,
9527159,544,GROCERY,National,BAG SNACKS,MULT PK BAG SNACKS,24 OZ,both_vs_none,1,3,3,0.0,0.0,0.0,0.0,0.0,0.0,0.0,0.0,0.0,0.0,1,single_store_limited,0,0,insufficient_multistore_support,0,
9527290,544,GROCERY,National,BAG SNACKS,POTATO CHIPS,11.5 OZ,both_vs_none,1,3,27,0.036036036036036036,0.008971503788279883,-0.02706453224775615,-0.02706453224775615,0.0,-0.013640254281886414,-0.013640254281886414,0.0,-0.009082443765565168,-0.0478168452283524,0,single_store_limited,0,0,insufficient_multistore_support,0,-75.10407698752333
10204488,857,DRUG GM,National,CANDY - PACKAGED,CANDY BARS (MULTI PACK),4.62 OZ,both_vs_none,1,4,3,0.0,0.07777777777777778,0.07777777777777778,0.07777777777777778,100.0,0.04074074074074074,0.04074074074074074,100.0,0.024086021505376348,0.2388048117966628,1,single_store_limited,0,0,insufficient_multistore_support,0,
10285144,693,DRUG GM,National,CANDY - PACKAGED,CANDY BARS (MULTI PACK),4.4 OZ,both_vs_none,1,6,9,0.0,0.07344702081544187,0.07344702081544187,0.07344702081544187,100.0,0.024495971864392917,0.024495971864392917,100.0,0.019902186020607074,0.24242998344035796,1,single_store_limited,0,0,insufficient_multistore_support,0,
892008,1377,GROCERY,National,MEAT - SHELF STABLE,PASTA: CANNED,14.5 OZ,display_only_vs_none,32,246,299,0.02698317407638509,0.03426797707312291,0.007284802996737825,0.0021322491742888166,53.125,0.0027231022028053136,0.00317895808084557,62.5,0.0014796792588768794,0.01916656766252259,4,multi_store_repeated,0,1,penetration_positive_only,1,26.997576252948207
822407,1377,GROCERY,National,MEAT - SHELF STABLE,PASTA: CANNED,15 OZ,display_only_vs_none,31,222,273,0.03564792595734161,0.0438738355243963,0.0082259095670547,0.0024725274725274707,54.83870967741935,0.004186753240144166,0.004078950781092161,61.29032258064516,0.001984572181720097,0.0039037468805221773,3,multi_store_repeated,0,1,penetration_positive_only,1,23.07542261195865
1043590,69,GROCERY,Private,SHORTENING/OIL,VEGETABLE/SALAD OIL,48 OZ,display_only_vs_none,28,230,212,0.03337503364878291,0.03678043240738405,0.003405398758601145,0.010406965481817259,64.28571428571429,0.003491974393289326,0.005877431198577444,60.71428571428571,0.0009212714786897127,0.020609542556892887,7,multi_store_repeated,1,1,sales_and_penetration_positive,1,10.203431686203945
1003188,69,GROCERY,Private,CANNED JUICES,APPLE JUICE & CIDER (OVER 50%,64 OZ,display_only_vs_none,27,142,499,0.04347538592976044,0.044810816072576184,0.001335430142815754,0.009214285714285715,55.55555555555556,0.001186446910388529,0.0071428571428571435,62.96296296296296,0.0004916147534755594,0.02293310790387554,6,multi_store_repeated,0,1,penetration_positive_only,1,3.0716924398860757
1045220,1377,GROCERY,National,MEAT - SHELF STABLE,PASTA: CANNED,15 OZ,display_only_vs_none,24,181,237,0.02264377043971708,0.031119639943924835,0.008475869504207752,-0.0030612986047768654,45.83333333333333,0.002367858445459671,0.003944804181019372,62.5,0.0005874576474441219,-0.012777437634459515,5,multi_store_repeated,0,1,penetration_positive_only,1,37.43135237469603
936594,843,GROCERY,National,BEANS - CANNED GLASS & MW,PREPARED BEANS - BAKED W/PORK,28 OZ,display_only_vs_none,15,83,95,0.01094978953184018,0.02287115832256991,0.01192136879072973,0.011143499600450406,80.0,0.005503106053491981,0.00556864424930392,73.33333333333333,0.0028182659698066195,0.11341236937179323,7,multi_store_repeated,1,1,sales_and_penetration_positive,1,108.87304049145747
850841,1276,GROCERY,National,ISOTONIC DRINKS,ISOTONIC DRINKS SINGLE SERVE,32 OZ,display_only_vs_none,9,36,91,0.03564864358665987,0.04944210481895381,0.013793461232293934,0.004433727192347883,66.66666666666666,-0.0031161401347110855,0.0,44.44444444444444,-0.0020967046643242527,0.043556459273452364,2,multi_store_repeated,1,0,sales_positive_only,1,38.69280804124511
859075,69,GROCERY,Private,CHEESE,SHREDDED CHEESE,8 OZ,display_only_vs_none,9,66,175,0.041733495725821156,0.07065139372973334,0.028917898003912177,0.023663491405246012,66.66666666666666,0.007390189652246946,0.006562415625883111,77.77777777777779,0.005794513915320251,0.03235976020902131,2,multi_store_repeated,1,1,sales_and_penetration_positive,1,69.29181824090578
873654,69,GROCERY,Private,SUGARS/SWEETNERS,SUGAR,32 OZ,display_only_vs_none,7,37,39,0.017092251900760306,0.03023338658112818,0.013141134680367875,0.011924369747899158,71.42857142857143,0.005885457459337011,0.009243697478991595,71.42857142857143,0.0030372234251173466,-0.008872662022198746,2,multi_store_repeated,1,1,sales_and_penetration_positive,1,76.8835771709129
1044895,69,GROCERY,Private,FLOUR & MEALS,FLOUR: WHITE & SELF RISING,5 LB,display_only_vs_none,7,26,45,0.011246264659389864,0.021637114897984467,0.010390850238594599,0.0044444444444444444,71.42857142857143,0.009362424681973555,0.003968253968253968,71.42857142857143,0.0060017326231918185,0.183209578435479,4,multi_store_repeated,1,1,sales_and_penetration_positive,1,92.39379076784353
823721,317,GROCERY,National,CHEESE,GRATED CHEESE,8 OZ,display_only_vs_none,5,27,94,0.006805941358024692,0.01977158220305666,0.01296564084503197,0.02117794486215539,60.0,0.0043363347307799225,0.007082924703062003,60.0,0.003097384912775427,0.005898908025576249,3,multi_store_repeated,1,1,sales_and_penetration_positive,1,190.50473935900948
830887,2557,GROCERY,National,CANNED JUICES,ASEPTIC PACK JUICE AND DRINKS,10/6.75 OZ,display_only_vs_none,5,19,23,0.026817880485527544,0.015916035353535356,-0.010901845131992192,0.0030934343434343425,60.0,-0.004016700619641796,0.0,40.0,-0.0017080997909134372,-0.010338254303593484,2,multi_store_repeated,1,0,sales_positive_only,1,-40.65140471438615
834117,69,GROCERY,Private,WATER - CARBONATED/FLVRD DRINK,NON-CRBNTD DRNKING/MNERAL WATE,405.6 OZ,display_only_vs_none,5,53,103,0.04740455655455656,0.053752851258874766,0.006348294704318221,0.018516409164775406,80.0,0.0008186535124721457,0.007250766294843045,80.0,0.00020375152083345477,0.05093853278609219,1,multi_store_repeated,1,1,sales_and_penetration_positive,1,13.391739456548102
833025,69,GROCERY,Private,MILK BY-PRODUCTS,SOUR CREAMS,16 OZ,display_only_vs_none,4,60,82,0.013897216848008702,0.02715575899418779,0.013258542146179084,0.00871763270699029,75.0,0.008362607918435941,0.005372595276813542,50.0,0.0052078811884287745,0.06919458056384417,0,multi_store_repeated,1,0,sales_positive_only,1,95.40429778987634
882830,764,GROCERY,National,WAREHOUSE SNACKS,CANISTER POTATO/TORT CHIPS,5.75 OZ,display_only_vs_none,4,29,62,0.0014692982456140351,0.013511553787869578,0.012042255542255543,0.008462428774928775,100.0,0.011117354760446865,0.007661146723646724,100.0,0.005729321834478881,0.1084630647130647,3,multi_store_repeated,1,1,sales_and_penetration_positive,1,819.5923175027654
962229,1636,GROCERY,National,BAKED BREAD/BUNS/ROLLS,MAINSTREAM WHITE BREAD,24 OZ,display_only_vs_none,4,21,96,0.05654211937811562,0.060610274499745945,0.00406815512163033,0.017326660471881063,75.0,-0.0017258885327534061,0.004485599057725228,75.0,-0.0016261220071812155,0.02531461763259748,1,multi_store_repeated,1,1,sales_and_penetration_positive,1,7.194910920167752
977499,69,GROCERY,Private,DINNER MXS:DRY,MACARONI & CHEESE DNRS,14 OZ,display_only_vs_none,4,17,33,0.0,0.03825660624098124,0.03825660624098124,0.04179099025974026,75.0,0.012133612914862915,0.010739087301587302,75.0,0.007083381096538991,0.09351963406439176,4,multi_store_repeated,1,1,sales_and_penetration_positive,1,
987562,69,GROCERY,Private,CHEESE,SHREDDED CHEESE,8 OZ,display_only_vs_none,4,19,72,0.03322189688966005,0.054085015885088406,0.02086311899542836,0.026171438105598695,75.0,0.004138281504797581,0.007455165327337752,75.0,0.0021907228938125092,0.027612634555876203,0,multi_store_repeated,1,1,sales_and_penetration_positive,1,62.799300909039225
1054424,69,GROCERY,Private,HOT CEREAL,INSTANT OATMEAL,15 OZ,display_only_vs_none,4,33,23,0.004504310344827586,0.019967084198226438,0.01546277385339885,0.01546875,100.0,0.005886659792909793,0.005306869369369369,100.0,0.003092981751865731,0.39808694822092155,2,multi_store_repeated,1,1,sales_and_penetration_positive,1,343.28837645823296
1077490,1251,GROCERY,National,SOUP,CONDENSED SOUP,10.5 OZ,display_only_vs_none,4,20,17,0.025159706331045,0.037933466083137135,0.012773759752092132,0.014092746207305704,50.0,0.009371920367820445,0.006491818772520527,75.0,0.006340104232030344,0.01780981745271852,2,multi_store_repeated,0,1,penetration_positive_only,1,50.77070290097292
1094955,499,GROCERY,National,MEAT - SHELF STABLE,SANDWICH SAUCE,15.5 OZ,display_only_vs_none,4,13,74,0.0038949275362318843,0.015478784775323511,0.011583857239091626,0.008719640812718287,100.0,0.003756734776029423,0.005460858585858586,75.0,0.0016564923561612692,0.08362173082739965,3,multi_store_repeated,1,1,sales_and_penetration_positive,1,297.4087998129571
1100972,586,GROCERY,National,CRACKERS/MISC BKD FD,BUTTER SPRAY CRACKER (RITZ/CLU,16 OZ,display_only_vs_none,4,24,65,0.013912732621784345,0.025996880875119387,0.012084148253335042,0.013021726976733409,75.0,0.005562905912265187,0.006709431026303735,75.0,0.0019589776635945957,-0.001036399000303695,1,multi_store_repeated,1,1,sales_and_penetration_positive,1,86.85675619478137
824915,69,GROCERY,Private,FRUIT - SHELF STABLE,FRUIT BOWL AND CUPS,4 OZ,display_only_vs_none,3,21,29,0.005674603174603175,0.009874153365049723,0.004199550190446548,0.004298386021075097,100.0,0.0019768555570376296,0.0033346672002134183,66.66666666666666,0.0010419483811296678,-0.024513107647430157,1,multi_store_repeated,1,1,sales_and_penetration_positive,1,74.00605930017691
885023,531,GROCERY,National,BAKING NEEDS,BITS & MORSELS,12 OZ,display_only_vs_none,3,13,23,0.0030303030303030303,0.02491582491582492,0.021885521885521887,0.0020202020202020193,66.66666666666666,0.008164983164983165,0.0010101010101010097,66.66666666666666,0.0059165720385483634,0.07912995001311061,2,multi_store_repeated,1,1,sales_and_penetration_positive,1,722.2222222222223
903233,1251,GROCERY,National,SOUP,RTS SOUP: CHUNKY/HOMESTYLE ET,19 OZ,display_only_vs_none,3,12,11,0.05809606481481481,0.058559848484848485,0.0004637836700336721,0.022266666666666667,66.66666666666666,0.015944865319865317,0.013333333333333334,100.0,0.006767441178196327,-0.042309211067452314,1,multi_store_repeated,1,1,sales_and_penetration_positive,1,0.7983047931250153
908181,69,GROCERY,Private,SOUP,RTS SOUP: CHUNKY/HOMESTYLE ET,18.8 OZ,display_only_vs_none,3,19,29,0.01815288220551378,0.022522675736961453,0.004369793531447668,0.0037046186895811004,66.66666666666666,0.00042471799990596973,-0.0015216612960973867,33.33333333333333,0.000333346225942517,0.010825257655422528,1,multi_store_repeated,1,0,sales_positive_only,1,24.072174776302923
937928,781,GROCERY,National,MEAT - SHELF STABLE,CHILI: CANNED,15 OZ,display_only_vs_none,3,15,47,0.01020763187429854,0.01811060888360184,0.0079029770093033,0.024876847290640394,66.66666666666666,0.0005009349164064892,0.00812807881773399,66.66666666666666,0.0019305318745855835,-0.00011928142317157071,2,multi_store_repeated,1,1,sales_and_penetration_positive,1,77.4222376612341
990797,410,GROCERY,National,CRACKERS/MISC BKD FD,CHEESE CRACKERS (CHEEZ-ITS/GOL,16 OZ,display_only_vs_none,3,31,52,0.027174074074074076,0.016641594235561958,-0.01053247983851212,0.002696734965850406,66.66666666666666,-0.002084356786748238,-0.0021340024432228337,33.33333333333333,-0.0023131033958699067,-0.011766463547374414,1,multi_store_repeated,1,0,sales_positive_only,1,-38.759296121006834
998373,1225,GROCERY,National,CANNED MILK,CANNED MILK,12 OZ,display_only_vs_none,3,17,31,0.009893407761828813,0.03168743459885427,0.021794026837025457,0.010869565217391304,66.66666666666666,0.007758868577242884,0.005434782608695652,66.66666666666666,0.004736214056899743,-0.030723861681156966,1,multi_store_repeated,1,1,sales_and_penetration_positive,1,220.2883714255885
1039348,69,GROCERY,Private,COOKIES/CONES,VANILLA WAFER/KIDS COOKIES,12 OZ,display_only_vs_none,3,13,57,0.033576969384244926,0.033944535711696124,0.00036756632745120244,0.009821460216197057,66.66666666666666,-0.0049164187000251556,0.0010211283429095962,66.66666666666666,-0.00270757380293922,0.002708311976131294,1,multi_store_repeated,1,1,sales_and_penetration_positive,1,1.0946977472709785
1068719,69,GROCERY,Private,SUGARS/SWEETNERS,SUGAR,(600) 4LB,display_only_vs_none,3,14,37,0.08287925303729902,0.10651053150304955,0.023631278465750544,0.03919230879486297,66.66666666666666,0.015729827460790265,0.014758717562443409,66.66666666666666,0.0037835301631731536,0.03901666752584467,1,multi_store_repeated,1,1,sales_and_penetration_positive,1,28.512899911290823
9677236,69,GROCERY,Private,PAPER TOWELS,PAPER TOWELS & HOLDERS, ,display_only_vs_none,3,15,26,0.007370480599647267,0.02771014376569932,0.020339663166052055,0.0308641975308642,66.66666666666666,0.008244415049970604,0.012345679012345678,66.66666666666666,0.0034504476480070544,0.10087118564010722,2,multi_store_repeated,1,1,sales_and_penetration_positive,1,275.96115193662484
938700,69,GROCERY,Private,VEGETABLES - SHELF STABLE,CORN,15.25 OZ,display_only_vs_none,55,573,584,0.023294958983684933,0.02659235576591272,0.0032973967822277944,0.003644285755396867,58.18181818181818,0.0019159485855348012,0.0017316017316017316,52.72727272727272,0.0013944830934513781,-0.0019982151281618455,3,multi_store_repeated,0,0,mixed_or_nonpositive,0,14.154979987460736
1038217,69,GROCERY,Private,CRACKERS/MISC BKD FD,SOUP CRACKERS (SALTINE/OYSTER),16 OZ,display_only_vs_none,50,378,816,0.025853411477951595,0.02314022852970481,-0.0027131829482467825,-0.0020695586513664317,46.0,-0.0035391806219173703,-0.002310319396232708,46.0,-0.0021548697104705095,-0.016505337655133713,7,multi_store_repeated,0,0,mixed_or_nonpositive,0,-10.494487161048948
1013321,69,GROCERY,Private,VEGETABLES - SHELF STABLE,BEANS GREEN: FS/WHL/CUT,14.5 OZ,display_only_vs_none,45,454,434,0.033589059410425275,0.027877775286414712,-0.005711284124010565,-0.005836670470657401,44.44444444444444,-0.001279024994709434,-0.0013667999204545998,44.44444444444444,-0.0004874055470113213,0.007564516172948859,1,multi_store_repeated,0,0,mixed_or_nonpositive,0,-17.00340594306107
930917,1377,GROCERY,National,MEAT - SHELF STABLE,PASTA: CANNED,15 OZ,display_only_vs_none,39,303,367,0.039538629479198194,0.030922491097003506,-0.008616138382194697,-0.006374037080558819,43.58974358974359,-0.003358974075154405,-0.0017681199972866615,43.58974358974359,-0.0019359799382670146,-0.009726041947681842,5,multi_store_repeated,0,0,mixed_or_nonpositive,0,-21.791697121742047
1030819,69,GROCERY,Private,VEGETABLES - SHELF STABLE,PEAS GREEN,14 OZ,display_only_vs_none,34,298,283,0.015435958631878126,0.01720473803996262,0.0017687794080844949,-0.0011714327929684828,44.11764705882353,0.000926342384055692,-0.002636853886853888,44.11764705882353,0.0013816402707873493,-0.006696823196542144,4,multi_store_repeated,0,0,mixed_or_nonpositive,0,11.458824490703389
896369,69,GROCERY,Private,PNT BTR/JELLY/JAMS,PEANUT BUTTER,18 OZ,display_only_vs_none,33,171,1221,0.01725674248518504,0.018353715100574344,0.0010969726153893023,-0.001759671864155106,45.45454545454545,-0.0031280665310845206,-0.0031966899820356984,39.39393939393939,-0.0012672840576760421,-0.010749219465663862,9,multi_store_repeated,0,0,mixed_or_nonpositive,0,6.35677687333549
911812,1251,GROCERY,National,SOUP,CONDENSED SOUP,10.5OZ,display_only_vs_none,27,143,240,0.024915476310943645,0.02274747350565571,-0.0021680028052879427,-0.004587657712657711,40.74074074074074,-0.0016573212366230397,-0.001860331026997692,44.44444444444444,-0.0014672183397414942,0.0077172573472323765,6,multi_store_repeated,0,0,mixed_or_nonpositive,0,-8.701430300715074
927191,69,GROCERY,Private,SEAFOOD - SHELF STABLE,TUNA,6 OZ,display_only_vs_none,25,130,153,0.03819061658636093,0.030488185963846816,-0.007702430622514118,-0.00033476224497897,48.0,-0.005986639885143439,-0.00476869658119658,44.0,-0.0033512313988223676,0.05184669185193107,2,multi_store_repeated,0,0,mixed_or_nonpositive,0,-20.16838509296258
862139,2326,GROCERY,National,SEAFOOD - SHELF STABLE,TUNA,5.0 OZ,display_only_vs_none,22,89,162,0.04256245505904201,0.0384312597350701,-0.004131195323971918,0.0024630963990813094,50.0,-0.007725200649463026,-0.005898326210826208,45.45454545454545,-0.003554880164744374,-0.1614125396679832,4,multi_store_repeated,0,0,mixed_or_nonpositive,0,-9.70619603178713
913785,131,GROCERY,National,CONDIMENTS/SAUCES,CATSUP,24 OZ,display_only_vs_none,22,89,159,0.03658564711561393,0.02297131460475099,-0.013614332510862952,-0.007484684382074922,31.818181818181817,-0.016420588743190988,-0.01689899080041509,27.27272727272727,-0.010346999885689222,-0.008785372546176243,3,multi_store_repeated,0,0,mixed_or_nonpositive,0,-37.21222278190249
973861,69,GROCERY,Private,VEGETABLES - SHELF STABLE,BEANS GREEN: FS/WHL/CUT,14 1/4 OZ,display_only_vs_none,22,179,172,0.017866758658628763,0.012949687056115843,-0.004917071602512927,-0.002196313444361633,27.27272727272727,-0.003331642932862485,-0.002858491506582322,31.818181818181817,-0.002234082700095456,-0.029826238127035852,3,multi_store_repeated,0,0,mixed_or_nonpositive,0,-27.520781449287767
898068,131,GROCERY,National,CONDIMENTS/SAUCES,CATSUP,36 OZ,display_only_vs_none,21,113,164,0.057750425192397294,0.039596386275141136,-0.01815403891725615,-0.013079720279720278,33.33333333333333,-0.008145709673245096,-0.007625861792528461,33.33333333333333,-0.004081638686797775,-0.05086390282154226,0,multi_store_repeated,0,0,mixed_or_nonpositive,0,-31.435333777674234
1058779,69,GROCERY,Private,SALD DRSNG/SNDWCH SPRD,POURABLE SALAD DRESSINGS,16 OZ,display_only_vs_none,21,84,175,0.03542444709041347,0.022773182159792092,-0.012651264930621383,0.0,47.61904761904761,-0.0008622382687279235,0.0,42.857142857142854,-0.0005331562064404354,0.004103109556591888,8,multi_store_repeated,0,0,mixed_or_nonpositive,0,-35.713373022680294
951190,317,GROCERY,National,SALD DRSNG/SNDWCH SPRD,POURABLE SALAD DRESSINGS,16 OZ,display_only_vs_none,19,103,149,0.029917704506816224,0.022330363669795354,-0.00758734083702087,-0.005829762788158589,42.10526315789473,-0.0056122593363493005,-0.00047572714364318633,36.84210526315789,-0.003250249730776258,-0.009679543224234836,4,multi_store_repeated,0,0,mixed_or_nonpositive,0,-25.360705181415998
864774,942,GROCERY,National,CONDIMENTS/SAUCES,SALAD MUSTARD,14 OZ,display_only_vs_none,18,107,184,0.010680404836974787,0.014463017028429836,0.003782612191455049,0.003271334966793042,55.55555555555556,0.00258040302097203,0.0029613654121712586,55.55555555555556,0.0020281559885195906,0.042959155135890464,5,multi_store_repeated,0,0,mixed_or_nonpositive,0,35.416374652390694
897125,69,GROCERY,Private,CHEESE,GRATED CHEESE,8 OZ,display_only_vs_none,18,167,547,0.02361727867685483,0.028385612513956073,0.004768333837101241,-0.0025159265237910122,44.44444444444444,0.001450442363240875,-0.0015654498929115485,44.44444444444444,0.0010699518790727195,-0.0011719700292447722,5,multi_store_repeated,0,0,mixed_or_nonpositive,0,20.190022323673794
7139529,5550,GROCERY,National,CONDIMENTS/SAUCES,BBQ SAUCE,28 OZ,display_only_vs_none,18,119,261,0.05247175815655894,0.03688913787091802,-0.015582620285640907,0.009029183535762486,55.55555555555556,-0.002057848796469528,0.0002709741435458367,50.0,-0.0012526783820974007,-0.005085145261562687,7,multi_store_repeated,0,0,mixed_or_nonpositive,0,-29.697156781267676
1054262,1046,GROCERY,National,COLD CEREAL,KIDS CEREAL,13 OZ,display_only_vs_none,16,63,80,0.044068477223146184,0.035431426789842006,-0.008637050433304172,-0.005434704184704179,37.5,-0.006766617263926406,-0.006027272019919079,37.5,-0.00310184917184001,-0.0255307672889157,2,multi_store_repeated,0,0,mixed_or_nonpositive,0,-19.599157895947716
1029624,69,GROCERY,Private,DINNER MXS:DRY,MACARONI & CHEESE DNRS,12 OZ,display_only_vs_none,14,67,118,0.06671278137134315,0.049135719447779405,-0.01757706192356373,0.0022727272727272804,50.0,-0.005465814397721388,-0.0006748601383198979,35.714285714285715,-0.004107315085205476,-0.03421635907198846,2,multi_store_repeated,0,0,mixed_or_nonpositive,0,-26.347367869021376
1069621,69,GROCERY,Private,SHORTENING/OIL,CANOLA OILS,48 OZ,display_only_vs_none,14,123,160,0.01571706408030297,0.018011205990821736,0.0022941419105187706,-0.0017008928571428565,42.857142857142854,0.0012649240922971987,0.0014702889702889704,50.0,0.0011104045127431964,0.018102891189734755,3,multi_store_repeated,0,0,mixed_or_nonpositive,0,14.596504148595058
827180,1046,GROCERY,National,DINNER MXS:DRY,STUFFING MIXES,6OZ,display_only_vs_none,11,58,65,0.05733434888698046,0.02235705550537055,-0.034977293381609924,-0.016483516483516484,18.181818181818183,-0.013107802569965027,-0.00864373989373989,9.090909090909092,-0.00746510197457694,0.002973673491874037,1,multi_store_repeated,0,0,mixed_or_nonpositive,0,-61.005826455897164
1101173,317,GROCERY,National,DINNER MXS:DRY,MACARONI & CHEESE DNRS,12 OZ,display_only_vs_none,11,35,90,0.08183110609197565,0.014025587669617211,-0.06780551842235845,-0.01988095238095238,27.27272727272727,-0.009787418800524689,-0.010869565217391304,36.36363636363637,-0.005448407251319538,-0.10734689949687778,4,multi_store_repeated,0,0,mixed_or_nonpositive,0,-82.86032251127966
867668,69,GROCERY,Private,CRACKERS/MISC BKD FD,SOUP CRACKERS (SALTINE/OYSTER),14 OZ,display_only_vs_none,10,69,157,0.024973813279298963,0.023142000606828608,-0.001831812672470353,-0.00895623681571394,40.0,0.0008849580619392724,-0.004429487844520524,30.0,0.0018177810829841713,0.02201192749366402,2,multi_store_repeated,0,0,mixed_or_nonpositive,0,-7.334933804397281
911470,69,GROCERY,Private,SOUP,RTS SOUP: CHUNKY/HOMESTYLE ET,18.6 OZ,display_only_vs_none,10,68,73,0.03235438770020383,0.02161426127314174,-0.010740126427062091,-0.004870509607351713,30.0,0.0006536364794442289,0.001958178273967747,50.0,-0.00039340702346170797,0.009521792992413602,1,multi_store_repeated,0,0,mixed_or_nonpositive,0,-33.195270226036236
1044805,1251,GROCERY,National,SOUP,RTS SOUP: CHUNKY/HOMESTYLE ET,19 OZ,display_only_vs_none,9,53,46,0.040351897163491364,0.054931832357090475,0.014579935193599118,0.0,44.44444444444444,0.0006512507668139008,0.0,33.33333333333333,0.0011121087739675386,0.008054494682650189,2,multi_store_repeated,0,0,mixed_or_nonpositive,0,36.131969544149214
1122568,1046,GROCERY,National,COLD CEREAL,KIDS CEREAL,13 OZ,display_only_vs_none,9,41,53,0.02155616025751337,0.023493115592480386,0.0019369553349670146,-0.0021551724137931034,33.33333333333333,-0.0008960798851247305,-0.0014367816091954023,33.33333333333333,0.0008264930660878585,0.032084215805656,2,multi_store_repeated,0,0,mixed_or_nonpositive,0,8.985623189973712
9553031,69,GROCERY,Private,SOUP,BROTH,14 OZ,display_only_vs_none,8,47,53,0.042921022481942246,0.031279687288858486,-0.011641335193083756,-0.01479109387249222,37.5,-0.005045502895982228,-0.006309906756565681,37.5,-0.0018454403864844914,-0.008201538549717988,0,multi_store_repeated,0,0,mixed_or_nonpositive,0,-27.122688416804397
832678,586,GROCERY,National,CRACKERS/MISC BKD FD,BUTTER SPRAY CRACKER (RITZ/CLU,16 OZ,display_only_vs_none,7,51,117,0.03168475199592996,0.02515320385980731,-0.006531548136122659,-0.014836180537567967,42.857142857142854,-0.0034693755446757054,-0.0059304291831472795,28.57142857142857,-0.0026611691620782216,-0.09731455830316907,2,multi_store_repeated,0,0,mixed_or_nonpositive,0,-20.614168408077337
976955,69,GROCERY,Private,VEGETABLES - SHELF STABLE,CORN,14.75 OZ,display_only_vs_none,7,48,46,0.004594486512553739,0.009185216829953673,0.004590730317399933,0.0,42.857142857142854,0.0030526381206390065,0.0,42.857142857142854,0.0018566695982662374,0.032685921410596314,3,multi_store_repeated,0,0,mixed_or_nonpositive,0,99.91824559407145
1042438,1075,GROCERY,National,COOKIES/CONES,SANDWICH COOKIES,18 OZ,display_only_vs_none,7,61,105,0.04448266481084565,0.0340585562826922,-0.01042410852815345,6.236263736263646e-05,57.14285714285714,-0.004549880661782859,-0.000247252747252747,42.857142857142854,-0.0036646934935248387,0.044078830631158576,1,multi_store_repeated,0,0,mixed_or_nonpositive,0,-23.434091847869396
1135768,1276,GROCERY,National,ISOTONIC DRINKS,ISOTONIC DRINKS SINGLE SERVE,32 OZ,display_only_vs_none,7,24,75,0.027389160792522144,0.037719201169201175,0.010330040376679032,0.0053561253561253555,57.14285714285714,-0.00039753969964053954,0.0005128205128205107,57.14285714285714,-0.001126576628728918,0.02656981692959694,3,multi_store_repeated,0,0,mixed_or_nonpositive,0,37.71579733651191
859010,69,GROCERY,Private,BAG SNACKS,TORTILLA/NACHO CHIPS,13.5OZ,display_only_vs_none,6,33,132,0.027812950393832747,0.018256351505502606,-0.009556598888330135,-0.009750985125985125,33.33333333333333,-0.004786061222724811,-0.004371704684204684,33.33333333333333,-0.002439092360041833,-0.009277768061963178,2,multi_store_repeated,0,0,mixed_or_nonpositive,0,-34.36024856409777
895743,843,GROCERY,National,BEANS - CANNED GLASS & MW,PREPARED BEANS - BAKED W/PORK,28 OZ,display_only_vs_none,6,32,44,0.022303002708902883,0.02813683373180113,0.005833831022898243,-0.0019349138515805213,50.0,0.0029736218761200316,0.003609507776174444,50.0,0.0015139378245198863,-0.0812655964143159,1,multi_store_repeated,0,0,mixed_or_nonpositive,0,26.15715515547825
921744,69,GROCERY,Private,BAG SNACKS,TORTILLA/NACHO CHIPS,13.5OZ,display_only_vs_none,6,26,167,0.013690728505572921,0.015453747463306753,0.0017630189577338303,-0.0077189414061977785,33.33333333333333,-0.0008229886336641642,-0.004099720175432319,33.33333333333333,-0.0011346117061400397,0.0009558912495437367,2,multi_store_repeated,0,0,mixed_or_nonpositive,0,12.877466359925105
889774,407,GROCERY,National,VEGETABLES - SHELF STABLE,CORN,15.25 OZ,display_only_vs_none,5,24,49,0.059256776515047196,0.029409930844691172,-0.029846845670356014,-0.02873356009070295,40.0,-0.021440332773293092,-0.01733560090702948,40.0,-0.01402372600367,0.0043081866788956145,0,multi_store_repeated,0,0,mixed_or_nonpositive,0,-50.36866232974544
904360,673,PRODUCE,National,VEGETABLES SALAD,HEAD LETTUCE,24CT,display_only_vs_none,5,77,94,0.032912685766607296,0.030431136852844144,-0.002481548913763153,-0.01974849775946594,40.0,-0.002979310270435761,-0.01820034245384567,40.0,-0.003920452035527286,-0.05256956082174989,1,multi_store_repeated,0,0,mixed_or_nonpositive,0,-7.539794629221341
907014,1792,GROCERY,National,BAKING MIXES,MUFFIN & CORN BREAD MIX,8 1/2 OZ,display_only_vs_none,5,85,138,0.030551524789597793,0.027830598835205812,-0.0027209259543919755,-0.007879090233219088,40.0,-0.002677183220001627,-0.003754578754578755,40.0,-0.0009163847610438333,-0.1404005902470308,0,multi_store_repeated,0,0,mixed_or_nonpositive,0,-8.9060234247896
826249,69,GROCERY,Private,BAKED BREAD/BUNS/ROLLS,HAMBURGER BUNS,12 OZ,display_only_vs_none,4,30,129,0.04481810990797028,0.03662713547577639,-0.008190974432193892,-0.0038232147578032526,50.0,-0.016016097625803225,-0.008058654834500863,50.0,-0.00787320433814315,-0.01646635451728095,0,multi_store_repeated,0,0,mixed_or_nonpositive,0,-18.276037184551676
843306,827,GROCERY,National,FRUIT - SHELF STABLE,PINEAPPLE,L    20 OZ,display_only_vs_none,4,34,25,0.04538640254081431,0.016262626262626263,-0.029123776278188046,-0.029213161021984554,50.0,-0.011460667600373483,-0.007941176470588234,25.0,-0.007467060202957312,-0.03480528792507767,0,multi_store_repeated,0,0,mixed_or_nonpositive,0,-64.16850564879671
852864,407,GROCERY,National,VEGETABLES - SHELF STABLE,BEANS GREEN: FS/WHL/CUT,14.5 OZ,display_only_vs_none,4,15,24,0.019868121442125238,0.013567124380616444,-0.006300997061508795,-0.007720041341905143,50.0,-0.002036516318992752,-0.0005334232458415471,50.0,-0.0017628641893347786,-0.025392624516155694,2,multi_store_repeated,0,0,mixed_or_nonpositive,0,-31.714105834631912
863449,69,GROCERY,Private,SOUP,RTS SOUP: CHUNKY/HOMESTYLE ET,18.6 OZ,display_only_vs_none,4,24,30,0.027976635632885632,0.01329443271561498,-0.014682202917270654,-0.012490114451321348,25.0,-0.004741626793658814,-0.0012703851065920032,25.0,-0.0006594997257348103,-0.03896710509569371,1,multi_store_repeated,0,0,mixed_or_nonpositive,0,-52.480230682248994
916050,69,GROCERY,Private,SUGARS/SWEETNERS,SUGAR,32 OZ,display_only_vs_none,4,22,20,0.01867796092796093,0.009987475198412699,-0.00869048572954823,-0.0037539682539682534,0.0,-0.0035316824379324372,-0.00291005291005291,0.0,-0.0019023534756392555,-0.08000455144512507,1,multi_store_repeated,0,0,mixed_or_nonpositive,0,-46.52802178496136
931671,764,GROCERY,National,WAREHOUSE SNACKS,CANISTER POTATO/TORT CHIPS,5.75 OZ,display_only_vs_none,4,25,50,0.015482264957264959,0.015720349503437737,0.000238084546172781,0.006044506791797814,50.0,-0.0004143648319344896,0.004598356150213737,50.0,-0.0008724198834555372,-0.026907934454683105,1,multi_store_repeated,0,0,mixed_or_nonpositive,0,1.5377888624820368
987724,69,GROCERY,Private,CHEESE,SHREDDED CHEESE,8 OZ,display_only_vs_none,4,20,26,0.020121527777777776,0.03766837081928961,0.017546843041511825,0.00669172932330827,50.0,0.004484934948722381,0.0037593984962406013,50.0,0.001740922312043002,0.022510490524593744,2,multi_store_repeated,0,0,mixed_or_nonpositive,0,87.20432779905794
1041796,1075,GROCERY,National,CRACKERS/MISC BKD FD,BUTTER SPRAY CRACKER (RITZ/CLU,16 OZ,display_only_vs_none,4,36,56,0.03986015807109557,0.06281842409204025,0.022958266020944678,0.020296596421953722,50.0,0.008796089944286404,0.009314346610739533,50.0,0.0020250587642283704,0.04227262316694871,2,multi_store_repeated,0,0,mixed_or_nonpositive,0,57.597027036359826
1045515,1446,GROCERY,National,VEGETABLES - SHELF STABLE,CORN,15.25 OZ,display_only_vs_none,4,35,30,0.02023587890398235,0.011649639755229818,-0.008586239148752534,-0.010284877957291749,25.0,-0.001659990383833819,-0.0021610917639510482,50.0,-0.0015773068479657544,-0.026998532020332686,0,multi_store_repeated,0,0,mixed_or_nonpositive,0,-42.43076957266625
1074754,1075,GROCERY,National,COOKIES/CONES,SANDWICH COOKIES,18 OZ,display_only_vs_none,4,24,59,0.033758996989600436,0.025599481384843227,-0.008159515604757212,-0.004785714285714286,25.0,-0.003948511110914697,-0.0017857142857142857,25.0,-0.002645670529766214,-0.06063394574422379,1,multi_store_repeated,0,0,mixed_or_nonpositive,0,-24.169899381995187
1139525,194,GROCERY,National,DINNER MXS:DRY,SKILLET DINNERS,6.5 OZ,display_only_vs_none,4,23,18,0.026052036127189246,0.035558832129342965,0.009506796002153723,-0.000996039918637174,25.0,0.0013568354496642301,0.0041666666666666675,50.0,-0.0002078144053603531,0.0026231091987053076,1,multi_store_repeated,0,0,mixed_or_nonpositive,0,36.49156617064544
10204822,857,DRUG GM,National,CANDY - PACKAGED,CANDY BARS (MULTI PACK),4.62 OZ,display_only_vs_none,4,14,67,0.024301639515455303,0.015174741924741924,-0.00912689759071338,-0.015032565022696601,25.0,-0.007691088608029396,-0.0063990422954238735,50.0,-0.005261576517629244,-0.11077156374797241,1,multi_store_repeated,0,0,mixed_or_nonpositive,0,-37.556715401480936
819927,1251,GROCERY,National,PASTA SAUCE,MAINSTREAM,26 OZ,display_only_vs_none,3,14,16,0.0397231263604314,0.02771515920180331,-0.012007967158628091,-0.017970121381886084,33.33333333333333,-0.00011593730944685007,-0.007280465949820788,33.33333333333333,-9.738092833909417e-05,0.003262247225108502,0,multi_store_repeated,0,0,mixed_or_nonpositive,0,-30.229159330694934
839243,942,GROCERY,National,VEGETABLES - SHELF STABLE,MISCELLANEOUS VEGETABLES,6 OZ,display_only_vs_none,3,23,44,0.05239289080427073,0.020300357245094085,-0.03209253355917664,-0.009135008818342151,33.33333333333333,-0.00638825961430187,-0.0050837742504409155,33.33333333333333,-0.004791416230153937,-0.03419316091595754,0,multi_store_repeated,0,0,mixed_or_nonpositive,0,-61.253603430793454
849843,69,GROCERY,Private,BAKED BREAD/BUNS/ROLLS,MAINSTREAM WHEAT/MULTIGRAIN BR,20 OZ,display_only_vs_none,3,24,110,0.03891419974509506,0.024689098189130686,-0.014225101555964377,-0.020609755031117248,33.33333333333333,-0.011947163616758136,-0.01295828469122752,33.33333333333333,-0.008403109513157807,-0.02237811426846836,0,multi_store_repeated,0,0,mixed_or_nonpositive,0,-36.555040702738275
865178,69,PRODUCE,Private,VEGETABLES - ALL OTHERS,CELERY,1 LB,display_only_vs_none,3,54,30,0.03338059478310399,0.023527099305827377,-0.009853495477276618,-0.005571054797932275,0.0,-0.007044192112204649,-0.005257936507936503,0.0,-0.003922884757130876,-0.07673488345994052,0,multi_store_repeated,0,0,mixed_or_nonpositive,0,-29.518633629212875
872417,181,GROCERY,National,DRY BN/VEG/POTATO/RICE,RICE SIDE DISH MIXES DRY,6.9 OZ,display_only_vs_none,3,9,15,0.003703703703703704,0.0,-0.003703703703703704,0.0,0.0,-0.003703703703703704,0.0,0.0,-0.0025252525252525255,-0.01115573404730031,2,multi_store_repeated,0,0,mixed_or_nonpositive,0,-100.0
951590,910,GROCERY,National,BAKED BREAD/BUNS/ROLLS,MAINSTREAM WHITE BREAD,20 OZ,display_only_vs_none,3,16,100,0.12314343638690044,0.07376864860608089,-0.04937478778081955,-0.06157950872656754,33.33333333333333,-0.014124398519500864,-0.015847877612583494,33.33333333333333,-0.00579852620198341,-0.14714275871703902,0,multi_store_repeated,0,0,mixed_or_nonpositive,0,-40.09534671883809
984715,69,GROCERY,Private,SEAFOOD - SHELF STABLE,SALMON,14.75 OZ,display_only_vs_none,3,10,32,0.037218487394957984,0.05315839118741595,0.015939903792457973,-0.01701002506265665,33.33333333333333,-0.002711705362634155,-0.008155806182121972,33.33333333333333,0.00026584836251548574,-0.0839675409587104,1,multi_store_repeated,0,0,mixed_or_nonpositive,0,42.82791942430566
1014238,317,GROCERY,National,DINNER MXS:DRY,MACARONI & CHEESE DNRS,14 OZ,display_only_vs_none,3,10,15,0.0077314814814814815,0.009657407407407408,0.0019259259259259258,0.0,33.33333333333333,-0.001041666666666667,0.0,33.33333333333333,-0.0006627888572333018,0.004962639294346732,2,multi_store_repeated,0,0,mixed_or_nonpositive,0,24.910179640718578
1029968,1276,GROCERY,National,ISOTONIC DRINKS,ISOTONIC DRINKS SINGLE SERVE,32 OZ,display_only_vs_none,3,11,33,0.07084457939721098,0.031135595398753293,-0.03970898399845769,-0.018639676113360322,33.33333333333333,-0.01604443801812223,-0.01651404151404151,0.0,-0.013611378227073478,-0.09889443914201357,0,multi_store_repeated,0,0,mixed_or_nonpositive,0,-56.050843037429274
1070820,69,GROCERY,Private,FLUID MILK PRODUCTS,FLUID MILK WHITE ONLY,1 GA,display_only_vs_none,3,12,137,0.16957003581500485,0.0916946976146956,-0.07787533820030924,-0.10056833513172979,0.0,-0.026264294231457774,-0.016514079457296535,0.0,-0.022416963090774622,-0.07909060401382954,0,multi_store_repeated,0,0,mixed_or_nonpositive,0,-45.92517647709209
1114597,1232,GROCERY,National,REFRGRATD JUICES/DRNKS,DAIRY CASE JUICE DRNK UNDER 10,64 OZ,display_only_vs_none,3,13,25,0.022033470122191926,0.01087840959722782,-0.011155060524964108,-0.019918224131757967,33.33333333333333,-0.011397832753151335,-0.009509488005728607,33.33333333333333,-0.004386353842245217,-0.033044590127700654,1,multi_store_repeated,0,0,mixed_or_nonpositive,0,-50.62779699748168
10121965,159,GROCERY,National,CRACKERS/MISC BKD FD,CHEESE CRACKERS (CHEEZ-ITS/GOL,6.6 OZ,display_only_vs_none,3,11,40,0.03293368983957219,0.018491318866318867,-0.014442370973253328,-0.02316946778711485,33.33333333333333,-0.01389590257237316,-0.01246498599439776,33.33333333333333,-0.009023586542431608,-0.021031479648662883,0,multi_store_repeated,0,0,mixed_or_nonpositive,0,-43.85287844637372
821344,69,GROCERY,Private,CONVENIENT BRKFST/WHLSM SNACKS,FRUIT SNACKS,5.4 OZ,display_only_vs_none,2,7,9,0.05495169082125604,0.010259870064967517,-0.044691820756288525,-0.044691820756288525,50.0,-0.011860736298517409,-0.011860736298517409,50.0,-0.007453549895410361,0.03282450336046776,1,two_store_limited,0,0,insufficient_multistore_support,0,-81.32929139825691
839346,69,GROCERY,Private,COOKIES/CONES,GRAHAM CRACKERS,16 OZ,display_only_vs_none,2,25,15,0.02727063392183878,0.012637894736842105,-0.014632739184996676,-0.014632739184996676,0.0,-0.007448889290816973,-0.007448889290816973,0.0,-0.005328965039989203,-0.06367083563655293,0,two_store_limited,0,0,insufficient_multistore_support,0,-53.657495557074434
847789,69,GROCERY,Private,BAKED BREAD/BUNS/ROLLS,MAINSTREAM WHEAT/MULTIGRAIN BR,20 OZ,display_only_vs_none,2,18,22,0.0029850016558091094,0.014876613167374037,0.011891611511564927,0.011891611511564927,100.0,0.011086756379199444,0.011086756379199444,100.0,0.007339722627016735,0.010908495430243487,1,two_store_limited,0,0,insufficient_multistore_support,0,398.37872412642287
848970,5724,GROCERY,National,VEGETABLES - SHELF STABLE,SPINACH & GREENS,27 OZ,display_only_vs_none,2,18,35,0.024506928733031674,0.02194270897705269,-0.002564219755978983,-0.002564219755978983,50.0,0.005009481890452577,0.005009481890452577,100.0,0.002304425075738616,-0.030665577410886404,0,two_store_limited,0,0,insufficient_multistore_support,0,-10.463244023404695
851676,2557,GROCERY,National,CANNED JUICES,ASEPTIC PACK JUICE AND DRINKS,10/6.75 OZ,display_only_vs_none,2,7,6,0.014583333333333332,0.04239912280701755,0.027815789473684217,0.027815789473684217,50.0,0.017105263157894735,0.017105263157894735,50.0,0.01065323565323565,0.04682326417477528,1,two_store_limited,0,0,insufficient_multistore_support,0,190.73684210526324
861279,1322,GROCERY,National,CONDIMENTS/SAUCES,STEAK & WORCHESTER SAUCE,10 OZ,display_only_vs_none,2,8,19,0.0,0.02514192280172939,0.02514192280172939,0.02514192280172939,100.0,0.006324531624243901,0.006324531624243901,100.0,0.0037539469192694993,0.11868654264456202,2,two_store_limited,0,0,insufficient_multistore_support,0,
865456,317,GROCERY,National,CHEESE,LOAF CHEESE,L     2 LB,display_only_vs_none,2,14,27,0.04670833333333334,0.03657436497326203,-0.010133968360071306,-0.010133968360071306,50.0,-0.0025398416942534587,-0.0025398416942534587,50.0,-0.00308263121937934,-0.010094515203694625,0,two_store_limited,0,0,insufficient_multistore_support,0,-21.696274811927864
871756,317,GROCERY,National,SALD DRSNG/SNDWCH SPRD,SEMI-SOLID SALAD DRESSING MAY,32 OZ,display_only_vs_none,2,30,52,0.03985611550285463,0.037480273726905614,-0.0023758417759490195,-0.0023758417759490195,50.0,-0.0007974377735002649,-0.0007974377735002649,50.0,-0.0001290089804428671,-0.032996456842117494,0,two_store_limited,0,0,insufficient_multistore_support,0,-5.9610469961099195
883404,69,GROCERY,Private,BAKED BREAD/BUNS/ROLLS,MAINSTREAM WHITE BREAD,20 OZ,display_only_vs_none,2,21,32,0.025085413656131345,0.04659655289289538,0.021511139236764037,0.021511139236764037,100.0,0.013832480388414285,0.013832480388414285,100.0,0.008090219036247834,0.021947870771946286,0,two_store_limited,0,0,insufficient_multistore_support,0,85.75158269916076
883932,586,GROCERY,National,CRACKERS/MISC BKD FD,SOUP CRACKERS (SALTINE/OYSTER),16 OZ,display_only_vs_none,2,15,39,0.03534798644338118,0.028850169354154173,-0.006497817089227004,-0.006497817089227004,0.0,-0.00528564795779916,-0.00528564795779916,0.0,-0.0024747800731812373,-0.020489606944725597,1,two_store_limited,0,0,insufficient_multistore_support,0,-18.382424978109903
898510,1251,GROCERY,National,SOUP,RTS SOUP: CHUNKY/HOMESTYLE ET,19 OZ,display_only_vs_none,2,7,9,0.12728071895424836,0.053939430537256625,-0.07334128841699174,-0.07334128841699174,50.0,0.001592286892798403,0.001592286892798403,50.0,0.0027819252004034614,-0.20164119184290688,0,two_store_limited,0,0,insufficient_multistore_support,0,-57.62167987388145
900802,69,PRODUCE,Private,CARROTS,CARROTS BAGGED,2 LB,display_only_vs_none,2,33,41,0.028035811644495853,0.04664199237763831,0.018606180733142456,0.018606180733142456,100.0,0.008829016677102806,0.008829016677102806,100.0,0.006025665021988837,0.14974092186969282,0,two_store_limited,0,0,insufficient_multistore_support,0,66.36576450532448
906763,69,GROCERY,Private,PNT BTR/JELLY/JAMS,PEANUT BUTTER,18 OZ,display_only_vs_none,2,9,32,0.012403846153846154,0.026802258725256437,0.014398412571410283,0.014398412571410283,100.0,-0.0004217473982920214,-0.0004217473982920214,50.0,0.0009064983045005953,-0.06502816382434864,1,two_store_limited,0,0,insufficient_multistore_support,0,116.08022538191234
918368,69,GROCERY,Private,CHEESE,SHREDDED CHEESE,8 OZ,display_only_vs_none,2,14,20,0.0,0.024891402144644914,0.024891402144644914,0.024891402144644914,100.0,0.016964772902506434,0.016964772902506434,100.0,0.008353740870366007,0.020046776256860722,2,two_store_limited,0,0,insufficient_multistore_support,0,
926233,586,GROCERY,National,COOKIES/CONES,CHOCOLATE COVERED COOKIES,11.5 OZ,display_only_vs_none,2,13,18,0.0,0.037084325164468704,0.037084325164468704,0.037084325164468704,100.0,0.014925933902854814,0.014925933902854814,100.0,0.008921818012727104,0.07318691637252413,2,two_store_limited,0,0,insufficient_multistore_support,0,
929309,69,GROCERY,Private,SALD DRSNG/SNDWCH SPRD,POURABLE SALAD DRESSINGS,16 OZ,display_only_vs_none,2,9,20,0.004,0.007260141093474427,0.003260141093474427,0.003260141093474427,50.0,0.0029885361552028215,0.0029885361552028215,50.0,0.0012877496980024158,-0.018646938801123825,1,two_store_limited,0,0,insufficient_multistore_support,0,81.50352733686069
929668,317,GROCERY,National,DINNER MXS:DRY,MACARONI & CHEESE DNRS,7.25 OZ,display_only_vs_none,2,7,17,0.009591836734693876,0.025412438537438534,0.01582060180274466,0.01582060180274466,100.0,0.012852110095898914,0.012852110095898914,100.0,0.00713775520123725,0.12389055256753714,1,two_store_limited,0,0,insufficient_multistore_support,0,164.93818900733794
932182,69,GROCERY,Private,FRUIT - SHELF STABLE,PEACHES,15.25 OZ,display_only_vs_none,2,9,15,0.028000000000000004,0.011428571428571429,-0.016571428571428577,-0.016571428571428577,50.0,-0.009107142857142857,-0.009107142857142857,50.0,-0.005535714285714286,-0.028469796069340678,1,two_store_limited,0,0,insufficient_multistore_support,0,-59.183673469387756
942475,69,GROCERY,Private,COFFEE,GROUND COFFEE,13 OZ,display_only_vs_none,2,10,16,0.03451178451178451,0.0452551724137931,0.010743387902008593,0.010743387902008593,50.0,0.002102345292000464,0.002102345292000464,50.0,0.0010017896047307805,0.05768576333602735,1,two_store_limited,0,0,insufficient_multistore_support,0,31.12962153069807
944137,2274,PRODUCE,National,PEPPERS-ALL,PEPPERS OTHER BELL,3 CT,display_only_vs_none,2,43,25,0.05080192948568908,0.04398541475885226,-0.006816514726836816,-0.006816514726836816,50.0,0.0016379197796826343,0.0016379197796826343,100.0,0.0003331213463710339,0.07521986176015716,0,two_store_limited,0,0,insufficient_multistore_support,0,-13.417826440543045
948254,69,GROCERY,Private,FRUIT - SHELF STABLE,FRUIT BOWL AND CUPS,4 OZ,display_only_vs_none,2,12,6,0.008698945981554677,0.017895299145299144,0.009196353163744467,0.009196353163744467,100.0,0.005943633661024966,0.005943633661024966,100.0,0.002320848236417134,0.025599102666422485,0,two_store_limited,0,0,insufficient_multistore_support,0,105.71801667977358
958700,2557,GROCERY,National,CANNED JUICES,ASEPTIC PACK JUICE AND DRINKS,10/6.75 OZ,display_only_vs_none,2,9,7,0.027777777777777776,0.0,-0.027777777777777776,-0.027777777777777776,0.0,-0.007936507936507936,-0.007936507936507936,0.0,-0.0023809523809523807,-0.024918126156912995,1,two_store_limited,0,0,insufficient_multistore_support,0,-100.0
971949,2557,GROCERY,National,CANNED JUICES,ASEPTIC PACK JUICE AND DRINKS,10/6.75 OZ,display_only_vs_none,2,9,11,0.11302083333333335,0.0810435996116774,-0.03197723372165595,-0.03197723372165595,50.0,0.004486259910315973,0.004486259910315973,50.0,-0.0022965843784745316,-0.0265197657726303,1,two_store_limited,0,0,insufficient_multistore_support,0,-28.293220620082682
974108,764,GROCERY,National,WAREHOUSE SNACKS,CANISTER POTATO/TORT CHIPS,6 OZ,display_only_vs_none,2,24,26,0.03278454422039948,0.020005225570603864,-0.01277931864979562,-0.01277931864979562,50.0,-0.011483952471342818,-0.011483952471342818,50.0,-0.009477219833294918,0.03172868458947231,0,two_store_limited,0,0,insufficient_multistore_support,0,-38.97970508262841
993466,1882,GROCERY,National,BAKED BREAD/BUNS/ROLLS,MAINSTREAM WHEAT/MULTIGRAIN BR,24 OZ,display_only_vs_none,2,26,46,0.011455118808348277,0.024561249952575324,0.013106131144227045,0.013106131144227045,100.0,0.003515684151703394,0.003515684151703394,100.0,0.0018411007473059415,0.014531637570485194,1,two_store_limited,0,0,insufficient_multistore_support,0,114.41287832541329
998119,544,GROCERY,National,BAG SNACKS,TORTILLA/NACHO CHIPS,13 OZ,display_only_vs_none,2,10,15,0.006763565891472868,0.059793083900226765,0.0530295180087539,0.0530295180087539,100.0,0.011252594765883802,0.011252594765883802,100.0,0.006380223147464527,0.026775742981985894,1,two_store_limited,0,0,insufficient_multistore_support,0,784.0467419059315
998556,69,GROCERY,Private,SPICES & EXTRACTS,SPICES & SEASONINGS,4 OZ,display_only_vs_none,2,8,29,0.010666666666666666,0.015197550034506558,0.004530883367839891,0.004530883367839891,50.0,0.002024672187715666,0.002024672187715666,50.0,0.0016587414044345954,0.02972373735954166,1,two_store_limited,0,0,insufficient_multistore_support,0,42.47703157349898
1007549,317,GROCERY,National,SALD DRSNG/SNDWCH SPRD,POURABLE SALAD DRESSINGS,L    16 OZ,display_only_vs_none,2,8,21,0.015625,0.02794662309368192,0.01232162309368192,0.01232162309368192,50.0,0.008368736383442264,0.008368736383442264,50.0,0.005021350813633245,0.01809707866432033,0,two_store_limited,0,0,insufficient_multistore_support,0,78.85838779956428
1012816,69,GROCERY,Private,VEGETABLES - SHELF STABLE,MUSHROOMS CND & GLASS,8 OZ,display_only_vs_none,2,11,54,0.07036564625850339,0.005804784934269546,-0.06456086132423386,-0.06456086132423386,0.0,-0.018164330575711533,-0.018164330575711533,0.0,-0.00700090135392608,-0.06379930581605911,0,two_store_limited,0,0,insufficient_multistore_support,0,-91.75054128978732
1020682,69,MEAT-PCKGD,Private,MISCELLANEOUS,SAUERKRAUT,2 LB,display_only_vs_none,2,14,19,0.010199999999999999,0.029105283605283597,0.0189052836052836,0.0189052836052836,100.0,0.01740814740814741,0.01740814740814741,100.0,0.01025504395943018,-0.5239234449760766,1,two_store_limited,0,0,insufficient_multistore_support,0,185.3459176988588
1027168,781,MEAT-PCKGD,National,LUNCHMEAT,PEPPERONI/SALAMI,8 OZ,display_only_vs_none,2,7,34,0.09106902356902358,0.030297076112293507,-0.06077194745673007,-0.06077194745673007,50.0,-0.015935729930295153,-0.015935729930295153,50.0,-0.008698088294647788,-0.012337133105853965,1,two_store_limited,0,0,insufficient_multistore_support,0,-66.73174376429921
1029743,69,GROCERY,Private,FLUID MILK PRODUCTS,FLUID MILK WHITE ONLY,1 GA,display_only_vs_none,2,11,111,0.25151235554950724,0.2657106726809543,0.014198317131447022,0.014198317131447022,50.0,0.008805891127865811,0.008805891127865811,100.0,0.006569858707061154,-0.0431609270966129,0,two_store_limited,0,0,insufficient_multistore_support,0,5.645176794764772
1043128,827,GROCERY,National,FRUIT - SHELF STABLE,PINEAPPLE,20 OZ,display_only_vs_none,2,23,6,0.019599493991039996,0.006802721088435374,-0.012796772902604621,-0.012796772902604621,0.0,-0.008661920582344038,-0.008661920582344038,0.0,-0.004073733117606133,-0.061496287666787774,0,two_store_limited,0,0,insufficient_multistore_support,0,-65.2913432788353
1047968,5724,GROCERY,National,VEGETABLES - SHELF STABLE,SPINACH & GREENS,27 OZ,display_only_vs_none,2,31,20,0.034922544670445116,0.016296645794749685,-0.018625898875695428,-0.018625898875695428,50.0,-0.008827325214395216,-0.008827325214395216,0.0,-0.004804875798487448,-0.055606410494314445,0,two_store_limited,0,0,insufficient_multistore_support,0,-53.33488453222166
1048383,2557,GROCERY,National,CANNED JUICES,ASEPTIC PACK JUICE AND DRINKS,10/6.75 OZ,display_only_vs_none,2,6,6,0.04932983682983683,0.0,-0.04932983682983683,-0.04932983682983683,0.0,-0.02818847818847819,-0.02818847818847819,0.0,-0.014142304014560757,-0.06812318887101272,0,two_store_limited,0,0,insufficient_multistore_support,0,-100.0
1048462,1273,GROCERY,National,BAKED BREAD/BUNS/ROLLS,MAINSTREAM WHITE BREAD,20 OZ,display_only_vs_none,2,16,23,0.015388708890746935,0.01251261362191711,-0.0028760952688298242,-0.0028760952688298242,50.0,-0.0024279885192356587,-0.0024279885192356587,50.0,-0.000545004933319521,-0.0023734256975770276,0,two_store_limited,0,0,insufficient_multistore_support,0,-18.689646345569578
1062782,69,GROCERY,Private,PNT BTR/JELLY/JAMS,JELLY,32 OZ,display_only_vs_none,2,6,49,0.035987654320987654,0.023227131376166433,-0.012760522944821221,-0.012760522944821221,50.0,-0.009482423132289903,-0.009482423132289903,0.0,-0.0032654805637083208,0.05471232867348773,0,two_store_limited,0,0,insufficient_multistore_support,0,-35.45805689641575
1068562,170,PRODUCE,National,PROCESSED,PROCESSED OTHER,4.5 OZ,display_only_vs_none,2,7,60,0.0,0.016952734861128003,0.016952734861128003,0.016952734861128003,100.0,0.011895854529427097,0.011895854529427097,100.0,0.007112634859408402,0.2895869328520342,2,two_store_limited,0,0,insufficient_multistore_support,0,
1084331,69,GROCERY,Private,PAPER HOUSEWARES,FOAM PLATES,50 CT,display_only_vs_none,2,18,20,0.0618444055944056,0.009024064171122993,-0.0528203414232826,-0.0528203414232826,0.0,-0.029777616174675003,-0.029777616174675003,0.0,-0.019307050682151636,-0.08475476359730011,0,two_store_limited,0,0,insufficient_multistore_support,0,-85.40843899397214
1091499,69,GROCERY,Private,DRY NOODLES/PASTA,SPAGHETTI DRY,32OZ,display_only_vs_none,2,9,12,0.017942583732057416,0.009375,-0.008567583732057417,-0.008567583732057417,50.0,-0.008567583732057417,-0.008567583732057417,50.0,-0.0027351364522417154,-0.20588469489357952,1,two_store_limited,0,0,insufficient_multistore_support,0,-47.75
1096036,69,GROCERY,Private,CHEESE,IWS SINGLE CHEESE,12 OZ,display_only_vs_none,2,6,54,0.0,0.06225775848514682,0.06225775848514682,0.06225775848514682,100.0,0.030298878947154044,0.030298878947154044,100.0,0.01771030197401774,0.0685658837515013,2,two_store_limited,0,0,insufficient_multistore_support,0,
1098066,69,GROCERY,Private,BAKED BREAD/BUNS/ROLLS,HOT DOG BUNS,11 OZ,display_only_vs_none,2,22,50,0.03775228367501604,0.03698000080772741,-0.0007722828672886237,-0.0007722828672886237,50.0,0.0014896659541678474,0.0014896659541678474,50.0,0.001004186026942704,-0.0042565867634930055,0,two_store_limited,0,0,insufficient_multistore_support,0,-2.0456586783906716
1102845,69,GROCERY,Private,COFFEE,GROUND COFFEE,39 OZ,display_only_vs_none,2,8,18,0.04455357142857143,0.058992264345410134,0.014438692916838709,0.014438692916838709,50.0,0.0033431679454063003,0.0033431679454063003,50.0,-0.0011819990813671855,0.09948725470958358,1,two_store_limited,0,0,insufficient_multistore_support,0,32.40748710793457
1104649,942,GROCERY,National,CONDIMENTS/SAUCES,HOT SAUCE,23 OZ,display_only_vs_none,2,18,69,0.003893229166666667,0.05472664876242722,0.05083341959576056,0.05083341959576056,100.0,0.01589295672754637,0.01589295672754637,100.0,0.009138749650069302,0.1195358082998833,1,two_store_limited,0,0,insufficient_multistore_support,0,1305.6878344329132
1106523,69,GROCERY,Private,FLUID MILK PRODUCTS,FLUID MILK WHITE ONLY,1 GA,display_only_vs_none,2,9,92,0.29940577865761686,0.25250880527647784,-0.04689697338113906,-0.04689697338113906,50.0,-0.011971955652300772,-0.011971955652300772,50.0,-0.006785880641993895,-0.04469729717086391,0,two_store_limited,0,0,insufficient_multistore_support,0,-15.663349448832008
1117514,673,PRODUCE,National,BROCCOLI/CAULIFLOWER,CAULIFLOWER WHOLE, ,display_only_vs_none,2,46,31,0.02421546191887113,0.04667498872571336,0.022459526806842232,0.022459526806842232,100.0,0.007635501207453465,0.007635501207453465,100.0,0.00476431902255877,0.04055645923888371,0,two_store_limited,0,0,insufficient_multistore_support,0,92.748702800253
1130458,794,GROCERY,National,COLD CEREAL,KIDS CEREAL,12.2 OZ,display_only_vs_none,2,6,12,0.019933333333333334,0.023906648906648908,0.003973315573315574,0.003973315573315574,50.0,0.004294594294594294,0.004294594294594294,50.0,0.0031001320545796874,0.012216653520833077,1,two_store_limited,0,0,insufficient_multistore_support,0,19.93302127081391
1133827,69,GROCERY,Private,PASTA SAUCE,MAINSTREAM,26 OZ,display_only_vs_none,2,7,8,0.011363636363636364,0.04259259259259259,0.031228956228956228,0.031228956228956228,100.0,0.018160774410774412,0.018160774410774412,50.0,0.014475500345065563,0.22624420094455105,1,two_store_limited,0,0,insufficient_multistore_support,0,274.8148148148148
5572234,2264,GROCERY,National,MISC. DAIRY,BREAD:TORTILLAS/PITA,17.5 OZ,display_only_vs_none,2,10,24,0.08557906314699792,0.015812671045429667,-0.06976639210156825,-0.06976639210156825,50.0,-0.010851667420258126,-0.010851667420258126,50.0,-0.006373715596110924,-0.24516926825172727,1,two_store_limited,0,0,insufficient_multistore_support,0,-81.52273410814456
9527159,544,GROCERY,National,BAG SNACKS,MULT PK BAG SNACKS,24 OZ,display_only_vs_none,2,8,15,0.059899999999999995,0.10672392287556864,0.04682392287556865,0.04682392287556865,100.0,0.007817015505103279,0.007817015505103279,100.0,0.006025758762571016,0.06257187074668441,1,two_store_limited,0,0,insufficient_multistore_support,0,78.17015505103282
819330,69,GROCERY,Private,CONVENIENT BRKFST/WHLSM SNACKS,GRANOLA BARS,10 OZ,display_only_vs_none,1,4,8,0.0,0.00994047619047619,0.00994047619047619,0.00994047619047619,100.0,0.005952380952380952,0.005952380952380952,100.0,0.003676470588235294,0.04940828402366864,1,single_store_limited,0,0,insufficient_multistore_support,0,
821562,181,GROCERY,National,DRY BN/VEG/POTATO/RICE,NOODLE SIDE DISH MIXES,4.8 OZ,display_only_vs_none,1,3,8,0.022988505747126436,0.0,-0.022988505747126436,-0.022988505747126436,0.0,-0.011494252873563218,-0.011494252873563218,0.0,-0.007575757575757576,-0.09523809523809523,0,single_store_limited,0,0,insufficient_multistore_support,0,-100.0
822346,69,GROCERY,Private,CONVENIENT BRKFST/WHLSM SNACKS,FRUIT SNACKS,N  5.4 OZ,display_only_vs_none,1,5,14,0.02,0.0712215320910973,0.0512215320910973,0.0512215320910973,100.0,0.0006452726017943389,0.0006452726017943389,100.0,0.0019779749561521067,0.10993837179545504,0,single_store_limited,0,0,insufficient_multistore_support,0,256.1076604554865
823709,69,GROCERY,Private,HOT CEREAL,INSTANT OATMEAL,12 OZ,display_only_vs_none,1,9,4,0.0056172839506172835,0.029288129744651482,0.0236708457940342,0.0236708457940342,100.0,0.013005959227491318,0.013005959227491318,100.0,0.008509275411480048,0.2842362678705794,0,single_store_limited,0,0,insufficient_multistore_support,0,421.3930789707187
824305,1882,GROCERY,National,BAKED BREAD/BUNS/ROLLS,PREMIUM BREAD,24 OZ,display_only_vs_none,1,17,14,0.018600158858378357,0.003105590062111801,-0.015494568796266556,-0.015494568796266556,0.0,-0.004931886359434298,-0.004931886359434298,0.0,-0.0026385727973595274,-0.0148259045752187,0,single_store_limited,0,0,insufficient_multistore_support,0,-83.30342183764252
830015,69,GROCERY,Private,PASTA SAUCE,MAINSTREAM,26 OZ,display_only_vs_none,1,6,8,0.0,0.018469973009446694,0.018469973009446694,0.018469973009446694,100.0,0.017339020628494312,0.017339020628494312,100.0,0.009901637960148599,0.06947203385948751,1,single_store_limited,0,0,insufficient_multistore_support,0,
833715,1002,GROCERY,National,SOUP,RAMEN NOODLES/RAMEN CUPS,3 OZ,display_only_vs_none,1,3,7,0.00435897435897436,0.006713048855905999,0.0023540744969316393,0.0023540744969316393,100.0,0.00945483088340231,0.00945483088340231,100.0,0.0010164108378394078,0.03071329759351437,0,single_store_limited,0,0,insufficient_multistore_support,0,54.00523845901994
834491,794,GROCERY,National,CONVENIENT BRKFST/WHLSM SNACKS,TREATS,6.2 OZ,display_only_vs_none,1,4,8,0.0,0.10124458874458875,0.10124458874458875,0.10124458874458875,100.0,0.025175865800865803,0.025175865800865803,100.0,0.01744668300519364,0.3300443086474861,1,single_store_limited,0,0,insufficient_multistore_support,0,
839849,69,GROCERY,Private,SOFT DRINKS,SFT DRNK 2 LITER BTL CARB INCL,2 LTR,display_only_vs_none,1,11,10,0.034096359629481224,0.025396490411823604,-0.00869986921765762,-0.00869986921765762,0.0,0.006090416508827315,0.006090416508827315,100.0,0.0004429105247272542,-0.0009526645535191686,0,single_store_limited,0,0,insufficient_multistore_support,0,-25.515536884868283
840361,69,GROCERY,Private,EGGS,EGGS - LARGE,1 DZ,display_only_vs_none,1,11,13,0.0902175855190561,0.11525243026204565,0.025034844742989545,0.025034844742989545,100.0,0.046108671597153705,0.046108671597153705,100.0,0.020659553384393736,-0.03852691406025882,0,single_store_limited,0,0,insufficient_multistore_support,0,27.749406724813742
842707,827,GROCERY,National,FRUIT - SHELF STABLE,FRUIT BOWL AND CUPS,4 PK/4 OZ,display_only_vs_none,1,4,7,0.06881743421052632,0.0,-0.06881743421052632,-0.06881743421052632,0.0,-0.0412828947368421,-0.0412828947368421,0.0,-0.02418582375478927,-0.3831949880775633,0,single_store_limited,0,0,insufficient_multistore_support,0,-100.0
845208,69,PRODUCE,Private,ONIONS,ONIONS YELLOW (BULK&BAG),3 LB,display_only_vs_none,1,4,31,0.050014005602240896,0.028794482846902204,-0.021219522755338692,-0.021219522755338692,0.0,-0.011793695973012861,-0.011793695973012861,0.0,-0.007191639084678132,-0.37897962850313593,0,single_store_limited,0,0,insufficient_multistore_support,0,-42.42716115181133
845262,1251,GROCERY,National,SOUP,BROTH,14 OZ,display_only_vs_none,1,3,3,0.01769230769230769,0.037037037037037035,0.019344729344729344,0.019344729344729344,100.0,-0.0004748338081671435,-0.0004748338081671435,0.0,-0.00020325203252032423,0.022537417333797424,0,single_store_limited,0,0,insufficient_multistore_support,0,109.33977455716585
846417,544,GROCERY,National,BAG SNACKS,DIPS (NON-REFRIGERATED),16 OZ,display_only_vs_none,1,6,26,0.009689922480620155,0.004348420888055034,-0.0053415015925651205,-0.0053415015925651205,0.0,-0.002136600637026048,-0.002136600637026048,0.0,-0.001523408840482011,-0.006577039014113117,0,single_store_limited,0,0,insufficient_multistore_support,0,-55.12429643527204
849701,69,GROCERY,Private,FRUIT - SHELF STABLE,FRUIT COCKTAIL FRUIT SALAD,15.25 OZ,display_only_vs_none,1,13,15,0.00294314381270903,0.007655502392344499,0.004712358579635469,0.004712358579635469,100.0,0.0031945933547764213,0.0031945933547764213,100.0,0.0022166480862133037,0.03799936158187987,0,single_store_limited,0,0,insufficient_multistore_support,0,160.11309264897787
850645,843,GROCERY,National,BEANS - CANNED GLASS & MW,PREPARED BEANS - BAKED W/PORK,28 OZ,display_only_vs_none,1,10,7,0.07890861769809139,0.03465384615384615,-0.04425477154424524,-0.04425477154424524,0.0,-0.009658762290341242,-0.009658762290341242,0.0,-0.00589248398369644,0.016759997583896513,0,single_store_limited,0,0,insufficient_multistore_support,0,-56.083572156296505
853095,1446,GROCERY,National,VEGETABLES - SHELF STABLE,BEANS GREEN: FS/WHL/CUT,14.5OZ,display_only_vs_none,1,9,6,0.02275132275132275,0.01948051948051948,-0.0032708032708032714,-0.0032708032708032714,0.0,0.01171236171236171,0.01171236171236171,100.0,0.003215227611512439,0.10377641630562252,0,single_store_limited,0,0,insufficient_multistore_support,0,-14.376321353065546
854405,397,MEAT-PCKGD,National,MEAT - MISC,BREAST - BONELESS(IQF),40 OZ,display_only_vs_none,1,5,18,0.10890909090909091,0.10290079365079366,-0.006008297258297254,-0.006008297258297254,0.0,-0.004028379028379029,-0.004028379028379029,0.0,0.0007451611884689464,-0.18055555555555552,0,single_store_limited,0,0,insufficient_multistore_support,0,-5.516800487585128
856060,170,GROCERY,National,CANNED JUICES,FRUIT DRINKS: CANNED & GLASS (,128 OZ,display_only_vs_none,1,3,3,0.1685964912280702,0.0295,-0.1390964912280702,-0.1390964912280702,0.0,-0.07397660818713449,-0.07397660818713449,0.0,-0.043367825213744354,-0.22773313886665364,0,single_store_limited,0,0,insufficient_multistore_support,0,-82.50260145681581
856252,988,GROCERY,National,FROZEN PIZZA,SNACKS/APPETIZERS,L 13.25 OZ,display_only_vs_none,1,3,67,0.0,0.06255965691758862,0.06255965691758862,0.06255965691758862,100.0,0.013644228430975807,0.013644228430975807,100.0,0.008314835065396318,0.06939238291541598,1,single_store_limited,0,0,insufficient_multistore_support,0,
856382,194,GROCERY,National,DINNER MXS:DRY,SKILLET DINNERS,8.4 OZ,display_only_vs_none,1,3,4,0.0,0.0,0.0,0.0,0.0,0.0,0.0,0.0,0.0,0.0,1,single_store_limited,0,0,insufficient_multistore_support,0,
857283,69,GROCERY,Private,SALD DRSNG/SNDWCH SPRD,POURABLE SALAD DRESSINGS,16 OZ,display_only_vs_none,1,5,18,0.0,0.008823994935106046,0.008823994935106046,0.008823994935106046,100.0,0.006509180120291231,0.006509180120291231,100.0,0.0037342870339162892,0.020856441016709453,1,single_store_limited,0,0,insufficient_multistore_support,0,
857849,71,GROCERY,National,MARGARINES,MARGARINE  STICK,16 OZ,display_only_vs_none,1,3,3,0.0,0.0,0.0,0.0,0.0,0.0,0.0,0.0,0.0,0.0,1,single_store_limited,0,0,insufficient_multistore_support,0,
860439,69,GROCERY,Private,FD WRAPS/BAGS/TRSH BG,ALUMINUM FOIL,37.5 FT,display_only_vs_none,1,4,4,0.0,0.0,0.0,0.0,0.0,0.0,0.0,0.0,0.0,0.0,1,single_store_limited,0,0,insufficient_multistore_support,0,
862682,69,GROCERY,Private,WATER - CARBONATED/FLVRD DRINK,NON-CRBNTD DRNKING/MNERAL WATE,16.9 OZ,display_only_vs_none,1,4,4,0.021739130434782608,0.055357142857142855,0.03361801242236025,0.03361801242236025,100.0,0.016809006211180123,0.016809006211180123,100.0,0.0073078726690941195,0.0744226515746155,0,single_store_limited,0,0,insufficient_multistore_support,0,154.64285714285714
862822,1456,GROCERY,National,MARGARINES,MARGARINE: TUBS AND BOWLS,12.4 OZ,display_only_vs_none,1,5,4,0.009523809523809523,0.014204545454545454,0.004680735930735931,0.004680735930735931,100.0,0.001839826839826841,0.001839826839826841,100.0,-0.0001397949673811738,-0.02269586079654729,0,single_store_limited,0,0,insufficient_multistore_support,0,49.14772727272727
863506,181,GROCERY,National,DRY BN/VEG/POTATO/RICE,NOODLE SIDE DISH MIXES,5.1 OZ,display_only_vs_none,1,3,8,0.0,0.02394607843137255,0.02394607843137255,0.02394607843137255,100.0,0.024019607843137253,0.024019607843137253,100.0,0.01346438523162661,0.08234868831250342,1,single_store_limited,0,0,insufficient_multistore_support,0,
866043,436,GROCERY,National,CANNED JUICES,FRUIT DRINKS: CANNED & GLASS (,128 OZ,display_only_vs_none,1,5,6,0.0,0.032775848765432096,0.032775848765432096,0.032775848765432096,100.0,0.011381172839506173,0.011381172839506173,100.0,0.006297080979284369,0.05012727470945763,1,single_store_limited,0,0,insufficient_multistore_support,0,
866172,69,GROCERY,Private,BAKING NEEDS,MARSHMALLOWS,16 OZ,display_only_vs_none,1,4,19,0.010750000000000001,0.003589924007880664,-0.0071600759921193365,-0.0071600759921193365,0.0,-0.005190449385495825,-0.005190449385495825,0.0,-0.0032040209127664606,0.045960338513181376,0,single_store_limited,0,0,insufficient_multistore_support,0,-66.60535806622639
867667,1377,GROCERY,National,MEAT - SHELF STABLE,PASTA: CANNED,15 OZ,display_only_vs_none,1,5,3,0.06493506493506493,0.12171717171717172,0.056782106782106795,0.056782106782106795,100.0,0.040764790764790754,0.040764790764790754,100.0,0.02205051593286888,0.3444657587668131,0,single_store_limited,0,0,insufficient_multistore_support,0,87.44444444444449
868319,764,GROCERY,National,WAREHOUSE SNACKS,CANISTER POTATO/TORT CHIPS,5.125 OZ,display_only_vs_none,1,34,14,0.01225857843137255,0.016753246753246753,0.004494668321874203,0.004494668321874203,100.0,0.0057566208301502424,0.0057566208301502424,100.0,0.006220740044269457,0.07695429048812509,0,single_store_limited,0,0,insufficient_multistore_support,0,36.66549385833599
869388,69,GROCERY,Private,PAPER HOUSEWARES,PLASTIC/HEAVY PAPER PREM PLATE,50 CT,display_only_vs_none,1,9,10,0.07024747474747474,0.04158333333333333,-0.028664141414141406,-0.028664141414141406,0.0,-0.007323232323232327,-0.007323232323232327,0.0,-0.004553049289891395,-0.033395712235655725,0,single_store_limited,0,0,insufficient_multistore_support,0,-40.804515062189935
869900,1508,MEAT-PCKGD,National,FROZEN MEAT,FRZN BREADED PREPARED CHICK,13.5 OZ,display_only_vs_none,1,7,5,0.08594973076950078,0.07875,-0.007199730769500784,-0.007199730769500784,0.0,-0.013756625457200421,-0.013756625457200421,0.0,-0.007992867150568052,-0.07275311606244783,0,single_store_limited,0,0,insufficient_multistore_support,0,-8.376676349119649
870547,516,GROCERY,National,MARGARINES,MARGARINE: TUBS AND BOWLS,45 OZ,display_only_vs_none,1,4,28,0.02369047619047619,0.04475807823129252,0.02106760204081633,0.02106760204081633,100.0,0.01058673469387755,0.01058673469387755,100.0,0.008388986726205245,0.2165905016128576,0,single_store_limited,0,0,insufficient_multistore_support,0,88.92857142857144
871252,69,GROCERY,Private,SOUP,RTS SOUP: CHUNKY/HOMESTYLE ET,18.6 OZ,display_only_vs_none,1,3,6,0.0,0.03145010964912281,0.03145010964912281,0.03145010964912281,100.0,0.013980263157894737,0.013980263157894737,100.0,0.008891780524831923,0.042998159179283534,1,single_store_limited,0,0,insufficient_multistore_support,0,
879735,1377,GROCERY,National,MEAT - SHELF STABLE,PASTA: CANNED,14.5 OZ,display_only_vs_none,1,13,22,0.0,0.02139363560416192,0.02139363560416192,0.02139363560416192,100.0,0.010794220399483558,0.010794220399483558,100.0,0.0051458273371434845,0.0634081701684277,1,single_store_limited,0,0,insufficient_multistore_support,0,
880427,1882,GROCERY,National,BAKED BREAD/BUNS/ROLLS,PREMIUM BREAD,24 OZ,display_only_vs_none,1,15,17,0.02743041399873698,0.006754141656662665,-0.020676272342074316,-0.020676272342074316,0.0,-0.005568003934828926,-0.005568003934828926,0.0,-0.0035959895654168106,-0.015612195467160242,0,single_store_limited,0,0,insufficient_multistore_support,0,-75.3771792982284
882441,69,GROCERY,Private,SOFT DRINKS,SFT DRNK 2 LITER BTL CARB INCL,2 LTR,display_only_vs_none,1,19,3,0.06525317840060894,0.014012499999999999,-0.05124067840060895,-0.05124067840060895,0.0,-0.0068054923405596775,-0.0068054923405596775,0.0,-0.00917917392841037,-0.021151657725051128,0,single_store_limited,0,0,insufficient_multistore_support,0,-78.5259502395837
883202,69,GROCERY,Private,BATH TISSUES,TOILET TISSUE, ,display_only_vs_none,1,3,3,0.0,0.08771929824561403,0.08771929824561403,0.08771929824561403,100.0,0.03508771929824561,0.03508771929824561,100.0,0.018518518518518517,0.17024174327545116,1,single_store_limited,0,0,insufficient_multistore_support,0,
883549,5258,GROCERY,National,BAKING MIXES,LAYER CAKE MIX,18.25 OZ,display_only_vs_none,1,3,5,0.02688888888888889,0.0,-0.02688888888888889,-0.02688888888888889,0.0,-0.030555555555555558,-0.030555555555555558,0.0,-0.017555859553123575,-0.15784204671857618,0,single_store_limited,0,0,insufficient_multistore_support,0,-100.0
887102,544,GROCERY,National,BAG SNACKS,TORTILLA/NACHO CHIPS,13 OZ,display_only_vs_none,1,5,14,0.028151874703369724,0.035464635538677354,0.00731276083530763,0.00731276083530763,100.0,0.0025860126769407105,0.0025860126769407105,100.0,0.0010381679696379919,0.011614441652023806,0,single_store_limited,0,0,insufficient_multistore_support,0,25.97610607592078
890695,988,GROCERY,National,FROZEN PIZZA,SNACKS/APPETIZERS,13 OZ,display_only_vs_none,1,3,65,0.0,0.03508750974426031,0.03508750974426031,0.03508750974426031,100.0,0.00947697420809549,0.00947697420809549,100.0,0.005840999450903668,0.03672554005429346,1,single_store_limited,0,0,insufficient_multistore_support,0,
890882,499,GROCERY,National,VEGETABLES - SHELF STABLE,TOMATOES: STEWED/DICED/CRMD,14.5 OZ,display_only_vs_none,1,4,3,0.0,0.0,0.0,0.0,0.0,0.0,0.0,0.0,0.0,0.0,1,single_store_limited,0,0,insufficient_multistore_support,0,
891405,2142,GROCERY,National,REFRGRATD DOUGH PRODUCTS,REFRIGERATED BAGELS,17.1 OZ,display_only_vs_none,1,3,3,0.0,0.015151515151515152,0.015151515151515152,0.015151515151515152,100.0,0.015151515151515152,0.015151515151515152,100.0,0.009259259259259259,0.030413625304136254,1,single_store_limited,0,0,insufficient_multistore_support,0,
892531,544,GROCERY,National,BAG SNACKS,TORTILLA/NACHO CHIPS,13 OZ,display_only_vs_none,1,6,14,0.08287773467201218,0.041455347608533276,-0.0414223870634789,-0.0414223870634789,0.0,-0.009706594692309554,-0.009706594692309554,0.0,-0.007460104252601797,-0.05711630714188882,0,single_store_limited,0,0,insufficient_multistore_support,0,-49.980114957784004
892920,69,GROCERY,Private,VEGETABLES - SHELF STABLE,CORN,15 1/4 OZ,display_only_vs_none,1,5,3,0.01845238095238095,0.0,-0.01845238095238095,-0.01845238095238095,0.0,-0.022619047619047615,-0.022619047619047615,0.0,-0.009429824561403507,-0.028372732495074587,0,single_store_limited,0,0,insufficient_multistore_support,0,-100.0
894447,69,GROCERY,Private,FACIAL TISS/DNR NAPKIN,PAPER NAPKINS,500 CT,display_only_vs_none,1,8,13,0.013842592592592594,0.014129554655870447,0.0002869620632778534,0.0002869620632778534,100.0,-0.0005810466336782123,-0.0005810466336782123,0.0,-0.0005031305903398925,-0.02808528294518603,0,single_store_limited,0,0,insufficient_multistore_support,0,2.0730369788634295
896446,69,GROCERY,Private,DRY MIX DESSERTS,PUDDING&GELATIN CUPS/CANS,14 OZ,display_only_vs_none,1,3,3,0.018541666666666668,0.0,-0.018541666666666668,-0.018541666666666668,0.0,-0.020833333333333332,-0.020833333333333332,0.0,-0.006944444444444444,-0.37083333333333335,0,single_store_limited,0,0,insufficient_multistore_support,0,-100.0
898212,69,GROCERY,Private,BAG SNACKS,TORTILLA/NACHO CHIPS,13.5OZ,display_only_vs_none,1,3,52,0.0,0.01404748633620091,0.01404748633620091,0.01404748633620091,100.0,0.0071831630751165165,0.0071831630751165165,100.0,0.004362251483449475,0.013140701712946633,1,single_store_limited,0,0,insufficient_multistore_support,0,
898847,1882,GROCERY,National,BAKED BREAD/BUNS/ROLLS,MAINSTREAM WHITE BREAD,22 OZ,display_only_vs_none,1,21,20,0.0,0.011212479491653427,0.011212479491653427,0.011212479491653427,100.0,0.005606239745826714,0.005606239745826714,100.0,0.0030413608432175005,0.01154384259920883,1,single_store_limited,0,0,insufficient_multistore_support,0,
900586,1273,GROCERY,National,BAKED BREAD/BUNS/ROLLS,RYE BREADS,16 OZ,display_only_vs_none,1,5,3,0.0,0.06,0.06,0.06,100.0,0.02666666666666667,0.02666666666666667,100.0,0.018518518518518517,0.03851091142490372,1,single_store_limited,0,0,insufficient_multistore_support,0,
903150,273,GROCERY,National,CONDIMENTS/SAUCES,BBQ SAUCE,18 OZ,display_only_vs_none,1,7,15,0.0,0.01891666666666667,0.01891666666666667,0.01891666666666667,100.0,0.008083333333333335,0.008083333333333335,100.0,0.0046441050214635115,0.03619803551122898,1,single_store_limited,0,0,insufficient_multistore_support,0,
903931,69,GROCERY,Private,DRY MIX DESSERTS,PUDDING&GELATIN CUPS/CANS,14.0 OZ,display_only_vs_none,1,5,4,0.04495658263305323,0.010595238095238095,-0.034361344537815135,-0.034361344537815135,0.0,-0.017717086834733893,-0.017717086834733893,0.0,-0.011656645559084584,-0.40015015015015015,0,single_store_limited,0,0,insufficient_multistore_support,0,-76.43228761020593
907647,1882,GROCERY,National,BAKED BREAD/BUNS/ROLLS,MAINSTREAM WHITE BREAD,22 OZ,display_only_vs_none,1,20,26,0.005757790616246499,0.003804347826086957,-0.0019534427901595416,-0.0019534427901595416,0.0,-0.0007710634420992476,-0.0007710634420992476,0.0,-0.0004485875526422671,0.0008800074901860978,0,single_store_limited,0,0,insufficient_multistore_support,0,-33.92695081074327
909349,69,GROCERY,Private,FLOUR & MEALS,FLOUR: WHITE & SELF RISING,5 LB,display_only_vs_none,1,3,6,0.0,0.015555555555555557,0.015555555555555557,0.015555555555555557,100.0,0.013888888888888888,0.013888888888888888,100.0,0.010416666666666666,0.25,1,single_store_limited,0,0,insufficient_multistore_support,0,
911388,1882,GROCERY,National,BAKED BREAD/BUNS/ROLLS,PREMIUM BREAD,24 OZ,display_only_vs_none,1,6,7,0.02052052052052052,0.017346938775510204,-0.0031735817450103156,-0.0031735817450103156,0.0,-0.0012694326980041276,-0.0012694326980041276,0.0,-0.001075764608168849,-0.005224309636388806,0,single_store_limited,0,0,insufficient_multistore_support,0,-15.465405674464904
911622,843,GROCERY,National,BEANS - CANNED GLASS & MW,PREPARED BEANS - BAKED W/PORK,28 OZ,display_only_vs_none,1,3,7,0.0,0.02962732919254658,0.02962732919254658,0.02962732919254658,100.0,0.006211180124223602,0.006211180124223602,100.0,0.002857142857142857,0.14285714285714285,1,single_store_limited,0,0,insufficient_multistore_support,0,
914186,69,GROCERY,Private,DINNER MXS:DRY,STUFFING MIXES,6 OZ,display_only_vs_none,1,3,4,0.0,0.045243589743589746,0.045243589743589746,0.045243589743589746,100.0,0.035897435897435895,0.035897435897435895,100.0,0.02357456140350877,0.2159749034749035,1,single_store_limited,0,0,insufficient_multistore_support,0,
914957,69,GROCERY,Private,CONDIMENTS/SAUCES,HOT MUSTARD/SPECIALTY MUSTAR,12 OZ,display_only_vs_none,1,3,59,0.0,0.0024129288206436073,0.0024129288206436073,0.0024129288206436073,100.0,0.0030265606795985673,0.0030265606795985673,100.0,0.001653260112355893,0.012486454694383618,1,single_store_limited,0,0,insufficient_multistore_support,0,
920461,69,GROCERY,Private,MEAT - SHELF STABLE,PASTA: CANNED,15 OZ,display_only_vs_none,1,4,8,0.10258596192100028,0.04702037093341441,-0.05556559098758587,-0.05556559098758587,0.0,-0.028808603776634467,-0.028808603776634467,0.0,-0.02056992867414862,-0.1136084047915782,0,single_store_limited,0,0,insufficient_multistore_support,0,-54.16490711504562
929286,317,GROCERY,National,CONDIMENTS/SAUCES,BBQ SAUCE,18 OZ,display_only_vs_none,1,7,5,0.0,0.0054482758620689655,0.0054482758620689655,0.0054482758620689655,100.0,0.006896551724137931,0.006896551724137931,100.0,0.002666666666666667,0.004301660767764771,1,single_store_limited,0,0,insufficient_multistore_support,0,
932761,181,GROCERY,National,DRY BN/VEG/POTATO/RICE,NOODLE SIDE DISH MIXES,4.7 OZ,display_only_vs_none,1,3,4,0.0,0.0,0.0,0.0,0.0,0.0,0.0,0.0,0.0,0.0,1,single_store_limited,0,0,insufficient_multistore_support,0,
934369,1273,GROCERY,National,BAKED BREAD/BUNS/ROLLS,MAINSTREAM WHEAT/MULTIGRAIN BR,20 OZ,display_only_vs_none,1,5,6,0.03137606837606838,0.01,-0.021376068376068376,-0.021376068376068376,0.0,-0.01584045584045584,-0.01584045584045584,0.0,-0.011711711711711714,-0.02422205705107259,0,single_store_limited,0,0,insufficient_multistore_support,0,-68.12857532007628
937413,69,GROCERY,Private,OLIVES,GREEN OLIVES,7 OZ,display_only_vs_none,1,3,5,0.036062378167641324,0.033529411764705884,-0.0025329664029354396,-0.0025329664029354396,0.0,-0.01429767228528838,-0.01429767228528838,0.0,-0.007296881862099253,0.33333333333333337,0,single_store_limited,0,0,insufficient_multistore_support,0,-7.023847376788539
937626,1232,GROCERY,National,REFRGRATD JUICES/DRNKS,DAIRY CASE JUICE DRNK UNDER 10,64 OZ,display_only_vs_none,1,4,3,0.0176,0.009871794871794872,-0.007728205128205129,-0.007728205128205129,0.0,0.0028205128205128216,0.0028205128205128216,100.0,0.002196382428940568,-0.00590339892665474,0,single_store_limited,0,0,insufficient_multistore_support,0,-43.91025641025641
937845,69,GROCERY,Private,PASTA SAUCE,MAINSTREAM,26 OZ,display_only_vs_none,1,3,27,0.0,0.009036278296385085,0.009036278296385085,0.009036278296385085,100.0,0.007086960557593662,0.007086960557593662,100.0,0.003283822832695013,0.05843703321988557,1,single_store_limited,0,0,insufficient_multistore_support,0,
940947,2082,MEAT-PCKGD,National,HEAT/SERVE,ENTREES,24 OZ,display_only_vs_none,1,7,43,0.1120556586270872,0.1236272190341958,0.011571560407108591,0.011571560407108591,100.0,-0.00429655246930994,-0.00429655246930994,0.0,-0.0013294600117370083,-0.1124772969579741,0,single_store_limited,0,0,insufficient_multistore_support,0,10.32661852947372
942525,1075,GROCERY,National,COOKIES/CONES,TRAY PACK/CHOC CHIP COOKIES,15.25 OZ,display_only_vs_none,1,5,3,0.013333333333333332,0.0,-0.013333333333333332,-0.013333333333333332,0.0,-0.006666666666666666,-0.006666666666666666,0.0,-0.004,-0.032025620496397116,0,single_store_limited,0,0,insufficient_multistore_support,0,-100.0
943141,69,GROCERY,Private,SOFT DRINKS,MIXERS(TONIC WTR/CLUB SODA/GNG,1 LTR,display_only_vs_none,1,7,3,0.0,0.0,0.0,0.0,0.0,0.0,0.0,0.0,0.0,0.0,1,single_store_limited,0,0,insufficient_multistore_support,0,
943286,874,GROCERY,National,PASTA SAUCE,PREMIUM,26 OZ,display_only_vs_none,1,5,15,0.0,0.021311805635643718,0.021311805635643718,0.021311805635643718,100.0,0.007761503863452889,0.007761503863452889,100.0,0.0036421181158023262,0.037980765576344375,1,single_store_limited,0,0,insufficient_multistore_support,0,
944139,1755,GROCERY,National,FROZEN PIZZA,PIZZA/TRADITIONAL,15.7 OZ,display_only_vs_none,1,3,4,0.0,0.0,0.0,0.0,0.0,0.0,0.0,0.0,0.0,0.0,1,single_store_limited,0,0,insufficient_multistore_support,0,
947292,69,GROCERY,Private,SALD DRSNG/SNDWCH SPRD,SEMI-SOLID SALAD DRESSING MAY,11.25 OZ,display_only_vs_none,1,8,10,0.003359375,0.01119413043478261,0.00783475543478261,0.00783475543478261,100.0,0.005736413043478262,0.005736413043478262,100.0,0.00353923233130264,0.003737791361813788,0,single_store_limited,0,0,insufficient_multistore_support,0,233.22062689585442
948665,407,GROCERY,National,VEGETABLES - SHELF STABLE,TOMATOES: STEWED/DICED/CRMD,14.5 OZ,display_only_vs_none,1,5,6,0.0,0.020614909781576447,0.020614909781576447,0.020614909781576447,100.0,0.01258309591642925,0.01258309591642925,100.0,0.006790123456790124,0.051191442756778234,1,single_store_limited,0,0,insufficient_multistore_support,0,
951907,499,GROCERY,National,VEGETABLES - SHELF STABLE,TOMATOES: STEWED/DICED/CRMD,14.5 OZ,display_only_vs_none,1,3,7,0.0,0.006802721088435374,0.006802721088435374,0.006802721088435374,100.0,0.006802721088435374,0.006802721088435374,100.0,0.003861003861003861,0.01245640259093174,1,single_store_limited,0,0,insufficient_multistore_support,0,
954966,693,DRUG GM,National,CANDY - PACKAGED,CANDY BARS (MULTI PACK),6 PK,display_only_vs_none,1,6,22,0.017839506172839508,0.02873970588235294,0.010900199709513433,0.010900199709513433,100.0,0.003421634647124845,0.003421634647124845,100.0,0.0023572007738262065,0.12433138493589568,0,single_store_limited,0,0,insufficient_multistore_support,0,61.10146549969466
956609,1276,GROCERY,National,BEANS - CANNED GLASS & MW,PREPARED BEANS - BAKED W/PORK,15 OZ,display_only_vs_none,1,8,6,0.0089,0.013761755485893418,0.004861755485893418,0.004861755485893418,100.0,0.008322884012539184,0.008322884012539184,100.0,0.004689254471863169,-0.011258297157016095,0,single_store_limited,0,0,insufficient_multistore_support,0,54.62646613363391
958046,827,GROCERY,National,FRUIT - SHELF STABLE,PINEAPPLE,20 OZ,display_only_vs_none,1,7,3,0.02473684210526316,0.0,-0.02473684210526316,-0.02473684210526316,0.0,-0.015037593984962405,-0.015037593984962405,0.0,-0.011446886446886446,-0.2754940711462451,0,single_store_limited,0,0,insufficient_multistore_support,0,-100.0
959987,69,GROCERY,Private,BAKED BREAD/BUNS/ROLLS,PREMIUM BREAD,24 OZ,display_only_vs_none,1,6,14,0.0,0.006549603174603174,0.006549603174603174,0.006549603174603174,100.0,0.00376984126984127,0.00376984126984127,100.0,0.0019199191612984717,0.009156111817388192,1,single_store_limited,0,0,insufficient_multistore_support,0,
961791,69,GROCERY,Private,OLIVES,GREEN OLIVES,5.75 OZ,display_only_vs_none,1,4,6,0.015625,0.01590909090909091,0.0002840909090909109,0.0002840909090909109,100.0,0.0002840909090909109,0.0002840909090909109,100.0,-0.0008357771260997064,0.08235575872674411,0,single_store_limited,0,0,insufficient_multistore_support,0,1.81818181818183
963336,69,GROCERY,Private,FD WRAPS/BAGS/TRSH BG,PAPER LUNCH BAGS,100 CT,display_only_vs_none,1,3,7,0.0172,0.007371428571428571,-0.00982857142857143,-0.00982857142857143,0.0,-0.00761904761904762,-0.00761904761904762,0.0,-0.003835978835978836,-0.30650862965273445,0,single_store_limited,0,0,insufficient_multistore_support,0,-57.14285714285714
965292,1251,GROCERY,National,PASTA SAUCE,MAINSTREAM,26 OZ,display_only_vs_none,1,4,8,0.0,0.04017857142857143,0.04017857142857143,0.04017857142857143,100.0,0.008928571428571428,0.008928571428571428,100.0,0.005681818181818182,0.06793478260869566,1,single_store_limited,0,0,insufficient_multistore_support,0,
970260,843,GROCERY,National,BEANS - CANNED GLASS & MW,VARIETY BEANS - KIDNEY PINTO,16 OZ,display_only_vs_none,1,3,3,0.0,0.0,0.0,0.0,0.0,0.0,0.0,0.0,0.0,0.0,1,single_store_limited,0,0,insufficient_multistore_support,0,
972665,1923,MEAT-PCKGD,National,BREAKFAST SAUSAGE/SANDWICHES,OTHER,1 LB,display_only_vs_none,1,4,48,0.0,0.06469658191073632,0.06469658191073632,0.06469658191073632,100.0,0.01581732197541021,0.01581732197541021,100.0,0.007974525908761675,0.161020679090751,1,single_store_limited,0,0,insufficient_multistore_support,0,
974306,5258,GROCERY,National,BAKING MIXES,LAYER CAKE MIX,18.25 OZ,display_only_vs_none,1,3,8,0.0,0.007333333333333333,0.007333333333333333,0.007333333333333333,100.0,0.008333333333333333,0.008333333333333333,100.0,0.00390625,0.025920471281296025,1,single_store_limited,0,0,insufficient_multistore_support,0,
979566,69,GROCERY,Private,HOT CEREAL,INSTANT OATMEAL,14.1 OZ,display_only_vs_none,1,7,7,0.011,0.024761904761904763,0.013761904761904763,0.013761904761904763,100.0,0.006462585034013604,0.006462585034013604,100.0,0.0032307883920787155,0.07318729206402114,0,single_store_limited,0,0,insufficient_multistore_support,0,125.10822510822513
981760,69,GROCERY,Private,EGGS,EGGS - X-LARGE,1 DZ,display_only_vs_none,1,8,18,0.023390624999999998,0.04667377310798363,0.023283148107983632,0.023283148107983632,100.0,0.024094993091703616,0.024094993091703616,100.0,0.013202052340479446,0.06016964020295601,0,single_store_limited,0,0,insufficient_multistore_support,0,99.54051295330343
981874,69,GROCERY,Private,SALD DRSNG/SNDWCH SPRD,POURABLE SALAD DRESSINGS,16 OZ,display_only_vs_none,1,3,4,0.0,0.0,0.0,0.0,0.0,0.0,0.0,0.0,0.0,0.0,1,single_store_limited,0,0,insufficient_multistore_support,0,
988208,69,GROCERY,Private,FRUIT - SHELF STABLE,FRUIT BOWL AND CUPS,4 OZ,display_only_vs_none,1,3,5,0.0,0.010307692307692308,0.010307692307692308,0.010307692307692308,100.0,0.007692307692307693,0.007692307692307693,100.0,0.0027397260273972603,0.03136704119850187,1,single_store_limited,0,0,insufficient_multistore_support,0,
988791,410,GROCERY,National,CRACKERS/MISC BKD FD,CHEESE CRACKERS (CHEEZ-ITS/GOL,10 OZ,display_only_vs_none,1,3,4,0.034482758620689655,0.028764204545454544,-0.0057185540752351105,-0.0057185540752351105,0.0,0.007681883490073146,0.007681883490073146,100.0,0.004454122145276568,-0.0405321032454184,0,single_store_limited,0,0,insufficient_multistore_support,0,-16.583806818181824
989069,69,MEAT-PCKGD,Private,BREAKFAST SAUSAGE/SANDWICHES,LINKS - RAW,12 OZ,display_only_vs_none,1,9,6,0.017361111111111112,0.06410256410256411,0.046741452991453,0.046741452991453,100.0,0.005876068376068378,0.005876068376068378,100.0,0.0036621474209131994,0.011678672778869248,0,single_store_limited,0,0,insufficient_multistore_support,0,269.2307692307692
996087,2121,GROCERY,National,CRACKERS/MISC BKD FD,SNACK CRACKERS,12 OZ,display_only_vs_none,1,4,13,0.022604166666666665,0.0388087505087505,0.016204583842083838,0.016204583842083838,100.0,-0.0017434879934879934,-0.0017434879934879934,0.0,0.0011425279919986802,-0.03047546203452875,0,single_store_limited,0,0,insufficient_multistore_support,0,71.68848151336628
998558,781,GROCERY,National,MEAT - SHELF STABLE,CHILI: CANNED,15 OZ,display_only_vs_none,1,4,5,0.038461538461538464,0.18181818181818182,0.14335664335664336,0.14335664335664336,100.0,0.01713286713286713,0.01713286713286713,100.0,0.014682539682539682,-0.07070707070707069,0,single_store_limited,0,0,insufficient_multistore_support,0,372.72727272727275
999134,69,GROCERY,Private,SOUP,CONDENSED SOUP,10.5OZ,display_only_vs_none,1,4,7,0.0,0.013801169590643274,0.013801169590643274,0.013801169590643274,100.0,0.015455304928989139,0.015455304928989139,100.0,0.00782925782925783,0.0304283356892658,1,single_store_limited,0,0,insufficient_multistore_support,0,
999730,869,GROCERY,National,SOUP,DRY SOUP,2 OZ,display_only_vs_none,1,5,3,0.0,0.0,0.0,0.0,0.0,0.0,0.0,0.0,0.0,0.0,1,single_store_limited,0,0,insufficient_multistore_support,0,
999891,69,GROCERY,Private,SNACK NUTS,VAC PAC NUTS(CANS), ,display_only_vs_none,1,6,22,0.01356060606060606,0.008362852664576802,-0.005197753396029257,-0.005197753396029257,0.0,-0.001987380435656298,-0.001987380435656298,0.0,-0.001610600048100048,-0.016624895572263987,0,single_store_limited,0,0,insufficient_multistore_support,0,-38.329801579657094
999971,69,GROCERY,Private,BAKED BREAD/BUNS/ROLLS,MAINSTREAM WHITE BREAD,20 OZ,display_only_vs_none,1,7,15,0.012161368895384241,0.0012692307692307692,-0.010892138126153472,-0.010892138126153472,0.0,-0.010973865577446139,-0.010973865577446139,0.0,-0.006456688730015564,-0.012847302403258211,0,single_store_limited,0,0,insufficient_multistore_support,0,-89.56342184708748
1002178,1075,GROCERY,National,CRACKERS/MISC BKD FD,SNACK CRACKERS,8.5 OZ,display_only_vs_none,1,3,10,0.0,0.006266666666666666,0.006266666666666666,0.006266666666666666,100.0,0.003333333333333333,0.003333333333333333,100.0,0.0022727272727272726,0.034432234432234435,1,single_store_limited,0,0,insufficient_multistore_support,0,
1002558,69,GROCERY,Private,CHEESE,SHREDDED CHEESE,8 OZ,display_only_vs_none,1,3,4,0.029298245614035087,0.08620445344129554,0.056906207827260455,0.056906207827260455,100.0,0.024460188933873146,0.024460188933873146,100.0,0.012525354969574035,0.02119867617834787,0,single_store_limited,0,0,insufficient_multistore_support,0,194.2307692307692
1003421,1002,GROCERY,National,SOUP,RAMEN NOODLES/RAMEN CUPS,3 OZ,display_only_vs_none,1,3,8,0.0,0.029568452380952383,0.029568452380952383,0.029568452380952383,100.0,0.05881358225108225,0.05881358225108225,100.0,0.02746676017150155,0.14721868799267868,1,single_store_limited,0,0,insufficient_multistore_support,0,
1005456,673,PRODUCE,National,VEGETABLES - ALL OTHERS,CUCUMBERS,14 OZ,display_only_vs_none,1,7,3,0.029327731092436977,0.0,-0.029327731092436977,-0.029327731092436977,0.0,-0.008403361344537815,-0.008403361344537815,0.0,-0.005714285714285714,-0.11128826530612244,0,single_store_limited,0,0,insufficient_multistore_support,0,-100.0
1007191,69,GROCERY,Private,BAKED BREAD/BUNS/ROLLS,MAINSTREAM WHITE BREAD,20 OZ,display_only_vs_none,1,17,15,0.00834348133192671,0.00890551580202743,0.00056203447010072,0.00056203447010072,100.0,0.0035694863008718797,0.0035694863008718797,100.0,0.0019316015791380095,0.0020756793519463275,0,single_store_limited,0,0,insufficient_multistore_support,0,6.736210554580735
1007512,2082,MEAT-PCKGD,National,HEAT/SERVE,ENTREES,24 OZ,display_only_vs_none,1,3,38,0.06644444444444444,0.11440892952077164,0.047964485076327196,0.047964485076327196,100.0,0.004003489200857628,0.004003489200857628,100.0,0.004538470358903797,0.013980448110546217,0,single_store_limited,0,0,insufficient_multistore_support,0,72.18735212156267
1011926,1882,GROCERY,National,BAKED BREAD/BUNS/ROLLS,PREMIUM BREAD,24 OZ,display_only_vs_none,1,10,11,0.013104554865424431,0.004228329809725159,-0.008876225055699273,-0.008876225055699273,0.0,-0.0024407005195680623,-0.0024407005195680623,0.0,-0.0011654647071313736,-0.010357542279660324,0,single_store_limited,0,0,insufficient_multistore_support,0,-67.73389212264394
1012587,69,MEAT-PCKGD,Private,MEAT - MISC,GRND/PATTY - FROZEN,3 LB,display_only_vs_none,1,3,35,0.20272727272727273,0.046896163485637174,-0.15583110924163557,-0.15583110924163557,0.0,-0.022791944897208056,-0.022791944897208056,0.0,-0.011838297972751755,-0.2084093416302262,0,single_store_limited,0,0,insufficient_multistore_support,0,-76.86736330304893
1013149,69,GROCERY,Private,VEGETABLES - SHELF STABLE,BEANS GREEN: FS/WHL/CUT,14.5 OZ,display_only_vs_none,1,7,6,0.019589743589743587,0.016444444444444446,-0.0031452991452991415,-0.0031452991452991415,0.0,-0.009401709401709401,-0.009401709401709401,0.0,-0.004187280972995259,0.013524336055991293,0,single_store_limited,0,0,insufficient_multistore_support,0,-16.055846422338547
1018859,69,GROCERY,Private,CONVENIENT BRKFST/WHLSM SNACKS,FRUIT SNACKS,5.4 OZ,display_only_vs_none,1,5,12,0.04529411764705883,0.007246376811594203,-0.03804774083546463,-0.03804774083546463,0.0,-0.018141517476555843,-0.018141517476555843,0.0,-0.01202613176297387,-0.15218272155597257,0,single_store_limited,0,0,insufficient_multistore_support,0,-84.00150574063619
1019722,69,GROCERY,Private,PICKLE/RELISH/PKLD VEG,RELISHES,16OZ,display_only_vs_none,1,11,67,0.01465365557690363,0.007685565333005138,-0.006968090243898492,-0.006968090243898492,0.0,-0.00424651526711805,-0.00424651526711805,0.0,-0.0016001576474819076,-0.0019424233101207472,0,single_store_limited,0,0,insufficient_multistore_support,0,-47.55189042986142
1019744,69,GROCERY,Private,SEAFOOD - SHELF STABLE,TUNA,6 OZ,display_only_vs_none,1,3,4,0.0,0.0,0.0,0.0,0.0,0.0,0.0,0.0,0.0,0.0,1,single_store_limited,0,0,insufficient_multistore_support,0,
1024731,170,GROCERY,National,FRUIT - SHELF STABLE,FRUIT BOWL AND CUPS,6 PK/4 OZ,display_only_vs_none,1,4,3,0.024558823529411765,0.0,-0.024558823529411765,-0.024558823529411765,0.0,-0.014705882352941176,-0.014705882352941176,0.0,-0.006756756756756757,-0.04503775620280474,0,single_store_limited,0,0,insufficient_multistore_support,0,-100.0
1031923,69,GROCERY,Private,SALD DRSNG/SNDWCH SPRD,POURABLE SALAD DRESSINGS,16 OZ,display_only_vs_none,1,5,4,0.0,0.0,0.0,0.0,0.0,0.0,0.0,0.0,0.0,0.0,1,single_store_limited,0,0,insufficient_multistore_support,0,
1033046,410,GROCERY,National,CRACKERS/MISC BKD FD,CHEESE CRACKERS (CHEEZ-ITS/GOL,14 OZ,display_only_vs_none,1,6,5,0.0,0.0,0.0,0.0,0.0,0.0,0.0,0.0,0.0,0.0,1,single_store_limited,0,0,insufficient_multistore_support,0,
1033615,69,GROCERY,Private,REFRGRATD JUICES/DRNKS,DAIRY CASE FRUIT DRINKS (NO JU,1 GA,display_only_vs_none,1,4,4,0.17375000000000002,0.07222727272727272,-0.10152272727272729,-0.10152272727272729,0.0,-0.027272727272727282,-0.027272727272727282,0.0,-0.030203805660195107,-0.1264866281708214,0,single_store_limited,0,0,insufficient_multistore_support,0,-58.43034663178548
1045586,159,GROCERY,National,BAKED BREAD/BUNS/ROLLS,FRUIT/BREAKFAST BREAD,16 OZ,display_only_vs_none,1,3,3,0.0,0.0,0.0,0.0,0.0,0.0,0.0,0.0,0.0,0.0,1,single_store_limited,0,0,insufficient_multistore_support,0,
1050229,1251,GROCERY,National,SOUP,CONDENSED SOUP,10.7OZ,display_only_vs_none,1,3,3,0.005116279069767442,0.01,0.004883720930232558,0.004883720930232558,100.0,0.0005813953488372093,0.0005813953488372093,100.0,-0.00018037518037518005,0.02471995061752025,0,single_store_limited,0,0,insufficient_multistore_support,0,95.45454545454544
1050721,531,DRUG GM,National,CANDY - PACKAGED,CANDY BARS MULTI PACK W/FLOUR,10 PK,display_only_vs_none,1,3,12,0.0,0.021018099547511312,0.021018099547511312,0.021018099547511312,100.0,0.011312217194570137,0.011312217194570137,100.0,0.011413043478260868,0.02267760265102189,1,single_store_limited,0,0,insufficient_multistore_support,0,
1054747,317,GROCERY,National,SALD DRSNG/SNDWCH SPRD,POURABLE SALAD DRESSINGS,L    16 OZ,display_only_vs_none,1,5,4,0.013636363636363636,0.023043478260869565,0.009407114624505929,0.009407114624505929,100.0,0.0017786561264822136,0.0017786561264822136,100.0,0.0005427170868347337,0.00868325825577159,0,single_store_limited,0,0,insufficient_multistore_support,0,68.98550724637683
1055737,170,GROCERY,National,FRUIT - SHELF STABLE,FRUIT BOWL AND CUPS,6/3.9 OZ,display_only_vs_none,1,3,3,0.0,0.02783333333333333,0.02783333333333333,0.02783333333333333,100.0,0.016666666666666666,0.016666666666666666,100.0,0.007407407407407408,0.24851190476190477,1,single_store_limited,0,0,insufficient_multistore_support,0,
1056762,1002,GROCERY,National,SOUP,RAMEN NOODLES/RAMEN CUPS,6 PK/3 OZ,display_only_vs_none,1,4,11,0.0875,0.028765094554568237,-0.05873490544543176,-0.05873490544543176,0.0,-0.024272613351560716,-0.024272613351560716,0.0,-0.010811069568305012,-0.06181733814912069,0,single_store_limited,0,0,insufficient_multistore_support,0,-67.12560622335059
1065669,69,GROCERY,Private,MILK BY-PRODUCTS,REFRIG DIPS,8 OZ,display_only_vs_none,1,10,17,0.022454545454545456,0.0362566764262266,0.013802130971681141,0.013802130971681141,100.0,0.00840844564893008,0.00840844564893008,100.0,0.009946138625965018,0.1065226384657931,0,single_store_limited,0,0,insufficient_multistore_support,0,61.466980035826936
1066725,69,GROCERY,Private,FRUIT - SHELF STABLE,FRUIT BOWL AND CUPS,4 OZ,display_only_vs_none,1,8,4,0.007053413120567377,0.0,-0.007053413120567377,-0.007053413120567377,0.0,-0.005263741134751773,-0.005263741134751773,0.0,-0.0031168231491457594,-0.038513658956596614,0,single_store_limited,0,0,insufficient_multistore_support,0,-100.0
1069635,5258,GROCERY,National,BAKING MIXES,FROSTING,16 OZ,display_only_vs_none,1,4,3,0.05159090909090909,0.0,-0.05159090909090909,-0.05159090909090909,0.0,-0.03522727272727273,-0.03522727272727273,0.0,-0.015085931510350115,-0.324347460861111,0,single_store_limited,0,0,insufficient_multistore_support,0,-100.0
1070463,69,GROCERY,Private,SOUP,RTS SOUP: CHUNKY/HOMESTYLE ET,18.6 OZ,display_only_vs_none,1,7,9,0.014693877551020407,0.0,-0.014693877551020407,-0.014693877551020407,0.0,-0.01020408163265306,-0.01020408163265306,0.0,-0.006493506493506494,-0.012674940586216004,0,single_store_limited,0,0,insufficient_multistore_support,0,-100.0
1072968,544,GROCERY,National,BAG SNACKS,DIPS (NON-REFRIGERATED),16 OZ,display_only_vs_none,1,9,18,0.023562565122667425,0.020979780801209373,-0.0025827843214580523,-0.0025827843214580523,0.0,-0.0008625527505688258,-0.0008625527505688258,0.0,-0.0016057940912168542,-0.006950292876265602,0,single_store_limited,0,0,insufficient_multistore_support,0,-10.961388575530718
1074524,2224,GROCERY,National,SOFT DRINKS,SFT DRNK 2 LITER BTL CARB INCL,2 LTR,display_only_vs_none,1,4,6,0.022166666666666668,0.0,-0.022166666666666668,-0.022166666666666668,0.0,-0.016666666666666666,-0.016666666666666666,0.0,-0.008333333333333333,-0.011832740213523133,0,single_store_limited,0,0,insufficient_multistore_support,0,-100.0
1075074,1046,GROCERY,National,FROZEN PIE/DESSERTS,FRZN WHIPPED TOPPING,8 OZ,display_only_vs_none,1,3,10,0.031746031746031744,0.0,-0.031746031746031744,-0.031746031746031744,0.0,-0.015873015873015872,-0.015873015873015872,0.0,-0.014814814814814815,-0.04750593824228029,0,single_store_limited,0,0,insufficient_multistore_support,0,-100.0
1077373,16,GROCERY,Private,PNT BTR/JELLY/JAMS,HONEY,N   12 OZ,display_only_vs_none,1,19,20,0.01243414058059367,0.007921446057002974,-0.004512694523590696,-0.004512694523590696,0.0,-0.0001507163366564145,-0.0001507163366564145,0.0,-0.0002533960555396817,-0.02425223252125591,0,single_store_limited,0,0,insufficient_multistore_support,0,-36.29277386998335
1078763,1251,GROCERY,National,PASTA SAUCE,MAINSTREAM,26 OZ,display_only_vs_none,1,6,4,0.04415032679738562,0.0,-0.04415032679738562,-0.04415032679738562,0.0,-0.015359477124183007,-0.015359477124183007,0.0,-0.009574200050390525,-0.12576219512195122,0,single_store_limited,0,0,insufficient_multistore_support,0,-100.0
1079179,69,GROCERY,Private,BAKED BREAD/BUNS/ROLLS,PREMIUM BREAD,24 OZ,display_only_vs_none,1,8,19,0.009537256763170385,0.009212719298245615,-0.0003245374649247703,-0.0003245374649247703,0.0,-0.0017299269769107148,-0.0017299269769107148,0.0,-0.0011819778544572455,-0.0018469535863029525,0,single_store_limited,0,0,insufficient_multistore_support,0,-3.4028387091141643
1079542,69,GROCERY,Private,VEGETABLES - SHELF STABLE,TOMATOES: STEWED/DICED/CRMD,14.5OZ,display_only_vs_none,1,3,3,0.0,0.0196078431372549,0.0196078431372549,0.0196078431372549,100.0,0.0196078431372549,0.0196078431372549,100.0,0.009523809523809523,0.5319148936170213,1,single_store_limited,0,0,insufficient_multistore_support,0,
1080014,69,GROCERY,Private,SPICES & EXTRACTS,PURE EXTRACTS,2 OZ,display_only_vs_none,1,4,7,0.07466896551724136,0.0,-0.07466896551724136,-0.07466896551724136,0.0,-0.018620689655172412,-0.018620689655172412,0.0,-0.011416709911779968,-0.21197031635588556,0,single_store_limited,0,0,insufficient_multistore_support,0,-100.0
1084177,1251,GROCERY,National,SOUP,RTS SOUP: CHUNKY/HOMESTYLE ET,18.8 OZ,display_only_vs_none,1,3,3,0.0,0.04256410256410256,0.04256410256410256,0.04256410256410256,100.0,0.025641025641025644,0.025641025641025644,100.0,0.012345679012345678,0.028924899808328974,1,single_store_limited,0,0,insufficient_multistore_support,0,
1084796,697,GROCERY,National,BEERS/ALES,BEERALEMALT LIQUORS,16 OZ,display_only_vs_none,1,3,25,0.0,0.06054709398951285,0.06054709398951285,0.06054709398951285,100.0,0.008980606107888055,0.008980606107888055,100.0,0.006914962865957252,0.06453596316860576,1,single_store_limited,0,0,insufficient_multistore_support,0,
1085778,69,GROCERY,Private,PICKLE/RELISH/PKLD VEG,PICKLES,24OZ,display_only_vs_none,1,8,8,0.023194444444444445,0.041749999999999995,0.01855555555555555,0.01855555555555555,100.0,0.0027777777777777783,0.0027777777777777783,100.0,0.002097069597069595,-0.047109826589595366,0,single_store_limited,0,0,insufficient_multistore_support,0,79.99999999999999
1087386,69,GROCERY,Private,DINNER MXS:DRY,STUFFING MIXES,6 OZ,display_only_vs_none,1,3,4,0.026399999999999996,0.01546875,-0.010931249999999997,-0.010931249999999997,0.0,-0.014374999999999999,-0.014374999999999999,0.0,-0.007973439696802982,-0.2557594291539246,0,single_store_limited,0,0,insufficient_multistore_support,0,-41.406249999999986
1089225,827,GROCERY,National,FRUIT - SHELF STABLE,FRUIT BOWL AND CUPS,4 PK/4 OZ,display_only_vs_none,1,3,5,0.04256410256410256,0.0478,0.0052358974358974394,0.0052358974358974394,100.0,-0.005641025641025643,-0.005641025641025643,0.0,-0.007936507936507938,0.022424409497282742,0,single_store_limited,0,0,insufficient_multistore_support,0,12.301204819277123
1094262,69,GROCERY,Private,SPICES & EXTRACTS,SPICES & SEASONINGS,1.75 OZ,display_only_vs_none,1,5,3,0.0,0.0,0.0,0.0,0.0,0.0,0.0,0.0,0.0,0.0,1,single_store_limited,0,0,insufficient_multistore_support,0,
1094619,69,GROCERY,Private,VEGETABLES - SHELF STABLE,POTATOES SWEET,40 OZ,display_only_vs_none,1,5,7,0.013333333333333332,0.06765512265512265,0.05432178932178931,0.05432178932178931,100.0,0.014733044733044733,0.014733044733044733,100.0,0.010243155966840174,0.16184853823301523,0,single_store_limited,0,0,insufficient_multistore_support,0,407.4134199134199
1096842,69,GROCERY,Private,SALD DRSNG/SNDWCH SPRD,POURABLE SALAD DRESSINGS,16 OZ,display_only_vs_none,1,11,19,0.004132231404958678,0.022887384870845844,0.018755153465887166,0.018755153465887166,100.0,0.015901890276955082,0.015901890276955082,100.0,0.009587343489339858,0.07340465438166932,0,single_store_limited,0,0,insufficient_multistore_support,0,453.87471387446936
1099058,5258,GROCERY,National,BAKING MIXES,LAYER CAKE MIX,18.25 OZ,display_only_vs_none,1,3,3,0.0,0.013968253968253968,0.013968253968253968,0.013968253968253968,100.0,0.015873015873015872,0.015873015873015872,100.0,0.010101010101010102,0.0549828178694158,1,single_store_limited,0,0,insufficient_multistore_support,0,
1100125,69,GROCERY,Private,OLIVES,RIPE OLIVES,6 OZ,display_only_vs_none,1,7,3,0.022088241593488968,0.0,-0.022088241593488968,-0.022088241593488968,0.0,-0.01734846862283144,-0.01734846862283144,0.0,-0.0072342369783734385,,0,single_store_limited,0,0,insufficient_multistore_support,0,-100.0
1100728,843,GROCERY,National,BEANS - CANNED GLASS & MW,VARIETY BEANS - KIDNEY PINTO,16 OZ,display_only_vs_none,1,5,7,0.006,0.002763975155279503,-0.003236024844720497,-0.003236024844720497,0.0,-0.006894409937888199,-0.006894409937888199,0.0,-0.002766436462088636,-0.02925322194107274,0,single_store_limited,0,0,insufficient_multistore_support,0,-53.933747412008294
1103741,827,GROCERY,National,FRUIT - SHELF STABLE,MANDARIN ORANGES/CITRUS SECT,15 OZ,display_only_vs_none,1,5,4,0.0624,0.0,-0.0624,-0.0624,0.0,-0.015142857142857142,-0.015142857142857142,0.0,-0.006734578381437465,-0.11878671261960143,0,single_store_limited,0,0,insufficient_multistore_support,0,-100.0
1104414,1075,GROCERY,National,CRACKERS/MISC BKD FD,SNACK CRACKERS,9.5 OZ,display_only_vs_none,1,7,12,0.0,0.02892857142857143,0.02892857142857143,0.02892857142857143,100.0,0.007301587301587302,0.007301587301587302,100.0,0.003875968992248062,0.04332300670264885,1,single_store_limited,0,0,insufficient_multistore_support,0,
1108094,697,GROCERY,National,BEERS/ALES,BEERALEMALT LIQUORS,12 OZ,display_only_vs_none,1,3,18,0.07836601307189543,0.055617656065275106,-0.022748357006620326,-0.022748357006620326,0.0,-0.0016794638083153495,-0.0016794638083153495,0.0,-0.0009960410075087619,-0.007587850672762117,0,single_store_limited,0,0,insufficient_multistore_support,0,-29.028345471333694
1109638,69,GROCERY,Private,BAKED BREAD/BUNS/ROLLS,PREMIUM BREAD,24OZ,display_only_vs_none,1,6,16,0.0,0.00974468085106383,0.00974468085106383,0.00974468085106383,100.0,0.0044547872340425535,0.0044547872340425535,100.0,0.0029970489781536293,0.009529247810969973,1,single_store_limited,0,0,insufficient_multistore_support,0,
1112473,1178,GROCERY,National,SEAFOOD - SHELF STABLE,TUNA,6 OZ,display_only_vs_none,1,3,6,0.08693877551020408,0.04569220534336813,-0.04124657016683595,-0.04124657016683595,0.0,-0.0018807456153982285,-0.0018807456153982285,0.0,-0.005412984714794209,-0.1218675276146429,0,single_store_limited,0,0,insufficient_multistore_support,0,-47.443237985327734
1112598,69,GROCERY,Private,BAKING NEEDS,MARSHMALLOWS,16 OZ,display_only_vs_none,1,6,5,0.011397435897435899,0.0,-0.011397435897435899,-0.011397435897435899,0.0,-0.009829059829059829,-0.009829059829059829,0.0,-0.0059266130694702115,-0.023606922113474992,0,single_store_limited,0,0,insufficient_multistore_support,0,-100.0
1113415,830,GROCERY,National,BAKING NEEDS,PIE FILLING MINCEMEAT GLAZES,15 OZ,display_only_vs_none,1,4,7,0.0315054347826087,0.003289036544850498,-0.028216398237758202,-0.028216398237758202,0.0,-0.02155696791692747,-0.02155696791692747,0.0,-0.011819441166200522,-0.06335365063411048,0,single_store_limited,0,0,insufficient_multistore_support,0,-89.56041531391251
1115175,544,GROCERY,National,BAG SNACKS,TORTILLA/NACHO CHIPS,13 OZ,display_only_vs_none,1,3,12,0.02374149659863946,0.025914634146341462,0.002173137547702004,0.002173137547702004,100.0,-0.0012979785410099,-0.0012979785410099,0.0,0.00013536928741607118,-0.008009520836124991,0,single_store_limited,0,0,insufficient_multistore_support,0,9.153330071982646
1116096,170,GROCERY,National,FRUIT - SHELF STABLE,FRUIT BOWL AND CUPS,6 PK/4 OZ,display_only_vs_none,1,5,4,0.047619047619047616,0.041749999999999995,-0.005869047619047621,-0.005869047619047621,0.0,0.0029761904761904778,0.0029761904761904778,100.0,0.0009159482758620691,0.05145442023008835,0,single_store_limited,0,0,insufficient_multistore_support,0,-12.325000000000008
1117059,1208,GROCERY,National,ISOTONIC DRINKS,ISOTONIC DRINKS SINGLE SERVE,32 OZ,display_only_vs_none,1,7,10,0.014013605442176872,0.0025,-0.011513605442176871,-0.011513605442176871,0.0,-0.013201530612244897,-0.013201530612244897,0.0,-0.007465370926383238,-0.02865497076023392,0,single_store_limited,0,0,insufficient_multistore_support,0,-82.16019417475728
1118787,69,GROCERY,Private,MILK BY-PRODUCTS,SOUR CREAMS,12 OZ,display_only_vs_none,1,25,15,0.015480672268907565,0.02629213841713842,0.010811466148230855,0.010811466148230855,100.0,0.009907298583769174,0.009907298583769174,100.0,0.007392634489693314,0.08992088868214107,0,single_store_limited,0,0,insufficient_multistore_support,0,69.83847962433349
1119060,69,GROCERY,Private,SUGARS/SWEETNERS,SUGAR,16 OZS.,display_only_vs_none,1,5,3,0.0,0.009080459770114943,0.009080459770114943,0.009080459770114943,100.0,0.011494252873563218,0.011494252873563218,100.0,0.005747126436781609,0.02081686429512516,1,single_store_limited,0,0,insufficient_multistore_support,0,
1125948,69,GROCERY,Private,HOT CEREAL,INSTANT OATMEAL,12.5 OZ,display_only_vs_none,1,6,5,0.014649122807017544,0.08595831754452445,0.07130919473750691,0.07130919473750691,100.0,0.020102643877598508,0.020102643877598508,100.0,0.010506434816779646,0.48377662616394856,0,single_store_limited,0,0,insufficient_multistore_support,0,486.7813293458555
1126899,69,GROCERY,Private,FLUID MILK PRODUCTS,FLUID MILK WHITE ONLY,1 GA,display_only_vs_none,1,5,48,0.03375686274509804,0.07652548143513058,0.04276861869003254,0.04276861869003254,100.0,0.007783319001995049,0.007783319001995049,100.0,0.005271526164950476,0.030339960194357845,0,single_store_limited,0,0,insufficient_multistore_support,0,126.69607070118842
1128016,988,GROCERY,National,MEAT - SHELF STABLE,CHILI: CANNED,15 OZ,display_only_vs_none,1,3,8,0.24867391304347822,0.04777744634439142,-0.20089646669908678,-0.20089646669908678,0.0,-0.0015039578928071774,-0.0015039578928071774,0.0,-0.003364957013559023,-0.15740714187814214,0,single_store_limited,0,0,insufficient_multistore_support,0,-80.78710960886436
1130323,69,GROCERY,Private,BAKING NEEDS,MARSHMALLOWS,10.5 OZ,display_only_vs_none,1,4,3,0.0,0.013166666666666667,0.013166666666666667,0.013166666666666667,100.0,0.016666666666666666,0.016666666666666666,100.0,0.006410256410256411,0.04912935323383085,1,single_store_limited,0,0,insufficient_multistore_support,0,
1130581,544,GROCERY,National,BAG SNACKS,TORTILLA/NACHO CHIPS,11.5 OZ,display_only_vs_none,1,7,3,0.018308904957331774,0.03795918367346939,0.019650278716137618,0.019650278716137618,100.0,0.007482062592478852,0.007482062592478852,100.0,0.0033838712790080568,0.005381785896395472,0,single_store_limited,0,0,insufficient_multistore_support,0,107.32634617926013
1130858,1764,MEAT-PCKGD,National,BREAKFAST SAUSAGE/SANDWICHES,ROLLS - PORK,1 LB,display_only_vs_none,1,7,3,0.025210084033613446,0.0,-0.025210084033613446,-0.025210084033613446,0.0,-0.008403361344537815,-0.008403361344537815,0.0,-0.005494505494505495,-0.06824385805277525,0,single_store_limited,0,0,insufficient_multistore_support,0,-100.0
5568378,544,GROCERY,National,BAG SNACKS,TORTILLA/NACHO CHIPS,12.5 OZ,display_only_vs_none,1,4,12,0.0,0.05696969696969697,0.05696969696969697,0.05696969696969697,100.0,0.030303030303030304,0.030303030303030304,100.0,0.018303520238504758,0.03266999590818517,1,single_store_limited,0,0,insufficient_multistore_support,0,
5568729,544,GROCERY,National,BAG SNACKS,TORTILLA/NACHO CHIPS,10 OZ,display_only_vs_none,1,5,11,0.013906976744186048,0.04633323221549469,0.03242625547130864,0.03242625547130864,100.0,0.009936620884577458,0.009936620884577458,100.0,0.004776540450555878,0.045089633985863214,0,single_store_limited,0,0,insufficient_multistore_support,0,233.16538215155038
5569230,1208,GROCERY,National,SOFT DRINKS,SOFT DRINKS 12/18&15PK CAN CAR,12 OZ,display_only_vs_none,1,3,7,0.0,0.2246666666666667,0.2246666666666667,0.2246666666666667,100.0,0.05347985347985348,0.05347985347985348,100.0,0.03605202846688915,0.1674109406986942,1,single_store_limited,0,0,insufficient_multistore_support,0,
5582712,2082,MEAT-PCKGD,National,HEAT/SERVE,ENTREES,20 OZ,display_only_vs_none,1,4,18,0.0,0.040462962962962964,0.040462962962962964,0.040462962962962964,100.0,0.013532763532763533,0.013532763532763533,100.0,0.009265448603683897,0.0906035909180259,1,single_store_limited,0,0,insufficient_multistore_support,0,
5584007,69,GROCERY,Private,YOGURT,YOGURT NOT MULTI-PACKS,6 OZ,display_only_vs_none,1,4,4,0.0,0.04160216718266255,0.04160216718266255,0.04160216718266255,100.0,0.047094546320552516,0.047094546320552516,100.0,0.01992694805194805,0.13261898046626905,1,single_store_limited,0,0,insufficient_multistore_support,0,
5592427,69,GROCERY,Private,BAKED BREAD/BUNS/ROLLS,RYE BREADS,24 OZ,display_only_vs_none,1,6,12,0.0,0.0,0.0,0.0,0.0,0.0,0.0,0.0,0.0,0.0,1,single_store_limited,0,0,insufficient_multistore_support,0,
5981074,69,GROCERY,Private,COLD CEREAL,KIDS CEREAL,32 OZ,display_only_vs_none,1,4,3,0.04049111807732497,0.0,-0.04049111807732497,-0.04049111807732497,0.0,-0.01619644723092999,-0.01619644723092999,0.0,-0.008278598795840175,-0.03494534943176262,0,single_store_limited,0,0,insufficient_multistore_support,0,-100.0
6039759,1882,GROCERY,National,BAKED BREAD/BUNS/ROLLS,PREMIUM BREAD,24 OZ,display_only_vs_none,1,8,15,0.014390371533228676,0.02537546926221493,0.010985097728986256,0.010985097728986256,100.0,0.00517228582188789,0.00517228582188789,100.0,0.0028608445023906646,0.008201016452058365,0,single_store_limited,0,0,insufficient_multistore_support,0,76.33644276397358
6040065,69,GROCERY,Private,BAKED BREAD/BUNS/ROLLS,RYE BREADS,24 OZ,display_only_vs_none,1,6,22,0.005588235294117647,0.008376262626262626,0.0027880273321449784,0.0027880273321449784,100.0,0.0011872930990578048,0.0011872930990578048,100.0,0.0007366739169650705,0.0013240282915206736,0,single_store_limited,0,0,insufficient_multistore_support,0,49.89101541733119
7025114,1838,GROCERY,National,BAKED BREAD/BUNS/ROLLS,MAINSTREAM WHEAT/MULTIGRAIN BR,20 OZ,display_only_vs_none,1,5,3,0.007347826086956522,0.0,-0.007347826086956522,-0.007347826086956522,0.0,-0.004347826086956522,-0.004347826086956522,0.0,-0.002702702702702703,-0.007699316628701594,0,single_store_limited,0,0,insufficient_multistore_support,0,-100.0
7025326,1075,GROCERY,National,COOKIES/CONES,SPECIALTY COOKIES,4.86 OZ,display_only_vs_none,1,3,3,0.015578231292517007,0.013071895424836602,-0.002506335867680405,-0.002506335867680405,0.0,-0.00026677337601707304,-0.00026677337601707304,0.0,0.0004596795376937222,0.0024288164961251066,0,single_store_limited,0,0,insufficient_multistore_support,0,-16.088706224848014
8019716,69,GROCERY,Private,PAPER HOUSEWARES,FOAM PLATES,40 CT,display_only_vs_none,1,4,3,0.010869565217391304,0.015873015873015872,0.005003450655624568,0.005003450655624568,100.0,0.005003450655624568,0.005003450655624568,100.0,0.000714285714285715,0.0,0,single_store_limited,0,0,insufficient_multistore_support,0,46.031746031746025
8119302,69,GROCERY,Private,VEGETABLES - SHELF STABLE,MISCELLANEOUS VEGETABLES,6 OZ,display_only_vs_none,1,3,11,0.0,0.019921536796536795,0.019921536796536795,0.019921536796536795,100.0,0.009226190476190475,0.009226190476190475,100.0,0.0058644500153934125,0.02631050350882187,1,single_store_limited,0,0,insufficient_multistore_support,0,
9337581,693,DRUG GM,National,CANDY - PACKAGED,CANDY BARS (MULTI PACK),4.4 OZ,display_only_vs_none,1,5,20,0.016352941176470587,0.06457887488328665,0.04822593370681606,0.04822593370681606,100.0,0.029499883286647988,0.029499883286647988,100.0,0.011181332585635046,0.029325099734418048,0,single_store_limited,0,0,insufficient_multistore_support,0,294.9067888546306
9445919,69,GROCERY,Private,SOUP,BROTH,14 OZ,display_only_vs_none,1,3,5,0.011111111111111112,0.06637426900584795,0.055263157894736833,0.055263157894736833,100.0,0.010526315789473679,0.010526315789473679,100.0,0.004168503983302466,0.03593768327446619,0,single_store_limited,0,0,insufficient_multistore_support,0,497.3684210526315
9526410,544,GROCERY,National,BAG SNACKS,POTATO CHIPS,11.5 OZ,display_only_vs_none,1,3,31,0.0,0.017098903656772795,0.017098903656772795,0.017098903656772795,100.0,0.008748732484787431,0.008748732484787431,100.0,0.004641226142240341,0.020598049450471317,1,single_store_limited,0,0,insufficient_multistore_support,0,
9527290,544,GROCERY,National,BAG SNACKS,POTATO CHIPS,11.5 OZ,display_only_vs_none,1,3,23,0.036036036036036036,0.015234514674224259,-0.02080152136181178,-0.02080152136181178,0.0,-0.010474991858000268,-0.010474991858000268,0.0,-0.007690377653782799,-0.04141735555224821,0,single_store_limited,0,0,insufficient_multistore_support,0,-57.72422177902767
10204488,857,DRUG GM,National,CANDY - PACKAGED,CANDY BARS (MULTI PACK),4.62 OZ,display_only_vs_none,1,4,13,0.016666666666666666,0.007128205128205127,-0.009538461538461539,-0.009538461538461539,0.0,-0.011538461538461539,-0.011538461538461539,0.0,-0.006002331002331002,-0.06371783265806295,0,single_store_limited,0,0,insufficient_multistore_support,0,-57.23076923076924
10285144,693,DRUG GM,National,CANDY - PACKAGED,CANDY BARS (MULTI PACK),4.4 OZ,display_only_vs_none,1,6,13,0.0,0.07456842177430413,0.07456842177430413,0.07456842177430413,100.0,0.023056355409296583,0.023056355409296583,100.0,0.015931717854794778,0.19320596009881613,1,single_store_limited,0,0,insufficient_multistore_support,0,
12132648,1225,GROCERY,National,REFRGRATD DOUGH PRODUCTS,REFRIGERATED COOKIES-CHUB,16 OZ,display_only_vs_none,1,4,3,0.0,0.028484848484848484,0.028484848484848484,0.028484848484848484,100.0,0.015151515151515152,0.015151515151515152,100.0,0.012345679012345678,0.1487341772151899,1,single_store_limited,0,0,insufficient_multistore_support,0,
896369,69,GROCERY,Private,PNT BTR/JELLY/JAMS,PEANUT BUTTER,18 OZ,mailer_only_vs_none,29,155,141,0.01796397585913645,0.04442243967469039,0.026458463815553942,0.017026397515527952,68.96551724137932,0.007965298140662986,0.002097635392829901,58.620689655172406,0.0041727771787150696,0.13440655953485545,7,multi_store_repeated,1,0,sales_positive_only,1,147.28623564753457
911812,1251,GROCERY,National,SOUP,CONDENSED SOUP,10.5OZ,mailer_only_vs_none,26,136,140,0.025728321068862938,0.030197854497841434,0.004469533428978493,0.009142628205128204,57.692307692307686,0.0036485800550631266,0.004444650893926257,61.53846153846154,0.0013731142167174926,0.01714939080670832,6,multi_store_repeated,0,1,penetration_positive_only,1,17.37203689667741
927191,69,GROCERY,Private,SEAFOOD - SHELF STABLE,TUNA,6 OZ,mailer_only_vs_none,24,126,86,0.0390382414838085,0.052848764663896326,0.01381052318008783,0.001959401709401708,54.166666666666664,0.003841505761049004,0.0014845796618242436,62.5,0.0016711088633806763,0.03503081948540025,1,multi_store_repeated,0,1,penetration_positive_only,1,35.37690903883537
1045220,1377,GROCERY,National,MEAT - SHELF STABLE,PASTA: CANNED,15 OZ,mailer_only_vs_none,24,181,213,0.02264377043971708,0.028170490002798202,0.00552671956308112,0.005470923856248084,62.5,0.0009816860324547176,0.0001035915573959047,50.0,-7.070840641637988e-05,0.011776030129522124,5,multi_store_repeated,1,0,sales_positive_only,1,24.40724073667202
936594,843,GROCERY,National,BEANS - CANNED GLASS & MW,PREPARED BEANS - BAKED W/PORK,28 OZ,mailer_only_vs_none,16,89,82,0.010265427686100169,0.030129202820253442,0.01986377513415327,0.013657163742690055,81.25,0.007856477249514989,0.00918091168091168,68.75,0.0054910468444299395,0.049909833317584716,8,multi_store_repeated,1,1,sales_and_penetration_positive,1,193.5016809971754
850841,1276,GROCERY,National,ISOTONIC DRINKS,ISOTONIC DRINKS SINGLE SERVE,32 OZ,mailer_only_vs_none,10,41,44,0.03708377922799388,0.02919192870621442,-0.007891850521779459,0.0036110556110556117,50.0,0.001119043620728704,0.009777722277722278,60.0,7.84376788891112e-05,0.06259601812978507,2,multi_store_repeated,0,1,penetration_positive_only,1,-21.28113877838547
859075,69,GROCERY,Private,CHEESE,SHREDDED CHEESE,8 OZ,mailer_only_vs_none,10,69,110,0.037560146153239035,0.07425116269217594,0.03669101653893693,0.02383542775536583,70.0,0.019439894567365397,0.02068841146240527,70.0,0.011749691856889904,0.028797614704935103,3,multi_store_repeated,1,1,sales_and_penetration_positive,1,97.68603239519827
889774,407,GROCERY,National,VEGETABLES - SHELF STABLE,CORN,15.25 OZ,mailer_only_vs_none,10,49,70,0.038910552000213657,0.028408100271554437,-0.010502451728659216,-0.010435620300751878,50.0,-0.0033971567501675107,0.005276246588485205,60.0,-0.000463421905095973,-0.009697156187053768,2,multi_store_repeated,0,1,penetration_positive_only,1,-26.991268920064538
911470,69,GROCERY,Private,SOUP,RTS SOUP: CHUNKY/HOMESTYLE ET,18.6 OZ,mailer_only_vs_none,9,63,60,0.030615986333559813,0.05765197089800843,0.027035984564448626,0.013945578231292517,66.66666666666666,0.008971218913533736,0.006972789115646258,66.66666666666666,0.003740976344025807,0.013746541318949503,1,multi_store_repeated,1,1,sales_and_penetration_positive,1,88.30675670511727
873654,69,GROCERY,Private,SUGARS/SWEETNERS,SUGAR,32 OZ,mailer_only_vs_none,8,43,29,0.01740098774162225,0.025115577640203997,0.00771458989858175,0.011293527444422587,62.5,0.0047095929542504975,0.008754672437536888,62.5,0.0026926392417451605,0.04557561729718992,2,multi_store_repeated,1,1,sales_and_penetration_positive,1,44.33420684579217
885023,531,GROCERY,National,BAKING NEEDS,BITS & MORSELS,12 OZ,mailer_only_vs_none,6,27,31,0.02929292929292929,0.07080381891018749,0.041510889617258184,0.013725451377890403,66.66666666666666,0.010724919778104062,0.0070260989010989035,83.33333333333334,0.0056531403324624864,0.00915523816715868,3,multi_store_repeated,1,1,sales_and_penetration_positive,1,141.7095886933987
1024731,170,GROCERY,National,FRUIT - SHELF STABLE,FRUIT BOWL AND CUPS,6 PK/4 OZ,mailer_only_vs_none,6,23,29,0.005431278280542987,0.037024928794421125,0.031593650513878135,0.026596296296296295,83.33333333333334,0.01278642676574838,0.012592592592592593,83.33333333333334,0.009049763492405253,0.22227411733871907,4,multi_store_repeated,1,1,sales_and_penetration_positive,1,581.6982463789278
832678,586,GROCERY,National,CRACKERS/MISC BKD FD,BUTTER SPRAY CRACKER (RITZ/CLU,16 OZ,mailer_only_vs_none,5,45,52,0.03319371145544757,0.029921972049433875,-0.0032717394060136898,-0.004540541896560141,40.0,-0.0003466479791721752,0.00021532814838080144,60.0,-0.0010326813769587879,-0.09714772973875177,2,multi_store_repeated,0,1,penetration_positive_only,1,-9.856503724824528
987562,69,GROCERY,Private,CHEESE,SHREDDED CHEESE,8 OZ,mailer_only_vs_none,5,22,46,0.026577517511728037,0.07935718215994532,0.05277966464821728,0.03505704365079365,100.0,0.015964797385850018,0.013416005291005291,100.0,0.011094961707713036,0.04310970363660298,1,multi_store_repeated,1,1,sales_and_penetration_positive,1,198.58763943971388
987724,69,GROCERY,Private,CHEESE,SHREDDED CHEESE,8 OZ,mailer_only_vs_none,5,23,95,0.01948769841269841,0.013591503358172463,-0.005896195054525948,0.008831521739130434,60.0,-0.001142660091159392,-0.00028920934562619467,40.0,-0.0008190498289654379,0.0011425383170759237,2,multi_store_repeated,1,0,sales_positive_only,1,-30.25598472256692
833025,69,GROCERY,Private,MILK BY-PRODUCTS,SOUR CREAMS,16 OZ,mailer_only_vs_none,4,60,69,0.013897216848008702,0.0202389168442142,0.0063416999962055,0.006840422123385262,100.0,0.006306210914004337,0.006391131544218393,100.0,0.003735675214539299,0.041871182734906864,0,multi_store_repeated,1,1,sales_and_penetration_positive,1,45.63287790327735
834117,69,GROCERY,Private,WATER - CARBONATED/FLVRD DRINK,NON-CRBNTD DRNKING/MNERAL WATE,405.6 OZ,mailer_only_vs_none,4,40,16,0.0540994456931957,0.11438782742042441,0.06028838172722871,0.06360998023767421,75.0,0.005976101046144149,0.008201694139194141,50.0,0.002912690395137322,0.0842024232474893,1,multi_store_repeated,1,0,sales_positive_only,1,111.43992503940096
863449,69,GROCERY,Private,SOUP,RTS SOUP: CHUNKY/HOMESTYLE ET,18.6 OZ,mailer_only_vs_none,4,24,27,0.027976635632885632,0.06159193312952711,0.03361529749664148,0.03849996385193753,75.0,0.02426333021962721,0.022394327164064004,100.0,0.015806073230349726,0.012997383435151479,1,multi_store_repeated,1,1,sales_and_penetration_positive,1,120.15489617031645
882830,764,GROCERY,National,WAREHOUSE SNACKS,CANISTER POTATO/TORT CHIPS,5.75 OZ,mailer_only_vs_none,4,29,22,0.0014692982456140351,0.03041016307708854,0.028940864831474504,0.0274234693877551,100.0,0.015048298270143643,0.01457788905729409,100.0,0.009245097065043856,0.22481537390243148,3,multi_store_repeated,1,1,sales_and_penetration_positive,1,1969.706621366026
908181,69,GROCERY,Private,SOUP,RTS SOUP: CHUNKY/HOMESTYLE ET,18.8 OZ,mailer_only_vs_none,4,24,23,0.017043233082706766,0.0813382864698654,0.06429505338715864,0.06663011063011062,75.0,0.014019216650795599,0.01608187134502924,75.0,0.007220850093361884,0.06798112923698156,1,multi_store_repeated,1,1,sales_and_penetration_positive,1,377.24681153599204
918368,69,GROCERY,Private,CHEESE,SHREDDED CHEESE,8 OZ,mailer_only_vs_none,4,23,102,0.006482160931174089,0.013834789655221669,0.0073526287240475805,0.01008373775111977,75.0,0.00455685790522068,0.005669792387802766,75.0,0.002455409100227432,0.007696817658934537,2,multi_store_repeated,1,1,sales_and_penetration_positive,1,113.42866679978934
961554,69,PRODUCE,Private,CARROTS,CARROTS MINI PEELED,1 LB,mailer_only_vs_none,4,45,29,0.07830690603690629,0.08348243853193957,0.005175532495033285,0.01003608869183632,75.0,0.011522338874853504,0.020952216853171706,75.0,0.006150596238649428,0.3068590977717693,0,multi_store_repeated,1,1,sales_and_penetration_positive,1,6.6092925349317655
1074754,1075,GROCERY,National,COOKIES/CONES,SANDWICH COOKIES,18 OZ,mailer_only_vs_none,4,24,40,0.033758996989600436,0.04754348179355981,0.013784484803959371,0.02574652238445342,75.0,0.007008390994484765,0.009881587681361437,75.0,0.003918290515996704,0.017648609215302206,1,multi_store_repeated,1,1,sales_and_penetration_positive,1,40.832033037609875
839243,942,GROCERY,National,VEGETABLES - SHELF STABLE,MISCELLANEOUS VEGETABLES,6 OZ,mailer_only_vs_none,3,25,11,0.04008836405529954,0.13089367283950618,0.09080530878420663,0.041751045400238954,100.0,0.02691605668931522,0.029756571087216247,100.0,0.014579884702015525,0.11229140235434586,1,multi_store_repeated,1,1,sales_and_penetration_positive,1,226.51288203965137
847789,69,GROCERY,Private,BAKED BREAD/BUNS/ROLLS,MAINSTREAM WHEAT/MULTIGRAIN BR,20 OZ,mailer_only_vs_none,3,22,53,0.0019900011038727398,0.01941547220319104,0.0174254710993183,0.021507182734204794,66.66666666666666,0.014879203966137651,0.017638084274113685,66.66666666666666,0.00867064483481504,0.01809452420561758,2,multi_store_repeated,1,1,sales_and_penetration_positive,1,875.6513283036178
903233,1251,GROCERY,National,SOUP,RTS SOUP: CHUNKY/HOMESTYLE ET,19 OZ,mailer_only_vs_none,3,12,18,0.05809606481481481,0.03592109518833656,-0.02217496962647825,-0.0405844155844156,33.33333333333333,-0.002881700834287041,0.008477011494252874,66.66666666666666,-0.0006394588499975025,-0.07649424673360673,1,multi_store_repeated,0,1,penetration_positive_only,1,-38.16948651713757
974108,764,GROCERY,National,WAREHOUSE SNACKS,CANISTER POTATO/TORT CHIPS,6 OZ,mailer_only_vs_none,3,28,13,0.021856362813599654,0.010963636363636363,-0.010892726449963294,0.007133333333333332,66.66666666666666,-0.008747949419002048,0.003333333333333334,66.66666666666666,-0.007986511492815977,0.05686674210726724,1,multi_store_repeated,1,1,sales_and_penetration_positive,1,-49.837781989899646
990797,410,GROCERY,National,CRACKERS/MISC BKD FD,CHEESE CRACKERS (CHEEZ-ITS/GOL,16 OZ,mailer_only_vs_none,3,31,54,0.027174074074074076,0.03717031878823476,0.009996244714160683,0.028361716603149803,66.66666666666666,0.00805891185806592,0.009923544264849099,66.66666666666666,0.0035324325226569506,0.037715472818089256,1,multi_store_repeated,1,1,sales_and_penetration_positive,1,36.785962557222106
1014238,317,GROCERY,National,DINNER MXS:DRY,MACARONI & CHEESE DNRS,14 OZ,mailer_only_vs_none,3,10,22,0.0077314814814814815,0.020667929975104613,0.01293644849362313,0.009485714285714287,66.66666666666666,0.0017361074327147746,0.005714285714285714,66.66666666666666,0.0004962370233306195,0.03366260814828811,2,multi_store_repeated,1,1,sales_and_penetration_positive,1,167.32172901931713
1019744,69,GROCERY,Private,SEAFOOD - SHELF STABLE,TUNA,6 OZ,mailer_only_vs_none,3,10,12,0.004115226337448559,0.011989845610988667,0.007874619273540108,0.005434782608695652,66.66666666666666,0.01142232458754977,0.010869565217391304,66.66666666666666,0.006388237931364615,0.026353586582236768,2,multi_store_repeated,1,1,sales_and_penetration_positive,1,191.35324834702465
1038746,69,GROCERY,Private,SHORTENING/OIL,VEGETABLE/SALAD OIL,48 OZ,mailer_only_vs_none,3,13,16,0.004923076923076922,0.03442448396112189,0.029501407038044967,0.03222222222222222,100.0,0.00870295360237889,0.009259259259259259,100.0,0.005502461008875967,0.0974620314428568,2,multi_store_repeated,1,1,sales_and_penetration_positive,1,599.2473304602885
1044895,69,GROCERY,Private,FLOUR & MEALS,FLOUR: WHITE & SELF RISING,5 LB,mailer_only_vs_none,3,13,11,0.008877192982456142,0.02385209235209235,0.01497489936963621,0.011904761904761904,66.66666666666666,0.008828890407837778,0.011904761904761904,66.66666666666666,0.004132428940568475,0.009093626414053146,2,multi_store_repeated,1,1,sales_and_penetration_positive,1,168.6895778793011
1103741,827,GROCERY,National,FRUIT - SHELF STABLE,MANDARIN ORANGES/CITRUS SECT,15 OZ,mailer_only_vs_none,3,16,14,0.073544708994709,0.07985101947784388,0.006306310483134893,0.027242715267925342,66.66666666666666,-0.005563589994538689,0.004889194139194138,66.66666666666666,-0.0007183763169723514,0.08504786574209096,0,multi_store_repeated,1,1,sales_and_penetration_positive,1,8.574798336055123
938700,69,GROCERY,Private,VEGETABLES - SHELF STABLE,CORN,15.25 OZ,mailer_only_vs_none,64,634,671,0.025814523790282314,0.024577075461554507,-0.0012374483287277954,0.0011151554966772328,53.125,-0.0001601690955620741,-0.0037159208099533454,45.3125,4.242640661157121e-05,0.0015796111116573729,3,multi_store_repeated,0,0,mixed_or_nonpositive,0,-4.793612846709328
1013321,69,GROCERY,Private,VEGETABLES - SHELF STABLE,BEANS GREEN: FS/WHL/CUT,14.5 OZ,mailer_only_vs_none,53,533,516,0.02918588534674953,0.02826054401516675,-0.0009253413315827964,0.00035714285714285796,50.943396226415096,-0.0004573527766625456,-0.0003432300475311213,49.056603773584904,-0.0001338150798178429,0.012617639704605717,1,multi_store_repeated,0,0,mixed_or_nonpositive,0,-3.17050971930114
1038217,69,GROCERY,Private,CRACKERS/MISC BKD FD,SOUP CRACKERS (SALTINE/OYSTER),16 OZ,mailer_only_vs_none,50,366,365,0.026714924170898727,0.021590104852565885,-0.005124819318332834,-0.0031083898944193077,40.0,-0.005939489757924407,-0.0047094959778783314,38.0,-0.0034777509963550258,-0.0251036424751873,7,multi_store_repeated,0,0,mixed_or_nonpositive,0,-19.183357158525805
930917,1377,GROCERY,National,MEAT - SHELF STABLE,PASTA: CANNED,15 OZ,mailer_only_vs_none,38,296,348,0.03948547652974443,0.028206926792904274,-0.011278549736840148,-0.0032828282828282823,44.73684210526316,-0.002282084395203741,0.0,47.368421052631575,-0.0012256908202249964,-0.0103719766529162,5,multi_store_repeated,0,0,mixed_or_nonpositive,0,-28.563792888111706
1030819,69,GROCERY,Private,VEGETABLES - SHELF STABLE,PEAS GREEN,14 OZ,mailer_only_vs_none,36,310,330,0.014625767269646301,0.009594310113339157,-0.005031457156307145,-0.002428658963585434,47.22222222222222,-0.00433720710982727,-0.003210232713909184,41.66666666666667,-0.0025275442264704206,-0.013576154957717017,5,multi_store_repeated,0,0,mixed_or_nonpositive,0,-34.40132106265097
822407,1377,GROCERY,National,MEAT - SHELF STABLE,PASTA: CANNED,15 OZ,mailer_only_vs_none,34,235,301,0.03680214267249224,0.029521097088037303,-0.007281045584454931,-0.009718741247508114,41.17647058823529,-0.0008035364776178555,-0.002490364167995746,47.05882352941176,-0.0009659188572547608,-0.017516064561013345,4,multi_store_repeated,0,0,mixed_or_nonpositive,0,-19.784298021042
892008,1377,GROCERY,National,MEAT - SHELF STABLE,PASTA: CANNED,14.5 OZ,mailer_only_vs_none,33,251,250,0.030286877834999518,0.031419392255207505,0.001132514420207974,-0.004629629629629629,39.39393939393939,0.00047547627870055017,0.001221001221001221,51.515151515151516,-0.00036589531930711615,0.00801920652218823,3,multi_store_repeated,0,0,mixed_or_nonpositive,0,3.739290746236157
1043590,69,GROCERY,Private,SHORTENING/OIL,VEGETABLE/SALAD OIL,48 OZ,mailer_only_vs_none,31,248,161,0.02935608410929021,0.021480382886124798,-0.00787570122316541,-0.005966666666666665,41.935483870967744,-0.0025136145783795243,-0.003333333333333334,38.70967741935484,-0.0015077052125757628,-0.0712718733099512,9,multi_store_repeated,0,0,mixed_or_nonpositive,0,-26.828173655058507
973861,69,GROCERY,Private,VEGETABLES - SHELF STABLE,BEANS GREEN: FS/WHL/CUT,14 1/4 OZ,mailer_only_vs_none,27,220,255,0.015849006957197414,0.014000894078206745,-0.0018481128789906713,-0.0008679549114331722,48.148148148148145,-0.0019985710792710357,-0.003827160493827161,40.74074074074074,-0.0008544583229511864,-0.02089087877199658,5,multi_store_repeated,0,0,mixed_or_nonpositive,0,-11.660748739537885
862139,2326,GROCERY,National,SEAFOOD - SHELF STABLE,TUNA,5.0 OZ,mailer_only_vs_none,25,106,108,0.04142549416436712,0.04650792744822443,0.005082433283857309,-0.0005573119567661051,48.0,-0.0019551602689684747,0.001388888888888891,52.0,0.00013782685791290594,0.0709966188284662,4,multi_store_repeated,0,0,mixed_or_nonpositive,0,12.268853724934093
951190,317,GROCERY,National,SALD DRSNG/SNDWCH SPRD,POURABLE SALAD DRESSINGS,16 OZ,mailer_only_vs_none,22,119,129,0.031105406389752874,0.026110967095015414,-0.004994439294737458,-0.002232142857142857,45.45454545454545,-0.0019410055433085834,9.712509712509788e-05,50.0,-0.0016108802197549422,-0.0022349759022906516,5,multi_store_repeated,0,0,mixed_or_nonpositive,0,-16.05649909265545
1069621,69,GROCERY,Private,SHORTENING/OIL,CANOLA OILS,48 OZ,mailer_only_vs_none,20,169,115,0.018168763297298187,0.011017940957355109,-0.007150822339943082,-0.009389850427350424,30.0,-0.003771139704421572,-0.005158730158730159,30.0,-0.002210020809634585,-0.05150637014539272,4,multi_store_repeated,0,0,mixed_or_nonpositive,0,-39.35778249148335
1054262,1046,GROCERY,National,COLD CEREAL,KIDS CEREAL,13 OZ,mailer_only_vs_none,18,76,101,0.043925215167779086,0.03229029468281776,-0.011634920484961344,-0.012881977671451354,33.33333333333333,-0.008573013505461842,-0.006676901529842707,27.77777777777778,-0.005527067544746235,-0.05433772431449071,2,multi_store_repeated,0,0,mixed_or_nonpositive,0,-26.488021607907818
1058779,69,GROCERY,Private,SALD DRSNG/SNDWCH SPRD,POURABLE SALAD DRESSINGS,16 OZ,mailer_only_vs_none,18,74,129,0.03669889197585276,0.02300941365089135,-0.013689478324961403,-0.006124463021014745,44.44444444444444,-0.0023599449472832424,-0.0030622315105073724,44.44444444444444,0.0002279047340379756,0.006801466763188168,7,multi_store_repeated,0,0,mixed_or_nonpositive,0,-37.302157062313626
1077490,1251,GROCERY,National,SOUP,CONDENSED SOUP,10.5 OZ,mailer_only_vs_none,18,81,118,0.019148344743183287,0.02217989492215225,0.0030315501789689604,0.0063848561139582816,55.55555555555556,0.002323457417527444,0.00028978589350106467,50.0,0.0014995719943302077,0.00264755981222416,8,multi_store_repeated,0,0,mixed_or_nonpositive,0,15.831917691205021
864774,942,GROCERY,National,CONDIMENTS/SAUCES,SALAD MUSTARD,14 OZ,mailer_only_vs_none,15,89,85,0.011752123209412069,0.011468427483033568,-0.00028369572637849824,0.0,46.666666666666664,-0.002042336067294144,0.0,46.666666666666664,-0.0005405548895148977,0.012289173513781662,4,multi_store_repeated,0,0,mixed_or_nonpositive,0,-2.413995508073763
827180,1046,GROCERY,National,DINNER MXS:DRY,STUFFING MIXES,6OZ,mailer_only_vs_none,13,63,45,0.05292337269867634,0.04569438197333556,-0.007228990725340786,0.0,46.15384615384615,0.0011659018873978637,0.00021169061416739798,53.84615384615385,0.00011101900020409801,0.014832358571280261,2,multi_store_repeated,0,0,mixed_or_nonpositive,0,-13.659353810460361
852864,407,GROCERY,National,VEGETABLES - SHELF STABLE,BEANS GREEN: FS/WHL/CUT,14.5 OZ,mailer_only_vs_none,13,47,102,0.018107422368187197,0.01552660471836334,-0.0025808176498238553,0.0,46.15384615384615,0.00043741731598904147,0.0006297892720306519,53.84615384615385,0.00013450446072728255,-0.0065808681174233255,4,multi_store_repeated,0,0,mixed_or_nonpositive,0,-14.252816316683914
1003188,69,GROCERY,Private,CANNED JUICES,APPLE JUICE & CIDER (OVER 50%,64 OZ,mailer_only_vs_none,12,67,54,0.04928724605956288,0.049907386448706216,0.0006201403891433341,-0.0012255499860763016,50.0,0.0021358642117130983,0.005155858680346433,58.333333333333336,0.0010136064800526018,0.024923198717720182,2,multi_store_repeated,0,0,mixed_or_nonpositive,0,1.2582167573207625
1029624,69,GROCERY,Private,DINNER MXS:DRY,MACARONI & CHEESE DNRS,12 OZ,mailer_only_vs_none,10,55,34,0.03268473362386406,0.029470243463473066,-0.0032144901603909926,-0.008268420871243451,30.0,-0.0032802372330587824,0.0011545893719806769,50.0,-0.0015006110047135698,0.04098610442729001,1,multi_store_repeated,0,0,mixed_or_nonpositive,0,-9.834836646929258
1044805,1251,GROCERY,National,SOUP,RTS SOUP: CHUNKY/HOMESTYLE ET,19 OZ,mailer_only_vs_none,10,60,55,0.03751251354736009,0.03761308576019653,0.00010057221283643752,0.005044760312151618,50.0,0.0014763013260222797,0.0011904761904761906,50.0,0.00023326109642515507,-0.016151303839909332,3,multi_store_repeated,0,0,mixed_or_nonpositive,0,0.26810310300711127
1122568,1046,GROCERY,National,COLD CEREAL,KIDS CEREAL,13 OZ,mailer_only_vs_none,10,48,52,0.019400544231762032,0.016905149952175125,-0.002495394279586908,-0.004310344827586207,30.0,-0.003434215266297156,-0.0028735632183908046,30.0,-0.0020989473557963315,0.008842157018943985,3,multi_store_repeated,0,0,mixed_or_nonpositive,0,-12.86249627730297
867668,69,GROCERY,Private,CRACKERS/MISC BKD FD,SOUP CRACKERS (SALTINE/OYSTER),14 OZ,mailer_only_vs_none,9,68,50,0.01692642827776157,0.015208252204539148,-0.0017181760732224245,0.0005260942760942772,55.55555555555556,-0.0016038797654737364,0.0007936507936507943,55.55555555555556,-0.0007490963369961696,-0.022078108003089965,2,multi_store_repeated,0,0,mixed_or_nonpositive,0,-10.150848395345236
895743,843,GROCERY,National,BEANS - CANNED GLASS & MW,PREPARED BEANS - BAKED W/PORK,28 OZ,mailer_only_vs_none,9,56,55,0.01921710266181055,0.027636864308808143,0.008419761646997592,0.0020739343080984733,55.55555555555556,-0.0007440454867153441,-0.0032441631819992035,33.33333333333333,-0.0005174649154364288,-0.07516887283092963,1,multi_store_repeated,0,0,mixed_or_nonpositive,0,43.813897418209024
913785,131,GROCERY,National,CONDIMENTS/SAUCES,CATSUP,24 OZ,mailer_only_vs_none,9,44,30,0.037891903039282124,0.024296244112113598,-0.013595658927168523,0.0,44.44444444444444,-0.010402269075050015,0.0,44.44444444444444,-0.004139946617275061,-0.06018160938294822,3,multi_store_repeated,0,0,mixed_or_nonpositive,0,-35.88011642770766
976955,69,GROCERY,Private,VEGETABLES - SHELF STABLE,CORN,14.75 OZ,mailer_only_vs_none,9,56,111,0.008386344692989574,0.010566417556403696,0.0021800728634141227,-0.0007357397504456336,44.44444444444444,0.0012395171597202334,-0.007516339869281046,44.44444444444444,-0.0005172524531405284,0.00533498774977992,3,multi_store_repeated,0,0,mixed_or_nonpositive,0,25.995507497283256
1101173,317,GROCERY,National,DINNER MXS:DRY,MACARONI & CHEESE DNRS,12 OZ,mailer_only_vs_none,9,29,52,0.08126800092017483,0.03622859480927159,-0.04503940611090324,-0.008747619047619047,33.33333333333333,-0.001825046835806399,-0.0007803703529097455,33.33333333333333,-0.0015440054779471205,-0.05825171887101004,3,multi_store_repeated,0,0,mixed_or_nonpositive,0,-55.420836738857425
1135768,1276,GROCERY,National,ISOTONIC DRINKS,ISOTONIC DRINKS SINGLE SERVE,32 OZ,mailer_only_vs_none,9,30,47,0.025361831342223504,0.01505643337316933,-0.010305397969054171,-2.051282051282119e-05,44.44444444444444,-0.0016313283707135985,-0.004820512820512822,44.44444444444444,-0.0012762568493944158,-0.037563422914003636,4,multi_store_repeated,0,0,mixed_or_nonpositive,0,-40.63349302342094
830887,2557,GROCERY,National,CANNED JUICES,ASEPTIC PACK JUICE AND DRINKS,10/6.75 OZ,mailer_only_vs_none,8,34,81,0.025705726585506,0.03267654601379482,0.0069708194282888224,0.005933333333333334,50.0,0.0004639848358009062,0.0005681818181818179,50.0,0.0007886918417822917,0.02744949718869067,2,multi_store_repeated,0,0,mixed_or_nonpositive,0,27.117768506178976
898068,131,GROCERY,National,CONDIMENTS/SAUCES,CATSUP,36 OZ,mailer_only_vs_none,7,46,30,0.08510585814200432,0.04587028364326915,-0.03923557449873517,-0.052443321078431374,42.857142857142854,-0.0072029801791720065,-0.0004922872158896995,42.857142857142854,-0.005248603658804645,-0.09129226012537768,0,multi_store_repeated,0,0,mixed_or_nonpositive,0,-46.1020843397974
1042438,1075,GROCERY,National,COOKIES/CONES,SANDWICH COOKIES,18 OZ,mailer_only_vs_none,7,61,77,0.04448266481084565,0.032333603401365985,-0.012149061409479665,-0.00445054945054945,42.857142857142854,-0.0024072992836169224,0.0015109890109890108,57.14285714285714,-0.0018813285508456137,0.07078139765161093,1,multi_store_repeated,0,0,mixed_or_nonpositive,0,-27.311901076838176
819927,1251,GROCERY,National,PASTA SAUCE,MAINSTREAM,26 OZ,mailer_only_vs_none,6,28,30,0.04719720940049001,0.02715864363588419,-0.02003856576460582,-0.016805267778825135,16.666666666666664,-0.00943505132867151,-0.00739976635355326,0.0,-0.005287591200725476,-0.04920484749579945,0,multi_store_repeated,0,0,mixed_or_nonpositive,0,-42.45709866990097
859010,69,GROCERY,Private,BAG SNACKS,TORTILLA/NACHO CHIPS,13.5OZ,mailer_only_vs_none,6,33,51,0.027812950393832747,0.026970666370666373,-0.000842284023166376,0.001218253968253969,50.0,-0.00023622415166532772,0.0010912698412698417,50.0,0.0002287825682380179,-0.0013957993205948843,2,multi_store_repeated,0,0,mixed_or_nonpositive,0,-3.028387895708984
843306,827,GROCERY,National,FRUIT - SHELF STABLE,PINEAPPLE,L    20 OZ,mailer_only_vs_none,5,43,32,0.03857843453596537,0.018363356881214023,-0.020215077654751345,-0.01576324371896511,20.0,-0.004299802185710459,-0.003059539180257014,40.0,-0.002806796802638899,-0.033233177335362594,0,multi_store_repeated,0,0,mixed_or_nonpositive,0,-52.399942864206984
892920,69,GROCERY,Private,VEGETABLES - SHELF STABLE,CORN,15 1/4 OZ,mailer_only_vs_none,5,23,73,0.03270254255548373,0.013415511919313092,-0.019287030636170644,-0.015145801910507796,40.0,-0.012303881329337124,-0.0047689861578750475,20.0,-0.005578352454502227,-0.02956537722480912,1,multi_store_repeated,0,0,mixed_or_nonpositive,0,-58.97715935526392
921744,69,GROCERY,Private,BAG SNACKS,TORTILLA/NACHO CHIPS,13.5OZ,mailer_only_vs_none,5,22,53,0.011311227147863976,0.013767224036723874,0.0024559968888598974,-0.0009316770186335414,20.0,-0.0018740857618182003,-0.001035196687370601,20.0,-0.0014170053979204755,0.0008110616489737682,2,multi_store_repeated,0,0,mixed_or_nonpositive,0,21.71291281444816
971949,2557,GROCERY,National,CANNED JUICES,ASEPTIC PACK JUICE AND DRINKS,10/6.75 OZ,mailer_only_vs_none,5,24,47,0.057171474358974364,0.036540038445831126,-0.020631435913143245,-0.0029679487179487193,40.0,0.0002146393738285471,-0.0003205128205128211,40.0,-0.00041491498086014094,-0.0003772609992585371,2,multi_store_repeated,0,0,mixed_or_nonpositive,0,-36.08694046195201
1043128,827,GROCERY,National,FRUIT - SHELF STABLE,PINEAPPLE,20 OZ,mailer_only_vs_none,5,40,26,0.03238081734203933,0.019439889316050306,-0.012940928025989017,-0.015631808278867104,0.0,-0.009081516280795409,-0.009266096222617964,0.0,-0.004488915563694801,-0.07867970573320086,0,multi_store_repeated,0,0,mixed_or_nonpositive,0,-39.964797334464095
1045515,1446,GROCERY,National,VEGETABLES - SHELF STABLE,CORN,15.25 OZ,mailer_only_vs_none,5,38,24,0.019363306297789054,0.009524415204678362,-0.009838891093110693,-0.016203703703703703,20.0,-0.00221508170024504,-0.000882619296412401,40.0,-0.0012631933064846488,0.0041250068977073005,0,multi_store_repeated,0,0,mixed_or_nonpositive,0,-50.81204078372772
826249,69,GROCERY,Private,BAKED BREAD/BUNS/ROLLS,HAMBURGER BUNS,12 OZ,mailer_only_vs_none,4,30,46,0.04481810990797028,0.03905061455057607,-0.005767495357394209,-0.0029470563350881586,50.0,-0.008466009558927914,-0.005982391511482188,50.0,-0.004518969166752482,-0.020535186108101053,0,multi_store_repeated,0,0,mixed_or_nonpositive,0,-12.868671546473543
851676,2557,GROCERY,National,CANNED JUICES,ASEPTIC PACK JUICE AND DRINKS,10/6.75 OZ,mailer_only_vs_none,4,16,46,0.035549799465240645,0.018902628730918206,-0.016647170734322436,-0.013450216450216448,25.0,-0.008429898275099514,-0.01158008658008658,25.0,-0.003820323373423198,-0.009743149884524873,1,multi_store_repeated,0,0,mixed_or_nonpositive,0,-46.82774863638672
872417,181,GROCERY,National,DRY BN/VEG/POTATO/RICE,RICE SIDE DISH MIXES DRY,6.9 OZ,mailer_only_vs_none,4,13,21,0.005747126436781609,0.009015594541910331,0.0032684681051287218,0.0,25.0,0.0045988214469763165,0.0,25.0,0.0013108167243505585,0.0201970640920839,3,multi_store_repeated,0,0,mixed_or_nonpositive,0,56.87134502923976
931671,764,GROCERY,National,WAREHOUSE SNACKS,CANISTER POTATO/TORT CHIPS,5.75 OZ,mailer_only_vs_none,4,26,23,0.01721749222999223,0.020612983701751818,0.003395491471759587,-0.003361812570145906,25.0,-0.0049117874208453914,-0.002153479236812572,25.0,-0.0025125475317039642,-0.09069970416294049,1,multi_store_repeated,0,0,mixed_or_nonpositive,0,19.721173248707878
1022003,1251,GROCERY,National,SOUP,CONDENSED SOUP,10.5OZ,mailer_only_vs_none,4,16,14,0.0095,0.020535714285714286,0.011035714285714286,0.011357142857142859,50.0,0.00367063492063492,0.005357142857142856,50.0,0.0034168609070037033,-0.05056368417025993,2,multi_store_repeated,0,0,mixed_or_nonpositive,0,116.16541353383458
1041796,1075,GROCERY,National,CRACKERS/MISC BKD FD,BUTTER SPRAY CRACKER (RITZ/CLU,16 OZ,mailer_only_vs_none,4,36,27,0.03986015807109557,0.03346006680101507,-0.006400091270080493,-0.0012132944282728757,25.0,0.001714001396113463,1.8426257650396016e-05,50.0,-0.0011437000718105752,0.03525674120354254,2,multi_store_repeated,0,0,mixed_or_nonpositive,0,-16.056361991001477
1100972,586,GROCERY,National,CRACKERS/MISC BKD FD,BUTTER SPRAY CRACKER (RITZ/CLU,16 OZ,mailer_only_vs_none,4,24,62,0.013912732621784345,0.02485936016123179,0.010946627539447442,-0.004708657767890249,25.0,0.0035496700554962096,-0.0011517426770485725,25.0,0.0010850152097541758,0.0024181009374592763,1,multi_store_repeated,0,0,mixed_or_nonpositive,0,78.68064338638536
849843,69,GROCERY,Private,BAKED BREAD/BUNS/ROLLS,MAINSTREAM WHEAT/MULTIGRAIN BR,20 OZ,mailer_only_vs_none,3,24,20,0.03891419974509506,0.019524520360391488,-0.019389679384703578,-0.02006837606837607,33.33333333333333,-0.017238789070174496,-0.009401709401709403,33.33333333333333,-0.010344290138933574,-0.026906251829270048,0,multi_store_repeated,0,0,mixed_or_nonpositive,0,-49.82674579386036
871252,69,GROCERY,Private,SOUP,RTS SOUP: CHUNKY/HOMESTYLE ET,18.6 OZ,mailer_only_vs_none,3,13,21,0.022237645850385995,0.013367226643088712,-0.008870419207297283,-0.01890463474285517,33.33333333333333,-0.0033785643595273655,-0.006397324167799396,33.33333333333333,-0.0028152943575932977,0.0019336299743198126,1,multi_store_repeated,0,0,mixed_or_nonpositive,0,-39.88920080379512
929309,69,GROCERY,Private,SALD DRSNG/SNDWCH SPRD,POURABLE SALAD DRESSINGS,16 OZ,mailer_only_vs_none,3,13,21,0.005871794871794872,0.015308641975308642,0.00943684710351377,-0.000726495726495727,33.33333333333333,0.008391873558540224,-0.0038614163614163616,33.33333333333333,0.003034659634200023,-0.010642515515828973,1,multi_store_repeated,0,0,mixed_or_nonpositive,0,160.71486333495068
929668,317,GROCERY,National,DINNER MXS:DRY,MACARONI & CHEESE DNRS,7.25 OZ,mailer_only_vs_none,3,13,13,0.020934787708186724,0.06360756501182034,0.04267277730363361,-0.011694311767260093,33.33333333333333,0.014273791362146883,-0.006795484151107251,33.33333333333333,0.006037837336314809,0.17127623648197712,1,multi_store_repeated,0,0,mixed_or_nonpositive,0,203.83668513125676
977499,69,GROCERY,Private,DINNER MXS:DRY,MACARONI & CHEESE DNRS,14 OZ,mailer_only_vs_none,3,14,11,0.015555555555555553,0.014285714285714285,-0.001269841269841268,0.0,33.33333333333333,-0.0007936507936507938,0.0,33.33333333333333,-0.0020655270655270653,0.0653033401499659,2,multi_store_repeated,0,0,mixed_or_nonpositive,0,-8.163265306122437
984715,69,GROCERY,Private,SEAFOOD - SHELF STABLE,SALMON,14.75 OZ,mailer_only_vs_none,3,10,10,0.037218487394957984,0.0474537037037037,0.01023521630874572,-0.037941176470588235,33.33333333333333,0.0053328275754746315,-0.014705882352941176,33.33333333333333,0.004079558789900863,-0.09665041093464682,1,multi_store_repeated,0,0,mixed_or_nonpositive,0,27.500355401687514
1022374,843,GROCERY,National,BEANS - CANNED GLASS & MW,VARIETY BEANS - KIDNEY PINTO,15 OZ,mailer_only_vs_none,3,9,9,0.025080235856097925,0.006535947712418301,-0.018544288143679626,-0.00766488413547237,0.0,-0.009786451153084014,-0.011494252873563218,33.33333333333333,-0.00299737912729912,-0.12234174705978178,0,multi_store_repeated,0,0,mixed_or_nonpositive,0,-73.93984749617427
1029968,1276,GROCERY,National,ISOTONIC DRINKS,ISOTONIC DRINKS SINGLE SERVE,32 OZ,mailer_only_vs_none,3,11,14,0.07084457939721098,0.035813533834586464,-0.03503104556262451,-0.035931174089068825,33.33333333333333,-0.01649433412591307,-0.01913308913308913,33.33333333333333,-0.013560658566530248,-0.1604233225790603,0,multi_store_repeated,0,0,mixed_or_nonpositive,0,-49.44774301815337
1070820,69,GROCERY,Private,FLUID MILK PRODUCTS,FLUID MILK WHITE ONLY,1 GA,mailer_only_vs_none,3,12,19,0.16957003581500485,0.0644620344932845,-0.10510800132172034,-0.13824723479135242,33.33333333333333,-0.03289803251587307,-0.026096656611362498,0.0,-0.027851612754986304,-0.10395935780148498,0,multi_store_repeated,0,0,mixed_or_nonpositive,0,-61.98500862286165
1114597,1232,GROCERY,National,REFRGRATD JUICES/DRNKS,DAIRY CASE JUICE DRNK UNDER 10,64 OZ,mailer_only_vs_none,3,13,16,0.022033470122191926,0.025276733962078787,0.003243263839886861,-0.005430464890595826,33.33333333333333,-0.007835745525659967,-0.0009339765037198258,33.33333333333333,-0.0013325049872531948,0.0006389020900544676,1,multi_store_repeated,0,0,mixed_or_nonpositive,0,14.719714243378634
1139525,194,GROCERY,National,DINNER MXS:DRY,SKILLET DINNERS,6.5 OZ,mailer_only_vs_none,3,14,10,0.028396122878731573,0.01853012887495646,-0.009865994003775112,-0.007437002652519894,33.33333333333333,0.0022108885339769905,-0.0009946949602122022,33.33333333333333,0.0010787223066040053,-0.0914198960157969,0,multi_store_repeated,0,0,mixed_or_nonpositive,0,-34.744158721628324
9571047,69,GROCERY,Private,FACIAL TISS/DNR NAPKIN,FACIAL TISSUE & PAPER HANDKE,160 CT,mailer_only_vs_none,3,11,13,0.025407407407407406,0.014570275403608737,-0.010837132003798669,0.0,33.33333333333333,-0.005361823361823362,0.0,33.33333333333333,-0.0027978965478965474,-0.08315375572084799,1,multi_store_repeated,0,0,mixed_or_nonpositive,0,-42.653435000373776
821344,69,GROCERY,Private,CONVENIENT BRKFST/WHLSM SNACKS,FRUIT SNACKS,5.4 OZ,mailer_only_vs_none,2,7,22,0.05495169082125604,0.05690062660650895,0.0019489357852529132,0.0019489357852529132,50.0,0.00800945667953341,0.00800945667953341,100.0,0.005993010257716141,0.07058488951640335,1,two_store_limited,0,0,insufficient_multistore_support,0,3.5466347916250696
821562,181,GROCERY,National,DRY BN/VEG/POTATO/RICE,NOODLE SIDE DISH MIXES,4.8 OZ,mailer_only_vs_none,2,8,10,0.011494252873563218,0.0014534883720930232,-0.010040764501470196,-0.010040764501470196,50.0,-0.003809141940657578,-0.003809141940657578,50.0,-0.0025974025974025974,-0.026785714285714284,1,two_store_limited,0,0,insufficient_multistore_support,0,-87.3546511627907
842707,827,GROCERY,National,FRUIT - SHELF STABLE,FRUIT BOWL AND CUPS,4 PK/4 OZ,mailer_only_vs_none,2,10,9,0.03440871710526316,0.08440372807017543,0.04999501096491228,0.04999501096491228,100.0,0.01043311403508772,0.01043311403508772,50.0,0.008378500767931051,0.025773767957309804,1,two_store_limited,0,0,insufficient_multistore_support,0,145.29751519641815
846764,194,GROCERY,National,DINNER MXS:DRY,SKILLET DINNERS,L  7.75 OZ,mailer_only_vs_none,2,6,7,0.0,0.0,0.0,0.0,0.0,0.0,0.0,0.0,0.0,0.0,2,two_store_limited,0,0,insufficient_multistore_support,0,
850645,843,GROCERY,National,BEANS - CANNED GLASS & MW,PREPARED BEANS - BAKED W/PORK,28 OZ,mailer_only_vs_none,2,15,16,0.06226264218237902,0.055647411616161616,-0.0066152305662174095,-0.0066152305662174095,0.0,0.001160760249382541,0.001160760249382541,100.0,-0.000580794711979118,-0.1038701538453464,0,two_store_limited,0,0,insufficient_multistore_support,0,-10.624718666516186
852486,1808,PRODUCE,National,BROCCOLI/CAULIFLOWER,BROCCOLI WHOLE&CROWNS, ,mailer_only_vs_none,2,11,14,0.03970604395604396,0.042803410357758184,0.003097366401714225,0.003097366401714225,100.0,-4.418287026982867e-05,-4.418287026982867e-05,50.0,-0.0009155381093498786,-0.000147555610841954,0,two_store_limited,0,0,insufficient_multistore_support,0,7.800742892299017
856382,194,GROCERY,National,DINNER MXS:DRY,SKILLET DINNERS,8.4 OZ,mailer_only_vs_none,2,6,8,0.01075268817204301,0.0048828125,-0.00586987567204301,-0.00586987567204301,0.0,-0.001470094086021505,-0.001470094086021505,0.0,-0.0005555555555555557,-1.1831862606517807e-05,1,two_store_limited,0,0,insufficient_multistore_support,0,-54.58984375
863506,181,GROCERY,National,DRY BN/VEG/POTATO/RICE,NOODLE SIDE DISH MIXES,5.1 OZ,mailer_only_vs_none,2,8,11,0.0,0.03891409443269909,0.03891409443269909,0.03891409443269909,100.0,0.020498590556730097,0.020498590556730097,100.0,0.010374137048219363,0.13463102795805407,2,two_store_limited,0,0,insufficient_multistore_support,0,
867020,827,GROCERY,National,FRUIT - SHELF STABLE,FRUIT BOWL AND CUPS,4 PK/4 OZ,mailer_only_vs_none,2,11,7,0.031216559193121694,0.021085858585858586,-0.010130700607263107,-0.010130700607263107,50.0,0.0013126052188552192,0.0013126052188552192,50.0,0.00041074121956474925,0.011039442028268495,0,two_store_limited,0,0,insufficient_multistore_support,0,-32.452970055377925
871756,317,GROCERY,National,SALD DRSNG/SNDWCH SPRD,SEMI-SOLID SALAD DRESSING MAY,32 OZ,mailer_only_vs_none,2,30,27,0.03985611550285463,0.05978837617053895,0.019932260667684318,0.019932260667684318,100.0,0.013177784312933646,0.013177784312933646,100.0,0.006302432116296751,0.11968019593095838,0,two_store_limited,0,0,insufficient_multistore_support,0,50.0105452229952
883404,69,GROCERY,Private,BAKED BREAD/BUNS/ROLLS,MAINSTREAM WHITE BREAD,20 OZ,mailer_only_vs_none,2,21,39,0.025085413656131345,0.046915952533742596,0.02183053887761125,0.02183053887761125,100.0,0.005082019192184953,0.005082019192184953,50.0,0.001333193093636915,0.006158754387391992,0,two_store_limited,0,0,insufficient_multistore_support,0,87.02483115033448
890882,499,GROCERY,National,VEGETABLES - SHELF STABLE,TOMATOES: STEWED/DICED/CRMD,14.5 OZ,mailer_only_vs_none,2,7,6,0.006979166666666667,0.02237606837606838,0.015396901709401712,0.015396901709401712,50.0,0.013514957264957264,0.013514957264957264,50.0,0.003308998100664767,0.03565205949345264,1,two_store_limited,0,0,insufficient_multistore_support,0,220.61232300038273
898510,1251,GROCERY,National,SOUP,RTS SOUP: CHUNKY/HOMESTYLE ET,19 OZ,mailer_only_vs_none,2,7,13,0.12728071895424836,0.017857142857142856,-0.1094235760971055,-0.1094235760971055,0.0,-0.017462651727357607,-0.017462651727357607,0.0,-0.00899906015037594,-0.2330339829814183,0,two_store_limited,0,0,insufficient_multistore_support,0,-85.97026870695026
906763,69,GROCERY,Private,PNT BTR/JELLY/JAMS,PEANUT BUTTER,18 OZ,mailer_only_vs_none,2,9,15,0.012403846153846154,0.08819983496707634,0.07579598881323019,0.07579598881323019,100.0,0.024038995806237185,0.024038995806237185,100.0,0.01074308666780312,0.08446322971243844,1,two_store_limited,0,0,insufficient_multistore_support,0,611.0684369438712
911622,843,GROCERY,National,BEANS - CANNED GLASS & MW,PREPARED BEANS - BAKED W/PORK,28 OZ,mailer_only_vs_none,2,8,20,0.0054090909090909085,0.011624948350987907,0.006215857441896998,0.006215857441896998,50.0,0.0004997148633051271,0.0004997148633051271,50.0,-0.0002607842264223752,-0.0032404709444727245,1,two_store_limited,0,0,insufficient_multistore_support,0,114.9150115308689
916050,69,GROCERY,Private,SUGARS/SWEETNERS,SUGAR,32 OZ,mailer_only_vs_none,2,10,6,0.02967735042735043,0.026875,-0.0028023504273504314,-0.0028023504273504314,50.0,-0.00965099715099715,-0.00965099715099715,50.0,-0.004727657166681557,0.03134561868941856,0,two_store_limited,0,0,insufficient_multistore_support,0,-9.442724458204344
926233,586,GROCERY,National,COOKIES/CONES,CHOCOLATE COVERED COOKIES,11.5 OZ,mailer_only_vs_none,2,13,14,0.0,0.016681411637931035,0.016681411637931035,0.016681411637931035,100.0,0.009941630747126437,0.009941630747126437,100.0,0.005604140241002061,0.04694005118895819,2,two_store_limited,0,0,insufficient_multistore_support,0,
929433,69,GROCERY,Private,BAKED BREAD/BUNS/ROLLS,MAINSTREAM WHITE BREAD,24 OZ,mailer_only_vs_none,2,9,13,0.0054090909090909085,0.05404888801906345,0.04863979710997254,0.04863979710997254,100.0,0.03904812211829756,0.03904812211829756,100.0,0.023464670908569928,0.04245192753705567,1,two_store_limited,0,0,insufficient_multistore_support,0,899.223139848232
932182,69,GROCERY,Private,FRUIT - SHELF STABLE,PEACHES,15.25 OZ,mailer_only_vs_none,2,9,13,0.028000000000000004,0.0669801812770563,0.03898018127705628,0.03898018127705628,100.0,0.0143066829004329,0.0143066829004329,100.0,0.007738774383511225,0.1917721317931872,1,two_store_limited,0,0,insufficient_multistore_support,0,139.21493313234387
937928,781,GROCERY,National,MEAT - SHELF STABLE,CHILI: CANNED,15 OZ,mailer_only_vs_none,2,11,6,0.01531144781144781,0.0196078431372549,0.004296395325807091,0.004296395325807091,50.0,-0.0004037103056710907,-0.0004037103056710907,0.0,-0.0006672420472153863,-0.06328247276782108,1,two_store_limited,0,0,insufficient_multistore_support,0,28.060020049801125
942475,69,GROCERY,Private,COFFEE,GROUND COFFEE,13 OZ,mailer_only_vs_none,2,10,12,0.03451178451178451,0.09708606921029282,0.06257428469850831,0.06257428469850831,50.0,0.011043180996597148,0.011043180996597148,50.0,0.007492152379346386,0.07290880755461172,1,two_store_limited,0,0,insufficient_multistore_support,0,181.3128054190924
951907,499,GROCERY,National,VEGETABLES - SHELF STABLE,TOMATOES: STEWED/DICED/CRMD,14.5 OZ,mailer_only_vs_none,2,7,8,0.005583333333333333,0.010266666666666667,0.004683333333333334,0.004683333333333334,50.0,0.0024999999999999996,0.0024999999999999996,50.0,0.0012037037037037034,0.00047481841586063077,1,two_store_limited,0,0,insufficient_multistore_support,0,83.88059701492539
958046,827,GROCERY,National,FRUIT - SHELF STABLE,PINEAPPLE,20 OZ,mailer_only_vs_none,2,21,11,0.023086862275274483,0.02543290043290043,0.0023460381576259452,0.0023460381576259452,50.0,-0.0024720230381442224,-0.0024720230381442224,50.0,-0.0013323008015621906,-0.14723099201126133,0,two_store_limited,0,0,insufficient_multistore_support,0,10.161788681602268
958700,2557,GROCERY,National,CANNED JUICES,ASEPTIC PACK JUICE AND DRINKS,10/6.75 OZ,mailer_only_vs_none,2,9,25,0.027777777777777776,0.020952686202686203,-0.0068250915750915735,-0.0068250915750915735,50.0,-0.0008882783882783888,-0.0008882783882783888,50.0,0.0014622308971624046,0.002293424861046143,1,two_store_limited,0,0,insufficient_multistore_support,0,-24.57032967032966
974306,5258,GROCERY,National,BAKING MIXES,LAYER CAKE MIX,18.25 OZ,mailer_only_vs_none,2,9,13,0.010650793650793652,0.012864145658263305,0.002213352007469653,0.002213352007469653,50.0,0.0038048552754435102,0.0038048552754435102,50.0,0.0020039050656416035,-0.007590192216594232,1,two_store_limited,0,0,insufficient_multistore_support,0,20.78109932497587
982960,407,GROCERY,National,VEGETABLES - SHELF STABLE,BEANS GREEN: FS/WHL/CUT,14.5 OZ,mailer_only_vs_none,2,10,21,0.019971852958740637,0.00933433155871044,-0.010637521400030197,-0.010637521400030197,50.0,-0.009768327870423954,-0.009768327870423954,0.0,-0.005100709064244105,-0.03016930714252279,0,two_store_limited,0,0,insufficient_multistore_support,0,-53.26256618254697
989935,5258,GROCERY,National,BAKING MIXES,LAYER CAKE MIX,18.25 OZ,mailer_only_vs_none,2,12,16,0.0,0.0032268518518518514,0.0032268518518518514,0.0032268518518518514,50.0,0.0034143518518518516,0.0034143518518518516,50.0,0.0017195767195767194,0.018079246821601988,2,two_store_limited,0,0,insufficient_multistore_support,0,
995965,1646,PRODUCE,National,SALAD MIX,GARDEN PLUS,10 OZ,mailer_only_vs_none,2,6,54,0.041666666666666664,0.0866153279649487,0.04494866129828204,0.04494866129828204,50.0,0.005881162851003781,0.005881162851003781,50.0,0.0036393239777189144,-0.019806971121023254,0,two_store_limited,0,0,insufficient_multistore_support,0,107.87678711587687
998119,544,GROCERY,National,BAG SNACKS,TORTILLA/NACHO CHIPS,13 OZ,mailer_only_vs_none,2,10,25,0.006763565891472868,0.015182217494950415,0.008418651603477548,0.008418651603477548,50.0,0.0033672101941638263,0.0033672101941638263,50.0,0.0017473584890496934,0.010676400907857727,1,two_store_limited,0,0,insufficient_multistore_support,0,124.47060823479697
998556,69,GROCERY,Private,SPICES & EXTRACTS,SPICES & SEASONINGS,4 OZ,mailer_only_vs_none,2,8,15,0.010666666666666666,0.004014423076923077,-0.006652243589743589,-0.006652243589743589,0.0,-0.004262820512820513,-0.004262820512820513,0.0,-0.0019191638919718828,-0.052109901285173225,1,two_store_limited,0,0,insufficient_multistore_support,0,-62.364783653846146
1007549,317,GROCERY,National,SALD DRSNG/SNDWCH SPRD,POURABLE SALAD DRESSINGS,L    16 OZ,mailer_only_vs_none,2,8,10,0.015625,0.022416475972540047,0.006791475972540047,0.006791475972540047,50.0,0.0031943173150266978,0.0031943173150266978,50.0,0.0018191903198060831,0.03178509587472563,0,two_store_limited,0,0,insufficient_multistore_support,0,43.4654462242563
1012587,69,MEAT-PCKGD,Private,MEAT - MISC,GRND/PATTY - FROZEN,3 LB,mailer_only_vs_none,2,6,13,0.10136363636363636,0.015846560846560845,-0.08551707551707552,-0.08551707551707552,50.0,-0.012506012506012507,-0.012506012506012507,50.0,-0.00566004876349704,-0.03377324535092979,1,two_store_limited,0,0,insufficient_multistore_support,0,-84.36662158635254
1027168,781,MEAT-PCKGD,National,LUNCHMEAT,PEPPERONI/SALAMI,8 OZ,mailer_only_vs_none,2,7,19,0.09106902356902358,0.040170940170940174,-0.05089808339808341,-0.05089808339808341,50.0,-0.010025900025900028,-0.010025900025900028,50.0,-0.005699093679281217,-0.03275191528038256,1,two_store_limited,0,0,insufficient_multistore_support,0,-55.889567498773516
1048383,2557,GROCERY,National,CANNED JUICES,ASEPTIC PACK JUICE AND DRINKS,10/6.75 OZ,mailer_only_vs_none,2,6,23,0.04932983682983683,0.009323339950645142,-0.040006496879191694,-0.040006496879191694,0.0,-0.024211438308973585,-0.024211438308973585,0.0,-0.012390435490349239,-0.05164020140362992,0,two_store_limited,0,0,insufficient_multistore_support,0,-81.09999839892845
1050229,1251,GROCERY,National,SOUP,CONDENSED SOUP,10.7OZ,mailer_only_vs_none,2,6,7,0.002558139534883721,0.0,-0.002558139534883721,-0.002558139534883721,0.0,-0.003875968992248062,-0.003875968992248062,0.0,-0.001984126984126984,-0.003095975232198142,1,two_store_limited,0,0,insufficient_multistore_support,0,-100.0
1062782,69,GROCERY,Private,PNT BTR/JELLY/JAMS,JELLY,32 OZ,mailer_only_vs_none,2,6,9,0.035987654320987654,0.01788228214952353,-0.018105372171464126,-0.018105372171464126,0.0,-0.009602285751711038,-0.009602285751711038,0.0,-0.004107394257248058,-0.008242937051103016,0,two_store_limited,0,0,insufficient_multistore_support,0,-50.30995354677853
1068719,69,GROCERY,Private,SUGARS/SWEETNERS,SUGAR,(600) 4LB,mailer_only_vs_none,2,11,12,0.12431887955594853,0.06310096209145122,-0.06121791746449731,-0.06121791746449731,50.0,-0.023792508752818776,-0.023792508752818776,50.0,-0.01876498083826412,-0.3527320289170254,0,two_store_limited,0,0,insufficient_multistore_support,0,-49.24265540612982
1084177,1251,GROCERY,National,SOUP,RTS SOUP: CHUNKY/HOMESTYLE ET,18.8 OZ,mailer_only_vs_none,2,6,14,0.013888888888888888,0.015,0.0011111111111111113,0.0011111111111111113,50.0,0.0007407407407407415,0.0007407407407407415,50.0,-0.0008145363408521302,0.0008006976375455853,1,two_store_limited,0,0,insufficient_multistore_support,0,8.000000000000007
1085476,1276,GROCERY,National,ISOTONIC DRINKS,ISOTONIC DRINKS SINGLE SERVE,32 OZ,mailer_only_vs_none,2,6,25,0.0,0.033492840005997906,0.033492840005997906,0.033492840005997906,100.0,0.018839359349227768,0.018839359349227768,100.0,0.010055423326820266,0.12413809319691871,2,two_store_limited,0,0,insufficient_multistore_support,0,
1094955,499,GROCERY,National,MEAT - SHELF STABLE,SANDWICH SAUCE,15.5 OZ,mailer_only_vs_none,2,6,11,0.0077898550724637685,0.0071503885003885,-0.0006394665720752687,-0.0006394665720752687,50.0,-0.0009561332387419351,-0.0009561332387419351,50.0,-0.0008347435517372327,0.008135571946342733,1,two_store_limited,0,0,insufficient_multistore_support,0,-8.20896622757088
1096036,69,GROCERY,Private,CHEESE,IWS SINGLE CHEESE,12 OZ,mailer_only_vs_none,2,6,18,0.0,0.08577806122448979,0.08577806122448979,0.08577806122448979,100.0,0.03290816326530612,0.03290816326530612,100.0,0.016882885632885633,0.182908887987013,2,two_store_limited,0,0,insufficient_multistore_support,0,
1098066,69,GROCERY,Private,BAKED BREAD/BUNS/ROLLS,HOT DOG BUNS,11 OZ,mailer_only_vs_none,2,22,28,0.03775228367501604,0.03463233817887942,-0.003119945496136622,-0.003119945496136622,50.0,0.003446506380286711,0.003446506380286711,100.0,0.0036586127313342617,-0.007128771285901094,0,two_store_limited,0,0,insufficient_multistore_support,0,-8.264256337428833
1102845,69,GROCERY,Private,COFFEE,GROUND COFFEE,39 OZ,mailer_only_vs_none,2,8,15,0.04455357142857143,0.10850674445085484,0.06395317302228343,0.06395317302228343,100.0,0.012802504652693003,0.012802504652693003,100.0,0.004141148311379324,0.05157863269487001,1,two_store_limited,0,0,insufficient_multistore_support,0,143.5421919538225
1116096,170,GROCERY,National,FRUIT - SHELF STABLE,FRUIT BOWL AND CUPS,6 PK/4 OZ,mailer_only_vs_none,2,10,10,0.023809523809523808,0.012205882352941176,-0.011603641456582632,-0.011603641456582632,0.0,0.0025910364145658267,0.0025910364145658267,50.0,0.0002281947261663286,-0.005117819044640686,1,two_store_limited,0,0,insufficient_multistore_support,0,-48.73529411764706
1119405,649,PRODUCE,National,ORGANICS FRUIT & VEGETABLES,ORGANIC SALAD MIX,5 OZ,mailer_only_vs_none,2,10,9,0.02087912087912088,0.05764087301587302,0.03676175213675214,0.03676175213675214,100.0,0.01377136752136752,0.01377136752136752,100.0,0.009463645199013663,0.2506243422363123,1,two_store_limited,0,0,insufficient_multistore_support,0,176.06944444444443
7139529,5550,GROCERY,National,CONDIMENTS/SAUCES,BBQ SAUCE,28 OZ,mailer_only_vs_none,2,13,8,0.024391826923076926,0.0757142857142857,0.05132245879120879,0.05132245879120879,100.0,0.010638736263736263,0.010638736263736263,50.0,0.008007298682270373,0.05783943141730191,1,two_store_limited,0,0,insufficient_multistore_support,0,210.40842472792795
9445919,69,GROCERY,Private,SOUP,BROTH,14 OZ,mailer_only_vs_none,2,6,6,0.03950617283950617,0.0,-0.03950617283950617,-0.03950617283950617,0.0,-0.02345679012345679,-0.02345679012345679,0.0,-0.012710857685911143,-0.055438384743323334,0,two_store_limited,0,0,insufficient_multistore_support,0,-100.0
9527159,544,GROCERY,National,BAG SNACKS,MULT PK BAG SNACKS,24 OZ,mailer_only_vs_none,2,8,8,0.059899999999999995,0.17425454545454544,0.11435454545454544,0.11435454545454544,50.0,0.009090909090909092,0.009090909090909092,50.0,0.006576797385620916,0.06284794217958212,1,two_store_limited,0,0,insufficient_multistore_support,0,190.9090909090909
10150013,843,GROCERY,National,BEANS - CANNED GLASS & MW,PREPARED BEANS - BAKED W/PORK,28 OZ,mailer_only_vs_none,2,9,20,0.01769434731934732,0.01381432379349046,-0.0038800235258568596,-0.0038800235258568596,50.0,-0.007911918328584996,-0.007911918328584996,0.0,-0.005595769057274661,-0.07647978276697892,0,two_store_limited,0,0,insufficient_multistore_support,0,-21.928039818763867
10204488,857,DRUG GM,National,CANDY - PACKAGED,CANDY BARS (MULTI PACK),4.62 OZ,mailer_only_vs_none,2,8,8,0.008333333333333333,0.027777777777777776,0.019444444444444445,0.019444444444444445,50.0,0.005555555555555555,0.005555555555555555,50.0,0.006944444444444445,0.12269129287598943,1,two_store_limited,0,0,insufficient_multistore_support,0,233.33333333333331
10204822,857,DRUG GM,National,CANDY - PACKAGED,CANDY BARS (MULTI PACK),4.62 OZ,mailer_only_vs_none,2,7,10,0.024206349206349204,0.00625,-0.017956349206349205,-0.017956349206349205,50.0,-0.021081349206349204,-0.021081349206349204,50.0,-0.011539133473095736,-0.22367771350776583,1,two_store_limited,0,0,insufficient_multistore_support,0,-74.18032786885244
819330,69,GROCERY,Private,CONVENIENT BRKFST/WHLSM SNACKS,GRANOLA BARS,10 OZ,mailer_only_vs_none,1,4,7,0.0,0.014033613445378151,0.014033613445378151,0.014033613445378151,100.0,0.008403361344537815,0.008403361344537815,100.0,0.0049261083743842365,0.04751066856330015,1,single_store_limited,0,0,insufficient_multistore_support,0,
822346,69,GROCERY,Private,CONVENIENT BRKFST/WHLSM SNACKS,FRUIT SNACKS,N  5.4 OZ,mailer_only_vs_none,1,5,6,0.02,0.08197619047619048,0.061976190476190476,0.061976190476190476,100.0,0.02384920634920635,0.02384920634920635,100.0,0.01742367110014169,0.13331806631356544,0,single_store_limited,0,0,insufficient_multistore_support,0,309.8809523809524
826385,69,GROCERY,Private,SALD DRSNG/SNDWCH SPRD,SEMI-SOLID SALAD DRESSING MAY,32 OZ,mailer_only_vs_none,1,4,5,0.0,0.013333333333333332,0.013333333333333332,0.013333333333333332,100.0,0.006666666666666666,0.006666666666666666,100.0,0.0032258064516129032,0.022909507445589918,1,single_store_limited,0,0,insufficient_multistore_support,0,
830015,69,GROCERY,Private,PASTA SAUCE,MAINSTREAM,26 OZ,mailer_only_vs_none,1,6,4,0.0,0.039473684210526314,0.039473684210526314,0.039473684210526314,100.0,0.02631578947368421,0.02631578947368421,100.0,0.013157894736842105,0.09375,1,single_store_limited,0,0,insufficient_multistore_support,0,
833458,2557,GROCERY,National,CANNED JUICES,ASEPTIC PACK JUICE AND DRINKS,10/6.75 OZ,mailer_only_vs_none,1,4,15,0.0,0.005873015873015874,0.005873015873015874,0.005873015873015874,100.0,0.0031746031746031746,0.0031746031746031746,100.0,0.0018018018018018018,0.016666666666666666,1,single_store_limited,0,0,insufficient_multistore_support,0,
833715,1002,GROCERY,National,SOUP,RAMEN NOODLES/RAMEN CUPS,3 OZ,mailer_only_vs_none,1,3,4,0.00435897435897436,0.004411764705882353,5.279034690799326e-05,5.279034690799326e-05,100.0,-0.010935143288084467,-0.010935143288084467,0.0,-0.005467571644042234,0.027297370420087612,0,single_store_limited,0,0,insufficient_multistore_support,0,1.2110726643598468
834491,794,GROCERY,National,CONVENIENT BRKFST/WHLSM SNACKS,TREATS,6.2 OZ,mailer_only_vs_none,1,4,5,0.0,0.08348457350272231,0.08348457350272231,0.08348457350272231,100.0,0.024319419237749544,0.024319419237749544,100.0,0.01388235294117647,0.15384486868191843,1,single_store_limited,0,0,insufficient_multistore_support,0,
836281,69,GROCERY,Private,VEGETABLES - SHELF STABLE,CARROTS,14.5 OZ,mailer_only_vs_none,1,3,12,0.0,0.015165343915343915,0.015165343915343915,0.015165343915343915,100.0,0.015790343915343914,0.015790343915343914,100.0,0.009292797578801635,0.019174487872915823,1,single_store_limited,0,0,insufficient_multistore_support,0,
836393,1487,GROCERY,National,YOGURT,YOGURT NOT MULTI-PACKS,6 OZ,mailer_only_vs_none,1,5,13,0.0,0.004817965154503616,0.004817965154503616,0.004817965154503616,100.0,0.009635930309007232,0.009635930309007232,100.0,0.006849755595574993,0.015556181111135993,1,single_store_limited,0,0,insufficient_multistore_support,0,
837751,794,GROCERY,National,COLD CEREAL,KIDS CEREAL,12.2 OZ,mailer_only_vs_none,1,3,4,0.03691358024691358,0.0,-0.03691358024691358,-0.03691358024691358,0.0,-0.012345679012345678,-0.012345679012345678,0.0,-0.009009009009009009,-0.05515587529976019,0,single_store_limited,0,0,insufficient_multistore_support,0,-100.0
839849,69,GROCERY,Private,SOFT DRINKS,SFT DRNK 2 LITER BTL CARB INCL,2 LTR,mailer_only_vs_none,1,11,5,0.034096359629481224,0.0971727330779055,0.06307637344842427,0.06307637344842427,100.0,0.02141573892935054,0.02141573892935054,100.0,0.04824458607500642,0.04891580164069711,0,single_store_limited,0,0,insufficient_multistore_support,0,184.9944514131815
840361,69,GROCERY,Private,EGGS,EGGS - LARGE,1 DZ,mailer_only_vs_none,1,11,12,0.0902175855190561,0.09612681087187668,0.0059092253528205685,0.0059092253528205685,100.0,0.007402838799721714,0.007402838799721714,100.0,0.0032178925567053415,-0.07515937531986444,0,single_store_limited,0,0,insufficient_multistore_support,0,6.54997062803504
845208,69,PRODUCE,Private,ONIONS,ONIONS YELLOW (BULK&BAG),3 LB,mailer_only_vs_none,1,4,10,0.050014005602240896,0.09913406593406593,0.04912006033182503,0.04912006033182503,100.0,0.016393018745959925,0.016393018745959925,100.0,0.0140448343079922,-0.13268380962437998,0,single_store_limited,0,0,insufficient_multistore_support,0,98.21261012860003
846417,544,GROCERY,National,BAG SNACKS,DIPS (NON-REFRIGERATED),16 OZ,mailer_only_vs_none,1,6,6,0.009689922480620155,0.01831723027375201,0.008627307793131856,0.008627307793131856,100.0,0.003450923117252744,0.003450923117252744,100.0,0.001554232804232804,0.0042404603334313985,0,single_store_limited,0,0,insufficient_multistore_support,0,89.03381642512076
847982,1646,PRODUCE,National,SALAD MIX,REGULAR GARDEN,1 LB,mailer_only_vs_none,1,4,23,0.15023319327731094,0.10788750394249118,-0.04234568933481976,-0.04234568933481976,0.0,0.024000090560192852,0.024000090560192852,100.0,0.01993441981263725,-0.1763198720082491,0,single_store_limited,0,0,insufficient_multistore_support,0,-28.186639990175223
853095,1446,GROCERY,National,VEGETABLES - SHELF STABLE,BEANS GREEN: FS/WHL/CUT,14.5OZ,mailer_only_vs_none,1,9,5,0.02275132275132275,0.00625,-0.016501322751322753,-0.016501322751322753,0.0,-0.002843915343915345,-0.002843915343915345,0.0,-0.0037315510999721534,-0.059507878506424194,0,single_store_limited,0,0,insufficient_multistore_support,0,-72.52906976744187
856215,584,GROCERY,National,CONVENIENT BRKFST/WHLSM SNACKS,GRANOLA BARS,8.4 OZ,mailer_only_vs_none,1,3,4,0.1528977272727273,0.0,-0.1528977272727273,-0.1528977272727273,0.0,-0.05113636363636364,-0.05113636363636364,0.0,-0.030718954248366015,-0.1549630147940824,0,single_store_limited,0,0,insufficient_multistore_support,0,-100.0
857283,69,GROCERY,Private,SALD DRSNG/SNDWCH SPRD,POURABLE SALAD DRESSINGS,16 OZ,mailer_only_vs_none,1,5,5,0.0,0.0,0.0,0.0,0.0,0.0,0.0,0.0,0.0,0.0,1,single_store_limited,0,0,insufficient_multistore_support,0,
861279,1322,GROCERY,National,CONDIMENTS/SAUCES,STEAK & WORCHESTER SAUCE,10 OZ,mailer_only_vs_none,1,3,4,0.0,0.045361111111111116,0.045361111111111116,0.045361111111111116,100.0,0.015170940170940173,0.015170940170940173,100.0,0.007670454545454545,0.09908955560892774,1,single_store_limited,0,0,insufficient_multistore_support,0,
862822,1456,GROCERY,National,MARGARINES,MARGARINE: TUBS AND BOWLS,12.4 OZ,mailer_only_vs_none,1,5,4,0.009523809523809523,0.0,-0.009523809523809523,-0.009523809523809523,0.0,-0.009523809523809523,-0.009523809523809523,0.0,-0.006896551724137931,-0.08361204013377926,0,single_store_limited,0,0,insufficient_multistore_support,0,-100.0
863664,759,GROCERY,National,YOGURT,YOGURT NOT MULTI-PACKS,6 OZ,mailer_only_vs_none,1,3,11,0.0,0.0,0.0,0.0,0.0,0.0,0.0,0.0,0.0,0.0,1,single_store_limited,0,0,insufficient_multistore_support,0,
865511,794,GROCERY,National,CONVENIENT BRKFST/WHLSM SNACKS,TOASTER PASTRIES,21 OZ,mailer_only_vs_none,1,3,6,0.06996305418719212,0.01893939393939394,-0.05102366024779818,-0.05102366024779818,0.0,-0.015823257202567546,-0.015823257202567546,0.0,-0.007792774564180691,-0.02788109950696698,0,single_store_limited,0,0,insufficient_multistore_support,0,-72.92943517199811
867667,1377,GROCERY,National,MEAT - SHELF STABLE,PASTA: CANNED,15 OZ,mailer_only_vs_none,1,5,7,0.06493506493506493,0.08571428571428572,0.020779220779220786,0.020779220779220786,100.0,0.020779220779220772,0.020779220779220772,100.0,0.006259732878658719,0.04556576337910167,0,single_store_limited,0,0,insufficient_multistore_support,0,32.00000000000001
868319,764,GROCERY,National,WAREHOUSE SNACKS,CANISTER POTATO/TORT CHIPS,5.125 OZ,mailer_only_vs_none,1,34,7,0.01225857843137255,0.005714285714285714,-0.006544292717086835,-0.006544292717086835,0.0,-0.0015161064425770312,-0.0015161064425770312,0.0,-0.0005665902724726257,-0.09447428094044635,0,single_store_limited,0,0,insufficient_multistore_support,0,-53.38541294754431
868888,759,GROCERY,National,YOGURT,YOGURT MULTI-PACKS,4 PK/7 OZ,mailer_only_vs_none,1,3,4,0.05470588235294118,0.0,-0.05470588235294118,-0.05470588235294118,0.0,-0.0196078431372549,-0.0196078431372549,0.0,-0.009523809523809523,-0.05716041794714199,0,single_store_limited,0,0,insufficient_multistore_support,0,-100.0
869388,69,GROCERY,Private,PAPER HOUSEWARES,PLASTIC/HEAVY PAPER PREM PLATE,50 CT,mailer_only_vs_none,1,9,4,0.07024747474747474,0.0,-0.07024747474747474,-0.07024747474747474,0.0,-0.01565656565656566,-0.01565656565656566,0.0,-0.009816207184628237,-0.10213796323441589,0,single_store_limited,0,0,insufficient_multistore_support,0,-100.0
869900,1508,MEAT-PCKGD,National,FROZEN MEAT,FRZN BREADED PREPARED CHICK,13.5 OZ,mailer_only_vs_none,1,7,3,0.08594973076950078,0.023809523809523808,-0.062140206959976976,-0.062140206959976976,0.0,-0.015780434981009943,-0.015780434981009943,0.0,-0.010291717725280695,-0.20722942497421984,0,single_store_limited,0,0,insufficient_multistore_support,0,-72.29831484478296
870547,516,GROCERY,National,MARGARINES,MARGARINE: TUBS AND BOWLS,45 OZ,mailer_only_vs_none,1,3,4,0.0,0.0,0.0,0.0,0.0,0.0,0.0,0.0,0.0,0.0,1,single_store_limited,0,0,insufficient_multistore_support,0,
873874,2326,GROCERY,National,SEAFOOD - SHELF STABLE,TUNA,5.0 OZ,mailer_only_vs_none,1,3,3,0.0,0.0,0.0,0.0,0.0,0.0,0.0,0.0,0.0,0.0,1,single_store_limited,0,0,insufficient_multistore_support,0,
874643,5258,GROCERY,National,BAKING MIXES,LAYER CAKE MIX,18.25 OZ,mailer_only_vs_none,1,3,10,0.0,0.003826086956521739,0.003826086956521739,0.003826086956521739,100.0,0.002173913043478261,0.002173913043478261,100.0,0.0011111111111111111,0.027286821705426362,1,single_store_limited,0,0,insufficient_multistore_support,0,
874736,69,GROCERY,Private,SOFT DRINKS,SFT DRNK 2 LITER BTL CARB INCL,2 LTR,mailer_only_vs_none,1,4,8,0.009770299145299144,0.010447916666666666,0.0006776175213675222,0.0006776175213675222,100.0,-0.005101495726495726,-0.005101495726495726,0.0,-0.0013313680575199084,0.0036528311633408283,0,single_store_limited,0,0,insufficient_multistore_support,0,6.935483870967762
879735,1377,GROCERY,National,MEAT - SHELF STABLE,PASTA: CANNED,14.5 OZ,mailer_only_vs_none,1,13,6,0.0,0.024999999999999998,0.024999999999999998,0.024999999999999998,100.0,0.008333333333333333,0.008333333333333333,100.0,0.0036231884057971015,0.04291845493562232,1,single_store_limited,0,0,insufficient_multistore_support,0,
882138,1446,GROCERY,National,VEGETABLES - SHELF STABLE,BEANS GREEN: FS/WHL/CUT,14.5 OZ,mailer_only_vs_none,1,5,4,0.011063218390804597,0.008620689655172414,-0.002442528735632183,-0.002442528735632183,0.0,-0.01350574712643678,-0.01350574712643678,0.0,-0.007609652252509395,-0.05612986996678326,0,single_store_limited,0,0,insufficient_multistore_support,0,-22.077922077922075
882441,69,GROCERY,Private,SOFT DRINKS,SFT DRNK 2 LITER BTL CARB INCL,2 LTR,mailer_only_vs_none,1,19,9,0.06525317840060894,0.01165336313324819,-0.053599815267360754,-0.053599815267360754,0.0,-0.013863992411511861,-0.013863992411511861,0.0,-0.01266142070217665,-0.021877508051025188,0,single_store_limited,0,0,insufficient_multistore_support,0,-82.14130955935252
883039,69,GROCERY,Private,BAKED BREAD/BUNS/ROLLS,HAMBURGER BUNS,12 OZ,mailer_only_vs_none,1,3,18,0.0,0.014985754985754983,0.014985754985754983,0.014985754985754983,100.0,0.01225071225071225,0.01225071225071225,100.0,0.0057654366763253174,0.01800088004716657,1,single_store_limited,0,0,insufficient_multistore_support,0,
883549,5258,GROCERY,National,BAKING MIXES,LAYER CAKE MIX,18.25 OZ,mailer_only_vs_none,1,3,5,0.02688888888888889,0.0,-0.02688888888888889,-0.02688888888888889,0.0,-0.030555555555555558,-0.030555555555555558,0.0,-0.017555859553123575,-0.15784204671857618,0,single_store_limited,0,0,insufficient_multistore_support,0,-100.0
884774,69,GROCERY,Private,COLD CEREAL,KIDS CEREAL,15 OZ,mailer_only_vs_none,1,5,4,0.00967741935483871,0.0,-0.00967741935483871,-0.00967741935483871,0.0,-0.0064516129032258064,-0.0064516129032258064,0.0,-0.0031746031746031746,-0.009523809523809523,0,single_store_limited,0,0,insufficient_multistore_support,0,-100.0
887102,544,GROCERY,National,BAG SNACKS,TORTILLA/NACHO CHIPS,13 OZ,mailer_only_vs_none,1,5,14,0.028151874703369724,0.0310655193236715,0.002913644620301775,0.002913644620301775,100.0,0.002482697999995417,0.002482697999995417,100.0,0.001597190536226271,0.0057773205918695975,0,single_store_limited,0,0,insufficient_multistore_support,0,10.349735678359707
892314,1646,PRODUCE,National,SALAD MIX,BLENDS,8 OZ,mailer_only_vs_none,1,4,6,0.04732142857142857,0.06495689655172414,0.01763546798029557,0.01763546798029557,100.0,0.0007074438970990707,0.0007074438970990707,100.0,0.0012572960640804664,0.12995679736115498,0,single_store_limited,0,0,insufficient_multistore_support,0,37.26740403383215
892531,544,GROCERY,National,BAG SNACKS,TORTILLA/NACHO CHIPS,13 OZ,mailer_only_vs_none,1,6,14,0.08287773467201218,0.06123958954228718,-0.021638145129725,-0.021638145129725,0.0,-0.006233333752322793,-0.006233333752322793,0.0,-0.003532568303382718,-0.030895488018038333,0,single_store_limited,0,0,insufficient_multistore_support,0,-26.108514205121246
898212,69,GROCERY,Private,BAG SNACKS,TORTILLA/NACHO CHIPS,13.5OZ,mailer_only_vs_none,1,3,6,0.0,0.019333333333333334,0.019333333333333334,0.019333333333333334,100.0,0.011111111111111112,0.011111111111111112,100.0,0.005952380952380952,0.03666245259165613,1,single_store_limited,0,0,insufficient_multistore_support,0,
898847,1882,GROCERY,National,BAKED BREAD/BUNS/ROLLS,MAINSTREAM WHITE BREAD,22 OZ,mailer_only_vs_none,1,21,3,0.0,0.0,0.0,0.0,0.0,0.0,0.0,0.0,0.0,0.0,1,single_store_limited,0,0,insufficient_multistore_support,0,
899203,843,GROCERY,National,BEANS - CANNED GLASS & MW,VARIETY BEANS - KIDNEY PINTO,15.8 OZ,mailer_only_vs_none,1,3,3,0.0062499999999999995,0.0,-0.0062499999999999995,-0.0062499999999999995,0.0,-0.010416666666666666,-0.010416666666666666,0.0,-0.0032679738562091504,-0.06666666666666667,0,single_store_limited,0,0,insufficient_multistore_support,0,-100.0
899844,69,GROCERY,Private,SHORTENING/OIL,CORN OIL,48 OZ,mailer_only_vs_none,1,4,5,0.08242307692307693,0.022375,-0.06004807692307693,-0.06004807692307693,0.0,-0.01923076923076923,-0.01923076923076923,0.0,-0.010053789931838714,-0.2195540308747856,0,single_store_limited,0,0,insufficient_multistore_support,0,-72.85347643490434
900072,759,GROCERY,National,YOGURT,YOGURT NOT MULTI-PACKS,6 OZ,mailer_only_vs_none,1,3,10,0.0,0.014985380116959063,0.014985380116959063,0.014985380116959063,100.0,0.01915204678362573,0.01915204678362573,100.0,0.0132260101010101,0.038204655827107914,1,single_store_limited,0,0,insufficient_multistore_support,0,
902856,1251,GROCERY,National,SOUP,RTS SOUP: CHUNKY/HOMESTYLE ET,18.6 OZ,mailer_only_vs_none,1,3,6,0.02141025641025641,0.0,-0.02141025641025641,-0.02141025641025641,0.0,-0.012820512820512822,-0.012820512820512822,0.0,-0.007246376811594203,-0.031882397861779294,0,single_store_limited,0,0,insufficient_multistore_support,0,-100.0
904129,69,MEAT-PCKGD,Private,MEAT - MISC,GRND/PATTY - FROZEN,3 LB,mailer_only_vs_none,1,3,5,0.3631818181818182,0.05177777777777778,-0.31140404040404046,-0.31140404040404046,0.0,-0.007744107744107745,-0.007744107744107745,0.0,-0.003853853853853853,-0.2412442895782376,0,single_store_limited,0,0,insufficient_multistore_support,0,-85.74329022389098
907647,1882,GROCERY,National,BAKED BREAD/BUNS/ROLLS,MAINSTREAM WHITE BREAD,22 OZ,mailer_only_vs_none,1,20,3,0.005757790616246499,0.0,-0.005757790616246499,-0.005757790616246499,0.0,-0.003212535014005602,-0.003212535014005602,0.0,-0.001953102100635076,-0.006052253708564311,0,single_store_limited,0,0,insufficient_multistore_support,0,-100.0
908489,1487,GROCERY,National,YOGURT,YOGURT NOT MULTI-PACKS,6 OZ,mailer_only_vs_none,1,3,9,0.0,0.012591983180218473,0.012591983180218473,0.012591983180218473,100.0,0.015859957036427626,0.015859957036427626,100.0,0.01169995906838012,0.03361773583547592,1,single_store_limited,0,0,insufficient_multistore_support,0,
909268,1646,PRODUCE,National,SALAD MIX,BLENDS,12 OZ,mailer_only_vs_none,1,9,8,0.03551976346093993,0.013020833333333334,-0.022498930127606592,-0.022498930127606592,0.0,-0.00899957205104264,-0.00899957205104264,0.0,-0.0046846011131725426,-0.022269969381782162,0,single_store_limited,0,0,insufficient_multistore_support,0,-63.342004381161
909894,69,GROCERY,Private,REFRGRATD JUICES/DRNKS,DAIRY CASE 100% PURE JUICE - O, ,mailer_only_vs_none,1,6,24,0.02657342657342657,0.033817949057151,0.007244522483724428,0.007244522483724428,100.0,0.013277863070483205,0.013277863070483205,100.0,0.011243257343090491,0.04964609029325973,0,single_store_limited,0,0,insufficient_multistore_support,0,27.262281978226135
911388,1882,GROCERY,National,BAKED BREAD/BUNS/ROLLS,PREMIUM BREAD,24 OZ,mailer_only_vs_none,1,6,3,0.02052052052052052,0.016666666666666666,-0.003853853853853853,-0.003853853853853853,0.0,0.00012512512512512404,0.00012512512512512404,100.0,-0.000526086905762585,-0.003260856486172907,0,single_store_limited,0,0,insufficient_multistore_support,0,-18.780487804878042
918335,69,GROCERY,Private,CHEESE,SHREDDED CHEESE,8 OZ,mailer_only_vs_none,1,6,22,0.017916666666666668,0.027909012040590986,0.009992345373924318,0.009992345373924318,100.0,0.0038325709378340973,0.0038325709378340973,100.0,0.0036138697903403787,0.011677049607686134,0,single_store_limited,0,0,insufficient_multistore_support,0,55.771229993996194
923746,69,GROCERY,Private,EGGS,EGGS - LARGE,18 CT,mailer_only_vs_none,1,3,12,0.038571428571428576,0.1775441398878899,0.13897271131646133,0.13897271131646133,100.0,0.0901985745735746,0.0901985745735746,100.0,0.04759104954615062,0.43350586936953067,0,single_store_limited,0,0,insufficient_multistore_support,0,360.2996219315663
931777,1377,GROCERY,National,MEAT - SHELF STABLE,PASTA: CANNED,15 OZ,mailer_only_vs_none,1,3,9,0.02666666666666667,0.00966183574879227,-0.0170048309178744,-0.0170048309178744,0.0,-0.0085024154589372,-0.0085024154589372,0.0,-0.004166666666666666,-0.5670415224913494,0,single_store_limited,0,0,insufficient_multistore_support,0,-63.76811594202899
932761,181,GROCERY,National,DRY BN/VEG/POTATO/RICE,NOODLE SIDE DISH MIXES,4.7 OZ,mailer_only_vs_none,1,3,4,0.0,0.0,0.0,0.0,0.0,0.0,0.0,0.0,0.0,0.0,1,single_store_limited,0,0,insufficient_multistore_support,0,
935968,69,GROCERY,Private,HOT CEREAL,INSTANT OATMEAL,12.5 OZ,mailer_only_vs_none,1,10,3,0.0,0.0,0.0,0.0,0.0,0.0,0.0,0.0,0.0,0.0,1,single_store_limited,0,0,insufficient_multistore_support,0,
937626,1232,GROCERY,National,REFRGRATD JUICES/DRNKS,DAIRY CASE JUICE DRNK UNDER 10,64 OZ,mailer_only_vs_none,1,4,8,0.0176,0.018342313218390804,0.0007423132183908034,0.0007423132183908034,100.0,0.00951084117032393,0.00951084117032393,100.0,0.005867407938785271,0.040952378682606094,0,single_store_limited,0,0,insufficient_multistore_support,0,4.21768874085684
940766,317,GROCERY,National,CHEESE,SHREDDED CHEESE,8 OZ,mailer_only_vs_none,1,3,25,0.0,0.01967578947368421,0.01967578947368421,0.01967578947368421,100.0,0.010654970760233917,0.010654970760233917,100.0,0.00567573845622626,0.014019321110005518,1,single_store_limited,0,0,insufficient_multistore_support,0,
940947,2082,MEAT-PCKGD,National,HEAT/SERVE,ENTREES,24 OZ,mailer_only_vs_none,1,7,4,0.1120556586270872,0.11363636363636363,0.0015807050092764285,0.0015807050092764285,100.0,-0.014749536178107606,-0.014749536178107606,0.0,-0.010858585858585859,0.14112362176578952,0,single_store_limited,0,0,insufficient_multistore_support,0,1.4106427365144558
942525,1075,GROCERY,National,COOKIES/CONES,TRAY PACK/CHOC CHIP COOKIES,15.25 OZ,mailer_only_vs_none,1,5,11,0.013333333333333332,0.030326915336403002,0.01699358200306967,0.01699358200306967,100.0,0.008496791001534835,0.008496791001534835,100.0,0.006290997751812799,0.08019065280640894,0,single_store_limited,0,0,insufficient_multistore_support,0,127.45186502302252
944139,1755,GROCERY,National,FROZEN PIZZA,PIZZA/TRADITIONAL,15.7 OZ,mailer_only_vs_none,1,3,9,0.0,0.018497076023391814,0.018497076023391814,0.018497076023391814,100.0,0.011403508771929825,0.011403508771929825,100.0,0.008534621578099838,0.01722257674715526,1,single_store_limited,0,0,insufficient_multistore_support,0,
948086,1646,PRODUCE,National,SALAD MIX,KITS,10 OZ,mailer_only_vs_none,1,13,3,0.010683760683760684,0.0,-0.010683760683760684,-0.010683760683760684,0.0,-0.004273504273504273,-0.004273504273504273,0.0,-0.0028490028490028487,-0.05061753391374772,0,single_store_limited,0,0,insufficient_multistore_support,0,-100.0
948232,1764,MEAT-PCKGD,National,BREAKFAST SAUSAGE/SANDWICHES,SANDWICHES/BISCUITS/GRAVY,8 OZ,mailer_only_vs_none,1,3,5,0.08340170940170939,0.0441025641025641,-0.03929914529914529,-0.03929914529914529,0.0,-0.00376068376068376,-0.00376068376068376,0.0,0.0025992187319418374,0.33878093595817227,0,single_store_limited,0,0,insufficient_multistore_support,0,-47.12031153924985
948665,407,GROCERY,National,VEGETABLES - SHELF STABLE,TOMATOES: STEWED/DICED/CRMD,14.5 OZ,mailer_only_vs_none,1,5,4,0.0,0.009615384615384616,0.009615384615384616,0.009615384615384616,100.0,0.009615384615384616,0.009615384615384616,100.0,0.004901960784313725,0.03526093088857546,1,single_store_limited,0,0,insufficient_multistore_support,0,
953180,827,GROCERY,National,FRUIT - SHELF STABLE,FRUIT BOWL AND CUPS,4 PK/4 OZ,mailer_only_vs_none,1,3,3,0.05285714285714286,0.0,-0.05285714285714286,-0.05285714285714286,0.0,-0.015873015873015872,-0.015873015873015872,0.0,-0.011494252873563218,-0.08975741239892183,0,single_store_limited,0,0,insufficient_multistore_support,0,-100.0
954363,827,GROCERY,National,FRUIT - SHELF STABLE,PINEAPPLE,L    20 OZ,mailer_only_vs_none,1,7,8,0.02297410192147034,0.05752140768588137,0.03454730576441103,0.03454730576441103,100.0,0.021059158312447784,0.021059158312447784,100.0,0.010131926106905916,0.28007332397336476,0,single_store_limited,0,0,insufficient_multistore_support,0,150.375
954966,693,DRUG GM,National,CANDY - PACKAGED,CANDY BARS (MULTI PACK),6 PK,mailer_only_vs_none,1,6,6,0.017839506172839508,0.0,-0.017839506172839508,-0.017839506172839508,0.0,-0.006172839506172839,-0.006172839506172839,0.0,-0.003787878787878788,-0.03438020461575065,0,single_store_limited,0,0,insufficient_multistore_support,0,-100.0
956609,1276,GROCERY,National,BEANS - CANNED GLASS & MW,PREPARED BEANS - BAKED W/PORK,15 OZ,mailer_only_vs_none,1,8,3,0.0089,0.007701149425287357,-0.0011988505747126425,-0.0011988505747126425,0.0,0.006494252873563218,0.006494252873563218,100.0,0.0019126269126269121,-0.06766098434148203,0,single_store_limited,0,0,insufficient_multistore_support,0,-13.470231176546543
957736,2412,GROCERY,National,WATER - CARBONATED/FLVRD DRINK,SPRING WATER,405.6 OZ,mailer_only_vs_none,1,3,11,0.0,0.06865861411315956,0.06865861411315956,0.06865861411315956,100.0,0.01525746980292435,0.01525746980292435,100.0,0.009479824987846379,0.1380277323713432,1,single_store_limited,0,0,insufficient_multistore_support,0,
962118,69,GROCERY,Private,SOFT DRINKS,SFT DRNK 2 LITER BTL CARB INCL,2 LTR,mailer_only_vs_none,1,4,6,0.0,0.0020987654320987655,0.0020987654320987655,0.0020987654320987655,100.0,0.006172839506172839,0.006172839506172839,100.0,0.003787878787878788,0.0013224426293271102,1,single_store_limited,0,0,insufficient_multistore_support,0,
962185,69,MEAT-PCKGD,Private,BREAKFAST SAUSAGE/SANDWICHES,LINKS - RAW,12 OZ,mailer_only_vs_none,1,12,9,0.0,0.03607503607503607,0.03607503607503607,0.03607503607503607,100.0,0.018037518037518036,0.018037518037518036,100.0,0.009710550887021475,0.10512129380053907,1,single_store_limited,0,0,insufficient_multistore_support,0,
965292,1251,GROCERY,National,PASTA SAUCE,MAINSTREAM,26 OZ,mailer_only_vs_none,1,4,5,0.0,0.01207142857142857,0.01207142857142857,0.01207142857142857,100.0,0.007142857142857143,0.007142857142857143,100.0,0.004081632653061224,0.058987783595113426,1,single_store_limited,0,0,insufficient_multistore_support,0,
968932,1276,GROCERY,National,ISOTONIC DRINKS,ISOTONIC DRINKS SINGLE SERVE,32 OZ,mailer_only_vs_none,1,4,4,0.022727272727272728,0.009565217391304347,-0.01316205533596838,-0.01316205533596838,0.0,-0.0004940711462450599,-0.0004940711462450599,0.0,0.00029761904761904743,-0.11247865680136596,0,single_store_limited,0,0,insufficient_multistore_support,0,-57.913043478260875
970260,843,GROCERY,National,BEANS - CANNED GLASS & MW,VARIETY BEANS - KIDNEY PINTO,16 OZ,mailer_only_vs_none,1,3,3,0.0,0.023529411764705882,0.023529411764705882,0.023529411764705882,100.0,0.0196078431372549,0.0196078431372549,100.0,0.011494252873563218,0.08,1,single_store_limited,0,0,insufficient_multistore_support,0,
979566,69,GROCERY,Private,HOT CEREAL,INSTANT OATMEAL,14.1 OZ,mailer_only_vs_none,1,7,3,0.011,0.0,-0.011,-0.011,0.0,-0.0071428571428571435,-0.0071428571428571435,0.0,-0.0019305019305019305,-0.2010443864229765,0,single_store_limited,0,0,insufficient_multistore_support,0,-100.0
980644,407,GROCERY,National,VEGETABLES - SHELF STABLE,TOMATOES: STEWED/DICED/CRMD,14.5 OZ,mailer_only_vs_none,1,4,3,0.046875,0.0,-0.046875,-0.046875,0.0,-0.03125,-0.03125,0.0,-0.022727272727272728,-0.07260406582768635,0,single_store_limited,0,0,insufficient_multistore_support,0,-100.0
980666,1251,GROCERY,National,PASTA SAUCE,MAINSTREAM,25.6 OZ,mailer_only_vs_none,1,4,6,0.0,0.01877777777777778,0.01877777777777778,0.01877777777777778,100.0,0.011111111111111112,0.011111111111111112,100.0,0.006172839506172839,0.06287202380952381,1,single_store_limited,0,0,insufficient_multistore_support,0,
981288,874,GROCERY,National,PASTA SAUCE,PREMIUM,16 OZ,mailer_only_vs_none,1,3,3,0.044444444444444446,0.0,-0.044444444444444446,-0.044444444444444446,0.0,-0.022222222222222223,-0.022222222222222223,0.0,-0.013888888888888888,-0.1554001554001554,0,single_store_limited,0,0,insufficient_multistore_support,0,-100.0
981760,69,GROCERY,Private,EGGS,EGGS - X-LARGE,1 DZ,mailer_only_vs_none,1,8,11,0.023390624999999998,0.09575830230375684,0.07236767730375684,0.07236767730375684,100.0,0.05822714217600582,0.05822714217600582,100.0,0.029759509298625104,0.22236632401656278,0,single_store_limited,0,0,insufficient_multistore_support,0,309.38753155914753
981874,69,GROCERY,Private,SALD DRSNG/SNDWCH SPRD,POURABLE SALAD DRESSINGS,16 OZ,mailer_only_vs_none,1,3,9,0.0,0.0,0.0,0.0,0.0,0.0,0.0,0.0,0.0,0.0,1,single_store_limited,0,0,insufficient_multistore_support,0,
983278,407,GROCERY,National,VEGETABLES - SHELF STABLE,TOMATOES: STEWED/DICED/CRMD,14.5 OZ,mailer_only_vs_none,1,3,4,0.008928571428571428,0.006696428571428571,-0.002232142857142857,-0.002232142857142857,0.0,-0.002976190476190476,-0.002976190476190476,0.0,-0.0012353998203054805,0.001614172406251618,0,single_store_limited,0,0,insufficient_multistore_support,0,-25.0
988791,410,GROCERY,National,CRACKERS/MISC BKD FD,CHEESE CRACKERS (CHEEZ-ITS/GOL,10 OZ,mailer_only_vs_none,1,3,3,0.034482758620689655,0.0,-0.034482758620689655,-0.034482758620689655,0.0,-0.011494252873563218,-0.011494252873563218,0.0,-0.005291005291005291,-0.08873114463176575,0,single_store_limited,0,0,insufficient_multistore_support,0,-100.0
989069,69,MEAT-PCKGD,Private,BREAKFAST SAUSAGE/SANDWICHES,LINKS - RAW,12 OZ,mailer_only_vs_none,1,9,13,0.017361111111111112,0.030011655011655012,0.0126505439005439,0.0126505439005439,100.0,0.00645881895881896,0.00645881895881896,100.0,0.004017580564070127,-0.040752804922186026,0,single_store_limited,0,0,insufficient_multistore_support,0,72.86713286713287
993466,1882,GROCERY,National,BAKED BREAD/BUNS/ROLLS,MAINSTREAM WHEAT/MULTIGRAIN BR,24 OZ,mailer_only_vs_none,1,23,3,0.022910237616696555,0.007751937984496124,-0.015158299632200431,-0.015158299632200431,0.0,-0.002202615793889995,-0.002202615793889995,0.0,-0.0008265126766867697,-0.016228026523621267,0,single_store_limited,0,0,insufficient_multistore_support,0,-66.16386912178224
998558,781,GROCERY,National,MEAT - SHELF STABLE,CHILI: CANNED,15 OZ,mailer_only_vs_none,1,4,4,0.038461538461538464,0.041666666666666664,0.0032051282051282007,0.0032051282051282007,100.0,0.022435897435897433,0.022435897435897433,100.0,0.0125,0.17975346166835526,0,single_store_limited,0,0,insufficient_multistore_support,0,8.333333333333325
999891,69,GROCERY,Private,SNACK NUTS,VAC PAC NUTS(CANS), ,mailer_only_vs_none,1,6,5,0.01356060606060606,0.0,-0.01356060606060606,-0.01356060606060606,0.0,-0.007575757575757576,-0.007575757575757576,0.0,-0.004629629629629629,-0.16666666666666666,0,single_store_limited,0,0,insufficient_multistore_support,0,-100.0
999971,69,GROCERY,Private,BAKED BREAD/BUNS/ROLLS,MAINSTREAM WHITE BREAD,20 OZ,mailer_only_vs_none,1,7,11,0.012161368895384241,0.0,-0.012161368895384241,-0.012161368895384241,0.0,-0.012255916859497422,-0.012255916859497422,0.0,-0.007085619547625627,-0.014021261848295564,0,single_store_limited,0,0,insufficient_multistore_support,0,-100.0
1000237,1646,PRODUCE,National,SALAD MIX,BLENDS,10 OZ,mailer_only_vs_none,1,7,8,0.031292517006802724,0.0,-0.031292517006802724,-0.031292517006802724,0.0,-0.01251700680272109,-0.01251700680272109,0.0,-0.006179401993355482,-0.08672385791029857,0,single_store_limited,0,0,insufficient_multistore_support,0,-100.0
1002178,1075,GROCERY,National,CRACKERS/MISC BKD FD,SNACK CRACKERS,8.5 OZ,mailer_only_vs_none,1,3,21,0.0,0.02563144259314032,0.02563144259314032,0.02563144259314032,100.0,0.012499027791470855,0.012499027791470855,100.0,0.00762102282231264,0.056591943059629356,1,single_store_limited,0,0,insufficient_multistore_support,0,
1002558,69,GROCERY,Private,CHEESE,SHREDDED CHEESE,8 OZ,mailer_only_vs_none,1,3,22,0.029298245614035087,0.02769022685626884,-0.0016080187577662483,-0.0016080187577662483,0.0,-0.0016727358675792357,-0.0016727358675792357,0.0,-0.0021021519445831548,-0.0039809180518779255,0,single_store_limited,0,0,insufficient_multistore_support,0,-5.488447257046481
1003421,1002,GROCERY,National,SOUP,RAMEN NOODLES/RAMEN CUPS,3 OZ,mailer_only_vs_none,1,3,3,0.0,0.00909090909090909,0.00909090909090909,0.00909090909090909,100.0,0.030303030303030304,0.030303030303030304,100.0,0.011494252873563218,0.1111111111111111,1,single_store_limited,0,0,insufficient_multistore_support,0,
1006184,1646,PRODUCE,National,SALAD MIX,GARDEN PLUS,12 OZ,mailer_only_vs_none,1,3,24,0.1111111111111111,0.07483163537851038,-0.03627947573260072,-0.03627947573260072,0.0,0.010579466829466828,0.010579466829466828,100.0,0.011667188805346696,0.20637608738026392,0,single_store_limited,0,0,insufficient_multistore_support,0,-32.65152815934065
1007191,69,GROCERY,Private,BAKED BREAD/BUNS/ROLLS,MAINSTREAM WHITE BREAD,20 OZ,mailer_only_vs_none,1,17,21,0.00834348133192671,0.016010011719627373,0.007666530387700663,0.007666530387700663,100.0,0.00502370028485967,0.00502370028485967,100.0,0.003144984627580868,0.009626917947297902,0,single_store_limited,0,0,insufficient_multistore_support,0,91.88646900142675
1007512,2082,MEAT-PCKGD,National,HEAT/SERVE,ENTREES,24 OZ,mailer_only_vs_none,1,3,10,0.06644444444444444,0.038461538461538464,-0.02798290598290598,-0.02798290598290598,0.0,-0.01452991452991453,-0.01452991452991453,0.0,-0.008787878787878789,0.08351893095768373,0,single_store_limited,0,0,insufficient_multistore_support,0,-42.11474144584513
1013149,69,GROCERY,Private,VEGETABLES - SHELF STABLE,BEANS GREEN: FS/WHL/CUT,14.5 OZ,mailer_only_vs_none,1,7,13,0.019589743589743587,0.0031623931623931626,-0.016427350427350426,-0.016427350427350426,0.0,-0.01623931623931624,-0.01623931623931624,0.0,-0.009052723338437624,-0.05925103768898413,0,single_store_limited,0,0,insufficient_multistore_support,0,-83.85689354275742
1016129,69,GROCERY,Private,COLD CEREAL,ALL FAMILY CEREAL,12.8 OZ,mailer_only_vs_none,1,3,6,0.0,0.06060606060606061,0.06060606060606061,0.06060606060606061,100.0,0.030303030303030304,0.030303030303030304,100.0,0.017992424242424244,0.04860814944689275,1,single_store_limited,0,0,insufficient_multistore_support,0,
1018859,69,GROCERY,Private,CONVENIENT BRKFST/WHLSM SNACKS,FRUIT SNACKS,5.4 OZ,mailer_only_vs_none,1,5,3,0.04529411764705883,0.15,0.10470588235294116,0.10470588235294116,100.0,-0.0050980392156862765,-0.0050980392156862765,0.0,0.002874902874902871,-0.03561626914046356,0,single_store_limited,0,0,insufficient_multistore_support,0,231.1688311688311
1020682,69,MEAT-PCKGD,Private,MISCELLANEOUS,SAUERKRAUT,2 LB,mailer_only_vs_none,1,4,7,0.0,0.07108683473389356,0.07108683473389356,0.07108683473389356,100.0,0.035854341736694675,0.035854341736694675,100.0,0.020496894409937887,,1,single_store_limited,0,0,insufficient_multistore_support,0,
1027284,827,GROCERY,National,FRUIT - SHELF STABLE,FRUIT COCKTAIL FRUIT SALAD,15 1/4 OZ,mailer_only_vs_none,1,3,6,0.05555555555555555,0.03571428571428571,-0.01984126984126984,-0.01984126984126984,0.0,-0.015873015873015872,-0.015873015873015872,0.0,-0.011274509803921568,0.0405103668261563,0,single_store_limited,0,0,insufficient_multistore_support,0,-35.71428571428571
1029504,69,GROCERY,Private,BAG SNACKS,PRETZELS,15OZ,mailer_only_vs_none,1,3,15,0.0,0.004597701149425287,0.004597701149425287,0.004597701149425287,100.0,0.004597701149425287,0.004597701149425287,100.0,0.0028368794326241132,0.0037084958408886786,1,single_store_limited,0,0,insufficient_multistore_support,0,
1029743,69,GROCERY,Private,FLUID MILK PRODUCTS,FLUID MILK WHITE ONLY,1 GA,mailer_only_vs_none,1,7,4,0.2246928860613071,0.2890384615384615,0.06434557547715442,0.06434557547715442,100.0,0.03387314439946018,0.03387314439946018,100.0,0.023372404706737522,-0.04535351396011755,0,single_store_limited,0,0,insufficient_multistore_support,0,28.637121808831022
1030362,2224,GROCERY,National,SOFT DRINKS,SFT DRNK 2 LITER BTL CARB INCL,2 LTR,mailer_only_vs_none,1,5,12,0.0590834477498093,0.04330896686159844,-0.01577448088821086,-0.01577448088821086,0.0,0.0018449354061482182,0.0018449354061482182,100.0,0.0010785113646352013,-0.01763542397975321,0,single_store_limited,0,0,insufficient_multistore_support,0,-26.698646556660655
1030409,407,GROCERY,National,VEGETABLES - SHELF STABLE,TOMATOES: STEWED/DICED/CRMD,14.5 OZ,mailer_only_vs_none,1,4,4,0.026785714285714284,0.0,-0.026785714285714284,-0.026785714285714284,0.0,-0.011904761904761904,-0.011904761904761904,0.0,-0.0047169811320754715,-0.03238341968911917,0,single_store_limited,0,0,insufficient_multistore_support,0,-100.0
1031923,69,GROCERY,Private,SALD DRSNG/SNDWCH SPRD,POURABLE SALAD DRESSINGS,16 OZ,mailer_only_vs_none,1,5,8,0.0,0.00953125,0.00953125,0.00953125,100.0,0.00390625,0.00390625,100.0,0.001644736842105263,0.007619285535848113,1,single_store_limited,0,0,insufficient_multistore_support,0,
1033046,410,GROCERY,National,CRACKERS/MISC BKD FD,CHEESE CRACKERS (CHEEZ-ITS/GOL,14 OZ,mailer_only_vs_none,1,6,15,0.0,0.017805555555555557,0.017805555555555557,0.017805555555555557,100.0,0.007638888888888889,0.007638888888888889,100.0,0.004591194968553459,0.035744963460641134,1,single_store_limited,0,0,insufficient_multistore_support,0,
1034686,69,GROCERY,Private,CHEESE,SHREDDED CHEESE,8 OZ,mailer_only_vs_none,1,3,29,0.0,0.006704980842911878,0.006704980842911878,0.006704980842911878,100.0,0.0047892720306513415,0.0047892720306513415,100.0,0.0019291053773812395,0.008187057262784143,1,single_store_limited,0,0,insufficient_multistore_support,0,
1042907,69,MEAT-PCKGD,Private,BACON,PREMIUM,16OZ,mailer_only_vs_none,1,3,23,0.0,0.1866269404082703,0.1866269404082703,0.1866269404082703,100.0,0.03818622766832485,0.03818622766832485,100.0,0.021514252043552614,0.4770166516502166,1,single_store_limited,0,0,insufficient_multistore_support,0,
1047944,1377,GROCERY,National,VEGETABLES - SHELF STABLE,TOMATOES: STEWED/DICED/CRMD,10 OZ,mailer_only_vs_none,1,3,3,0.0,0.010128205128205128,0.010128205128205128,0.010128205128205128,100.0,0.012820512820512822,0.012820512820512822,100.0,0.009259259259259259,0.022278623801466443,1,single_store_limited,0,0,insufficient_multistore_support,0,
1050721,531,DRUG GM,National,CANDY - PACKAGED,CANDY BARS MULTI PACK W/FLOUR,10 PK,mailer_only_vs_none,1,3,9,0.0,0.04087024087024087,0.04087024087024087,0.04087024087024087,100.0,0.02975912975912976,0.02975912975912976,100.0,0.020645295155099073,0.10376561629565603,1,single_store_limited,0,0,insufficient_multistore_support,0,
1054424,69,GROCERY,Private,HOT CEREAL,INSTANT OATMEAL,15 OZ,mailer_only_vs_none,1,7,4,0.0,0.041666666666666664,0.041666666666666664,0.041666666666666664,100.0,0.013888888888888888,0.013888888888888888,100.0,0.00625,0.25,1,single_store_limited,0,0,insufficient_multistore_support,0,
1054747,317,GROCERY,National,SALD DRSNG/SNDWCH SPRD,POURABLE SALAD DRESSINGS,L    16 OZ,mailer_only_vs_none,1,5,7,0.013636363636363636,0.01020408163265306,-0.0034322820037105753,-0.0034322820037105753,0.0,-0.00398886827458256,-0.00398886827458256,0.0,-0.0012261508376935682,0.007483288204433912,0,single_store_limited,0,0,insufficient_multistore_support,0,-25.17006802721089
1055737,170,GROCERY,National,FRUIT - SHELF STABLE,FRUIT BOWL AND CUPS,6/3.9 OZ,mailer_only_vs_none,1,3,5,0.0,0.058823529411764705,0.058823529411764705,0.058823529411764705,100.0,0.011764705882352941,0.011764705882352941,100.0,0.004878048780487805,0.25,1,single_store_limited,0,0,insufficient_multistore_support,0,
1060705,649,PRODUCE,National,ORGANICS FRUIT & VEGETABLES,ORGANIC SALAD MIX,5 OZ,mailer_only_vs_none,1,5,4,0.0,0.035595238095238096,0.035595238095238096,0.035595238095238096,100.0,0.011904761904761904,0.011904761904761904,100.0,0.006756756756756757,0.06004016064257028,1,single_store_limited,0,0,insufficient_multistore_support,0,
1066725,69,GROCERY,Private,FRUIT - SHELF STABLE,FRUIT BOWL AND CUPS,4 OZ,mailer_only_vs_none,1,8,3,0.007053413120567377,0.043012820512820515,0.03595940739225314,0.03595940739225314,100.0,0.010405774534763898,0.010405774534763898,100.0,0.005191180903539145,0.1411029200405748,0,single_store_limited,0,0,insufficient_multistore_support,0,509.81569883376636
1069635,5258,GROCERY,National,BAKING MIXES,FROSTING,16 OZ,mailer_only_vs_none,1,4,3,0.05159090909090909,0.0,-0.05159090909090909,-0.05159090909090909,0.0,-0.03522727272727273,-0.03522727272727273,0.0,-0.015085931510350115,-0.324347460861111,0,single_store_limited,0,0,insufficient_multistore_support,0,-100.0
1070463,69,GROCERY,Private,SOUP,RTS SOUP: CHUNKY/HOMESTYLE ET,18.6 OZ,mailer_only_vs_none,1,7,6,0.014693877551020407,0.015151515151515152,0.00045763760049474453,0.00045763760049474453,100.0,0.0049474335188620915,0.0049474335188620915,100.0,0.00541125541125541,0.0007011963854265859,0,single_store_limited,0,0,insufficient_multistore_support,0,3.114478114478114
1072968,544,GROCERY,National,BAG SNACKS,DIPS (NON-REFRIGERATED),16 OZ,mailer_only_vs_none,1,9,6,0.023562565122667425,0.02717391304347826,0.0036113479208108347,0.0036113479208108347,100.0,0.0002368096997253013,0.0002368096997253013,100.0,-0.0013108170966784558,-0.009998802150504336,0,single_store_limited,0,0,insufficient_multistore_support,0,15.32663316582914
1074524,2224,GROCERY,National,SOFT DRINKS,SFT DRNK 2 LITER BTL CARB INCL,2 LTR,mailer_only_vs_none,1,4,12,0.022166666666666668,0.009837962962962963,-0.012328703703703705,-0.012328703703703705,0.0,-0.006828703703703703,-0.006828703703703703,0.0,-0.00388809862494073,-0.005739300189857731,0,single_store_limited,0,0,insufficient_multistore_support,0,-55.618212197159565
1075074,1046,GROCERY,National,FROZEN PIE/DESSERTS,FRZN WHIPPED TOPPING,8 OZ,mailer_only_vs_none,1,3,4,0.031746031746031744,0.0,-0.031746031746031744,-0.031746031746031744,0.0,-0.015873015873015872,-0.015873015873015872,0.0,-0.014814814814814815,-0.04750593824228029,0,single_store_limited,0,0,insufficient_multistore_support,0,-100.0
1078011,499,GROCERY,National,VEGETABLES - SHELF STABLE,TOMATOES: STEWED/DICED/CRMD,14.5 OZ,mailer_only_vs_none,1,4,4,0.044866071428571436,0.0134375,-0.03142857142857144,-0.03142857142857144,0.0,-0.011904761904761904,-0.011904761904761904,0.0,-0.015197521776469144,-0.06914779326868213,0,single_store_limited,0,0,insufficient_multistore_support,0,-70.0497512437811
1078763,1251,GROCERY,National,PASTA SAUCE,MAINSTREAM,26 OZ,mailer_only_vs_none,1,6,3,0.04415032679738562,0.020617283950617283,-0.023533042846768337,-0.023533042846768337,0.0,-0.003013798111837329,-0.003013798111837329,0.0,-0.0005651910413815159,-0.06088263024238634,0,single_store_limited,0,0,insufficient_multistore_support,0,-53.30208076322066
1080014,69,GROCERY,Private,SPICES & EXTRACTS,PURE EXTRACTS,2 OZ,mailer_only_vs_none,1,4,4,0.07466896551724136,0.0,-0.07466896551724136,-0.07466896551724136,0.0,-0.018620689655172412,-0.018620689655172412,0.0,-0.011416709911779968,-0.21197031635588556,0,single_store_limited,0,0,insufficient_multistore_support,0,-100.0
1080853,649,PRODUCE,National,ORGANICS FRUIT & VEGETABLES,ORGANIC SALAD MIX,5 OZ,mailer_only_vs_none,1,5,5,0.08083333333333334,0.04460547504025765,-0.03622785829307569,-0.03622785829307569,0.0,-0.01623027375201289,-0.01623027375201289,0.0,-0.007219513794587091,-0.5414840471377413,0,single_store_limited,0,0,insufficient_multistore_support,0,-44.81796902236167
1088835,69,GROCERY,Private,SOFT DRINKS,SFT DRNK 2 LITER BTL CARB INCL,2 LTR,mailer_only_vs_none,1,5,7,0.027940229885057472,0.03211641553172993,0.004176185646672461,0.004176185646672461,100.0,-0.005534788628094915,-0.005534788628094915,0.0,0.004289116795857497,0.0026854277856051476,0,single_store_limited,0,0,insufficient_multistore_support,0,14.94685499672963
1089225,827,GROCERY,National,FRUIT - SHELF STABLE,FRUIT BOWL AND CUPS,4 PK/4 OZ,mailer_only_vs_none,1,3,3,0.04256410256410256,0.0,-0.04256410256410256,-0.04256410256410256,0.0,-0.025641025641025644,-0.025641025641025644,0.0,-0.022222222222222223,-0.048495471808355235,0,single_store_limited,0,0,insufficient_multistore_support,0,-100.0
1093721,69,GROCERY,Private,SOFT DRINKS,SFT DRNK 2 LITER BTL CARB INCL,2 LTR,mailer_only_vs_none,1,3,10,0.0,0.007375,0.007375,0.007375,100.0,0.0125,0.0125,100.0,0.009047619047619047,0.020196455499335342,1,single_store_limited,0,0,insufficient_multistore_support,0,
1094262,69,GROCERY,Private,SPICES & EXTRACTS,SPICES & SEASONINGS,1.75 OZ,mailer_only_vs_none,1,5,3,0.0,0.0,0.0,0.0,0.0,0.0,0.0,0.0,0.0,0.0,1,single_store_limited,0,0,insufficient_multistore_support,0,
1095100,69,GROCERY,Private,CHEESE,SHREDDED CHEESE,8 OZ,mailer_only_vs_none,1,3,22,0.0,0.013831299038443701,0.013831299038443701,0.013831299038443701,100.0,0.0073217980239863815,0.0073217980239863815,100.0,0.004327422284179793,0.01831393381407241,1,single_store_limited,0,0,insufficient_multistore_support,0,
1096842,69,GROCERY,Private,SALD DRSNG/SNDWCH SPRD,POURABLE SALAD DRESSINGS,16 OZ,mailer_only_vs_none,1,11,9,0.004132231404958678,0.018344226579520697,0.01421199517456202,0.01421199517456202,100.0,0.012139166042909356,0.012139166042909356,100.0,0.005745429548439125,0.06672824302134647,0,single_store_limited,0,0,insufficient_multistore_support,0,343.93028322440085
1099058,5258,GROCERY,National,BAKING MIXES,LAYER CAKE MIX,18.25 OZ,mailer_only_vs_none,1,3,5,0.0,0.0,0.0,0.0,0.0,0.0,0.0,0.0,0.0,0.0,1,single_store_limited,0,0,insufficient_multistore_support,0,
1101706,1646,PRODUCE,National,SALAD MIX,BLENDS,5 OZ,mailer_only_vs_none,1,10,8,0.051145021645021646,0.06204590667952736,0.010900885034505717,0.010900885034505717,100.0,0.005054184321425698,0.005054184321425698,100.0,0.003696559983246637,0.2513240875460129,0,single_store_limited,0,0,insufficient_multistore_support,0,21.31367762470542
1104414,1075,GROCERY,National,CRACKERS/MISC BKD FD,SNACK CRACKERS,9.5 OZ,mailer_only_vs_none,1,7,24,0.0,0.009321975916803503,0.009321975916803503,0.009321975916803503,100.0,0.004660987958401751,0.004660987958401751,100.0,0.0033206085702665727,0.036927478351823945,1,single_store_limited,0,0,insufficient_multistore_support,0,
1106373,407,GROCERY,National,FRUIT - SHELF STABLE,PEACHES,15.25 OZ,mailer_only_vs_none,1,4,4,0.03229166666666666,0.03571428571428571,0.0034226190476190493,0.0034226190476190493,100.0,-0.014434523809523807,-0.014434523809523807,0.0,-0.004468325791855205,0.11317172159444941,0,single_store_limited,0,0,insufficient_multistore_support,0,10.599078341013835
1106523,69,GROCERY,Private,FLUID MILK PRODUCTS,FLUID MILK WHITE ONLY,1 GA,mailer_only_vs_none,1,5,5,0.083,0.05138461538461538,-0.03161538461538462,-0.03161538461538462,0.0,-0.002564102564102569,-0.002564102564102569,0.0,-0.0008746963416687362,-0.04820021280601175,0,single_store_limited,0,0,insufficient_multistore_support,0,-38.0908248378128
1115175,544,GROCERY,National,BAG SNACKS,TORTILLA/NACHO CHIPS,13 OZ,mailer_only_vs_none,1,3,14,0.02374149659863946,0.016153820761462732,-0.007587675837176726,-0.007587675837176726,0.0,-0.0009304784981359962,-0.0009304784981359962,0.0,-1.2967093240972248e-05,-0.004670968624829529,0,single_store_limited,0,0,insufficient_multistore_support,0,-31.959551520486496
1116020,794,GROCERY,National,CONVENIENT BRKFST/WHLSM SNACKS,TOASTER PASTRIES,22 OZ,mailer_only_vs_none,1,4,6,0.0,0.01893939393939394,0.01893939393939394,0.01893939393939394,100.0,0.007575757575757576,0.007575757575757576,100.0,0.005555555555555556,0.01988862370723946,1,single_store_limited,0,0,insufficient_multistore_support,0,
1117514,673,PRODUCE,National,BROCCOLI/CAULIFLOWER,CAULIFLOWER WHOLE, ,mailer_only_vs_none,1,25,4,0.034005684044855405,0.04844047619047619,0.014434792145620781,0.014434792145620781,100.0,0.019058844139662554,0.019058844139662554,100.0,0.012923084015540567,0.09617237902642112,0,single_store_limited,0,0,insufficient_multistore_support,0,42.44817462451418
1121367,194,GROCERY,National,DINNER MXS:DRY,SKILLET DINNERS, ,mailer_only_vs_none,1,4,4,0.0,0.025,0.025,0.025,100.0,0.025,0.025,100.0,0.017857142857142856,0.0413564929693962,1,single_store_limited,0,0,insufficient_multistore_support,0,
1125948,69,GROCERY,Private,HOT CEREAL,INSTANT OATMEAL,12.5 OZ,mailer_only_vs_none,1,6,3,0.014649122807017544,0.0,-0.014649122807017544,-0.014649122807017544,0.0,-0.008771929824561403,-0.008771929824561403,0.0,-0.005747126436781609,-0.03953598484848485,0,single_store_limited,0,0,insufficient_multistore_support,0,-100.0
1126899,69,GROCERY,Private,FLUID MILK PRODUCTS,FLUID MILK WHITE ONLY,1 GA,mailer_only_vs_none,1,5,6,0.03375686274509804,0.1403030303030303,0.10654616755793225,0.10654616755793225,100.0,0.03982568901686549,0.03982568901686549,100.0,0.030994317213498834,0.0602877999653748,0,single_store_limited,0,0,insufficient_multistore_support,0,315.6281683001014
1128016,988,GROCERY,National,MEAT - SHELF STABLE,CHILI: CANNED,15 OZ,mailer_only_vs_none,1,3,4,0.24867391304347822,0.0,-0.24867391304347822,-0.24867391304347822,0.0,-0.015579710144927537,-0.015579710144927537,0.0,-0.010749914000687996,-0.4164406312468585,0,single_store_limited,0,0,insufficient_multistore_support,0,-100.0
1130458,794,GROCERY,National,COLD CEREAL,KIDS CEREAL,12.2 OZ,mailer_only_vs_none,1,3,5,0.03986666666666667,0.013428571428571429,-0.02643809523809524,-0.02643809523809524,0.0,-0.0061904761904761916,-0.0061904761904761916,0.0,-0.0017740429505135394,-0.03074139610819922,0,single_store_limited,0,0,insufficient_multistore_support,0,-66.31629240324892
1130581,544,GROCERY,National,BAG SNACKS,TORTILLA/NACHO CHIPS,11.5 OZ,mailer_only_vs_none,1,7,12,0.018308904957331774,0.025891688280663436,0.007582783323331663,0.007582783323331663,100.0,0.0010747923265129336,0.0010747923265129336,100.0,0.0004385870948465094,0.0084841892880885,0,single_store_limited,0,0,insufficient_multistore_support,0,41.415821104555725
1130763,1251,GROCERY,National,SOUP,RTS SOUP: CHUNKY/HOMESTYLE ET,18.8 OZ,mailer_only_vs_none,1,3,5,0.04282051282051282,0.0,-0.04282051282051282,-0.04282051282051282,0.0,-0.012820512820512822,-0.012820512820512822,0.0,-0.00546448087431694,-0.07796451914098973,0,single_store_limited,0,0,insufficient_multistore_support,0,-100.0
1130858,1764,MEAT-PCKGD,National,BREAKFAST SAUSAGE/SANDWICHES,ROLLS - PORK,1 LB,mailer_only_vs_none,1,7,22,0.025210084033613446,0.07184482184482184,0.046634737811208395,0.046634737811208395,100.0,0.007998986307809838,0.007998986307809838,100.0,0.0031215357302313814,0.13174017745706076,0,single_store_limited,0,0,insufficient_multistore_support,0,184.98445998446
1132770,69,GROCERY,Private,SOFT DRINKS,SFT DRNK 2 LITER BTL CARB INCL,2 LTR,mailer_only_vs_none,1,8,5,0.012906250000000001,0.012666666666666668,-0.00023958333333333297,-0.00023958333333333297,0.0,0.000347222222222221,0.000347222222222221,100.0,-0.0012604626830969544,-0.0013929388293851073,0,single_store_limited,0,0,insufficient_multistore_support,0,-1.8563357546408366
1133827,69,GROCERY,Private,PASTA SAUCE,MAINSTREAM,26 OZ,mailer_only_vs_none,1,4,4,0.022727272727272728,0.03399122807017543,0.011263955342902705,0.011263955342902705,100.0,0.012210925039872405,0.012210925039872405,100.0,0.008976317799847212,0.028606775450366093,0,single_store_limited,0,0,insufficient_multistore_support,0,49.561403508771896
1135071,1377,GROCERY,National,MEAT - SHELF STABLE,PASTA: CANNED,15 OZ,mailer_only_vs_none,1,3,14,0.0,0.005952380952380952,0.005952380952380952,0.005952380952380952,100.0,0.005952380952380952,0.005952380952380952,100.0,0.004046307744183433,0.013056835637480798,1,single_store_limited,0,0,insufficient_multistore_support,0,
1136257,69,GROCERY,Private,CHEESE,SHREDDED CHEESE,8 OZ,mailer_only_vs_none,1,4,21,0.0,0.007479636591478696,0.007479636591478696,0.007479636591478696,100.0,0.005482456140350877,0.005482456140350877,100.0,0.0019241982507288628,0.006708269820846446,1,single_store_limited,0,0,insufficient_multistore_support,0,
1137680,16,GROCERY,Private,FRUIT - SHELF STABLE,APPLE SAUCE,25 OZ,mailer_only_vs_none,1,5,4,0.0,0.013250000000000001,0.013250000000000001,0.013250000000000001,100.0,0.008333333333333333,0.008333333333333333,100.0,0.0033333333333333335,0.03195337620578778,1,single_store_limited,0,0,insufficient_multistore_support,0,
5568378,544,GROCERY,National,BAG SNACKS,TORTILLA/NACHO CHIPS,12.5 OZ,mailer_only_vs_none,1,4,12,0.0,0.0,0.0,0.0,0.0,0.0,0.0,0.0,0.0,0.0,1,single_store_limited,0,0,insufficient_multistore_support,0,
5568729,544,GROCERY,National,BAG SNACKS,TORTILLA/NACHO CHIPS,10 OZ,mailer_only_vs_none,1,5,14,0.013906976744186048,0.027887066731454486,0.013980089987268438,0.013980089987268438,100.0,0.0035922774425384777,0.0035922774425384777,100.0,0.001866224569404574,0.015509914871038461,0,single_store_limited,0,0,insufficient_multistore_support,0,100.52573067768273
5569230,1208,GROCERY,National,SOFT DRINKS,SOFT DRINKS 12/18&15PK CAN CAR,12 OZ,mailer_only_vs_none,1,3,6,0.0,0.05583333333333334,0.05583333333333334,0.05583333333333334,100.0,0.011904761904761904,0.011904761904761904,100.0,0.007936507936507936,0.01642501926174967,1,single_store_limited,0,0,insufficient_multistore_support,0,
5582712,2082,MEAT-PCKGD,National,HEAT/SERVE,ENTREES,20 OZ,mailer_only_vs_none,1,4,4,0.0,0.0,0.0,0.0,0.0,0.0,0.0,0.0,0.0,0.0,1,single_store_limited,0,0,insufficient_multistore_support,0,
5584007,69,GROCERY,Private,YOGURT,YOGURT NOT MULTI-PACKS,6 OZ,mailer_only_vs_none,1,4,22,0.0,0.020003997292696984,0.020003997292696984,0.020003997292696984,100.0,0.030559398032308248,0.030559398032308248,100.0,0.018344726290646592,0.024105651436207208,1,single_store_limited,0,0,insufficient_multistore_support,0,
5588666,69,GROCERY,Private,YOGURT,YOGURT NOT MULTI-PACKS,6 OZ,mailer_only_vs_none,1,4,22,0.0,0.017030217589428118,0.017030217589428118,0.017030217589428118,100.0,0.014757063112326269,0.014757063112326269,100.0,0.010843385174935978,0.034224950280336154,1,single_store_limited,0,0,insufficient_multistore_support,0,
5592427,69,GROCERY,Private,BAKED BREAD/BUNS/ROLLS,RYE BREADS,24 OZ,mailer_only_vs_none,1,6,3,0.0,0.026836495031616985,0.026836495031616985,0.026836495031616985,100.0,0.015537488708220415,0.015537488708220415,100.0,0.008095378274948483,0.030414876573829578,1,single_store_limited,0,0,insufficient_multistore_support,0,
6396566,69,GROCERY,Private,BAG SNACKS,PRETZELS,10 OZ,mailer_only_vs_none,1,3,16,0.044444444444444446,0.019866423580926624,-0.024578020863517822,-0.024578020863517822,0.0,-0.010292306577803535,-0.010292306577803535,0.0,-0.009041428767991267,-0.05730524227895326,0,single_store_limited,0,0,insufficient_multistore_support,0,-55.3005469429151
6424447,69,GROCERY,Private,BAG SNACKS,PRETZELS,10 OZ,mailer_only_vs_none,1,3,20,0.0423076923076923,0.003851540616246499,-0.038456151691445804,-0.038456151691445804,0.0,-0.02563563887093299,-0.02563563887093299,0.0,-0.01572853975293,-0.05956288739065436,0,single_store_limited,0,0,insufficient_multistore_support,0,-90.89635854341736
6464105,2557,GROCERY,National,CANNED JUICES,ASEPTIC PACK JUICE AND DRINKS,67.5 OZ,mailer_only_vs_none,1,3,6,0.0,0.018555555555555554,0.018555555555555554,0.018555555555555554,100.0,0.011111111111111112,0.011111111111111112,100.0,0.008333333333333333,0.0317974105102818,1,single_store_limited,0,0,insufficient_multistore_support,0,
7025326,1075,GROCERY,National,COOKIES/CONES,SPECIALTY COOKIES,4.86 OZ,mailer_only_vs_none,1,3,5,0.015578231292517007,0.022115384615384613,0.006537153322867606,0.006537153322867606,100.0,0.0020434327577184734,0.0020434327577184734,100.0,0.0018190175991594434,-0.00985133306993001,0,single_store_limited,0,0,insufficient_multistore_support,0,41.96338595901914
8180870,317,GROCERY,National,SALD DRSNG/SNDWCH SPRD,SEMI-SOLID SALAD DRESSING MAY,32 OZ,mailer_only_vs_none,1,3,8,0.0,0.024404761904761905,0.024404761904761905,0.024404761904761905,100.0,0.012202380952380952,0.012202380952380952,100.0,0.00903225806451613,0.050901641888326764,1,single_store_limited,0,0,insufficient_multistore_support,0,
8203451,1208,GROCERY,National,SOFT DRINKS,SFT DRNK 2 LITER BTL CARB INCL,2LITER,mailer_only_vs_none,1,4,8,0.03206477732793522,0.01894736842105263,-0.013117408906882594,-0.013117408906882594,0.0,-0.019230769230769232,-0.019230769230769232,0.0,-0.00961297309621523,-0.013458412066592311,0,single_store_limited,0,0,insufficient_multistore_support,0,-40.90909090909092
8291322,2219,MEAT-PCKGD,National,BREAKFAST SAUSAGE/SANDWICHES,ROLLS - PORK,16 OZ,mailer_only_vs_none,1,3,14,0.0,0.05848770277341706,0.05848770277341706,0.05848770277341706,100.0,0.02012035583464155,0.02012035583464155,100.0,0.011052405151784033,0.3213272211307575,1,single_store_limited,0,0,insufficient_multistore_support,0,
9337581,693,DRUG GM,National,CANDY - PACKAGED,CANDY BARS (MULTI PACK),4.4 OZ,mailer_only_vs_none,1,5,5,0.016352941176470587,0.025,0.008647058823529414,0.008647058823529414,100.0,0.0007352941176470597,0.0007352941176470597,100.0,-0.0006837606837606838,-0.022388414055080724,0,single_store_limited,0,0,insufficient_multistore_support,0,52.87769784172664
9526410,544,GROCERY,National,BAG SNACKS,POTATO CHIPS,11.5 OZ,mailer_only_vs_none,1,3,4,0.0,0.010930232558139534,0.010930232558139534,0.010930232558139534,100.0,0.005813953488372093,0.005813953488372093,100.0,0.003246753246753247,0.012929848693259971,1,single_store_limited,0,0,insufficient_multistore_support,0,
9553031,69,GROCERY,Private,SOUP,BROTH,14 OZ,mailer_only_vs_none,1,7,3,0.0655882217621348,0.028516483516483514,-0.037071738245651284,-0.037071738245651284,0.0,0.0026895648634779057,0.0026895648634779057,100.0,0.0003874917425912977,-0.042238292486299976,0,single_store_limited,0,0,insufficient_multistore_support,0,-56.521944412668056
9836460,1633,PRODUCE,National,SALAD MIX,REGULAR GARDEN,10 OZ,mailer_only_vs_none,1,7,4,0.03428571428571429,0.09628846153846154,0.06200274725274726,0.06200274725274726,100.0,0.010686813186813188,0.010686813186813188,100.0,0.01480366292180948,0.29460469332732103,0,single_store_limited,0,0,insufficient_multistore_support,0,180.84134615384616
9913338,69,GROCERY,Private,FACIAL TISS/DNR NAPKIN,FACIAL TISSUE & PAPER HANDKE,145 CT,mailer_only_vs_none,1,3,5,0.034333333333333334,0.0,-0.034333333333333334,-0.034333333333333334,0.0,-0.016666666666666666,-0.016666666666666666,0.0,-0.011111111111111112,-0.05731775180856984,0,single_store_limited,0,0,insufficient_multistore_support,0,-100.0
10285144,693,DRUG GM,National,CANDY - PACKAGED,CANDY BARS (MULTI PACK),4.4 OZ,mailer_only_vs_none,1,6,3,0.0,0.020833333333333332,0.020833333333333332,0.020833333333333332,100.0,0.020833333333333332,0.020833333333333332,100.0,0.016666666666666666,0.11148272017837235,1,single_store_limited,0,0,insufficient_multistore_support,0,
12132648,1225,GROCERY,National,REFRGRATD DOUGH PRODUCTS,REFRIGERATED COOKIES-CHUB,16 OZ,mailer_only_vs_none,1,4,8,0.0,0.0,0.0,0.0,0.0,0.0,0.0,0.0,0.0,0.0,1,single_store_limited,0,0,insufficient_multistore_support,0,
