min_weeks,DEPARTMENT,COMMODITY_DESC,comparison,product_store_pairs,products,stores,pair_median_spv_difference,positive_spv_pair_pct,pair_median_bpr_difference,positive_bpr_pair_pct,median_product_spv_difference,positive_spv_product_pct,median_product_bpr_difference,positive_bpr_product_pct,has_adequate_support,is_sales_signal,is_penetration_signal,is_promising,response_label
1,PRODUCE,APPLES,display_only_vs_none,1,1,1,0.07328153084732032,100.0,0.024508873193083716,100.0,0.07328153084732032,100.0,0.024508873193083716,100.0,0,0,0,0,insufficient_support
1,DRUG GM,BABY HBC,display_only_vs_none,1,1,1,0.0,0.0,0.0,0.0,0.0,0.0,0.0,0.0,0,0,0,0,insufficient_support
1,DRUG GM,BABY HBC,mailer_only_vs_none,1,1,1,0.008333333333333333,100.0,0.008333333333333333,100.0,0.008333333333333333,100.0,0.008333333333333333,100.0,0,0,0,0,insufficient_support
1,MEAT-PCKGD,BACON,display_only_vs_none,1,1,1,0.0,0.0,0.0,0.0,0.0,0.0,0.0,0.0,0,0,0,0,insufficient_support
1,MEAT-PCKGD,BACON,mailer_only_vs_none,3,3,1,0.1866269404082703,66.66666666666666,0.03818622766832485,66.66666666666666,0.1866269404082703,66.66666666666666,0.03818622766832485,66.66666666666666,0,0,0,0,insufficient_support
1,GROCERY,BAG SNACKS,both_vs_additive,78,29,29,-0.008279834178970165,41.02564102564102,-0.004220164142388979,43.58974358974359,-0.016226556848324088,48.275862068965516,-0.004574264049289478,44.827586206896555,1,0,0,0,mixed_or_nonpositive
1,GROCERY,BAG SNACKS,both_vs_none,81,29,30,0.0,49.382716049382715,0.0,49.382716049382715,0.0,44.827586206896555,0.0,44.827586206896555,1,0,0,0,mixed_or_nonpositive
1,GROCERY,BAG SNACKS,display_only_vs_none,93,40,30,0.008338008644184046,60.215053763440864,0.005000000000000001,60.215053763440864,0.009655442319937067,62.5,0.00486227993882379,62.5,1,1,1,1,sales_and_penetration
1,GROCERY,BAG SNACKS,mailer_only_vs_none,81,31,29,0.0,45.67901234567901,0.0,45.67901234567901,0.0,45.16129032258064,0.0,45.16129032258064,1,0,0,0,mixed_or_nonpositive
1,GROCERY,BAKED BREAD/BUNS/ROLLS,both_vs_additive,99,23,26,-0.0027880273321449784,47.474747474747474,-0.0005685566035819392,48.484848484848484,-0.0027880273321449784,43.47826086956522,-0.0011872930990578048,43.47826086956522,1,0,0,0,mixed_or_nonpositive
1,GROCERY,BAKED BREAD/BUNS/ROLLS,both_vs_none,127,30,30,0.0045128205128205125,52.75590551181102,0.004472755505364197,55.118110236220474,0.001009006075659579,50.0,0.0,46.666666666666664,1,0,0,0,mixed_or_nonpositive
1,GROCERY,BAKED BREAD/BUNS/ROLLS,display_only_vs_none,174,58,31,0.006399801587301588,54.59770114942529,0.002306070751687519,52.29885057471264,0.0017564973310165654,53.44827586206896,0.0,48.275862068965516,1,1,0,1,sales_only
1,GROCERY,BAKED BREAD/BUNS/ROLLS,mailer_only_vs_none,127,41,28,0.0039241538188906615,51.96850393700787,0.0022727272727272735,51.181102362204726,0.0,46.34146341463415,0.0,48.78048780487805,1,0,0,0,mixed_or_nonpositive
1,GROCERY,BAKED SWEET GOODS,both_vs_additive,6,4,5,0.051503759398496246,83.33333333333334,0.051503759398496246,83.33333333333334,0.035751879699248125,75.0,0.029751879699248123,75.0,0,0,0,0,insufficient_support
1,GROCERY,BAKED SWEET GOODS,both_vs_none,8,6,6,-0.017247162022703814,25.0,0.0,37.5,-0.016416040100250627,16.666666666666664,0.0,33.33333333333333,0,0,0,0,insufficient_support
1,GROCERY,BAKED SWEET GOODS,display_only_vs_none,9,7,8,0.0,33.33333333333333,0.0,33.33333333333333,0.0,42.857142857142854,0.0,42.857142857142854,0,0,0,0,insufficient_support
1,GROCERY,BAKED SWEET GOODS,mailer_only_vs_none,10,8,8,-0.029829545454545456,10.0,0.0,20.0,-0.025,12.5,0.0,25.0,0,0,0,0,insufficient_support
1,GROCERY,BAKING MIXES,both_vs_additive,12,6,11,0.015172273982056589,66.66666666666666,0.016523386200672556,58.333333333333336,0.01829140060115094,83.33333333333334,0.022990360857835422,66.66666666666666,0,0,0,0,insufficient_support
1,GROCERY,BAKING MIXES,both_vs_none,17,6,14,0.012222222222222221,64.70588235294117,0.015277777777777777,58.82352941176471,0.024069444444444442,83.33333333333334,0.016446145765998708,66.66666666666666,0,0,0,0,insufficient_support
1,GROCERY,BAKING MIXES,display_only_vs_none,19,7,16,0.0,36.84210526315789,0.0,36.84210526315789,0.0,28.57142857142857,0.0,28.57142857142857,0,0,0,0,insufficient_support
1,GROCERY,BAKING MIXES,mailer_only_vs_none,21,7,18,0.0,28.57142857142857,0.0,33.33333333333333,0.0,42.857142857142854,0.0,42.857142857142854,1,0,0,0,mixed_or_nonpositive
1,GROCERY,BAKING NEEDS,both_vs_additive,5,1,5,-0.021300109104987152,20.0,-0.026796536796536798,20.0,-0.021300109104987152,0.0,-0.026796536796536798,0.0,0,0,0,0,insufficient_support
1,GROCERY,BAKING NEEDS,both_vs_none,5,1,5,0.043290043290043295,60.0,0.0,40.0,0.043290043290043295,100.0,0.0,0.0,0,0,0,0,insufficient_support
1,GROCERY,BAKING NEEDS,display_only_vs_none,20,9,13,0.013838768115942032,65.0,0.008757061063824349,65.0,0.011041975308641976,66.66666666666666,0.008559670781893005,66.66666666666666,1,1,1,1,sales_and_penetration
1,GROCERY,BAKING NEEDS,mailer_only_vs_none,13,3,10,0.0,46.15384615384615,0.005094498996938021,53.84615384615385,0.005094498996938021,66.66666666666666,0.005257872209091723,66.66666666666666,0,0,0,0,insufficient_support
1,GROCERY,BATH TISSUES,both_vs_additive,5,2,5,0.06353030303030303,80.0,0.010606060606060607,80.0,0.12122488540870893,100.0,0.02404252610134963,100.0,0,0,0,0,insufficient_support
1,GROCERY,BATH TISSUES,both_vs_none,8,3,8,0.027868222337244078,50.0,6.498734759604122e-05,50.0,0.06353030303030303,66.66666666666666,0.010426849136526556,66.66666666666666,0,0,0,0,insufficient_support
1,GROCERY,BATH TISSUES,display_only_vs_none,8,4,7,0.0,37.5,-0.0007142857142857229,25.0,-0.003716517857142859,50.0,-0.0007142857142857229,25.0,0,0,0,0,insufficient_support
1,GROCERY,BATH TISSUES,mailer_only_vs_none,9,5,8,0.0,11.11111111111111,0.0,11.11111111111111,0.0,0.0,0.0,0.0,0,0,0,0,insufficient_support
1,GROCERY,BEANS - CANNED GLASS & MW,both_vs_additive,31,6,25,-0.006629877210155254,45.16129032258064,-0.002990784414452278,41.935483870967744,-0.008431507884976461,50.0,-0.0002998792302044634,50.0,1,0,0,0,mixed_or_nonpositive
1,GROCERY,BEANS - CANNED GLASS & MW,both_vs_none,32,6,25,0.007177225834946004,53.125,0.005997130178715851,59.375,-0.0033055555555555555,33.33333333333333,-0.0027777777777777775,33.33333333333333,1,0,0,0,mixed_or_nonpositive
1,GROCERY,BEANS - CANNED GLASS & MW,display_only_vs_none,43,13,29,0.004079487179487178,53.48837209302325,0.0,48.837209302325576,0.0,46.15384615384615,0.0,38.46153846153847,1,0,0,0,mixed_or_nonpositive
1,GROCERY,BEANS - CANNED GLASS & MW,mailer_only_vs_none,49,14,31,0.005129310344827586,57.14285714285714,0.0012500000000000046,53.06122448979592,0.001032153254498491,50.0,-0.001086321341617063,50.0,1,0,0,0,mixed_or_nonpositive
1,GROCERY,BEERS/ALES,both_vs_additive,7,7,5,-0.07468431757410252,42.857142857142854,-0.004353569136177833,42.857142857142854,-0.07468431757410252,42.857142857142854,-0.004353569136177833,42.857142857142854,0,0,0,0,insufficient_support
1,GROCERY,BEERS/ALES,both_vs_none,13,9,10,0.0,23.076923076923077,0.0,23.076923076923077,0.0,22.22222222222222,0.0,22.22222222222222,0,0,0,0,insufficient_support
1,GROCERY,BEERS/ALES,display_only_vs_none,16,12,12,0.0770434081113984,68.75,0.0074024894338723425,68.75,0.0770434081113984,75.0,0.0074024894338723425,75.0,0,0,0,0,insufficient_support
1,GROCERY,BEERS/ALES,mailer_only_vs_none,8,8,6,0.0,25.0,0.0,25.0,0.0,25.0,0.0,25.0,0,0,0,0,insufficient_support
1,GROCERY,BLEACH,both_vs_additive,1,1,1,0.07649595141700405,100.0,0.04811066126855601,100.0,0.07649595141700405,100.0,0.04811066126855601,100.0,0,0,0,0,insufficient_support
1,GROCERY,BLEACH,both_vs_none,1,1,1,0.01931174089068826,100.0,0.012145748987854255,100.0,0.01931174089068826,100.0,0.012145748987854255,100.0,0,0,0,0,insufficient_support
1,GROCERY,BLEACH,display_only_vs_none,1,1,1,-0.015342105263157893,0.0,-0.009649122807017543,0.0,-0.015342105263157893,0.0,-0.009649122807017543,0.0,0,0,0,0,insufficient_support
1,GROCERY,BLEACH,mailer_only_vs_none,1,1,1,-0.041842105263157896,0.0,-0.02631578947368421,0.0,-0.041842105263157896,0.0,-0.02631578947368421,0.0,0,0,0,0,insufficient_support
1,MEAT-PCKGD,BREAKFAST SAUSAGE/SANDWICHES,both_vs_additive,4,3,2,-0.020027256240491533,50.0,-0.0018849566275380954,50.0,-0.046634737811208395,33.33333333333333,-0.007998986307809838,33.33333333333333,0,0,0,0,insufficient_support
1,MEAT-PCKGD,BREAKFAST SAUSAGE/SANDWICHES,both_vs_none,6,5,3,0.015214646464646464,50.0,0.006085858585858585,50.0,0.0,40.0,0.0,40.0,0,0,0,0,insufficient_support
1,MEAT-PCKGD,BREAKFAST SAUSAGE/SANDWICHES,display_only_vs_none,8,6,5,-0.012605042016806723,37.5,-0.004201680672268907,37.5,-0.03571214671766142,16.666666666666664,-0.012508304603892836,16.666666666666664,0,0,0,0,insufficient_support
1,MEAT-PCKGD,BREAKFAST SAUSAGE/SANDWICHES,mailer_only_vs_none,9,8,4,0.0126505439005439,55.55555555555556,0.00645881895881896,55.55555555555556,0.021200154012654012,62.5,0.005614197893609659,62.5,0,0,0,0,insufficient_support
1,PASTRY,BREAKFAST SWEETS,both_vs_additive,1,1,1,-0.10940319255728112,0.0,-0.0027501183367376024,0.0,-0.10940319255728112,0.0,-0.0027501183367376024,0.0,0,0,0,0,insufficient_support
1,PASTRY,BREAKFAST SWEETS,both_vs_none,1,1,1,0.02828279092702169,100.0,0.02546844181459566,100.0,0.02828279092702169,100.0,0.02546844181459566,100.0,0,0,0,0,insufficient_support
1,PASTRY,BREAKFAST SWEETS,display_only_vs_none,1,1,1,0.026574872373191703,100.0,0.01710744904022215,100.0,0.026574872373191703,100.0,0.01710744904022215,100.0,0,0,0,0,insufficient_support
1,PASTRY,BREAKFAST SWEETS,mailer_only_vs_none,1,1,1,0.1111111111111111,100.0,0.011111111111111112,100.0,0.1111111111111111,100.0,0.011111111111111112,100.0,0,0,0,0,insufficient_support
1,PRODUCE,BROCCOLI/CAULIFLOWER,both_vs_additive,3,2,3,0.025966149232347017,66.66666666666666,0.02691600985292375,66.66666666666666,0.003951842714017698,50.0,0.012952498958999388,50.0,0,0,0,0,insufficient_support
1,PRODUCE,BROCCOLI/CAULIFLOWER,both_vs_none,3,2,3,0.024853230103230102,66.66666666666666,0.028605805958747135,66.66666666666666,0.012837226090902562,50.0,0.018159463085933674,100.0,0,0,0,0,insufficient_support
1,PRODUCE,BROCCOLI/CAULIFLOWER,display_only_vs_none,4,2,3,0.022459526806842232,75.0,0.007635501207453465,75.0,0.017762158092065803,100.0,0.008201908112884241,100.0,0,0,0,0,insufficient_support
1,PRODUCE,BROCCOLI/CAULIFLOWER,mailer_only_vs_none,4,2,3,0.003097366401714225,75.0,-4.418287026982867e-05,50.0,0.001551071289040595,100.0,0.003005182200578619,50.0,0,0,0,0,insufficient_support
1,GROCERY,BUTTER,both_vs_additive,5,3,4,-0.00640216334467672,40.0,0.0023803736370581266,60.0,-0.00640216334467672,33.33333333333333,0.0023803736370581266,66.66666666666666,0,0,0,0,insufficient_support
1,GROCERY,BUTTER,both_vs_none,7,4,5,0.04492673992673992,71.42857142857143,0.014206472462178849,57.14285714285714,0.035209202772263457,100.0,0.011750672128525323,75.0,0,0,0,0,insufficient_support
1,GROCERY,BUTTER,display_only_vs_none,6,4,4,0.0,16.666666666666664,0.0,16.666666666666664,0.0,25.0,0.0,25.0,0,0,0,0,insufficient_support
1,GROCERY,BUTTER,mailer_only_vs_none,6,3,5,0.03594332298136646,83.33333333333334,0.015358484778774634,83.33333333333334,0.025,100.0,0.00837742504409171,100.0,0,0,0,0,insufficient_support
1,PASTRY,CAKES,display_only_vs_none,1,1,1,-0.8219444444444444,0.0,-0.05555555555555555,0.0,-0.8219444444444444,0.0,-0.05555555555555555,0.0,0,0,0,0,insufficient_support
1,PASTRY,CAKES,mailer_only_vs_none,1,1,1,-0.4101041666666666,0.0,-0.05208333333333333,0.0,-0.4101041666666666,0.0,-0.05208333333333333,0.0,0,0,0,0,insufficient_support
1,DRUG GM,CANDY - CHECKLANE,both_vs_additive,29,19,13,-0.0007869279842964046,44.827586206896555,0.0005332892416225763,51.724137931034484,-0.004810376382876383,36.84210526315789,0.0005332892416225763,52.63157894736842,1,0,1,1,penetration_only
1,DRUG GM,CANDY - CHECKLANE,both_vs_none,29,19,13,0.004629629629629629,62.06896551724138,0.01459868181216635,65.51724137931035,0.00435897435897436,68.42105263157895,0.012370370370370368,68.42105263157895,1,1,1,1,sales_and_penetration
1,DRUG GM,CANDY - CHECKLANE,display_only_vs_none,32,21,14,0.004749651754641249,75.0,0.007578873843444188,75.0,0.004169667867146858,76.19047619047619,0.0071398508898508906,76.19047619047619,1,1,1,1,sales_and_penetration
1,DRUG GM,CANDY - CHECKLANE,mailer_only_vs_none,32,21,14,0.0026987179487179486,59.375,0.008333333333333333,59.375,0.0028333333333333335,66.66666666666666,0.008333333333333333,66.66666666666666,1,1,1,1,sales_and_penetration
1,DRUG GM,CANDY - PACKAGED,both_vs_additive,22,9,15,-0.003284243488900349,40.909090909090914,0.001321033562166285,54.54545454545454,-0.019550915331807778,22.22222222222222,-0.00017488140037159828,44.44444444444444,1,0,0,0,mixed_or_nonpositive
1,DRUG GM,CANDY - PACKAGED,both_vs_none,23,9,15,0.030303030303030304,78.26086956521739,0.029040404040404044,78.26086956521739,0.030000000000000006,66.66666666666666,0.027062800747011274,66.66666666666666,1,1,1,1,sales_and_penetration
1,DRUG GM,CANDY - PACKAGED,display_only_vs_none,26,13,16,0.018401715931127695,73.07692307692307,0.011702971787005401,73.07692307692307,0.010900199709513433,69.23076923076923,0.011312217194570137,69.23076923076923,1,1,1,1,sales_and_penetration
1,DRUG GM,CANDY - PACKAGED,mailer_only_vs_none,26,12,15,0.010573529411764707,61.53846153846154,0.006748188405797101,61.53846153846154,0.012395118230358505,58.333333333333336,0.0064009661835748785,58.333333333333336,1,1,1,1,sales_and_penetration
1,GROCERY,CANNED JUICES,both_vs_additive,73,11,44,0.012915584415584415,53.42465753424658,0.007960204954320677,57.534246575342465,0.013509865520282195,54.54545454545454,0.0171902557319224,72.72727272727273,1,1,1,1,sales_and_penetration
1,GROCERY,CANNED JUICES,both_vs_none,82,14,48,0.004919500674763832,52.4390243902439,0.004348423719620473,56.09756097560976,0.0004147767462422628,50.0,4.465075154730337e-05,50.0,1,0,0,0,mixed_or_nonpositive
1,GROCERY,CANNED JUICES,display_only_vs_none,83,17,49,0.0,45.78313253012048,0.0,44.57831325301205,0.0,41.17647058823529,0.0,47.05882352941176,1,0,0,0,mixed_or_nonpositive
1,GROCERY,CANNED JUICES,mailer_only_vs_none,85,17,47,0.0,41.17647058823529,0.0,42.35294117647059,0.0,47.05882352941176,-7.836990595611265e-05,35.294117647058826,1,0,0,0,mixed_or_nonpositive
1,GROCERY,CANNED MILK,display_only_vs_none,5,1,5,0.010869565217391304,80.0,0.018801252947594403,80.0,0.010869565217391304,100.0,0.018801252947594403,100.0,0,0,0,0,insufficient_support
1,PRODUCE,CARROTS,both_vs_none,1,1,1,-0.0951779429720606,0.0,-0.05093260183757921,0.0,-0.0951779429720606,0.0,-0.05093260183757921,0.0,0,0,0,0,insufficient_support
1,PRODUCE,CARROTS,display_only_vs_none,3,2,2,0.008125318859768624,66.66666666666666,0.00017181781535849372,66.66666666666666,0.009303090366571228,50.0,0.004414508338551403,50.0,0,0,0,0,insufficient_support
1,PRODUCE,CARROTS,mailer_only_vs_none,10,2,6,0.01911466214133369,80.0,0.01629240324892499,80.0,0.020455795533349655,100.0,0.016755794213944276,100.0,0,0,0,0,insufficient_support
1,NUTRITION,CEREAL/BREAKFAST,both_vs_additive,1,1,1,0.17163235294117649,100.0,0.07247793056616586,100.0,0.17163235294117649,100.0,0.07247793056616586,100.0,0,0,0,0,insufficient_support
1,NUTRITION,CEREAL/BREAKFAST,both_vs_none,1,1,1,-0.1688744588744589,0.0,-0.07503607503607504,0.0,-0.1688744588744589,0.0,-0.07503607503607504,0.0,0,0,0,0,insufficient_support
1,NUTRITION,CEREAL/BREAKFAST,display_only_vs_none,1,1,1,-0.21145378151260508,0.0,-0.07743824802648332,0.0,-0.21145378151260508,0.0,-0.07743824802648332,0.0,0,0,0,0,insufficient_support
1,NUTRITION,CEREAL/BREAKFAST,mailer_only_vs_none,1,1,1,-0.12905303030303034,0.0,-0.07007575757575758,0.0,-0.12905303030303034,0.0,-0.07007575757575758,0.0,0,0,0,0,insufficient_support
1,GROCERY,CHEESE,both_vs_additive,76,23,35,-0.01416356954736264,30.263157894736842,-0.007517750577738587,31.57894736842105,-0.009451278757390123,43.47826086956522,-0.00505306163731071,39.130434782608695,1,0,0,0,mixed_or_nonpositive
1,GROCERY,CHEESE,both_vs_none,102,31,40,0.017158568443051202,64.70588235294117,0.01017239946424525,64.70588235294117,0.01906318082788671,61.29032258064516,0.009469598227809288,64.51612903225806,1,1,1,1,sales_and_penetration
1,GROCERY,CHEESE,display_only_vs_none,123,28,50,0.018649670575015667,59.34959349593496,0.007518796992481203,60.97560975609756,0.016147727272727272,60.71428571428571,0.008329101822034921,60.71428571428571,1,1,1,1,sales_and_penetration
1,GROCERY,CHEESE,mailer_only_vs_none,113,37,39,0.013410502540937322,68.14159292035397,0.0073217980239863815,67.2566371681416,0.008831521739130434,62.16216216216216,0.005595444069771872,62.16216216216216,1,1,1,1,sales_and_penetration
1,NUTRITION,CHIPS&SNACKS,both_vs_none,2,2,1,0.037375000000000005,50.0,0.0125,50.0,0.037375000000000005,50.0,0.0125,50.0,0,0,0,0,insufficient_support
1,NUTRITION,CHIPS&SNACKS,display_only_vs_none,2,2,1,0.01720055036656111,100.0,0.004713353213514456,100.0,0.01720055036656111,100.0,0.004713353213514456,100.0,0,0,0,0,insufficient_support
1,GROCERY,COFFEE,both_vs_additive,6,3,5,0.0008076923076923079,50.0,-0.00047550488726959446,50.0,-0.01140996865434616,33.33333333333333,-0.006284292701313001,33.33333333333333,0,0,0,0,insufficient_support
1,GROCERY,COFFEE,both_vs_none,6,3,5,0.07405964405964406,83.33333333333334,0.017006802721088433,83.33333333333334,0.06698189728477597,66.66666666666666,0.009861379896786301,66.66666666666666,0,0,0,0,insufficient_support
1,GROCERY,COFFEE,display_only_vs_none,7,4,6,0.021486775804017186,57.14285714285714,0.004204690584000928,57.14285714285714,0.017962734360427945,75.0,0.003773929264703614,75.0,0,0,0,0,insufficient_support
1,GROCERY,COFFEE,mailer_only_vs_none,7,4,5,0.056400364341540804,57.14285714285714,0.01047481929834871,57.14285714285714,0.02857142857142857,50.0,0.0064012523263465015,50.0,0,0,0,0,insufficient_support
1,GROCERY,COLD CEREAL,both_vs_additive,50,13,31,0.008599038538860522,62.0,0.007605871295886775,64.0,0.0029301685586515316,53.84615384615385,0.007739938080495355,53.84615384615385,1,1,1,1,sales_and_penetration
1,GROCERY,COLD CEREAL,both_vs_none,60,19,34,0.014461672520221368,60.0,0.006224167988873871,60.0,0.039411976911976905,63.1578947368421,0.015764790764790763,68.42105263157895,1,1,1,1,sales_and_penetration
1,GROCERY,COLD CEREAL,display_only_vs_none,56,18,33,-0.0016772334732104862,32.142857142857146,-0.0007183908045977011,33.92857142857143,0.0,33.33333333333333,0.0,33.33333333333333,1,0,0,0,mixed_or_nonpositive
1,GROCERY,COLD CEREAL,mailer_only_vs_none,70,25,37,0.0,45.714285714285715,0.0,42.857142857142854,0.02434135855646298,64.0,0.00951867816091954,64.0,1,0,0,0,mixed_or_nonpositive
1,GROCERY,CONDIMENTS/SAUCES,both_vs_additive,94,8,54,0.014117257355853294,56.38297872340425,0.011786757411281176,57.446808510638306,-0.004286690964058549,50.0,-0.0005839101069931669,50.0,1,0,0,0,mixed_or_nonpositive
1,GROCERY,CONDIMENTS/SAUCES,both_vs_none,115,10,58,0.0054761904761904765,55.65217391304348,0.0013802622498274662,51.30434782608696,0.0,20.0,0.0,20.0,1,0,0,0,mixed_or_nonpositive
1,GROCERY,CONDIMENTS/SAUCES,display_only_vs_none,135,19,62,0.0,45.925925925925924,-0.0007936507936507926,43.7037037037037,0.0,47.368421052631575,0.0,42.10526315789473,1,0,0,0,mixed_or_nonpositive
1,GROCERY,CONDIMENTS/SAUCES,mailer_only_vs_none,109,11,56,0.0,45.87155963302752,0.0,45.87155963302752,0.0,45.45454545454545,0.0,45.45454545454545,1,0,0,0,mixed_or_nonpositive
1,GROCERY,CONVENIENT BRKFST/WHLSM SNACKS,both_vs_additive,17,13,9,-0.012274877899877905,41.17647058823529,-0.002932551319648094,41.17647058823529,-0.01893939393939394,23.076923076923077,-0.007575757575757576,46.15384615384615,0,0,0,0,insufficient_support
1,GROCERY,CONVENIENT BRKFST/WHLSM SNACKS,both_vs_none,21,15,12,0.0,42.857142857142854,0.0,42.857142857142854,0.0,40.0,0.0,40.0,1,0,0,0,mixed_or_nonpositive
1,GROCERY,CONVENIENT BRKFST/WHLSM SNACKS,display_only_vs_none,19,15,10,0.0,26.31578947368421,0.0,31.57894736842105,0.0,26.666666666666668,0.0,33.33333333333333,0,0,0,0,insufficient_support
1,GROCERY,CONVENIENT BRKFST/WHLSM SNACKS,mailer_only_vs_none,23,16,13,0.0048973607038123165,52.17391304347826,0.002932551319648094,52.17391304347826,0.0032115384615384614,50.0,0.0019230769230769232,50.0,1,0,0,0,mixed_or_nonpositive
1,GROCERY,COOKIES/CONES,both_vs_additive,31,11,18,-0.00972385253635255,48.38709677419355,0.0016198610253696719,54.83870967741935,-0.011678113553113552,45.45454545454545,0.0030485265066074116,63.63636363636363,1,0,1,1,penetration_only
1,GROCERY,COOKIES/CONES,both_vs_none,35,13,20,0.007677582660971365,51.42857142857142,0.0019056261343012703,54.285714285714285,0.0,46.15384615384615,0.0,46.15384615384615,1,0,0,0,mixed_or_nonpositive
1,GROCERY,COOKIES/CONES,display_only_vs_none,43,15,23,0.014876487452876341,65.11627906976744,0.005544733044733044,62.7906976744186,0.018115942028985508,80.0,0.007571428571428571,80.0,1,1,1,1,sales_and_penetration
1,GROCERY,COOKIES/CONES,mailer_only_vs_none,39,16,20,0.016129032258064516,56.41025641025641,0.004032258064516129,56.41025641025641,0.009227383936030552,56.25,0.0010217163788592367,50.0,1,1,0,1,sales_only
1,GROCERY,CRACKERS/MISC BKD FD,both_vs_additive,130,18,67,0.009485455176457033,56.15384615384615,0.006971269235987459,60.76923076923077,0.009024181821862355,61.111111111111114,0.0038516383255566443,61.111111111111114,1,1,1,1,sales_and_penetration
1,GROCERY,CRACKERS/MISC BKD FD,both_vs_none,134,18,69,0.010305880441845354,61.940298507462686,0.007040413230457298,61.940298507462686,0.020282497911445277,83.33333333333334,0.01020296954507481,88.88888888888889,1,1,1,1,sales_and_penetration
1,GROCERY,CRACKERS/MISC BKD FD,display_only_vs_none,143,26,71,0.0008169934640522881,51.048951048951054,0.0,48.25174825174825,0.004747517730496455,53.84615384615385,0.0018971631205673758,53.84615384615385,1,1,0,1,sales_only
1,GROCERY,CRACKERS/MISC BKD FD,mailer_only_vs_none,139,22,71,0.0,46.76258992805755,0.0,47.482014388489205,0.005461957633010265,54.54545454545454,0.003975230821306139,54.54545454545454,1,0,0,0,mixed_or_nonpositive
1,DRUG GM,DIAPERS & DISPOSABLES,both_vs_none,1,1,1,0.0,0.0,0.0,0.0,0.0,0.0,0.0,0.0,0,0,0,0,insufficient_support
1,DRUG GM,DIAPERS & DISPOSABLES,mailer_only_vs_none,1,1,1,0.0,0.0,0.0,0.0,0.0,0.0,0.0,0.0,0,0,0,0,insufficient_support
1,GROCERY,DINNER MXS:DRY,both_vs_additive,57,9,33,0.0003228659885006653,50.877192982456144,0.0037853692201518293,52.63157894736842,-0.003961392375286152,44.44444444444444,0.0011861440165954924,55.55555555555556,1,0,1,1,penetration_only
1,GROCERY,DINNER MXS:DRY,both_vs_none,66,14,36,0.0,39.39393939393939,0.0,40.909090909090914,0.0,28.57142857142857,0.0,28.57142857142857,1,0,0,0,mixed_or_nonpositive
1,GROCERY,DINNER MXS:DRY,display_only_vs_none,88,13,46,0.0,38.63636363636363,0.0,35.22727272727273,0.0,30.76923076923077,0.0,38.46153846153847,1,0,0,0,mixed_or_nonpositive
1,GROCERY,DINNER MXS:DRY,mailer_only_vs_none,98,18,48,0.0,38.775510204081634,0.0,37.755102040816325,0.0,33.33333333333333,0.0,33.33333333333333,1,0,0,0,mixed_or_nonpositive
1,GROCERY,DOG FOODS,both_vs_additive,1,1,1,0.7986675420168068,100.0,0.06883558979147214,100.0,0.7986675420168068,100.0,0.06883558979147214,100.0,0,0,0,0,insufficient_support
1,GROCERY,DOG FOODS,both_vs_none,1,1,1,-0.49157142857142866,0.0,-0.06031746031746031,0.0,-0.49157142857142866,0.0,-0.06031746031746031,0.0,0,0,0,0,insufficient_support
1,GROCERY,DOG FOODS,display_only_vs_none,1,1,1,-0.5766675420168068,0.0,-0.05772447868036103,0.0,-0.5766675420168068,0.0,-0.05772447868036103,0.0,0,0,0,0,insufficient_support
1,GROCERY,DOG FOODS,mailer_only_vs_none,1,1,1,-0.7135714285714286,0.0,-0.07142857142857142,0.0,-0.7135714285714286,0.0,-0.07142857142857142,0.0,0,0,0,0,insufficient_support
1,NUTRITION,DRIED FRUIT,display_only_vs_none,1,1,1,0.5698,100.0,0.07333333333333333,100.0,0.5698,100.0,0.07333333333333333,100.0,0,0,0,0,insufficient_support
1,GROCERY,DRY BN/VEG/POTATO/RICE,both_vs_additive,10,4,8,-0.009534927766032417,40.0,-0.003065134099616858,40.0,0.0007138346316874784,50.0,-0.00196447664871883,25.0,0,0,0,0,insufficient_support
1,GROCERY,DRY BN/VEG/POTATO/RICE,both_vs_none,12,5,9,0.0,16.666666666666664,0.0,16.666666666666664,0.0,40.0,0.0,40.0,0,0,0,0,insufficient_support
1,GROCERY,DRY BN/VEG/POTATO/RICE,display_only_vs_none,10,4,8,0.0,30.0,0.0,30.0,0.0004403735632183912,50.0,0.003376436781609196,50.0,0,0,0,0,insufficient_support
1,GROCERY,DRY BN/VEG/POTATO/RICE,mailer_only_vs_none,17,8,11,0.0,47.05882352941176,0.003875968992248062,52.94117647058824,0.0,37.5,0.001937984496124031,50.0,0,0,0,0,insufficient_support
1,GROCERY,DRY MIX DESSERTS,both_vs_additive,1,1,1,0.10473484848484849,100.0,0.06382575757575758,100.0,0.10473484848484849,100.0,0.06382575757575758,100.0,0,0,0,0,insufficient_support
1,GROCERY,DRY MIX DESSERTS,both_vs_none,1,1,1,0.18181818181818182,100.0,0.09090909090909091,100.0,0.18181818181818182,100.0,0.09090909090909091,100.0,0,0,0,0,insufficient_support
1,GROCERY,DRY MIX DESSERTS,display_only_vs_none,4,3,4,-0.01255124269005848,0.0,-0.013493046341343556,0.0,-0.01255124269005848,0.0,-0.015051169590643275,0.0,0,0,0,0,insufficient_support
1,GROCERY,DRY MIX DESSERTS,mailer_only_vs_none,1,1,1,0.07708333333333334,100.0,0.027083333333333334,100.0,0.07708333333333334,100.0,0.027083333333333334,100.0,0,0,0,0,insufficient_support
1,GROCERY,DRY NOODLES/PASTA,both_vs_additive,2,1,2,-0.033099082934609246,0.0,-0.033099082934609246,0.0,-0.033099082934609246,0.0,-0.033099082934609246,0.0,0,0,0,0,insufficient_support
1,GROCERY,DRY NOODLES/PASTA,both_vs_none,3,1,3,0.0,33.33333333333333,0.0,33.33333333333333,0.0,0.0,0.0,0.0,0,0,0,0,insufficient_support
1,GROCERY,DRY NOODLES/PASTA,display_only_vs_none,3,2,3,0.0015476190476190477,66.66666666666666,0.002976190476190476,66.66666666666666,-0.0035099823422191844,50.0,-0.0027956966279334703,50.0,0,0,0,0,insufficient_support
1,GROCERY,DRY NOODLES/PASTA,mailer_only_vs_none,4,2,3,0.0,25.0,0.0,25.0,0.0,0.0,0.0,0.0,0,0,0,0,insufficient_support
1,GROCERY,DRY SAUCES/GRAVY,display_only_vs_none,3,2,3,0.007797270955165692,66.66666666666666,0.007797270955165692,66.66666666666666,-0.013721378408653472,50.0,-0.008750591826975341,50.0,0,0,0,0,insufficient_support
1,GROCERY,DRY SAUCES/GRAVY,mailer_only_vs_none,4,2,3,-0.0013736263736263687,50.0,-0.005651755651755651,25.0,-0.0013736263736263687,50.0,-0.005201973951973953,50.0,0,0,0,0,insufficient_support
1,GROCERY,EGGS,both_vs_additive,14,4,9,0.009067723392009234,50.0,0.02107920369171725,71.42857142857143,0.010168840651091821,50.0,0.026530517112035787,75.0,0,0,0,0,insufficient_support
1,GROCERY,EGGS,both_vs_none,17,4,11,0.030657051282051283,64.70588235294117,0.037828323183864115,64.70588235294117,0.04049609346943906,75.0,0.0476834542091895,75.0,0,0,0,0,insufficient_support
1,GROCERY,EGGS,display_only_vs_none,16,4,9,-0.009644486254352182,43.75,-0.01460586014149362,43.75,-0.014483484828440654,25.0,-0.013884560768311651,25.0,0,0,0,0,insufficient_support
1,GROCERY,EGGS,mailer_only_vs_none,17,4,11,0.0059092253528205685,58.82352941176471,0.0,47.05882352941176,0.038303559736294845,75.0,0.02336644765863912,75.0,0,0,0,0,insufficient_support
1,GROCERY,FACIAL TISS/DNR NAPKIN,both_vs_additive,1,1,1,-0.05444862155388472,0.0,-0.027067669172932338,0.0,-0.05444862155388472,0.0,-0.027067669172932338,0.0,0,0,0,0,insufficient_support
1,GROCERY,FACIAL TISS/DNR NAPKIN,both_vs_none,2,1,2,0.05654761904761904,50.0,0.03273809523809523,50.0,0.05654761904761904,100.0,0.03273809523809523,100.0,0,0,0,0,insufficient_support
1,GROCERY,FACIAL TISS/DNR NAPKIN,display_only_vs_none,7,6,6,0.0,28.57142857142857,0.0,14.285714285714285,0.0,33.33333333333333,0.0,16.666666666666664,0,0,0,0,insufficient_support
1,GROCERY,FACIAL TISS/DNR NAPKIN,mailer_only_vs_none,10,4,8,0.007638888888888889,50.0,0.00027777777777777696,50.0,0.020682367149758452,75.0,0.004625603864734299,75.0,0,0,0,0,insufficient_support
1,GROCERY,FD WRAPS/BAGS/TRSH BG,both_vs_none,1,1,1,-0.065,0.0,-0.038461538461538464,0.0,-0.065,0.0,-0.038461538461538464,0.0,0,0,0,0,insufficient_support
1,GROCERY,FD WRAPS/BAGS/TRSH BG,display_only_vs_none,6,4,6,0.0,16.666666666666664,0.0,16.666666666666664,0.0,0.0,0.0,0.0,0,0,0,0,insufficient_support
1,GROCERY,FD WRAPS/BAGS/TRSH BG,mailer_only_vs_none,4,3,4,0.0,25.0,0.0,25.0,0.0,33.33333333333333,0.0,33.33333333333333,0,0,0,0,insufficient_support
1,DRUG GM,FIRST AID PRODUCTS,display_only_vs_none,1,1,1,0.004076331160783363,100.0,0.005435108214377817,100.0,0.004076331160783363,100.0,0.005435108214377817,100.0,0,0,0,0,insufficient_support
1,NUTRITION,FITNESS&DIET,both_vs_none,1,1,1,-0.004259259259259254,0.0,-0.0014245014245014287,0.0,-0.004259259259259254,0.0,-0.0014245014245014287,0.0,0,0,0,0,insufficient_support
1,NUTRITION,FITNESS&DIET,display_only_vs_none,1,1,1,-0.03920933687230729,0.0,-0.016653516485505736,0.0,-0.03920933687230729,0.0,-0.016653516485505736,0.0,0,0,0,0,insufficient_support
1,GROCERY,FLOUR & MEALS,both_vs_additive,6,2,5,-0.013880596909658694,33.33333333333333,-0.012189423742627405,33.33333333333333,-0.061841297028253556,0.0,-0.055528394713177325,0.0,0,0,0,0,insufficient_support
1,GROCERY,FLOUR & MEALS,both_vs_none,7,2,6,-0.015714285714285722,14.285714285714285,-0.01260504201680672,14.285714285714285,-0.010586466165413536,0.0,-0.009354268022998671,0.0,0,0,0,0,insufficient_support
1,GROCERY,FLOUR & MEALS,display_only_vs_none,13,3,12,0.0,46.15384615384615,0.0,46.15384615384615,0.0,33.33333333333333,0.0,33.33333333333333,0,0,0,0,insufficient_support
1,GROCERY,FLOUR & MEALS,mailer_only_vs_none,13,2,12,0.01076923076923077,53.84615384615385,0.009615384615384616,53.84615384615385,0.022557029177718832,100.0,0.022223537956296575,100.0,0,0,0,0,insufficient_support
1,GROCERY,FLUID MILK PRODUCTS,both_vs_additive,36,9,10,0.006302945415769513,52.77777777777778,0.0013972611822356262,52.77777777777778,0.019720300855825358,77.77777777777779,0.008971225526805057,66.66666666666666,1,1,1,1,sales_and_penetration
1,GROCERY,FLUID MILK PRODUCTS,both_vs_none,38,10,11,0.02757831638792401,65.78947368421053,0.016980704853883206,63.1578947368421,0.025571100382681677,70.0,0.01543221936740299,70.0,1,1,1,1,sales_and_penetration
1,GROCERY,FLUID MILK PRODUCTS,display_only_vs_none,41,13,11,0.007202126128332577,53.65853658536586,0.0030263380217716573,53.65853658536586,0.007202126128332577,61.53846153846154,0.00043543475181610086,61.53846153846154,1,1,1,1,sales_and_penetration
1,GROCERY,FLUID MILK PRODUCTS,mailer_only_vs_none,41,13,13,0.0196078431372549,53.65853658536586,0.015451923763393029,53.65853658536586,0.0196078431372549,53.84615384615385,0.007725961881696514,53.84615384615385,1,1,1,1,sales_and_penetration
1,GROCERY,FROZEN BREAD/DOUGH,display_only_vs_none,1,1,1,0.1471441223832528,100.0,0.028462157809983894,100.0,0.1471441223832528,100.0,0.028462157809983894,100.0,0,0,0,0,insufficient_support
1,MEAT-PCKGD,FROZEN MEAT,both_vs_additive,1,1,1,0.04221373637174168,100.0,0.048770631059441315,100.0,0.04221373637174168,100.0,0.048770631059441315,100.0,0,0,0,0,insufficient_support
1,MEAT-PCKGD,FROZEN MEAT,both_vs_none,2,2,1,-0.01356310067886804,0.0,0.009616785310615477,50.0,-0.01356310067886804,0.0,0.009616785310615477,50.0,0,0,0,0,insufficient_support
1,MEAT-PCKGD,FROZEN MEAT,display_only_vs_none,1,1,1,-0.007199730769500784,0.0,-0.013756625457200421,0.0,-0.007199730769500784,0.0,-0.013756625457200421,0.0,0,0,0,0,insufficient_support
1,MEAT-PCKGD,FROZEN MEAT,mailer_only_vs_none,3,3,2,0.012820512820512822,66.66666666666666,0.012820512820512822,66.66666666666666,0.012820512820512822,66.66666666666666,0.012820512820512822,66.66666666666666,0,0,0,0,insufficient_support
1,GROCERY,FROZEN PIE/DESSERTS,both_vs_additive,3,3,1,-0.01380952380952381,33.33333333333333,-0.010975631435401551,33.33333333333333,-0.01380952380952381,33.33333333333333,-0.010975631435401551,33.33333333333333,0,0,0,0,insufficient_support
1,GROCERY,FROZEN PIE/DESSERTS,both_vs_none,3,3,1,0.0,33.33333333333333,0.0,33.33333333333333,0.0,33.33333333333333,0.0,33.33333333333333,0,0,0,0,insufficient_support
1,GROCERY,FROZEN PIE/DESSERTS,display_only_vs_none,3,3,1,0.006666666666666666,66.66666666666666,0.006666666666666666,66.66666666666666,0.006666666666666666,66.66666666666666,0.006666666666666666,66.66666666666666,0,0,0,0,insufficient_support
1,GROCERY,FROZEN PIE/DESSERTS,mailer_only_vs_none,4,4,1,-0.012301587301587301,50.0,-0.004365079365079365,50.0,-0.012301587301587301,50.0,-0.004365079365079365,50.0,0,0,0,0,insufficient_support
1,GROCERY,FROZEN PIZZA,both_vs_additive,13,9,6,-0.0032040715694561864,46.15384615384615,0.0018603832065370533,53.84615384615385,-0.0032040715694561864,44.44444444444444,0.0018603832065370533,55.55555555555556,0,0,0,0,insufficient_support
1,GROCERY,FROZEN PIZZA,both_vs_none,14,9,7,0.05002354674326086,92.85714285714286,0.0225,92.85714285714286,0.049424133558748945,88.88888888888889,0.02,88.88888888888889,0,0,0,0,insufficient_support
1,GROCERY,FROZEN PIZZA,display_only_vs_none,15,10,8,0.03508750974426031,80.0,0.011771259305861384,80.0,0.030245084705376984,90.0,0.00977256470482495,90.0,0,0,0,0,insufficient_support
1,GROCERY,FROZEN PIZZA,mailer_only_vs_none,14,10,7,0.0,42.857142857142854,0.0,42.857142857142854,0.0018115942028985507,50.0,0.0007246376811594203,50.0,0,0,0,0,insufficient_support
1,GROCERY,FRUIT - SHELF STABLE,both_vs_additive,18,9,13,0.025576819085757874,66.66666666666666,0.01451617085882154,66.66666666666666,0.020496874219727214,66.66666666666666,0.015037593984962405,55.55555555555556,0,0,0,0,insufficient_support
1,GROCERY,FRUIT - SHELF STABLE,both_vs_none,35,16,24,0.0,40.0,0.0,45.714285714285715,-0.008625064699792961,43.75,-0.0016984325699636298,50.0,1,0,0,0,mixed_or_nonpositive
1,GROCERY,FRUIT - SHELF STABLE,display_only_vs_none,53,23,29,0.0,37.735849056603776,-0.0008318478906714204,35.84905660377358,0.0,43.47826086956522,-0.0006670960618329032,39.130434782608695,1,0,0,0,mixed_or_nonpositive
1,GROCERY,FRUIT - SHELF STABLE,mailer_only_vs_none,79,34,38,0.00027777777777777957,50.63291139240506,0.0,49.36708860759494,0.0073620014245014236,58.82352941176471,0.00464545177045177,55.88235294117647,1,1,0,1,sales_only
1,GROCERY,FRZN BREAKFAST FOODS,both_vs_additive,1,1,1,0.04839974937343359,100.0,0.038471177944862156,100.0,0.04839974937343359,100.0,0.038471177944862156,100.0,0,0,0,0,insufficient_support
1,GROCERY,FRZN BREAKFAST FOODS,both_vs_none,1,1,1,0.04839974937343359,100.0,0.038471177944862156,100.0,0.04839974937343359,100.0,0.038471177944862156,100.0,0,0,0,0,insufficient_support
1,GROCERY,FRZN BREAKFAST FOODS,display_only_vs_none,1,1,1,0.0,0.0,0.0,0.0,0.0,0.0,0.0,0.0,0,0,0,0,insufficient_support
1,GROCERY,FRZN BREAKFAST FOODS,mailer_only_vs_none,1,1,1,0.0,0.0,0.0,0.0,0.0,0.0,0.0,0.0,0,0,0,0,insufficient_support
1,GROCERY,FRZN MEAT/MEAT DINNERS,both_vs_additive,13,11,6,-2.02517788724689e-05,46.15384615384615,-0.0014706040568109534,46.15384615384615,-0.008020257158188193,45.45454545454545,-0.0014706040568109534,45.45454545454545,0,0,0,0,insufficient_support
1,GROCERY,FRZN MEAT/MEAT DINNERS,both_vs_none,14,12,6,0.009546915932364848,64.28571428571429,0.0063080495356037155,64.28571428571429,0.00765615962984384,58.333333333333336,0.004417293233082707,58.333333333333336,0,0,0,0,insufficient_support
1,GROCERY,FRZN MEAT/MEAT DINNERS,display_only_vs_none,14,12,7,0.009675297102414576,64.28571428571429,0.004910360481538796,64.28571428571429,0.008719410965378708,66.66666666666666,0.004744917413020861,66.66666666666666,0,0,0,0,insufficient_support
1,GROCERY,FRZN MEAT/MEAT DINNERS,mailer_only_vs_none,15,13,6,0.0,40.0,0.0,40.0,0.0,38.46153846153847,0.0,38.46153846153847,0,0,0,0,insufficient_support
1,GROCERY,FRZN NOVELTIES/WTR ICE,both_vs_additive,4,2,4,-0.01573248597684688,25.0,-0.007344116311578068,25.0,-0.01573248597684688,0.0,-0.007344116311578068,0.0,0,0,0,0,insufficient_support
1,GROCERY,FRZN NOVELTIES/WTR ICE,both_vs_none,4,2,4,0.0,0.0,0.0,0.0,0.0,0.0,0.0,0.0,0,0,0,0,insufficient_support
1,GROCERY,FRZN NOVELTIES/WTR ICE,display_only_vs_none,5,3,5,0.008223057644110276,60.0,0.0040942874427447925,60.0,0.008223057644110276,66.66666666666666,0.0040942874427447925,66.66666666666666,0,0,0,0,insufficient_support
1,GROCERY,FRZN NOVELTIES/WTR ICE,mailer_only_vs_none,5,3,5,0.0,20.0,0.0,20.0,0.0,33.33333333333333,0.0,33.33333333333333,0,0,0,0,insufficient_support
1,GROCERY,FRZN VEGETABLE/VEG DSH,both_vs_additive,1,1,1,-0.04010943588948704,0.0,-0.01846482233310878,0.0,-0.04010943588948704,0.0,-0.01846482233310878,0.0,0,0,0,0,insufficient_support
1,GROCERY,FRZN VEGETABLE/VEG DSH,both_vs_none,1,1,1,0.006967670011148271,100.0,0.006967670011148271,100.0,0.006967670011148271,100.0,0.006967670011148271,100.0,0,0,0,0,insufficient_support
1,GROCERY,FRZN VEGETABLE/VEG DSH,display_only_vs_none,1,1,1,0.00861556743909685,100.0,0.006201723113487819,100.0,0.00861556743909685,100.0,0.006201723113487819,100.0,0,0,0,0,insufficient_support
1,GROCERY,FRZN VEGETABLE/VEG DSH,mailer_only_vs_none,1,1,1,0.038461538461538464,100.0,0.019230769230769232,100.0,0.038461538461538464,100.0,0.019230769230769232,100.0,0,0,0,0,insufficient_support
1,MEAT-PCKGD,HEAT/SERVE,both_vs_additive,12,5,8,-0.03758358241221145,33.33333333333333,-0.006597774573780765,50.0,-0.036421911421911424,0.0,-0.002809804741256354,40.0,0,0,0,0,insufficient_support
1,MEAT-PCKGD,HEAT/SERVE,both_vs_none,12,5,8,0.00468570318570318,58.333333333333336,0.004113576481997535,58.333333333333336,0.00909090909090909,80.0,0.00909090909090909,80.0,0,0,0,0,insufficient_support
1,MEAT-PCKGD,HEAT/SERVE,display_only_vs_none,12,5,8,0.024325850710767694,83.33333333333334,0.0071099857805265775,75.0,0.025265151515151518,100.0,0.00844988344988345,100.0,0,0,0,0,insufficient_support
1,MEAT-PCKGD,HEAT/SERVE,mailer_only_vs_none,12,5,8,0.024556261292785063,75.0,0.009822504517114024,66.66666666666666,0.020434609250398722,80.0,0.00817384370015949,80.0,0,0,0,0,insufficient_support
1,GROCERY,HISPANIC,display_only_vs_none,3,3,3,0.002125,66.66666666666666,0.00625,66.66666666666666,0.002125,66.66666666666666,0.00625,66.66666666666666,0,0,0,0,insufficient_support
1,GROCERY,HISPANIC,mailer_only_vs_none,4,4,2,-0.004999999999999999,25.0,0.0,25.0,-0.004999999999999999,25.0,0.0,25.0,0,0,0,0,insufficient_support
1,GROCERY,HOT CEREAL,both_vs_additive,4,3,3,-0.011793918918918917,0.0,-0.007429779522802779,0.0,-0.011793918918918917,0.0,-0.007166988416988417,0.0,0,0,0,0,insufficient_support
1,GROCERY,HOT CEREAL,both_vs_none,6,4,4,-0.008542936750301093,0.0,-0.004827716068026146,0.0,-0.008613605119820036,0.0,-0.0050086441225174185,0.0,0,0,0,0,insufficient_support
1,GROCERY,HOT CEREAL,display_only_vs_none,11,6,9,0.01375,63.63636363636363,0.005208333333333333,63.63636363636363,0.0005733288029799656,50.0,0.0,33.33333333333333,0,0,0,0,insufficient_support
1,GROCERY,HOT CEREAL,mailer_only_vs_none,14,7,9,-0.0028086419753086418,14.285714285714285,-0.0015432098765432098,14.285714285714285,-0.0032500000000000003,0.0,-0.0017857142857142857,0.0,0,0,0,0,insufficient_support
1,MEAT-PCKGD,HOT DOGS,both_vs_additive,2,1,2,0.041240120086496135,100.0,0.015030806903180854,50.0,0.041240120086496135,100.0,0.015030806903180854,100.0,0,0,0,0,insufficient_support
1,MEAT-PCKGD,HOT DOGS,both_vs_none,3,2,3,0.07423939575830331,100.0,0.05630843246389465,100.0,0.11077266945239633,100.0,0.04675609579496134,100.0,0,0,0,0,insufficient_support
1,MEAT-PCKGD,HOT DOGS,display_only_vs_none,2,1,2,0.021196165966386554,100.0,0.016132305194805192,100.0,0.021196165966386554,100.0,0.016132305194805192,100.0,0,0,0,0,insufficient_support
1,MEAT-PCKGD,HOT DOGS,mailer_only_vs_none,3,2,3,0.01346938775510204,66.66666666666666,0.006802721088435374,66.66666666666666,0.02067001159438134,100.0,0.009242158401822268,100.0,0,0,0,0,insufficient_support
1,GROCERY,ICE CREAM/MILK/SHERBTS,both_vs_additive,4,4,3,0.0009249484673287713,50.0,0.0036361452509319518,50.0,0.0009249484673287713,50.0,0.0036361452509319518,50.0,0,0,0,0,insufficient_support
1,GROCERY,ICE CREAM/MILK/SHERBTS,both_vs_none,4,4,3,0.0,25.0,0.0,25.0,0.0,25.0,0.0,25.0,0,0,0,0,insufficient_support
1,GROCERY,ICE CREAM/MILK/SHERBTS,display_only_vs_none,4,4,3,0.016401384083044982,50.0,0.0034602076124567475,50.0,0.016401384083044982,50.0,0.0034602076124567475,50.0,0,0,0,0,insufficient_support
1,GROCERY,ICE CREAM/MILK/SHERBTS,mailer_only_vs_none,4,4,3,0.010580844813325349,50.0,0.003272867288440147,50.0,0.010580844813325349,50.0,0.003272867288440147,50.0,0,0,0,0,insufficient_support
1,GROCERY,ISOTONIC DRINKS,both_vs_additive,64,8,28,-0.0007062567850106526,48.4375,-0.00307311554957165,45.3125,-0.008133637189409241,37.5,0.0029445943919628077,62.5,1,0,0,0,mixed_or_nonpositive
1,GROCERY,ISOTONIC DRINKS,both_vs_none,67,9,28,0.003703703703703704,56.71641791044776,0.004166666666666667,55.223880597014926,0.003703703703703704,66.66666666666666,0.004,55.55555555555556,1,1,1,1,sales_and_penetration
1,GROCERY,ISOTONIC DRINKS,display_only_vs_none,69,10,28,0.0,47.82608695652174,0.0,43.47826086956522,0.0,40.0,0.0,40.0,1,0,0,0,mixed_or_nonpositive
1,GROCERY,ISOTONIC DRINKS,mailer_only_vs_none,78,14,29,0.008553370606002185,55.12820512820513,0.003855965463108322,52.56410256410257,0.010884207802113981,64.28571428571429,0.003521242728832017,57.14285714285714,1,1,1,1,sales_and_penetration
1,MEAT-PCKGD,LUNCHMEAT,both_vs_additive,4,1,4,0.05967327095914464,50.0,0.018675450972909933,50.0,0.05967327095914464,100.0,0.018675450972909933,100.0,0,0,0,0,insufficient_support
1,MEAT-PCKGD,LUNCHMEAT,both_vs_none,5,2,5,0.0,40.0,0.0,40.0,0.005431940371456501,50.0,0.0019550342130987292,50.0,0,0,0,0,insufficient_support
1,MEAT-PCKGD,LUNCHMEAT,display_only_vs_none,5,2,5,0.03295124716553288,80.0,0.010416666666666666,80.0,0.04119267290249433,100.0,0.01579350702512467,100.0,0,0,0,0,insufficient_support
1,MEAT-PCKGD,LUNCHMEAT,mailer_only_vs_none,4,1,4,0.0,25.0,0.0,25.0,0.0,0.0,0.0,0.0,0,0,0,0,insufficient_support
1,GROCERY,MARGARINES,both_vs_additive,8,5,5,-0.00804835164835165,37.5,-0.001684981684981688,37.5,0.0,40.0,0.0,40.0,0,0,0,0,insufficient_support
1,GROCERY,MARGARINES,both_vs_none,14,7,8,0.02291666666666667,64.28571428571429,0.02512272089761571,64.28571428571429,0.008333333333333333,57.14285714285714,0.008333333333333333,57.14285714285714,0,0,0,0,insufficient_support
1,GROCERY,MARGARINES,display_only_vs_none,14,7,7,0.008590405783462306,64.28571428571429,0.0048881673881673885,57.14285714285714,0.010196684582797627,71.42857142857143,0.001839826839826841,57.14285714285714,0,0,0,0,insufficient_support
1,GROCERY,MARGARINES,mailer_only_vs_none,15,9,6,0.0,20.0,0.0,20.0,0.0,33.33333333333333,0.0,33.33333333333333,0,0,0,0,insufficient_support
1,MEAT-PCKGD,MEAT - MISC,both_vs_additive,17,7,8,0.06539021164021165,58.82352941176471,0.008597883597883597,58.82352941176471,0.005758189179241813,57.14285714285714,-0.0026924829556408507,42.857142857142854,0,0,0,0,insufficient_support
1,MEAT-PCKGD,MEAT - MISC,both_vs_none,18,8,8,0.09773815359477125,83.33333333333334,0.014571321897323419,83.33333333333334,0.09410708224720321,87.5,0.016586417852581643,100.0,0,0,0,0,insufficient_support
1,MEAT-PCKGD,MEAT - MISC,display_only_vs_none,19,9,8,0.066839874301443,73.68421052631578,0.008169934640522876,73.68421052631578,0.07542813384408834,100.0,0.008169934640522876,100.0,0,0,0,0,insufficient_support
1,MEAT-PCKGD,MEAT - MISC,mailer_only_vs_none,18,8,8,0.01535897435897436,50.0,0.002564102564102564,50.0,0.015602767602767603,62.5,0.0026048026048026045,62.5,0,0,0,0,insufficient_support
1,GROCERY,MEAT - SHELF STABLE,both_vs_additive,182,15,63,0.0004136790282301128,50.0,0.001547135784751884,54.395604395604394,-0.0016499962026277817,40.0,-0.0018939393939393992,46.666666666666664,1,0,0,0,mixed_or_nonpositive
1,GROCERY,MEAT - SHELF STABLE,both_vs_none,186,17,63,0.001445183471499259,52.68817204301075,0.00236303900777585,53.76344086021505,0.0035141941391941406,58.82352941176471,0.0008082268608584405,52.94117647058824,1,1,1,1,sales_and_penetration
1,GROCERY,MEAT - SHELF STABLE,display_only_vs_none,193,22,64,0.0023581802657889617,52.331606217616574,0.002808302808302808,55.95854922279793,0.0,45.45454545454545,0.0,45.45454545454545,1,0,0,0,mixed_or_nonpositive
1,GROCERY,MEAT - SHELF STABLE,mailer_only_vs_none,197,23,64,0.0,46.192893401015226,0.0,46.7005076142132,0.0,47.82608695652174,0.0,39.130434782608695,1,0,0,0,mixed_or_nonpositive
1,GROCERY,MILK BY-PRODUCTS,both_vs_additive,8,2,8,-0.012045109985974713,37.5,-0.009114450745201372,37.5,0.011427163208309606,50.0,0.013440857242694535,50.0,0,0,0,0,insufficient_support
1,GROCERY,MILK BY-PRODUCTS,both_vs_none,10,2,10,0.017895415752985974,70.0,0.014128136673903263,60.0,0.03766037471300629,100.0,0.030251283803915383,100.0,0,0,0,0,insufficient_support
1,GROCERY,MILK BY-PRODUCTS,display_only_vs_none,11,4,9,0.010811466148230855,63.63636363636363,0.00840844564893008,54.54545454545454,0.009764549427610573,75.0,0.007161292647343685,75.0,0,0,0,0,insufficient_support
1,GROCERY,MILK BY-PRODUCTS,mailer_only_vs_none,11,2,11,0.01112160151061753,90.9090909090909,0.009217091610508875,90.9090909090909,0.01847087033114827,100.0,0.009544935240543562,100.0,0,0,0,0,insufficient_support
1,GROCERY,MISC. DAIRY,display_only_vs_none,2,1,2,-0.06976639210156825,50.0,-0.010851667420258126,50.0,-0.06976639210156825,0.0,-0.010851667420258126,0.0,0,0,0,0,insufficient_support
1,MEAT-PCKGD,MISCELLANEOUS,both_vs_additive,2,1,2,-0.010872927072927066,0.0,-0.005718150896722324,50.0,-0.010872927072927066,0.0,-0.005718150896722324,0.0,0,0,0,0,insufficient_support
1,MEAT-PCKGD,MISCELLANEOUS,both_vs_none,3,1,3,0.022000000000000002,66.66666666666666,0.022222222222222223,66.66666666666666,0.022000000000000002,100.0,0.022222222222222223,100.0,0,0,0,0,insufficient_support
1,MEAT-PCKGD,MISCELLANEOUS,display_only_vs_none,5,2,5,0.024222222222222218,100.0,0.018897860180754917,100.0,0.028136090761090762,100.0,0.017880105700829384,100.0,0,0,0,0,insufficient_support
1,MEAT-PCKGD,MISCELLANEOUS,mailer_only_vs_none,3,1,3,0.015314285714285714,66.66666666666666,0.01857142857142857,66.66666666666666,0.015314285714285714,100.0,0.01857142857142857,100.0,0,0,0,0,insufficient_support
1,PRODUCE,NUTS,both_vs_additive,1,1,1,-0.012475611032015714,0.0,-0.006463954969772343,0.0,-0.012475611032015714,0.0,-0.006463954969772343,0.0,0,0,0,0,insufficient_support
1,PRODUCE,NUTS,both_vs_none,1,1,1,-0.028846153846153848,0.0,-0.019230769230769232,0.0,-0.028846153846153848,0.0,-0.019230769230769232,0.0,0,0,0,0,insufficient_support
1,PRODUCE,NUTS,display_only_vs_none,1,1,1,-0.020133084620158195,0.0,-0.015275175465010265,0.0,-0.020133084620158195,0.0,-0.015275175465010265,0.0,0,0,0,0,insufficient_support
1,PRODUCE,NUTS,mailer_only_vs_none,1,1,1,0.0037625418060200644,100.0,0.0025083612040133763,100.0,0.0037625418060200644,100.0,0.0025083612040133763,100.0,0,0,0,0,insufficient_support
1,GROCERY,OLIVES,display_only_vs_none,8,3,8,-0.0034359046890710255,37.5,-0.005957300275482093,37.5,-0.0034359046890710255,33.33333333333333,-0.005957300275482093,33.33333333333333,0,0,0,0,insufficient_support
1,GROCERY,OLIVES,mailer_only_vs_none,1,1,1,-0.022088241593488968,0.0,-0.01734846862283144,0.0,-0.022088241593488968,0.0,-0.01734846862283144,0.0,0,0,0,0,insufficient_support
1,PRODUCE,ONIONS,both_vs_additive,1,1,1,-0.07791454317872723,0.0,-0.031209967030650144,0.0,-0.07791454317872723,0.0,-0.031209967030650144,0.0,0,0,0,0,insufficient_support
1,PRODUCE,ONIONS,both_vs_none,1,1,1,-0.050014005602240896,0.0,-0.02661064425770308,0.0,-0.050014005602240896,0.0,-0.02661064425770308,0.0,0,0,0,0,insufficient_support
1,PRODUCE,ONIONS,display_only_vs_none,1,1,1,-0.021219522755338692,0.0,-0.011793695973012861,0.0,-0.021219522755338692,0.0,-0.011793695973012861,0.0,0,0,0,0,insufficient_support
1,PRODUCE,ONIONS,mailer_only_vs_none,1,1,1,0.04912006033182503,100.0,0.016393018745959925,100.0,0.04912006033182503,100.0,0.016393018745959925,100.0,0,0,0,0,insufficient_support
1,DRUG GM,ORAL HYGIENE PRODUCTS,both_vs_additive,1,1,1,0.0,0.0,0.0,0.0,0.0,0.0,0.0,0.0,0,0,0,0,insufficient_support
1,DRUG GM,ORAL HYGIENE PRODUCTS,both_vs_none,1,1,1,0.0,0.0,0.0,0.0,0.0,0.0,0.0,0.0,0,0,0,0,insufficient_support
1,DRUG GM,ORAL HYGIENE PRODUCTS,display_only_vs_none,1,1,1,0.0,0.0,0.0,0.0,0.0,0.0,0.0,0.0,0,0,0,0,insufficient_support
1,DRUG GM,ORAL HYGIENE PRODUCTS,mailer_only_vs_none,1,1,1,0.0,0.0,0.0,0.0,0.0,0.0,0.0,0.0,0,0,0,0,insufficient_support
1,PRODUCE,ORGANICS FRUIT & VEGETABLES,display_only_vs_none,1,1,1,0.0,0.0,0.0,0.0,0.0,0.0,0.0,0.0,0,0,0,0,insufficient_support
1,PRODUCE,ORGANICS FRUIT & VEGETABLES,mailer_only_vs_none,5,4,2,0.03125,60.0,0.011904761904761904,60.0,0.017797619047619048,50.0,0.005952380952380952,50.0,0,0,0,0,insufficient_support
1,GROCERY,PAPER HOUSEWARES,both_vs_additive,3,2,3,0.022015974221856582,100.0,0.007323232323232327,100.0,0.02377035913432972,100.0,0.01282611383714325,100.0,0,0,0,0,insufficient_support
1,GROCERY,PAPER HOUSEWARES,both_vs_none,5,3,5,0.0,40.0,0.0,40.0,0.0,33.33333333333333,0.0,33.33333333333333,0,0,0,0,insufficient_support
1,GROCERY,PAPER HOUSEWARES,display_only_vs_none,13,5,11,0.004033816425120773,53.84615384615385,0.0024154589371980675,53.84615384615385,0.004033816425120773,60.0,0.0024154589371980675,60.0,0,0,0,0,insufficient_support
1,GROCERY,PAPER HOUSEWARES,mailer_only_vs_none,10,3,9,-0.02517955017940919,20.0,-0.012311601210757134,20.0,-0.03571428571428571,0.0,-0.014285714285714285,0.0,0,0,0,0,insufficient_support
1,GROCERY,PAPER TOWELS,both_vs_additive,4,3,3,0.03564861731623746,50.0,0.014255142687636967,50.0,-0.09252645502645501,33.33333333333333,-0.006613756613756613,33.33333333333333,0,0,0,0,insufficient_support
1,GROCERY,PAPER TOWELS,both_vs_none,4,3,3,-0.10847826086956522,25.0,-0.021739130434782608,25.0,0.0,33.33333333333333,0.0,33.33333333333333,0,0,0,0,insufficient_support
1,GROCERY,PAPER TOWELS,display_only_vs_none,9,4,7,-0.007230489417989419,33.33333333333333,-0.0038029100529100527,33.33333333333333,-0.0036152447089947094,25.0,-0.0019014550264550263,25.0,0,0,0,0,insufficient_support
1,GROCERY,PAPER TOWELS,mailer_only_vs_none,5,4,4,0.0,40.0,0.0,40.0,0.011904761904761904,50.0,0.010532407407407407,50.0,0,0,0,0,insufficient_support
1,GROCERY,PASTA SAUCE,both_vs_additive,13,8,9,-0.020906620182935973,46.15384615384615,-0.01607142857142857,46.15384615384615,-0.03657831009146799,37.5,-0.020426685238148598,37.5,0,0,0,0,insufficient_support
1,GROCERY,PASTA SAUCE,both_vs_none,15,9,11,0.0,40.0,0.0,40.0,0.0,44.44444444444444,0.0,33.33333333333333,0,0,0,0,insufficient_support
1,GROCERY,PASTA SAUCE,display_only_vs_none,22,10,16,0.02505195183892312,68.18181818181817,0.011964285714285715,63.63636363636363,0.019890889322545208,70.0,0.012552473756034127,70.0,1,1,1,1,sales_and_penetration
1,GROCERY,PASTA SAUCE,mailer_only_vs_none,28,13,22,0.0,42.857142857142854,0.0,39.285714285714285,0.010092592592592589,53.84615384615385,0.005462962962962961,53.84615384615385,1,0,0,0,mixed_or_nonpositive
1,PRODUCE,PEPPERS-ALL,display_only_vs_none,2,1,2,-0.006816514726836816,50.0,0.0016379197796826343,100.0,-0.006816514726836816,0.0,0.0016379197796826343,100.0,0,0,0,0,insufficient_support
1,PRODUCE,PEPPERS-ALL,mailer_only_vs_none,2,1,2,0.006698070514310924,50.0,0.007835354472183118,50.0,0.006698070514310924,100.0,0.007835354472183118,100.0,0,0,0,0,insufficient_support
1,GROCERY,PICKLE/RELISH/PKLD VEG,both_vs_none,1,1,1,-0.23529411764705882,0.0,-0.029411764705882353,0.0,-0.23529411764705882,0.0,-0.029411764705882353,0.0,0,0,0,0,insufficient_support
1,GROCERY,PICKLE/RELISH/PKLD VEG,display_only_vs_none,4,3,4,-0.005840366961029706,25.0,-0.0035600392427544273,25.0,-0.005840366961029706,33.33333333333333,-0.0035600392427544273,33.33333333333333,0,0,0,0,insufficient_support
1,GROCERY,PICKLE/RELISH/PKLD VEG,mailer_only_vs_none,2,2,2,-0.007815709617180219,50.0,0.002159197012138188,50.0,-0.007815709617180219,50.0,0.002159197012138188,50.0,0,0,0,0,insufficient_support
1,GROCERY,PNT BTR/JELLY/JAMS,both_vs_additive,56,4,49,-0.00714084846149636,46.42857142857143,0.0016685921304381603,53.57142857142857,-0.029134919093082114,25.0,-0.002409803119415417,50.0,0,0,0,0,insufficient_support
1,GROCERY,PNT BTR/JELLY/JAMS,both_vs_none,59,5,50,0.013095238095238094,66.10169491525424,0.007352941176470588,62.71186440677966,0.008658008658008656,100.0,0.0071162547159686835,100.0,1,1,1,1,sales_and_penetration
1,GROCERY,PNT BTR/JELLY/JAMS,display_only_vs_none,63,6,50,0.005052193053529955,53.96825396825397,-0.0019046100315143208,46.03174603174603,0.0040017101600692126,66.66666666666666,-0.00127831938354504,16.666666666666664,1,1,0,1,sales_only
1,GROCERY,PNT BTR/JELLY/JAMS,mailer_only_vs_none,60,6,49,0.010091117216117215,58.333333333333336,0.0012108640517731416,51.66666666666667,0.008764771460423634,66.66666666666666,0.001940993788819876,50.0,1,1,0,1,sales_only
1,PRODUCE,POPCORN,display_only_vs_none,1,1,1,-0.01452991452991452,0.0,-0.005502136752136753,0.0,-0.01452991452991452,0.0,-0.005502136752136753,0.0,0,0,0,0,insufficient_support
1,PRODUCE,POTATOES,both_vs_none,2,1,2,0.058823529411764705,50.0,0.029411764705882353,50.0,0.058823529411764705,100.0,0.029411764705882353,100.0,0,0,0,0,insufficient_support
1,PRODUCE,POTATOES,display_only_vs_none,4,2,3,0.04969543603422781,75.0,0.014930852971447613,75.0,0.05753949088783164,100.0,0.016239181838543296,100.0,0,0,0,0,insufficient_support
1,PRODUCE,POTATOES,mailer_only_vs_none,2,2,2,0.11921568627450982,100.0,0.048867102396514164,100.0,0.11921568627450982,100.0,0.048867102396514164,100.0,0,0,0,0,insufficient_support
1,PRODUCE,PROCESSED,display_only_vs_none,4,3,4,0.010356701940035273,75.0,0.007760141093474426,75.0,0.016952734861128003,66.66666666666666,0.011895854529427097,66.66666666666666,0,0,0,0,insufficient_support
1,PRODUCE,PROCESSED,mailer_only_vs_none,3,3,2,-0.00946969696969697,0.0,-0.003787878787878788,0.0,-0.00946969696969697,0.0,-0.003787878787878788,0.0,0,0,0,0,insufficient_support
1,GROCERY,PWDR/CRYSTL DRNK MX,display_only_vs_none,6,3,3,0.007236233252243106,83.33333333333334,0.008273750754953763,66.66666666666666,0.006879165807737236,100.0,0.0010776760489404173,66.66666666666666,0,0,0,0,insufficient_support
1,GROCERY,REFRGRATD DOUGH PRODUCTS,both_vs_additive,11,8,5,-0.004621191553544499,36.36363636363637,-0.0063775510204081625,45.45454545454545,-0.014559745436636193,37.5,-0.009138687526292568,37.5,0,0,0,0,insufficient_support
1,GROCERY,REFRGRATD DOUGH PRODUCTS,both_vs_none,13,9,6,0.0,30.76923076923077,0.0,30.76923076923077,0.0,33.33333333333333,0.0,33.33333333333333,0,0,0,0,insufficient_support
1,GROCERY,REFRGRATD DOUGH PRODUCTS,display_only_vs_none,11,8,5,0.0,45.45454545454545,0.0,36.36363636363637,0.01848131313131313,62.5,0.007575757575757576,50.0,0,0,0,0,insufficient_support
1,GROCERY,REFRGRATD DOUGH PRODUCTS,mailer_only_vs_none,15,10,8,0.0,46.666666666666664,0.0,46.666666666666664,0.007933333333333332,50.0,0.0,40.0,0,0,0,0,insufficient_support
1,GROCERY,REFRGRATD JUICES/DRNKS,both_vs_additive,19,11,15,0.0,47.368421052631575,0.006812388391335759,52.63157894736842,-0.0005480939122958573,36.36363636363637,0.0,45.45454545454545,0,0,0,0,insufficient_support
1,GROCERY,REFRGRATD JUICES/DRNKS,both_vs_none,22,13,18,0.0033333333333333335,50.0,0.0,45.45454545454545,0.0,38.46153846153847,0.0,38.46153846153847,1,0,0,0,mixed_or_nonpositive
1,GROCERY,REFRGRATD JUICES/DRNKS,display_only_vs_none,24,13,17,0.0,37.5,0.0,37.5,0.0,38.46153846153847,0.0,38.46153846153847,1,0,0,0,mixed_or_nonpositive
1,GROCERY,REFRGRATD JUICES/DRNKS,mailer_only_vs_none,30,17,20,0.006847231732199053,56.666666666666664,0.0056997810347483545,56.666666666666664,0.0007423132183908034,52.94117647058824,0.0028490028490028487,52.94117647058824,1,1,1,1,sales_and_penetration
1,NUTRITION,REFRIGERATED,mailer_only_vs_none,2,2,2,-0.17004662004662002,0.0,-0.017599067599067597,50.0,-0.17004662004662002,0.0,-0.017599067599067597,50.0,0,0,0,0,insufficient_support
1,PASTRY,ROLLS,both_vs_additive,1,1,1,0.09274629851940777,100.0,0.036261171135120715,100.0,0.09274629851940777,100.0,0.036261171135120715,100.0,0,0,0,0,insufficient_support
1,PASTRY,ROLLS,both_vs_none,1,1,1,0.1758823529411765,100.0,0.058823529411764705,100.0,0.1758823529411765,100.0,0.058823529411764705,100.0,0,0,0,0,insufficient_support
1,PASTRY,ROLLS,display_only_vs_none,1,1,1,0.08313605442176872,100.0,0.02256235827664399,100.0,0.08313605442176872,100.0,0.02256235827664399,100.0,0,0,0,0,insufficient_support
1,PASTRY,ROLLS,mailer_only_vs_none,1,1,1,0.0,0.0,0.0,0.0,0.0,0.0,0.0,0.0,0,0,0,0,insufficient_support
1,PRODUCE,SALAD MIX,both_vs_none,1,1,1,-0.07880462184873951,0.0,0.013865546218487387,100.0,-0.07880462184873951,0.0,0.013865546218487387,100.0,0,0,0,0,insufficient_support
1,PRODUCE,SALAD MIX,mailer_only_vs_none,22,13,5,0.005450442517252858,50.0,0.007290762552859326,59.09090909090909,0.010900885034505717,53.84615384615385,0.003776973782418429,61.53846153846154,1,0,1,1,penetration_only
1,GROCERY,SALD DRSNG/SNDWCH SPRD,both_vs_additive,83,13,44,-0.0037781664723193914,43.373493975903614,0.0,49.39759036144578,-0.0027963556964287683,38.46153846153847,-0.00121817482928594,38.46153846153847,1,0,0,0,mixed_or_nonpositive
1,GROCERY,SALD DRSNG/SNDWCH SPRD,both_vs_none,87,15,46,0.0,47.12643678160919,0.0,49.42528735632184,0.0,33.33333333333333,0.0,40.0,1,0,0,0,mixed_or_nonpositive
1,GROCERY,SALD DRSNG/SNDWCH SPRD,display_only_vs_none,88,18,46,0.006817037581336884,55.68181818181818,0.002225783475783474,52.27272727272727,0.006557683839840284,55.55555555555556,0.0019939252204698426,55.55555555555556,1,1,1,1,sales_and_penetration
1,GROCERY,SALD DRSNG/SNDWCH SPRD,mailer_only_vs_none,90,17,47,0.0035538063909774428,51.11111111111111,0.0012659215784215777,52.22222222222223,0.0,47.05882352941176,0.0,47.05882352941176,1,0,0,0,mixed_or_nonpositive
1,SEAFOOD-PCKGD,SEAFOOD - FROZEN,both_vs_additive,3,3,1,0.011220633314054373,100.0,0.0015232052890796393,66.66666666666666,0.011220633314054373,100.0,0.0015232052890796393,66.66666666666666,0,0,0,0,insufficient_support
1,SEAFOOD-PCKGD,SEAFOOD - FROZEN,both_vs_none,4,4,1,0.04786579888365603,75.0,0.0040807146070303965,75.0,0.04786579888365603,75.0,0.0040807146070303965,75.0,0,0,0,0,insufficient_support
1,SEAFOOD-PCKGD,SEAFOOD - FROZEN,display_only_vs_none,5,5,1,0.037239216936233464,80.0,0.0038186750528007027,80.0,0.037239216936233464,80.0,0.0038186750528007027,80.0,0,0,0,0,insufficient_support
1,SEAFOOD-PCKGD,SEAFOOD - FROZEN,mailer_only_vs_none,3,3,1,0.0,0.0,0.0,0.0,0.0,0.0,0.0,0.0,0,0,0,0,insufficient_support
1,SEAFOOD-PCKGD,SEAFOOD - MISC,both_vs_additive,1,1,1,0.01629282343568058,100.0,0.01629282343568058,100.0,0.01629282343568058,100.0,0.01629282343568058,100.0,0,0,0,0,insufficient_support
1,SEAFOOD-PCKGD,SEAFOOD - MISC,both_vs_none,1,1,1,0.022222222222222223,100.0,0.022222222222222223,100.0,0.022222222222222223,100.0,0.022222222222222223,100.0,0,0,0,0,insufficient_support
1,SEAFOOD-PCKGD,SEAFOOD - MISC,display_only_vs_none,1,1,1,0.005929398786541643,100.0,0.005929398786541643,100.0,0.005929398786541643,100.0,0.005929398786541643,100.0,0,0,0,0,insufficient_support
1,SEAFOOD-PCKGD,SEAFOOD - MISC,mailer_only_vs_none,1,1,1,0.0,0.0,0.0,0.0,0.0,0.0,0.0,0.0,0,0,0,0,insufficient_support
1,GROCERY,SEAFOOD - SHELF STABLE,both_vs_additive,58,4,38,0.018374999999999996,55.172413793103445,0.006324462574462571,58.620689655172406,0.06019196993944884,75.0,0.027130959927012553,75.0,0,0,0,0,insufficient_support
1,GROCERY,SEAFOOD - SHELF STABLE,both_vs_none,60,4,40,-0.01757564845958606,30.0,-0.007954545454545454,33.33333333333333,0.028862545018007207,50.0,0.013516675237212993,50.0,0,0,0,0,insufficient_support
1,GROCERY,SEAFOOD - SHELF STABLE,display_only_vs_none,84,5,53,-0.0004062052423877728,44.047619047619044,-0.004988514957264956,40.476190476190474,-0.0002388241198982878,40.0,-0.004946054478521108,20.0,1,0,0,0,mixed_or_nonpositive
1,GROCERY,SEAFOOD - SHELF STABLE,mailer_only_vs_none,89,7,52,0.0,48.31460674157304,0.0005747126436781609,50.56179775280899,-0.0005573119567661051,42.857142857142854,-0.0013542254846602639,42.857142857142854,1,0,0,0,mixed_or_nonpositive
1,GROCERY,SHORTENING/OIL,both_vs_additive,41,4,31,0.009004153729450182,58.536585365853654,0.0046884165461240565,60.97560975609756,0.008067167617662931,75.0,0.0055908193508999934,75.0,0,0,0,0,insufficient_support
1,GROCERY,SHORTENING/OIL,both_vs_none,41,4,31,-0.009944444444444443,34.146341463414636,-0.005555555555555555,34.146341463414636,-0.04549383511225617,0.0,-0.01825772911299227,0.0,0,0,0,0,insufficient_support
1,GROCERY,SHORTENING/OIL,display_only_vs_none,70,5,49,0.0,45.714285714285715,0.0,45.714285714285715,-0.003147092490842487,40.0,-0.0025132275132275133,40.0,1,0,0,0,mixed_or_nonpositive
1,GROCERY,SHORTENING/OIL,mailer_only_vs_none,76,5,51,-0.009389850427350424,34.21052631578947,-0.005158730158730159,32.89473684210527,-0.009389850427350424,20.0,-0.005158730158730159,20.0,1,0,0,0,mixed_or_nonpositive
1,GROCERY,SNACK NUTS,both_vs_additive,1,1,1,0.005197753396029257,100.0,0.001987380435656298,100.0,0.005197753396029257,100.0,0.001987380435656298,100.0,0,0,0,0,insufficient_support
1,GROCERY,SNACK NUTS,both_vs_none,1,1,1,-0.01356060606060606,0.0,-0.007575757575757576,0.0,-0.01356060606060606,0.0,-0.007575757575757576,0.0,0,0,0,0,insufficient_support
1,GROCERY,SNACK NUTS,display_only_vs_none,2,2,2,0.0452511492579282,50.0,0.006244803629187359,50.0,0.0452511492579282,50.0,0.006244803629187359,50.0,0,0,0,0,insufficient_support
1,GROCERY,SNACK NUTS,mailer_only_vs_none,1,1,1,-0.01356060606060606,0.0,-0.007575757575757576,0.0,-0.01356060606060606,0.0,-0.007575757575757576,0.0,0,0,0,0,insufficient_support
1,NUTRITION,SNKS/CKYS/CRKR/CNDY,display_only_vs_none,1,1,1,0.1827777777777778,100.0,0.027777777777777776,100.0,0.1827777777777778,100.0,0.027777777777777776,100.0,0,0,0,0,insufficient_support
1,NUTRITION,SNKS/CKYS/CRKR/CNDY,mailer_only_vs_none,1,1,1,0.0,0.0,0.0,0.0,0.0,0.0,0.0,0.0,0,0,0,0,insufficient_support
1,GROCERY,SOFT DRINKS,both_vs_additive,80,41,23,0.008055291827998573,56.25,0.003266168863703716,55.00000000000001,0.013655825357438261,56.09756097560976,0.004545454545454545,58.536585365853654,1,1,1,1,sales_and_penetration
1,GROCERY,SOFT DRINKS,both_vs_none,91,45,26,0.04807692307692308,75.82417582417582,0.017301217301217302,73.62637362637363,0.033452714886796235,77.77777777777779,0.01701868307131465,73.33333333333333,1,1,1,1,sales_and_penetration
1,GROCERY,SOFT DRINKS,display_only_vs_none,104,58,28,0.0017123015873015887,50.96153846153846,0.0005555555555555556,50.0,0.009120047514619888,55.172413793103445,0.002807895288093408,55.172413793103445,1,1,0,1,sales_only
1,GROCERY,SOFT DRINKS,mailer_only_vs_none,104,59,25,0.02342140433712652,66.34615384615384,0.00996188594014681,65.38461538461539,0.008629667116509226,66.10169491525424,0.0064285714285714285,66.10169491525424,1,1,1,1,sales_and_penetration
1,GROCERY,SOUP,both_vs_additive,104,18,45,-0.003968080266839365,47.11538461538461,-0.00025432469531848356,48.07692307692308,-0.007474828115279093,38.88888888888889,-0.0009016586179081609,38.88888888888889,1,0,0,0,mixed_or_nonpositive
1,GROCERY,SOUP,both_vs_none,112,20,45,0.0,49.107142857142854,0.007327441077441077,54.46428571428571,0.0,45.0,0.0035717896865520723,55.00000000000001,1,0,1,1,penetration_only
1,GROCERY,SOUP,display_only_vs_none,143,28,53,0.0,46.85314685314685,0.0,48.25174825174825,0.0,42.857142857142854,0.0,42.857142857142854,1,0,0,0,mixed_or_nonpositive
1,GROCERY,SOUP,mailer_only_vs_none,151,30,56,0.0,49.00662251655629,0.0,48.34437086092716,1.3197586726998315e-05,50.0,0.0,43.333333333333336,1,0,0,0,mixed_or_nonpositive
1,GROCERY,SPICES & EXTRACTS,both_vs_additive,7,3,7,0.013862146307798478,71.42857142857143,0.010783298826777088,71.42857142857143,0.013862146307798478,100.0,0.010783298826777088,100.0,0,0,0,0,insufficient_support
1,GROCERY,SPICES & EXTRACTS,both_vs_none,7,3,7,0.0,42.857142857142854,0.0,42.857142857142854,0.0,33.33333333333333,0.0,33.33333333333333,0,0,0,0,insufficient_support
1,GROCERY,SPICES & EXTRACTS,display_only_vs_none,9,5,7,0.0,33.33333333333333,0.0,33.33333333333333,0.0,20.0,0.0,20.0,0,0,0,0,insufficient_support
1,GROCERY,SPICES & EXTRACTS,mailer_only_vs_none,8,4,7,0.0,25.0,0.0,25.0,0.0,25.0,0.0,25.0,0,0,0,0,insufficient_support
1,GROCERY,SUGARS/SWEETNERS,both_vs_additive,18,3,15,-0.015312793052003414,44.44444444444444,-0.005021328553665588,44.44444444444444,-0.028043478260869566,33.33333333333333,0.003968253968253968,66.66666666666666,0,0,0,0,insufficient_support
1,GROCERY,SUGARS/SWEETNERS,both_vs_none,20,3,17,0.004874999999999999,50.0,0.010876274825550189,55.00000000000001,0.0,33.33333333333333,0.0,33.33333333333333,0,0,0,0,insufficient_support
1,GROCERY,SUGARS/SWEETNERS,display_only_vs_none,30,4,24,0.003897284679694378,50.0,0.0010101010101010097,50.0,0.004218757282375925,50.0,0.006035573153038047,50.0,0,0,0,0,insufficient_support
1,GROCERY,SUGARS/SWEETNERS,mailer_only_vs_none,27,3,22,0.01653846153846154,55.55555555555556,0.004688832054560955,55.55555555555556,0.028043478260869566,100.0,0.004629629629629629,100.0,0,0,0,0,insufficient_support
1,PRODUCE,TOMATOES,both_vs_additive,1,1,1,-0.06343125624375624,0.0,-0.02248376623376623,0.0,-0.06343125624375624,0.0,-0.02248376623376623,0.0,0,0,0,0,insufficient_support
1,PRODUCE,TOMATOES,both_vs_none,1,1,1,0.0,0.0,0.0,0.0,0.0,0.0,0.0,0.0,0,0,0,0,insufficient_support
1,PRODUCE,TOMATOES,display_only_vs_none,2,2,1,-0.07141134906759908,50.0,-0.02477418414918415,50.0,-0.07141134906759908,50.0,-0.02477418414918415,50.0,0,0,0,0,insufficient_support
1,PRODUCE,TOMATOES,mailer_only_vs_none,1,1,1,0.03701298701298701,100.0,0.016233766233766232,100.0,0.03701298701298701,100.0,0.016233766233766232,100.0,0,0,0,0,insufficient_support
1,DRUG GM,TOYS AND GAMES,both_vs_additive,1,1,1,-0.08893805142733033,0.0,-0.03998397110792493,0.0,-0.08893805142733033,0.0,-0.03998397110792493,0.0,0,0,0,0,insufficient_support
1,DRUG GM,TOYS AND GAMES,both_vs_none,1,1,1,0.0101010101010101,100.0,0.00505050505050505,100.0,0.0101010101010101,100.0,0.00505050505050505,100.0,0,0,0,0,insufficient_support
1,DRUG GM,TOYS AND GAMES,display_only_vs_none,1,1,1,0.029740815914305344,100.0,0.015209914754921207,100.0,0.029740815914305344,100.0,0.015209914754921207,100.0,0,0,0,0,insufficient_support
1,DRUG GM,TOYS AND GAMES,mailer_only_vs_none,1,1,1,0.06929824561403508,100.0,0.02982456140350877,100.0,0.06929824561403508,100.0,0.02982456140350877,100.0,0,0,0,0,insufficient_support
1,PRODUCE,VALUE ADDED VEGETABLES,mailer_only_vs_none,1,1,1,0.0,0.0,0.0,0.0,0.0,0.0,0.0,0.0,0,0,0,0,insufficient_support
1,PRODUCE,VEGETABLES - ALL OTHERS,display_only_vs_none,7,3,3,-0.005571054797932275,28.57142857142857,-0.005257936507936503,28.57142857142857,-0.005571054797932275,33.33333333333333,-0.005257936507936503,33.33333333333333,0,0,0,0,insufficient_support
1,PRODUCE,VEGETABLES - ALL OTHERS,mailer_only_vs_none,3,1,3,0.056693881763231604,66.66666666666666,0.049395207475702835,66.66666666666666,0.056693881763231604,100.0,0.049395207475702835,100.0,0,0,0,0,insufficient_support
1,GROCERY,VEGETABLES - SHELF STABLE,both_vs_additive,245,18,73,0.00174595543345543,53.87755102040816,0.0036195286195286197,57.14285714285714,0.0016611675177797386,66.66666666666666,0.003185442987429574,72.22222222222221,1,1,1,1,sales_and_penetration
1,GROCERY,VEGETABLES - SHELF STABLE,both_vs_none,253,18,74,0.0,45.8498023715415,0.0017297979797979805,52.17391304347826,0.0,38.88888888888889,0.000992063492063492,50.0,1,0,0,0,mixed_or_nonpositive
1,GROCERY,VEGETABLES - SHELF STABLE,display_only_vs_none,291,32,75,-0.0003527336860670166,41.92439862542955,0.0,42.61168384879725,-0.003368004894920604,21.875,-0.002068688174465644,31.25,1,0,0,0,mixed_or_nonpositive
1,GROCERY,VEGETABLES - SHELF STABLE,mailer_only_vs_none,300,31,75,0.0,49.666666666666664,-0.0005243396456529915,46.0,-0.00016099773242630316,41.935483870967744,-0.001960792475498357,32.25806451612903,1,0,0,0,mixed_or_nonpositive
1,PRODUCE,VEGETABLES SALAD,display_only_vs_none,5,1,5,-0.01974849775946594,40.0,-0.01820034245384567,40.0,-0.01974849775946594,0.0,-0.01820034245384567,0.0,0,0,0,0,insufficient_support
1,GROCERY,WAREHOUSE SNACKS,both_vs_additive,21,4,12,0.0033604788069073743,57.14285714285714,0.004547400091719651,66.66666666666666,0.0026929181728146665,50.0,0.004808707255172683,75.0,0,0,0,0,insufficient_support
1,GROCERY,WAREHOUSE SNACKS,both_vs_none,24,4,14,0.01857198943650687,75.0,0.01285140576018249,66.66666666666666,0.01122769018934805,100.0,0.013741783326602953,100.0,0,0,0,0,insufficient_support
1,GROCERY,WAREHOUSE SNACKS,display_only_vs_none,24,5,14,0.006158048446651387,66.66666666666666,0.006092596129360835,66.66666666666666,0.004494668321874203,80.0,0.0057566208301502424,80.0,1,1,1,1,sales_and_penetration
1,GROCERY,WAREHOUSE SNACKS,mailer_only_vs_none,25,6,13,0.007933333333333332,60.0,0.005494505494505494,60.0,0.00473058608058608,66.66666666666666,0.003250783033391729,66.66666666666666,1,1,1,1,sales_and_penetration
1,NUTRITION,WATER,both_vs_additive,1,1,1,0.01794657097288676,100.0,0.011038011695906434,100.0,0.01794657097288676,100.0,0.011038011695906434,100.0,0,0,0,0,insufficient_support
1,NUTRITION,WATER,both_vs_none,1,1,1,0.038815789473684206,100.0,0.025657894736842105,100.0,0.038815789473684206,100.0,0.025657894736842105,100.0,0,0,0,0,insufficient_support
1,NUTRITION,WATER,display_only_vs_none,1,1,1,0.020869218500797447,100.0,0.014619883040935672,100.0,0.020869218500797447,100.0,0.014619883040935672,100.0,0,0,0,0,insufficient_support
1,NUTRITION,WATER,mailer_only_vs_none,1,1,1,0.0,0.0,0.0,0.0,0.0,0.0,0.0,0.0,0,0,0,0,insufficient_support
1,GROCERY,WATER - CARBONATED/FLVRD DRINK,both_vs_additive,21,2,20,-0.017569136968201143,38.095238095238095,-0.002797271471513897,42.857142857142854,-0.09917880837534916,0.0,-0.015679795257596312,50.0,0,0,0,0,insufficient_support
1,GROCERY,WATER - CARBONATED/FLVRD DRINK,both_vs_none,25,4,23,0.009946581196581199,52.0,0.004896723646723647,52.0,0.00198059137757667,50.0,3.218744762862203e-05,50.0,0,0,0,0,insufficient_support
1,GROCERY,WATER - CARBONATED/FLVRD DRINK,display_only_vs_none,26,5,24,0.045865139623116474,80.76923076923077,0.010845693967351721,80.76923076923077,0.03361801242236025,80.0,0.0106951871657754,80.0,1,1,1,1,sales_and_penetration
1,GROCERY,WATER - CARBONATED/FLVRD DRINK,mailer_only_vs_none,22,3,21,0.0,45.45454545454545,0.0,45.45454545454545,0.0,33.33333333333333,0.0,33.33333333333333,0,0,0,0,insufficient_support
1,GROCERY,YOGURT,both_vs_additive,17,14,10,-0.006606801093643193,35.294117647058826,-0.0027513227513227515,41.17647058823529,-0.006620996799200458,35.714285714285715,-0.0029796024881091044,42.857142857142854,0,0,0,0,insufficient_support
1,GROCERY,YOGURT,both_vs_none,29,23,12,0.0,34.48275862068966,0.0,31.03448275862069,0.0,39.130434782608695,0.0,34.78260869565217,1,0,0,0,mixed_or_nonpositive
1,GROCERY,YOGURT,display_only_vs_none,27,22,13,0.006842105263157895,59.25925925925925,0.0027513227513227515,55.55555555555556,0.007358813931996382,54.54545454545454,0.0013756613756613757,50.0,1,1,0,1,sales_only
1,GROCERY,YOGURT,mailer_only_vs_none,46,38,13,0.007319882498453927,60.86956521739131,0.010061729326839217,60.86956521739131,0.004445547203102148,60.526315789473685,0.006084917497960977,60.526315789473685,1,1,1,1,sales_and_penetration
2,DRUG GM,BABY HBC,mailer_only_vs_none,1,1,1,0.008333333333333333,100.0,0.008333333333333333,100.0,0.008333333333333333,100.0,0.008333333333333333,100.0,0,0,0,0,insufficient_support
2,MEAT-PCKGD,BACON,mailer_only_vs_none,2,2,1,0.07136578247519743,50.0,0.017147143138191726,50.0,0.07136578247519743,50.0,0.017147143138191726,50.0,0,0,0,0,insufficient_support
2,GROCERY,BAG SNACKS,both_vs_additive,30,17,13,-0.01247515764852726,36.666666666666664,-0.004864682679118472,36.666666666666664,-0.012959073654572661,29.411764705882355,-0.004721294123648238,29.411764705882355,1,0,0,0,mixed_or_nonpositive
2,GROCERY,BAG SNACKS,both_vs_none,32,18,13,0.0,37.5,0.0,37.5,0.0,38.88888888888889,0.0,38.88888888888889,1,0,0,0,mixed_or_nonpositive
2,GROCERY,BAG SNACKS,display_only_vs_none,40,24,14,0.007695496063912318,57.49999999999999,0.003318174735781252,55.00000000000001,0.005883475934223016,58.333333333333336,0.002591623251122356,54.166666666666664,1,1,1,1,sales_and_penetration
2,GROCERY,BAG SNACKS,mailer_only_vs_none,36,21,13,0.0,44.44444444444444,0.0,44.44444444444444,0.001218253968253969,52.38095238095239,0.0002368096997253013,52.38095238095239,1,0,0,0,mixed_or_nonpositive
2,GROCERY,BAKED BREAD/BUNS/ROLLS,both_vs_additive,37,11,11,-0.0038632388775245927,48.64864864864865,-0.0005685566035819392,48.64864864864865,-0.009570043368180021,36.36363636363637,-0.0022907578717586835,36.36363636363637,1,0,0,0,mixed_or_nonpositive
2,GROCERY,BAKED BREAD/BUNS/ROLLS,both_vs_none,39,12,12,0.002276295133437991,53.84615384615385,0.005128205128205128,61.53846153846154,0.0021471536423785745,66.66666666666666,0.0038526949241234954,66.66666666666666,1,1,1,1,sales_and_penetration
2,GROCERY,BAKED BREAD/BUNS/ROLLS,display_only_vs_none,79,34,17,0.0005712366474284504,51.89873417721519,0.0014680557537339479,53.16455696202531,0.0009445793324119245,52.94117647058824,0.0015028871152746746,55.88235294117647,1,1,1,1,sales_and_penetration
2,GROCERY,BAKED BREAD/BUNS/ROLLS,mailer_only_vs_none,55,26,14,0.007104166666666667,52.72727272727272,0.0031983278158884774,56.36363636363636,0.007385348527183665,57.692307692307686,0.005351165669428465,61.53846153846154,1,1,1,1,sales_and_penetration
2,GROCERY,BAKED SWEET GOODS,mailer_only_vs_none,1,1,1,0.0,0.0,0.0,0.0,0.0,0.0,0.0,0.0,0,0,0,0,insufficient_support
2,GROCERY,BAKING MIXES,both_vs_additive,5,4,4,0.01492063492063492,60.0,-0.0005952380952380949,40.0,0.0365958854526966,75.0,0.007341352532916004,50.0,0,0,0,0,insufficient_support
2,GROCERY,BAKING MIXES,both_vs_none,10,5,8,0.011085317460317459,60.0,0.0074900793650793645,50.0,0.012222222222222221,80.0,0.014980158730158729,60.0,0,0,0,0,insufficient_support
2,GROCERY,BAKING MIXES,display_only_vs_none,14,6,12,-0.004071545874472371,35.714285714285715,-0.006308288540957148,35.714285714285715,-0.007989143615005684,16.666666666666664,-0.006341575091575092,16.666666666666664,0,0,0,0,insufficient_support
2,GROCERY,BAKING MIXES,mailer_only_vs_none,16,7,13,0.0,37.5,0.0,43.75,0.0,42.857142857142854,0.0,42.857142857142854,0,0,0,0,insufficient_support
2,GROCERY,BAKING NEEDS,both_vs_additive,3,1,3,-0.021300109104987152,33.33333333333333,-0.010650054552493576,33.33333333333333,-0.021300109104987152,0.0,-0.010650054552493576,0.0,0,0,0,0,insufficient_support
2,GROCERY,BAKING NEEDS,both_vs_none,4,1,4,0.06926406926406926,75.0,0.011363636363636364,50.0,0.06926406926406926,100.0,0.011363636363636364,100.0,0,0,0,0,insufficient_support
2,GROCERY,BAKING NEEDS,display_only_vs_none,9,5,7,0.0020202020202020193,55.55555555555556,0.0010101010101010097,55.55555555555556,0.0019409496582613196,60.0,0.00168461069819859,60.0,0,0,0,0,insufficient_support
2,GROCERY,BAKING NEEDS,mailer_only_vs_none,7,1,7,0.010188997993876042,57.14285714285714,0.005421245421245426,71.42857142857143,0.010188997993876042,100.0,0.005421245421245426,100.0,0,0,0,0,insufficient_support
2,GROCERY,BATH TISSUES,both_vs_additive,1,1,1,-0.04313725490196079,0.0,-0.018137254901960786,0.0,-0.04313725490196079,0.0,-0.018137254901960786,0.0,0,0,0,0,insufficient_support
2,GROCERY,BATH TISSUES,both_vs_none,1,1,1,0.0,0.0,0.0,0.0,0.0,0.0,0.0,0.0,0,0,0,0,insufficient_support
2,GROCERY,BATH TISSUES,display_only_vs_none,3,3,2,0.0,33.33333333333333,0.0,33.33333333333333,0.0,33.33333333333333,0.0,33.33333333333333,0,0,0,0,insufficient_support
2,GROCERY,BATH TISSUES,mailer_only_vs_none,1,1,1,0.04313725490196079,100.0,0.018137254901960786,100.0,0.04313725490196079,100.0,0.018137254901960786,100.0,0,0,0,0,insufficient_support
2,GROCERY,BEANS - CANNED GLASS & MW,both_vs_additive,23,4,20,-0.0020739343080984733,47.82608695652174,-0.001068376068376068,47.82608695652174,0.00442596013907711,75.0,0.0003969139535986133,50.0,0,0,0,0,insufficient_support
2,GROCERY,BEANS - CANNED GLASS & MW,both_vs_none,24,4,20,0.009070065272485807,62.5,0.006810807656395891,66.66666666666666,0.0004143790849673208,50.0,0.0036793813341800936,50.0,0,0,0,0,insufficient_support
2,GROCERY,BEANS - CANNED GLASS & MW,display_only_vs_none,37,12,27,0.004861755485893418,56.75675675675676,0.00358974358974359,54.054054054054056,0.002039743589743589,50.0,0.001794871794871795,50.0,1,0,0,0,mixed_or_nonpositive
2,GROCERY,BEANS - CANNED GLASS & MW,mailer_only_vs_none,45,12,30,0.005129310344827586,57.77777777777777,0.0012500000000000046,53.333333333333336,-0.000604239186907067,41.66666666666667,-0.001086321341617063,50.0,1,0,0,0,mixed_or_nonpositive
2,GROCERY,BEERS/ALES,both_vs_none,2,1,2,-0.099875,50.0,-0.012499999999999999,50.0,-0.099875,0.0,-0.012499999999999999,0.0,0,0,0,0,insufficient_support
2,GROCERY,BEERS/ALES,display_only_vs_none,5,4,4,0.06054709398951285,60.0,0.004353569136177833,60.0,0.018899368491446262,50.0,0.0013370526639312416,50.0,0,0,0,0,insufficient_support
2,GROCERY,BEERS/ALES,mailer_only_vs_none,1,1,1,-0.36083333333333334,0.0,-0.027777777777777776,0.0,-0.36083333333333334,0.0,-0.027777777777777776,0.0,0,0,0,0,insufficient_support
2,GROCERY,BLEACH,both_vs_additive,1,1,1,0.07649595141700405,100.0,0.04811066126855601,100.0,0.07649595141700405,100.0,0.04811066126855601,100.0,0,0,0,0,insufficient_support
2,GROCERY,BLEACH,both_vs_none,1,1,1,0.01931174089068826,100.0,0.012145748987854255,100.0,0.01931174089068826,100.0,0.012145748987854255,100.0,0,0,0,0,insufficient_support
2,GROCERY,BLEACH,display_only_vs_none,1,1,1,-0.015342105263157893,0.0,-0.009649122807017543,0.0,-0.015342105263157893,0.0,-0.009649122807017543,0.0,0,0,0,0,insufficient_support
2,GROCERY,BLEACH,mailer_only_vs_none,1,1,1,-0.041842105263157896,0.0,-0.02631578947368421,0.0,-0.041842105263157896,0.0,-0.02631578947368421,0.0,0,0,0,0,insufficient_support
2,MEAT-PCKGD,BREAKFAST SAUSAGE/SANDWICHES,both_vs_additive,1,1,1,0.006580225330225328,100.0,0.014054001554001553,100.0,0.006580225330225328,100.0,0.014054001554001553,100.0,0,0,0,0,insufficient_support
2,MEAT-PCKGD,BREAKFAST SAUSAGE/SANDWICHES,both_vs_none,2,2,2,0.0670770202020202,100.0,0.024558080808080807,100.0,0.0670770202020202,100.0,0.024558080808080807,100.0,0,0,0,0,insufficient_support
2,MEAT-PCKGD,BREAKFAST SAUSAGE/SANDWICHES,display_only_vs_none,4,4,2,0.010765684478919776,50.0,-0.0012636464842347185,50.0,0.010765684478919776,50.0,-0.0012636464842347185,50.0,0,0,0,0,insufficient_support
2,MEAT-PCKGD,BREAKFAST SAUSAGE/SANDWICHES,mailer_only_vs_none,5,5,1,0.03607503607503607,80.0,0.007998986307809838,80.0,0.03607503607503607,80.0,0.007998986307809838,80.0,0,0,0,0,insufficient_support
2,PRODUCE,BROCCOLI/CAULIFLOWER,both_vs_additive,1,1,1,0.04130630782261218,100.0,0.05108597923815316,100.0,0.04130630782261218,100.0,0.05108597923815316,100.0,0,0,0,0,insufficient_support
2,PRODUCE,BROCCOLI/CAULIFLOWER,both_vs_none,2,2,2,0.026213995155171626,100.0,0.031631407807878396,100.0,0.026213995155171626,100.0,0.031631407807878396,100.0,0,0,0,0,insufficient_support
2,PRODUCE,BROCCOLI/CAULIFLOWER,display_only_vs_none,4,2,3,0.022459526806842232,75.0,0.007635501207453465,75.0,0.017762158092065803,100.0,0.008201908112884241,100.0,0,0,0,0,insufficient_support
2,PRODUCE,BROCCOLI/CAULIFLOWER,mailer_only_vs_none,3,2,2,0.0032634973721930235,100.0,0.003108003108003108,66.66666666666666,0.008766079273667503,100.0,0.009507330634696363,50.0,0,0,0,0,insufficient_support
2,GROCERY,BUTTER,both_vs_none,1,1,1,0.04492673992673992,100.0,0.01858974358974359,100.0,0.04492673992673992,100.0,0.01858974358974359,100.0,0,0,0,0,insufficient_support
2,GROCERY,BUTTER,mailer_only_vs_none,1,1,1,0.04688664596273292,100.0,0.022339544513457557,100.0,0.04688664596273292,100.0,0.022339544513457557,100.0,0,0,0,0,insufficient_support
2,DRUG GM,CANDY - CHECKLANE,both_vs_additive,2,2,1,0.0033173644066390464,100.0,0.0036583072384745365,50.0,0.0033173644066390464,100.0,0.0036583072384745365,50.0,0,0,0,0,insufficient_support
2,DRUG GM,CANDY - CHECKLANE,both_vs_none,3,3,2,0.02298280423280423,100.0,0.026252346816862945,100.0,0.02298280423280423,100.0,0.026252346816862945,100.0,0,0,0,0,insufficient_support
2,DRUG GM,CANDY - CHECKLANE,display_only_vs_none,4,4,2,0.005113816643493615,75.0,0.00837930195639272,75.0,0.005113816643493615,75.0,0.00837930195639272,75.0,0,0,0,0,insufficient_support
2,DRUG GM,CANDY - CHECKLANE,mailer_only_vs_none,3,3,1,0.0,33.33333333333333,0.0,33.33333333333333,0.0,33.33333333333333,0.0,33.33333333333333,0,0,0,0,insufficient_support
2,DRUG GM,CANDY - PACKAGED,both_vs_additive,9,5,8,-0.0015170828263965496,33.33333333333333,-0.00017488140037159828,44.44444444444444,-0.01767037815126051,20.0,-0.002244661795453508,20.0,0,0,0,0,insufficient_support
2,DRUG GM,CANDY - PACKAGED,both_vs_none,11,6,9,0.030303030303030304,90.9090909090909,0.029040404040404044,90.9090909090909,0.035280733123982555,83.33333333333334,0.02739950108371161,83.33333333333334,0,0,0,0,insufficient_support
2,DRUG GM,CANDY - PACKAGED,display_only_vs_none,13,8,11,0.010855263157894736,61.53846153846154,0.004358188365501819,61.53846153846154,0.010877731433704085,62.5,0.0017108173235624224,50.0,0,0,0,0,insufficient_support
2,DRUG GM,CANDY - PACKAGED,mailer_only_vs_none,12,7,9,0.00640686274509804,58.333333333333336,0.002450980392156863,58.333333333333336,0.008647058823529414,57.14285714285714,0.004166666666666667,57.14285714285714,0,0,0,0,insufficient_support
2,GROCERY,CANNED JUICES,both_vs_additive,43,8,31,0.005654911180773251,51.162790697674424,0.007960204954320677,58.139534883720934,-0.004623722639450194,37.5,0.003111245497345467,62.5,1,0,1,1,penetration_only
2,GROCERY,CANNED JUICES,both_vs_none,64,10,41,0.00650625,54.6875,0.005039776357242625,59.375,0.005526503896779897,60.0,0.0025222198422848985,60.0,1,1,1,1,sales_and_penetration
2,GROCERY,CANNED JUICES,display_only_vs_none,59,12,39,0.002530701754385965,50.847457627118644,0.0,49.152542372881356,0.00720008841240459,58.333333333333336,0.003775190623718566,58.333333333333336,1,1,0,1,sales_only
2,GROCERY,CANNED JUICES,mailer_only_vs_none,61,14,36,0.0,42.62295081967213,0.0,44.26229508196721,0.002936507936507937,50.0,0.00028409090909090897,50.0,1,0,0,0,mixed_or_nonpositive
2,GROCERY,CANNED MILK,display_only_vs_none,4,1,4,0.03450984508009959,75.0,0.012118017778145028,75.0,0.03450984508009959,100.0,0.012118017778145028,100.0,0,0,0,0,insufficient_support
2,PRODUCE,CARROTS,display_only_vs_none,2,1,2,0.018606180733142456,100.0,0.008829016677102806,100.0,0.018606180733142456,100.0,0.008829016677102806,100.0,0,0,0,0,insufficient_support
2,PRODUCE,CARROTS,mailer_only_vs_none,6,2,5,0.011176857426179743,83.33333333333334,0.019423193340452546,83.33333333333334,0.019712006297944628,100.0,0.016627886755783538,100.0,0,0,0,0,insufficient_support
2,GROCERY,CHEESE,both_vs_additive,27,7,15,-0.023612947898662175,18.51851851851852,-0.00957896012344794,22.22222222222222,-0.02622244219003509,0.0,-0.015672025830769112,0.0,1,0,0,0,mixed_or_nonpositive
2,GROCERY,CHEESE,both_vs_none,37,13,19,0.01972009051554508,72.97297297297297,0.011471861471861472,70.27027027027027,0.029666666666666668,84.61538461538461,0.011770353302611367,76.92307692307693,1,1,1,1,sales_and_penetration
2,GROCERY,CHEESE,display_only_vs_none,60,11,33,0.01371763733765319,55.00000000000001,0.006691083634463486,58.333333333333336,0.023663491405246012,54.54545454545454,0.006562415625883111,54.54545454545454,1,1,1,1,sales_and_penetration
2,GROCERY,CHEESE,mailer_only_vs_none,43,15,22,0.013467282307660509,69.76744186046511,0.005482456140350877,67.44186046511628,0.01008373775111977,73.33333333333333,0.005669792387802766,73.33333333333333,1,1,1,1,sales_and_penetration
2,GROCERY,COFFEE,both_vs_additive,4,2,4,-0.016604722658294095,50.0,-0.00047550488726959446,50.0,-0.014007345656320128,0.0,0.00015619221553920572,50.0,0,0,0,0,insufficient_support
2,GROCERY,COFFEE,both_vs_none,4,2,4,0.07961721611721612,100.0,0.017006802721088433,100.0,0.07329955670099604,100.0,0.022982429875133076,100.0,0,0,0,0,insufficient_support
2,GROCERY,COFFEE,display_only_vs_none,6,3,5,0.03153505456867526,66.66666666666666,0.010207417999311526,66.66666666666666,0.021486775804017186,100.0,0.004204690584000928,100.0,0,0,0,0,insufficient_support
2,GROCERY,COFFEE,mailer_only_vs_none,7,4,5,0.056400364341540804,57.14285714285714,0.01047481929834871,57.14285714285714,0.02857142857142857,50.0,0.0064012523263465015,50.0,0,0,0,0,insufficient_support
2,GROCERY,COLD CEREAL,both_vs_additive,40,8,25,0.022074717849408627,65.0,0.01192008162585374,65.0,-0.0038568347711304043,50.0,0.002660875739361205,50.0,1,0,0,0,mixed_or_nonpositive
2,GROCERY,COLD CEREAL,both_vs_none,45,9,28,0.011990196078431374,57.77777777777777,0.004850699650174912,57.77777777777777,0.018118055555555554,66.66666666666666,0.014851046698872786,77.77777777777779,1,1,1,1,sales_and_penetration
2,GROCERY,COLD CEREAL,display_only_vs_none,45,10,28,-0.003293650793650786,31.11111111111111,-0.004285714285714285,33.33333333333333,-0.006595536524500908,20.0,-0.003820733863837312,20.0,1,0,0,0,mixed_or_nonpositive
2,GROCERY,COLD CEREAL,mailer_only_vs_none,48,14,29,0.0,39.58333333333333,-0.001384142173615858,35.41666666666667,0.008163531870428422,50.0,0.0030023090617505395,50.0,1,0,0,0,mixed_or_nonpositive
2,GROCERY,CONDIMENTS/SAUCES,both_vs_additive,43,4,31,0.012372971652003906,55.81395348837209,0.00996474408681397,58.139534883720934,0.006038812688962829,75.0,0.008478494602608645,100.0,0,0,0,0,insufficient_support
2,GROCERY,CONDIMENTS/SAUCES,both_vs_none,85,4,47,0.011957113280094647,63.52941176470588,0.006802721088435374,60.0,0.0027380952380952383,50.0,0.003401360544217687,50.0,0,0,0,0,insufficient_support
2,GROCERY,CONDIMENTS/SAUCES,display_only_vs_none,109,16,50,0.0,47.706422018348626,-0.0007936507936507926,44.95412844036697,0.0012064644103218036,50.0,0.0,43.75,1,0,0,0,mixed_or_nonpositive
2,GROCERY,CONDIMENTS/SAUCES,mailer_only_vs_none,64,9,40,0.0012240403717894126,51.5625,0.0011875620831559531,51.5625,0.0,44.44444444444444,0.001282376891163884,55.55555555555556,1,0,1,1,penetration_only
2,GROCERY,CONVENIENT BRKFST/WHLSM SNACKS,both_vs_additive,8,6,6,-0.02145674178762414,25.0,-0.007376057503493784,25.0,-0.027958081885567636,0.0,-0.00783585473461124,16.666666666666664,0,0,0,0,insufficient_support
2,GROCERY,CONVENIENT BRKFST/WHLSM SNACKS,both_vs_none,10,7,8,0.0,30.0,0.0,30.0,0.0,14.285714285714285,0.0,14.285714285714285,0,0,0,0,insufficient_support
2,GROCERY,CONVENIENT BRKFST/WHLSM SNACKS,display_only_vs_none,8,6,6,0.004970238095238095,50.0,0.00032263630089716944,50.0,0.004970238095238095,50.0,0.00032263630089716944,50.0,0,0,0,0,insufficient_support
2,GROCERY,CONVENIENT BRKFST/WHLSM SNACKS,mailer_only_vs_none,12,9,10,0.010518490224372578,58.333333333333336,0.00728956228956229,58.333333333333336,0.014033613445378151,66.66666666666666,0.007575757575757576,55.55555555555556,0,0,0,0,insufficient_support
2,GROCERY,COOKIES/CONES,both_vs_additive,14,5,8,-0.0030385436652841935,50.0,0.001747599865245873,64.28571428571429,-0.004015674173664694,40.0,0.005182224667089832,60.0,0,0,0,0,insufficient_support
2,GROCERY,COOKIES/CONES,both_vs_none,17,6,11,0.007677582660971365,52.94117647058824,0.0019056261343012703,58.82352941176471,0.020896650326797384,50.0,0.0009259259259259255,50.0,0,0,0,0,insufficient_support
2,GROCERY,COOKIES/CONES,display_only_vs_none,27,7,16,6.236263736263646e-05,51.85185185185185,0.0,48.148148148148145,0.0123489738345367,71.42857142857143,0.002451575158518417,57.14285714285714,1,1,0,1,sales_only
2,GROCERY,COOKIES/CONES,mailer_only_vs_none,23,8,11,0.016129032258064516,60.86956521739131,0.004032258064516129,60.86956521739131,0.016621359384249065,62.5,0.006904412649654504,75.0,1,1,1,1,sales_and_penetration
2,GROCERY,CRACKERS/MISC BKD FD,both_vs_additive,94,15,53,0.012466057466699586,61.702127659574465,0.009338221743580268,65.95744680851064,0.021999953827556797,73.33333333333333,0.007136903288786226,73.33333333333333,1,1,1,1,sales_and_penetration
2,GROCERY,CRACKERS/MISC BKD FD,both_vs_none,102,15,55,0.007073826574175207,60.78431372549019,0.004535483352885312,60.78431372549019,0.02642962337789924,80.0,0.013157894736842105,93.33333333333333,1,1,1,1,sales_and_penetration
2,GROCERY,CRACKERS/MISC BKD FD,display_only_vs_none,111,21,59,0.0,47.74774774774775,-0.0009768993755563948,44.14414414414414,0.002696734965850406,52.38095238095239,-0.00017857142857142898,42.857142857142854,1,0,0,0,mixed_or_nonpositive
2,GROCERY,CRACKERS/MISC BKD FD,mailer_only_vs_none,105,16,60,0.0,45.714285714285715,0.0,46.666666666666664,0.006097710662928052,56.25,0.004343376426865931,62.5,1,0,0,0,mixed_or_nonpositive
2,GROCERY,DINNER MXS:DRY,both_vs_additive,23,6,17,0.008747619047619047,60.86956521739131,0.006795764664185711,60.86956521739131,-0.06673976608187135,33.33333333333333,-0.012061403508771931,33.33333333333333,1,0,0,0,mixed_or_nonpositive
2,GROCERY,DINNER MXS:DRY,both_vs_none,36,9,25,0.014198115609880319,52.77777777777778,0.0008152173913043483,50.0,0.0008787878787878817,55.55555555555556,0.0,44.44444444444444,1,1,0,1,sales_only
2,GROCERY,DINNER MXS:DRY,display_only_vs_none,67,10,38,0.0,43.28358208955223,0.0,40.298507462686565,0.0,40.0,0.0008333333333333333,50.0,1,0,0,0,mixed_or_nonpositive
2,GROCERY,DINNER MXS:DRY,mailer_only_vs_none,76,15,40,0.0,40.78947368421053,0.0,42.10526315789473,0.0,40.0,0.0,40.0,1,0,0,0,mixed_or_nonpositive
2,GROCERY,DRY BN/VEG/POTATO/RICE,both_vs_additive,6,4,6,-0.00019157088122605248,50.0,0.002681992337164751,50.0,0.003570333880678709,50.0,0.0074438970990695135,50.0,0,0,0,0,insufficient_support
2,GROCERY,DRY BN/VEG/POTATO/RICE,both_vs_none,6,4,6,-0.005555555555555556,16.666666666666664,-0.0009852216748768476,16.666666666666664,-0.005555555555555556,25.0,-0.0009852216748768476,25.0,0,0,0,0,insufficient_support
2,GROCERY,DRY BN/VEG/POTATO/RICE,display_only_vs_none,8,4,7,0.0,25.0,0.0,25.0,-0.002777777777777778,25.0,-0.002777777777777778,25.0,0,0,0,0,insufficient_support
2,GROCERY,DRY BN/VEG/POTATO/RICE,mailer_only_vs_none,11,5,9,0.0,45.45454545454545,0.003875968992248062,54.54545454545454,0.0,20.0,0.0,40.0,0,0,0,0,insufficient_support
2,GROCERY,DRY MIX DESSERTS,display_only_vs_none,3,2,3,-0.018541666666666668,0.0,-0.017717086834733893,0.0,-0.023456293613936807,0.0,-0.016384128212688583,0.0,0,0,0,0,insufficient_support
2,GROCERY,DRY NOODLES/PASTA,both_vs_none,2,1,2,-0.017942583732057416,0.0,-0.017942583732057416,0.0,-0.017942583732057416,0.0,-0.017942583732057416,0.0,0,0,0,0,insufficient_support
2,GROCERY,DRY NOODLES/PASTA,display_only_vs_none,2,1,2,-0.008567583732057417,50.0,-0.008567583732057417,50.0,-0.008567583732057417,0.0,-0.008567583732057417,0.0,0,0,0,0,insufficient_support
2,GROCERY,DRY NOODLES/PASTA,mailer_only_vs_none,1,1,1,0.0,0.0,0.0,0.0,0.0,0.0,0.0,0.0,0,0,0,0,insufficient_support
2,GROCERY,DRY SAUCES/GRAVY,display_only_vs_none,3,2,3,0.007797270955165692,66.66666666666666,0.007797270955165692,66.66666666666666,-0.013721378408653472,50.0,-0.008750591826975341,50.0,0,0,0,0,insufficient_support
2,GROCERY,DRY SAUCES/GRAVY,mailer_only_vs_none,3,1,3,-0.010582010582010581,33.33333333333333,-0.010582010582010581,0.0,-0.010582010582010581,0.0,-0.010582010582010581,0.0,0,0,0,0,insufficient_support
2,GROCERY,EGGS,both_vs_additive,3,2,2,-0.03571965553994559,0.0,-0.008465253827372343,33.33333333333333,-0.020414982382837493,0.0,-0.004180682575037568,50.0,0,0,0,0,insufficient_support
2,GROCERY,EGGS,both_vs_none,4,3,3,0.06583466173328306,100.0,0.08106138448969331,100.0,0.07173815359477125,100.0,0.0912173202614379,100.0,0,0,0,0,insufficient_support
2,GROCERY,EGGS,display_only_vs_none,3,2,2,0.025034844742989545,100.0,0.046108671597153705,100.0,0.03848516448235836,100.0,0.046608071544961036,100.0,0,0,0,0,insufficient_support
2,GROCERY,EGGS,mailer_only_vs_none,4,3,2,0.09185179814336733,100.0,0.0742128583747902,100.0,0.09185179814336733,100.0,0.08062240539095486,100.0,0,0,0,0,insufficient_support
2,GROCERY,FACIAL TISS/DNR NAPKIN,display_only_vs_none,2,2,2,-0.00652318563502774,50.0,-0.006957189983505773,0.0,-0.00652318563502774,50.0,-0.006957189983505773,0.0,0,0,0,0,insufficient_support
2,GROCERY,FACIAL TISS/DNR NAPKIN,mailer_only_vs_none,6,3,5,0.007638888888888889,50.0,0.00027777777777777696,50.0,0.007638888888888889,66.66666666666666,0.00027777777777777696,66.66666666666666,0,0,0,0,insufficient_support
2,GROCERY,FD WRAPS/BAGS/TRSH BG,display_only_vs_none,2,2,2,-0.004914285714285715,0.0,-0.00380952380952381,0.0,-0.004914285714285715,0.0,-0.00380952380952381,0.0,0,0,0,0,insufficient_support
2,GROCERY,FD WRAPS/BAGS/TRSH BG,mailer_only_vs_none,2,2,2,-0.029098639455782314,50.0,-0.015829408686551544,50.0,-0.029098639455782314,50.0,-0.015829408686551544,50.0,0,0,0,0,insufficient_support
2,GROCERY,FLOUR & MEALS,both_vs_additive,1,1,1,-0.0014603718342848723,0.0,-0.0019298052993705177,0.0,-0.0014603718342848723,0.0,-0.0019298052993705177,0.0,0,0,0,0,insufficient_support
2,GROCERY,FLOUR & MEALS,both_vs_none,2,1,2,-0.012823914611958094,50.0,-0.012639594704812095,50.0,-0.012823914611958094,0.0,-0.012639594704812095,0.0,0,0,0,0,insufficient_support
2,GROCERY,FLOUR & MEALS,display_only_vs_none,10,3,9,0.004138569763569765,60.0,0.002353664853664854,60.0,0.004138569763569765,66.66666666666666,0.002353664853664854,66.66666666666666,0,0,0,0,insufficient_support
2,GROCERY,FLOUR & MEALS,mailer_only_vs_none,9,2,9,0.011904761904761904,66.66666666666666,0.011904761904761904,66.66666666666666,-0.012470648604269297,50.0,-0.006834975369458127,50.0,0,0,0,0,insufficient_support
2,GROCERY,FLUID MILK PRODUCTS,both_vs_additive,18,6,7,0.046082932296575944,66.66666666666666,0.011900819111751306,55.55555555555556,0.023528737663563136,66.66666666666666,0.017790127960532552,66.66666666666666,0,0,0,0,insufficient_support
2,GROCERY,FLUID MILK PRODUCTS,both_vs_none,19,6,7,0.054253355653252455,68.42105263157895,0.028142318072276226,73.68421052631578,0.05802577396018438,83.33333333333334,0.027640153806608034,100.0,0,0,0,0,insufficient_support
2,GROCERY,FLUID MILK PRODUCTS,display_only_vs_none,20,7,7,0.0036010630641662884,50.0,0.001730886386793879,55.00000000000001,0.007202126128332577,57.14285714285714,0.0,42.857142857142854,1,0,0,0,mixed_or_nonpositive
2,GROCERY,FLUID MILK PRODUCTS,mailer_only_vs_none,19,7,7,0.056277967646388705,63.1578947368421,0.0196078431372549,57.89473684210527,0.06434557547715442,71.42857142857143,0.0196078431372549,57.14285714285714,0,0,0,0,insufficient_support
2,MEAT-PCKGD,FROZEN MEAT,display_only_vs_none,1,1,1,-0.007199730769500784,0.0,-0.013756625457200421,0.0,-0.007199730769500784,0.0,-0.013756625457200421,0.0,0,0,0,0,insufficient_support
2,MEAT-PCKGD,FROZEN MEAT,mailer_only_vs_none,1,1,1,-0.062140206959976976,0.0,-0.015780434981009943,0.0,-0.062140206959976976,0.0,-0.015780434981009943,0.0,0,0,0,0,insufficient_support
2,GROCERY,FROZEN PIE/DESSERTS,both_vs_additive,2,2,1,0.010975811878931747,50.0,0.0076452152724730705,50.0,0.010975811878931747,50.0,0.0076452152724730705,50.0,0,0,0,0,insufficient_support
2,GROCERY,FROZEN PIE/DESSERTS,both_vs_none,2,2,1,-0.0011798166560071325,50.0,0.0067566912805008044,50.0,-0.0011798166560071325,50.0,0.0067566912805008044,50.0,0,0,0,0,insufficient_support
2,GROCERY,FROZEN PIE/DESSERTS,display_only_vs_none,2,2,1,-0.00699689837620872,50.0,-9.487319832147435e-05,50.0,-0.00699689837620872,50.0,-9.487319832147435e-05,50.0,0,0,0,0,insufficient_support
2,GROCERY,FROZEN PIE/DESSERTS,mailer_only_vs_none,2,2,1,-0.005158730158730158,50.0,-0.0007936507936507934,50.0,-0.005158730158730158,50.0,-0.0007936507936507934,50.0,0,0,0,0,insufficient_support
2,GROCERY,FROZEN PIZZA,both_vs_additive,2,1,2,-0.005063536759386963,0.0,-0.0024567479678815713,50.0,-0.005063536759386963,0.0,-0.0024567479678815713,0.0,0,0,0,0,insufficient_support
2,GROCERY,FROZEN PIZZA,both_vs_none,4,3,2,0.08699331677937447,100.0,0.020609678782755707,100.0,0.12456249999999999,100.0,0.025,100.0,0,0,0,0,insufficient_support
2,GROCERY,FROZEN PIZZA,display_only_vs_none,4,3,2,0.02462708820546349,75.0,0.008071820437381078,75.0,0.03508750974426031,100.0,0.00947697420809549,100.0,0,0,0,0,insufficient_support
2,GROCERY,FROZEN PIZZA,mailer_only_vs_none,2,1,2,0.02847930724246514,100.0,0.009547908232118759,100.0,0.02847930724246514,100.0,0.009547908232118759,100.0,0,0,0,0,insufficient_support
2,GROCERY,FRUIT - SHELF STABLE,both_vs_additive,6,5,5,0.020496874219727214,66.66666666666666,0.01636202189946663,66.66666666666666,0.020496874219727214,60.0,0.01636202189946663,60.0,0,0,0,0,insufficient_support
2,GROCERY,FRUIT - SHELF STABLE,both_vs_none,14,9,10,-0.006742373086906394,35.714285714285715,0.0002395634617824013,50.0,-0.004761904761904762,44.44444444444444,0.0004791269235648026,55.55555555555556,0,0,0,0,insufficient_support
2,GROCERY,FRUIT - SHELF STABLE,display_only_vs_none,36,18,22,0.0,47.22222222222222,-0.0016064001358119,41.66666666666667,-0.0035267065602836885,44.44444444444444,-0.0026318705673758864,44.44444444444444,1,0,0,0,mixed_or_nonpositive
2,GROCERY,FRUIT - SHELF STABLE,mailer_only_vs_none,63,26,32,0.0,47.61904761904761,0.0,46.03174603174603,0.003495497557997559,57.692307692307686,0.001068376068376068,50.0,1,0,0,0,mixed_or_nonpositive
2,GROCERY,FRZN NOVELTIES/WTR ICE,both_vs_none,1,1,1,0.0,0.0,0.0,0.0,0.0,0.0,0.0,0.0,0,0,0,0,insufficient_support
2,GROCERY,FRZN NOVELTIES/WTR ICE,display_only_vs_none,1,1,1,0.008223057644110276,100.0,0.0040942874427447925,100.0,0.008223057644110276,100.0,0.0040942874427447925,100.0,0,0,0,0,insufficient_support
2,MEAT-PCKGD,HEAT/SERVE,both_vs_additive,4,3,2,-0.037055006591201735,25.0,0.007470384681763416,75.0,-0.019701081812923946,33.33333333333333,0.009218559218559219,66.66666666666666,0,0,0,0,insufficient_support
2,MEAT-PCKGD,HEAT/SERVE,both_vs_none,4,3,2,0.00014024864024863443,50.0,0.002233877233877234,50.0,0.00028049728049726885,66.66666666666666,0.004467754467754468,66.66666666666666,0,0,0,0,insufficient_support
2,MEAT-PCKGD,HEAT/SERVE,display_only_vs_none,4,3,2,0.03845887257996633,100.0,0.006677407479216692,75.0,0.040462962962962964,100.0,0.004003489200857628,100.0,0,0,0,0,insufficient_support
2,MEAT-PCKGD,HEAT/SERVE,mailer_only_vs_none,4,3,2,0.0007903525046382143,50.0,-0.007264957264957265,25.0,0.0,33.33333333333333,-0.003287846238974058,0.0,0,0,0,0,insufficient_support
2,GROCERY,HISPANIC,display_only_vs_none,2,2,2,-0.0006592522974101919,50.0,0.0006239557226399338,50.0,-0.0006592522974101919,50.0,0.0006239557226399338,50.0,0,0,0,0,insufficient_support
2,GROCERY,HOT CEREAL,display_only_vs_none,8,5,7,0.01547470238095238,87.5,0.005933995219709505,87.5,0.01546875,80.0,0.006462585034013604,80.0,0,0,0,0,insufficient_support
2,GROCERY,HOT CEREAL,mailer_only_vs_none,9,5,7,-0.0056172839506172835,22.22222222222222,-0.0030864197530864196,22.22222222222222,-0.0032500000000000003,0.0,-0.0017857142857142857,0.0,0,0,0,0,insufficient_support
2,GROCERY,ICE CREAM/MILK/SHERBTS,both_vs_none,1,1,1,-0.0227286015112102,0.0,-0.007438890953383705,0.0,-0.0227286015112102,0.0,-0.007438890953383705,0.0,0,0,0,0,insufficient_support
2,GROCERY,ICE CREAM/MILK/SHERBTS,display_only_vs_none,1,1,1,-0.03923611111111111,0.0,-0.011507936507936507,0.0,-0.03923611111111111,0.0,-0.011507936507936507,0.0,0,0,0,0,insufficient_support
2,GROCERY,ISOTONIC DRINKS,both_vs_additive,38,5,19,0.00749339133089133,60.526315789473685,-0.0036986591738144515,44.73684210526316,0.017348350451291628,80.0,0.007392241992376399,80.0,1,1,0,1,sales_only
2,GROCERY,ISOTONIC DRINKS,both_vs_none,40,5,21,0.0007203548085900988,52.5,0.003168767507002803,55.00000000000001,0.003703703703703704,60.0,0.0054505135387488335,60.0,1,1,1,1,sales_and_penetration
2,GROCERY,ISOTONIC DRINKS,display_only_vs_none,44,7,23,0.0019632682132682128,52.27272727272727,0.0,47.72727272727273,0.0,42.857142857142854,0.0002564102564102553,57.14285714285714,1,0,0,0,mixed_or_nonpositive
2,GROCERY,ISOTONIC DRINKS,mailer_only_vs_none,48,7,22,0.003142857142857143,50.0,0.0026554481441699498,52.083333333333336,0.0,42.857142857142854,-0.002410256410256411,28.57142857142857,1,0,0,0,mixed_or_nonpositive
2,MEAT-PCKGD,LUNCHMEAT,both_vs_additive,1,1,1,0.13647445046901568,100.0,0.037843682082812524,100.0,0.13647445046901568,100.0,0.037843682082812524,100.0,0,0,0,0,insufficient_support
2,MEAT-PCKGD,LUNCHMEAT,both_vs_none,1,1,1,-0.18213804713804715,0.0,-0.052188552188552194,0.0,-0.18213804713804715,0.0,-0.052188552188552194,0.0,0,0,0,0,insufficient_support
2,MEAT-PCKGD,LUNCHMEAT,display_only_vs_none,2,1,2,-0.06077194745673007,50.0,-0.015935729930295153,50.0,-0.06077194745673007,0.0,-0.015935729930295153,0.0,0,0,0,0,insufficient_support
2,MEAT-PCKGD,LUNCHMEAT,mailer_only_vs_none,2,1,2,-0.05089808339808341,50.0,-0.010025900025900028,50.0,-0.05089808339808341,0.0,-0.010025900025900028,0.0,0,0,0,0,insufficient_support
2,GROCERY,MARGARINES,both_vs_additive,1,1,1,0.013176406926406925,100.0,0.016017316017316013,100.0,0.013176406926406925,100.0,0.016017316017316013,100.0,0,0,0,0,insufficient_support
2,GROCERY,MARGARINES,both_vs_none,6,4,3,0.03167149758454106,83.33333333333334,0.03801602986385595,83.33333333333334,0.021171497584541062,75.0,0.017424242424242422,75.0,0,0,0,0,insufficient_support
2,GROCERY,MARGARINES,display_only_vs_none,8,5,5,0.005832431457431458,62.5,0.0009199134199134205,50.0,0.006984126984126985,80.0,0.001839826839826841,60.0,0,0,0,0,insufficient_support
2,GROCERY,MARGARINES,mailer_only_vs_none,3,2,2,-0.009523809523809523,0.0,-0.009523809523809523,0.0,-0.02074404761904762,0.0,-0.01369047619047619,0.0,0,0,0,0,insufficient_support
2,MEAT-PCKGD,MEAT - MISC,both_vs_additive,4,3,3,0.21835457853406773,75.0,0.02592775738480073,75.0,0.22531470455857067,66.66666666666666,0.02592775738480073,66.66666666666666,0,0,0,0,insufficient_support
2,MEAT-PCKGD,MEAT - MISC,both_vs_none,8,5,4,0.07350595238095238,75.0,0.010515873015873015,75.0,0.11596801346801347,80.0,0.019360269360269362,100.0,0,0,0,0,insufficient_support
2,MEAT-PCKGD,MEAT - MISC,display_only_vs_none,7,5,4,0.03804761904761905,57.14285714285714,0.004761904761904762,57.14285714285714,0.09462769230769232,60.0,0.012287581699346406,60.0,0,0,0,0,insufficient_support
2,MEAT-PCKGD,MEAT - MISC,mailer_only_vs_none,5,3,3,0.0,40.0,0.0,40.0,-0.07627020202020204,0.0,0.0,33.33333333333333,0,0,0,0,insufficient_support
2,GROCERY,MEAT - SHELF STABLE,both_vs_additive,140,9,52,0.003590818903318898,52.85714285714286,0.0016420533370997753,55.714285714285715,0.0008273580564602256,55.55555555555556,0.0013279513972182348,66.66666666666666,1,1,1,1,sales_and_penetration
2,GROCERY,MEAT - SHELF STABLE,both_vs_none,143,9,53,0.002458228905597328,55.24475524475524,0.003535353535353534,58.04195804195804,0.005715811965811966,66.66666666666666,0.004119740037330063,66.66666666666666,1,1,1,1,sales_and_penetration
2,GROCERY,MEAT - SHELF STABLE,display_only_vs_none,157,15,54,0.0016491754122938546,50.955414012738856,0.002702312307575467,56.05095541401274,0.0011337868480725622,60.0,0.0028860215583818064,60.0,1,1,1,1,sales_and_penetration
2,GROCERY,MEAT - SHELF STABLE,mailer_only_vs_none,159,16,57,0.00025252525252525415,50.314465408805034,0.0002071831147918094,50.943396226415096,0.005711652404314518,56.25,0.0008822397409353928,56.25,1,1,1,1,sales_and_penetration
2,GROCERY,MILK BY-PRODUCTS,both_vs_additive,4,1,4,-0.018142438583876954,25.0,-0.01475080942488341,25.0,-0.018142438583876954,0.0,-0.01475080942488341,0.0,0,0,0,0,insufficient_support
2,GROCERY,MILK BY-PRODUCTS,both_vs_none,7,1,7,0.0006190476190476198,57.14285714285714,0.0,42.857142857142854,0.0006190476190476198,100.0,0.0,0.0,0,0,0,0,insufficient_support
2,GROCERY,MILK BY-PRODUCTS,display_only_vs_none,6,3,4,0.012306798559955999,83.33333333333334,0.009157872116349627,66.66666666666666,0.010811466148230855,100.0,0.00840844564893008,100.0,0,0,0,0,insufficient_support
2,GROCERY,MILK BY-PRODUCTS,mailer_only_vs_none,7,1,7,0.010749447801543542,100.0,0.01112160151061753,100.0,0.010749447801543542,100.0,0.01112160151061753,100.0,0,0,0,0,insufficient_support
2,GROCERY,MISC. DAIRY,display_only_vs_none,2,1,2,-0.06976639210156825,50.0,-0.010851667420258126,50.0,-0.06976639210156825,0.0,-0.010851667420258126,0.0,0,0,0,0,insufficient_support
2,MEAT-PCKGD,MISCELLANEOUS,both_vs_additive,1,1,1,-0.00107186147186146,0.0,0.00040959040959041154,100.0,-0.00107186147186146,0.0,0.00040959040959041154,100.0,0,0,0,0,insufficient_support
2,MEAT-PCKGD,MISCELLANEOUS,both_vs_none,1,1,1,0.027830769230769232,100.0,0.03157509157509157,100.0,0.027830769230769232,100.0,0.03157509157509157,100.0,0,0,0,0,insufficient_support
2,MEAT-PCKGD,MISCELLANEOUS,display_only_vs_none,3,2,3,0.024222222222222218,100.0,0.020014245014245015,100.0,0.026364678839678836,100.0,0.018711196211196213,100.0,0,0,0,0,insufficient_support
2,MEAT-PCKGD,MISCELLANEOUS,mailer_only_vs_none,2,1,2,0.043200560224089635,100.0,0.027212885154061624,100.0,0.043200560224089635,100.0,0.027212885154061624,100.0,0,0,0,0,insufficient_support
2,GROCERY,OLIVES,display_only_vs_none,5,3,5,0.0002840909090909109,60.0,0.0002840909090909109,60.0,0.0002840909090909109,66.66666666666666,0.0002840909090909109,66.66666666666666,0,0,0,0,insufficient_support
2,PRODUCE,ONIONS,display_only_vs_none,1,1,1,-0.021219522755338692,0.0,-0.011793695973012861,0.0,-0.021219522755338692,0.0,-0.011793695973012861,0.0,0,0,0,0,insufficient_support
2,PRODUCE,ONIONS,mailer_only_vs_none,1,1,1,0.04912006033182503,100.0,0.016393018745959925,100.0,0.04912006033182503,100.0,0.016393018745959925,100.0,0,0,0,0,insufficient_support
2,PRODUCE,ORGANICS FRUIT & VEGETABLES,mailer_only_vs_none,4,3,2,0.03342261904761905,75.0,0.012202380952380952,75.0,0.035595238095238096,66.66666666666666,0.011904761904761904,66.66666666666666,0,0,0,0,insufficient_support
2,GROCERY,PAPER HOUSEWARES,display_only_vs_none,8,4,7,-0.015573204502232638,37.5,-0.00431817223697019,37.5,-0.01889728809837505,25.0,-0.005564329461388287,25.0,0,0,0,0,insufficient_support
2,GROCERY,PAPER HOUSEWARES,mailer_only_vs_none,7,3,6,-0.02436111111111111,28.57142857142857,-0.011268501566813414,28.57142857142857,-0.03571428571428571,0.0,-0.014285714285714285,0.0,0,0,0,0,insufficient_support
2,GROCERY,PAPER TOWELS,both_vs_none,2,2,2,-0.1797948717948718,0.0,-0.038461538461538464,0.0,-0.1797948717948718,0.0,-0.038461538461538464,0.0,0,0,0,0,insufficient_support
2,GROCERY,PAPER TOWELS,display_only_vs_none,5,2,5,-0.007230489417989419,40.0,-0.0038029100529100527,40.0,-0.17045083870604705,50.0,-0.038977361373194706,50.0,0,0,0,0,insufficient_support
2,GROCERY,PAPER TOWELS,mailer_only_vs_none,2,2,2,0.07499388227513228,100.0,0.02243716931216931,100.0,0.07499388227513228,100.0,0.02243716931216931,100.0,0,0,0,0,insufficient_support
2,GROCERY,PASTA SAUCE,both_vs_additive,4,4,3,0.029134173451488478,75.0,0.004831601180962049,75.0,0.029134173451488478,75.0,0.004831601180962049,75.0,0,0,0,0,insufficient_support
2,GROCERY,PASTA SAUCE,both_vs_none,7,6,6,0.0,42.857142857142854,0.0,42.857142857142854,0.018518518518518517,50.0,0.009259259259259259,50.0,0,0,0,0,insufficient_support
2,GROCERY,PASTA SAUCE,display_only_vs_none,16,8,13,0.02505195183892312,75.0,0.013084674349675694,68.75,0.019890889322545208,87.5,0.012552473756034127,87.5,0,0,0,0,insufficient_support
2,GROCERY,PASTA SAUCE,mailer_only_vs_none,16,8,14,-0.00318095238095238,43.75,-0.0034116609606805693,37.5,0.008649834814308494,62.5,0.007341269841269841,62.5,0,0,0,0,insufficient_support
2,PRODUCE,PEPPERS-ALL,display_only_vs_none,2,1,2,-0.006816514726836816,50.0,0.0016379197796826343,100.0,-0.006816514726836816,0.0,0.0016379197796826343,100.0,0,0,0,0,insufficient_support
2,GROCERY,PICKLE/RELISH/PKLD VEG,display_only_vs_none,3,3,3,-0.006968090243898492,33.33333333333333,-0.00424651526711805,33.33333333333333,-0.006968090243898492,33.33333333333333,-0.00424651526711805,33.33333333333333,0,0,0,0,insufficient_support
2,GROCERY,PNT BTR/JELLY/JAMS,both_vs_additive,44,3,39,-0.007784180818833504,43.18181818181818,0.0025476667080176338,54.54545454545454,-0.007615273059578435,33.33333333333333,0.0031492781874170126,66.66666666666666,0,0,0,0,insufficient_support
2,GROCERY,PNT BTR/JELLY/JAMS,both_vs_none,49,4,42,0.012500000000000004,65.3061224489796,0.007072497395078042,61.224489795918366,0.010569396441983903,100.0,0.010571766531911459,100.0,0,0,0,0,insufficient_support
2,GROCERY,PNT BTR/JELLY/JAMS,display_only_vs_none,52,5,43,0.000303501639080665,50.0,-0.0031664998011512683,40.38461538461539,-0.0015436739359408307,40.0,-0.003136309620266838,0.0,1,0,0,0,mixed_or_nonpositive
2,GROCERY,PNT BTR/JELLY/JAMS,mailer_only_vs_none,47,5,40,0.010416666666666666,61.702127659574465,0.002097635392829901,55.319148936170215,0.010091117216117215,80.0,0.003881987577639752,80.0,1,1,1,1,sales_and_penetration
2,PRODUCE,POPCORN,display_only_vs_none,1,1,1,-0.01452991452991452,0.0,-0.005502136752136753,0.0,-0.01452991452991452,0.0,-0.005502136752136753,0.0,0,0,0,0,insufficient_support
2,PRODUCE,PROCESSED,display_only_vs_none,2,1,2,0.016952734861128003,100.0,0.011895854529427097,100.0,0.016952734861128003,100.0,0.011895854529427097,100.0,0,0,0,0,insufficient_support
2,GROCERY,PWDR/CRYSTL DRNK MX,display_only_vs_none,3,3,1,0.006879165807737236,66.66666666666666,-0.00636783395404085,33.33333333333333,0.006879165807737236,66.66666666666666,-0.00636783395404085,33.33333333333333,0,0,0,0,insufficient_support
2,GROCERY,REFRGRATD DOUGH PRODUCTS,both_vs_none,1,1,1,0.0,0.0,0.0,0.0,0.0,0.0,0.0,0.0,0,0,0,0,insufficient_support
2,GROCERY,REFRGRATD DOUGH PRODUCTS,display_only_vs_none,2,2,1,0.02181818181818182,100.0,0.015151515151515152,100.0,0.02181818181818182,100.0,0.015151515151515152,100.0,0,0,0,0,insufficient_support
2,GROCERY,REFRGRATD DOUGH PRODUCTS,mailer_only_vs_none,2,2,1,0.0125,50.0,0.0125,50.0,0.0125,50.0,0.0125,50.0,0,0,0,0,insufficient_support
2,GROCERY,REFRGRATD JUICES/DRNKS,both_vs_additive,5,2,4,0.03396463439941701,60.0,0.03471983002641545,60.0,0.015466463188994889,50.0,0.0067243035799042054,50.0,0,0,0,0,insufficient_support
2,GROCERY,REFRGRATD JUICES/DRNKS,both_vs_none,6,3,4,0.0164171188019889,66.66666666666666,0.006158670004409672,50.0,-0.0176,33.33333333333333,-0.009521728271728272,33.33333333333333,0,0,0,0,insufficient_support
2,GROCERY,REFRGRATD JUICES/DRNKS,display_only_vs_none,7,4,5,-0.007728205128205129,42.857142857142854,0.0028205128205128216,57.14285714285714,-0.007448731060810172,25.0,0.0008444786117228098,50.0,0,0,0,0,insufficient_support
2,GROCERY,REFRGRATD JUICES/DRNKS,mailer_only_vs_none,9,5,6,0.006710336480271121,66.66666666666666,0.007936507936507936,66.66666666666666,0.0007768310467655792,80.0,0.005717743887678528,80.0,0,0,0,0,insufficient_support
2,PRODUCE,SALAD MIX,mailer_only_vs_none,14,11,4,-0.004745860864281918,42.857142857142854,0.0028808141092623845,57.14285714285714,0.010900885034505717,54.54545454545454,0.005054184321425698,63.63636363636363,0,0,0,0,insufficient_support
2,GROCERY,SALD DRSNG/SNDWCH SPRD,both_vs_additive,60,11,37,-0.0036555780582100735,41.66666666666667,-7.863454884913385e-05,48.333333333333336,-0.0035329896441007556,27.27272727272727,-0.00121817482928594,36.36363636363637,1,0,0,0,mixed_or_nonpositive
2,GROCERY,SALD DRSNG/SNDWCH SPRD,both_vs_none,65,11,39,0.0,49.23076923076923,0.0017399131369719607,52.307692307692314,0.005291005291005291,63.63636363636363,0.005291005291005291,63.63636363636363,1,0,1,1,penetration_only
2,GROCERY,SALD DRSNG/SNDWCH SPRD,display_only_vs_none,69,16,40,0.005456427015250544,55.072463768115945,0.0017786561264822136,50.72463768115942,0.008329375184944327,68.75,0.0034020824854158185,62.5,1,1,1,1,sales_and_penetration
2,GROCERY,SALD DRSNG/SNDWCH SPRD,mailer_only_vs_none,68,14,40,0.00445188492063492,51.470588235294116,0.0012659215784215777,52.94117647058824,0.0033957379862700234,50.0,0.0016942837546384468,57.14285714285714,1,0,1,1,penetration_only
2,GROCERY,SEAFOOD - SHELF STABLE,both_vs_additive,17,3,15,0.0545377302436126,58.82352941176471,0.011499336576735963,64.70588235294117,0.06270869330188215,66.66666666666666,0.023253262870880656,100.0,0,0,0,0,insufficient_support
2,GROCERY,SEAFOOD - SHELF STABLE,both_vs_none,18,3,16,-0.0023484848484848484,44.44444444444444,-0.0010695187165775388,44.44444444444444,0.05527760577915377,66.66666666666666,0.040877689873443666,66.66666666666666,0,0,0,0,insufficient_support
2,GROCERY,SEAFOOD - SHELF STABLE,display_only_vs_none,68,5,43,-0.000167381122489485,47.05882352941176,-0.004726236102452732,42.64705882352941,-0.000167381122489485,20.0,-0.0046869798695456585,0.0,1,0,0,0,mixed_or_nonpositive
2,GROCERY,SEAFOOD - SHELF STABLE,mailer_only_vs_none,79,6,45,0.0,48.10126582278481,0.001104313434680506,51.89873417721519,-0.004476649790952984,33.33333333333333,-0.0034004250580337526,50.0,1,0,0,0,mixed_or_nonpositive
2,GROCERY,SHORTENING/OIL,both_vs_additive,21,2,18,0.009834920634920639,61.904761904761905,0.0074822297044519264,66.66666666666666,0.01733133952830318,100.0,0.01065375096192784,100.0,0,0,0,0,insufficient_support
2,GROCERY,SHORTENING/OIL,both_vs_none,22,3,19,0.002622710622710623,50.0,0.0014652014652014635,50.0,0.002622710622710623,66.66666666666666,0.0014652014652014635,66.66666666666666,0,0,0,0,insufficient_support
2,GROCERY,SHORTENING/OIL,display_only_vs_none,53,3,40,0.0,49.056603773584904,0.0,49.056603773584904,0.0,33.33333333333333,0.0,33.33333333333333,0,0,0,0,insufficient_support
2,GROCERY,SHORTENING/OIL,mailer_only_vs_none,64,4,44,-0.008679532967032964,35.9375,-0.004047619047619048,34.375,-0.00947360386527053,25.0,-0.00524901795735129,25.0,0,0,0,0,insufficient_support
2,GROCERY,SNACK NUTS,both_vs_additive,1,1,1,0.005197753396029257,100.0,0.001987380435656298,100.0,0.005197753396029257,100.0,0.001987380435656298,100.0,0,0,0,0,insufficient_support
2,GROCERY,SNACK NUTS,both_vs_none,1,1,1,-0.01356060606060606,0.0,-0.007575757575757576,0.0,-0.01356060606060606,0.0,-0.007575757575757576,0.0,0,0,0,0,insufficient_support
2,GROCERY,SNACK NUTS,display_only_vs_none,1,1,1,-0.005197753396029257,0.0,-0.001987380435656298,0.0,-0.005197753396029257,0.0,-0.001987380435656298,0.0,0,0,0,0,insufficient_support
2,GROCERY,SNACK NUTS,mailer_only_vs_none,1,1,1,-0.01356060606060606,0.0,-0.007575757575757576,0.0,-0.01356060606060606,0.0,-0.007575757575757576,0.0,0,0,0,0,insufficient_support
2,GROCERY,SOFT DRINKS,both_vs_additive,8,6,4,-0.0026927318893228067,37.5,-0.003579065861674559,37.5,-0.014482086413414044,33.33333333333333,0.002741666976915421,50.0,0,0,0,0,insufficient_support
2,GROCERY,SOFT DRINKS,both_vs_none,10,8,4,0.04946527254796485,60.0,0.020955438095906324,60.0,0.019252054344004805,50.0,0.00793343818468848,50.0,0,0,0,0,insufficient_support
2,GROCERY,SOFT DRINKS,display_only_vs_none,12,10,6,0.0,41.66666666666667,0.0030452082544136574,50.0,0.0,40.0,0.0025,50.0,0,0,0,0,insufficient_support
2,GROCERY,SOFT DRINKS,mailer_only_vs_none,18,16,5,0.0024151234567901234,61.111111111111114,0.0032372825178889238,61.111111111111114,0.0013881914767331438,56.25,0.0010960788141852196,56.25,0,0,0,0,insufficient_support
2,GROCERY,SOUP,both_vs_additive,67,13,33,-0.00509213647144682,46.26865671641791,-0.0018819143819143805,43.28358208955223,-0.011205085250963615,38.46153846153847,-0.004968330280830277,30.76923076923077,1,0,0,0,mixed_or_nonpositive
2,GROCERY,SOUP,both_vs_none,73,15,35,0.007325,53.42465753424658,0.008611111111111111,58.9041095890411,0.007325,66.66666666666666,0.007890344694762252,80.0,1,1,1,1,sales_and_penetration
2,GROCERY,SOUP,display_only_vs_none,112,23,47,0.0,44.642857142857146,0.0,46.42857142857143,0.0,39.130434782608695,0.0,43.47826086956522,1,0,0,0,mixed_or_nonpositive
2,GROCERY,SOUP,mailer_only_vs_none,115,23,47,0.004226190476190474,53.04347826086957,0.002380952380952381,52.17391304347826,5.279034690799326e-05,52.17391304347826,0.00028978589350106467,52.17391304347826,1,1,1,1,sales_and_penetration
2,GROCERY,SPICES & EXTRACTS,both_vs_additive,3,2,3,0.046534081860168816,66.66666666666666,0.018620689655172412,66.66666666666666,0.03826653263542759,100.0,0.013034775235200757,100.0,0,0,0,0,insufficient_support
2,GROCERY,SPICES & EXTRACTS,both_vs_none,4,3,4,0.011494281045751632,75.0,0.00988562091503268,75.0,0.01569444444444444,66.66666666666666,0.013888888888888888,66.66666666666666,0,0,0,0,insufficient_support
2,GROCERY,SPICES & EXTRACTS,display_only_vs_none,6,4,4,-0.004317460317460316,33.33333333333333,-0.002698412698412699,33.33333333333333,-0.017756511129355956,25.0,-0.008922869914249225,25.0,0,0,0,0,insufficient_support
2,GROCERY,SPICES & EXTRACTS,mailer_only_vs_none,6,4,5,0.0,16.666666666666664,0.0,16.666666666666664,0.0,25.0,0.0,25.0,0,0,0,0,insufficient_support
2,GROCERY,SUGARS/SWEETNERS,both_vs_additive,5,2,5,-0.054810382111146014,40.0,-0.030751265950558722,20.0,-0.03039468329805493,50.0,-0.02695148878586285,0.0,0,0,0,0,insufficient_support
2,GROCERY,SUGARS/SWEETNERS,both_vs_none,5,2,5,0.03702898550724637,80.0,0.016733266733266736,100.0,0.02454776835483357,100.0,0.013031759906759909,100.0,0,0,0,0,insufficient_support
2,GROCERY,SUGARS/SWEETNERS,display_only_vs_none,24,4,19,0.003981481481481482,50.0,0.0010101010101010097,50.0,0.006530970625798212,75.0,0.006252176941832114,75.0,0,0,0,0,insufficient_support
2,GROCERY,SUGARS/SWEETNERS,mailer_only_vs_none,23,3,19,0.01653846153846154,56.52173913043478,0.004688832054560955,56.52173913043478,0.028043478260869566,100.0,0.004629629629629629,100.0,0,0,0,0,insufficient_support
2,PRODUCE,VEGETABLES - ALL OTHERS,display_only_vs_none,6,3,3,-0.00502511073229947,33.33333333333333,-0.00432290307043271,33.33333333333333,-0.005571054797932275,33.33333333333333,-0.005257936507936503,33.33333333333333,0,0,0,0,insufficient_support
2,GROCERY,VEGETABLES - SHELF STABLE,both_vs_additive,186,13,65,0.0014609000454900056,53.76344086021505,0.003498393555328322,58.06451612903226,0.0019987114513244295,61.53846153846154,0.004144978129735446,76.92307692307693,1,1,1,1,sales_and_penetration
2,GROCERY,VEGETABLES - SHELF STABLE,both_vs_none,207,14,65,-0.0012409380418834173,43.47826086956522,0.000763914261356715,51.20772946859904,-0.0009223604678150104,28.57142857142857,0.0,42.857142857142854,1,0,0,0,mixed_or_nonpositive
2,GROCERY,VEGETABLES - SHELF STABLE,display_only_vs_none,240,26,68,-0.0021751323574467477,41.66666666666667,-0.0010837677401144916,42.916666666666664,-0.002854759450639062,23.076923076923077,-0.0023146059395649935,30.76923076923077,1,0,0,0,mixed_or_nonpositive
2,GROCERY,VEGETABLES - SHELF STABLE,mailer_only_vs_none,265,28,70,-8.101851851851499e-05,48.301886792452834,-0.002567409176604578,44.528301886792455,-0.0024355938496088084,32.142857142857146,-0.00309321159504983,28.57142857142857,1,0,0,0,mixed_or_nonpositive
2,PRODUCE,VEGETABLES SALAD,display_only_vs_none,5,1,5,-0.01974849775946594,40.0,-0.01820034245384567,40.0,-0.01974849775946594,0.0,-0.01820034245384567,0.0,0,0,0,0,insufficient_support
2,GROCERY,WAREHOUSE SNACKS,both_vs_additive,12,4,5,0.0045849157034515324,66.66666666666666,0.004755221500595565,75.0,0.008171250774905655,75.0,0.0063319411874343005,75.0,0,0,0,0,insufficient_support
2,GROCERY,WAREHOUSE SNACKS,both_vs_none,16,4,7,0.01857198943650687,87.5,0.01364043921857894,75.0,0.013711969733165384,100.0,0.015041136399832051,100.0,0,0,0,0,insufficient_support
2,GROCERY,WAREHOUSE SNACKS,display_only_vs_none,12,4,5,0.004099186012788953,75.0,0.004730162266926973,75.0,0.002326879615482555,75.0,0.004166189202953909,75.0,0,0,0,0,insufficient_support
2,GROCERY,WAREHOUSE SNACKS,mailer_only_vs_none,15,4,6,0.00909090909090909,66.66666666666666,0.00909090909090909,66.66666666666666,0.005549999999999999,75.0,0.002170196952805649,75.0,0,0,0,0,insufficient_support
2,GROCERY,WATER - CARBONATED/FLVRD DRINK,both_vs_additive,7,2,7,-0.048662475678703736,28.57142857142857,-0.010711809919158613,28.57142857142857,-0.2528361861155272,0.0,-0.056460550703675755,0.0,0,0,0,0,insufficient_support
2,GROCERY,WATER - CARBONATED/FLVRD DRINK,both_vs_none,9,3,9,0.0,44.44444444444444,0.0,44.44444444444444,0.0,33.33333333333333,0.0,33.33333333333333,0,0,0,0,insufficient_support
2,GROCERY,WATER - CARBONATED/FLVRD DRINK,display_only_vs_none,10,3,9,0.04127036865452838,90.0,0.010990125898109649,90.0,0.04127036865452838,100.0,0.016809006211180123,100.0,0,0,0,0,insufficient_support
2,GROCERY,WATER - CARBONATED/FLVRD DRINK,mailer_only_vs_none,9,3,8,0.042,55.55555555555556,0.0,44.44444444444444,0.042,66.66666666666666,0.0,33.33333333333333,0,0,0,0,insufficient_support
2,GROCERY,YOGURT,both_vs_none,7,7,4,0.0024285714285714292,57.14285714285714,0.0,42.857142857142854,0.0024285714285714292,57.14285714285714,0.0,42.857142857142854,0,0,0,0,insufficient_support
2,GROCERY,YOGURT,display_only_vs_none,5,5,4,0.019719753930280245,100.0,0.017543859649122806,100.0,0.019719753930280245,100.0,0.017543859649122806,100.0,0,0,0,0,insufficient_support
2,GROCERY,YOGURT,mailer_only_vs_none,13,12,4,0.012302631578947369,69.23076923076923,0.012976328484349875,69.23076923076923,0.009542744836862484,66.66666666666666,0.011306129396678553,66.66666666666666,0,0,0,0,insufficient_support
3,MEAT-PCKGD,BACON,mailer_only_vs_none,1,1,1,0.1866269404082703,100.0,0.03818622766832485,100.0,0.1866269404082703,100.0,0.03818622766832485,100.0,0,0,0,0,insufficient_support
3,GROCERY,BAG SNACKS,both_vs_additive,16,9,9,-0.015380586245608525,31.25,-0.005769462684986423,31.25,-0.01832695830916474,22.22222222222222,-0.006383824061025378,22.22222222222222,0,0,0,0,insufficient_support
3,GROCERY,BAG SNACKS,both_vs_none,19,11,9,0.0,36.84210526315789,0.0,36.84210526315789,0.0,27.27272727272727,0.0,27.27272727272727,0,0,0,0,insufficient_support
3,GROCERY,BAG SNACKS,display_only_vs_none,27,15,10,0.00731276083530763,55.55555555555556,0.0025860126769407105,51.85185185185185,0.00731276083530763,60.0,0.0025860126769407105,53.333333333333336,1,1,1,1,sales_and_penetration
3,GROCERY,BAG SNACKS,mailer_only_vs_none,28,17,10,0.0014568223101508876,50.0,0.00011840484986265064,50.0,0.0036113479208108347,64.70588235294117,0.0010912698412698417,64.70588235294117,1,0,0,0,mixed_or_nonpositive
3,GROCERY,BAKED BREAD/BUNS/ROLLS,both_vs_additive,14,7,4,0.005977987411905998,57.14285714285714,0.003711733491330735,50.0,0.011671364168835293,57.14285714285714,0.013375657078515655,57.14285714285714,0,0,0,0,insufficient_support
3,GROCERY,BAKED BREAD/BUNS/ROLLS,both_vs_none,16,8,5,-0.0005962760075359473,43.75,0.001978004878184161,56.25,0.0021471536423785745,75.0,0.0029298377904409378,75.0,0,0,0,0,insufficient_support
3,GROCERY,BAKED BREAD/BUNS/ROLLS,display_only_vs_none,42,27,9,0.0005666355587645852,52.38095238095239,0.0013276744263958763,52.38095238095239,-0.0003245374649247703,40.74074074074074,0.0,44.44444444444444,1,0,0,0,mixed_or_nonpositive
3,GROCERY,BAKED BREAD/BUNS/ROLLS,mailer_only_vs_none,24,14,8,0.005401351202865133,54.166666666666664,0.003446506380286711,58.333333333333336,-0.0014735281675440793,42.857142857142854,0.0017858157527059176,57.14285714285714,1,0,1,1,penetration_only
3,GROCERY,BAKING MIXES,both_vs_additive,2,2,2,0.04046031746031746,100.0,0.026091269841269846,50.0,0.04046031746031746,100.0,0.026091269841269846,50.0,0,0,0,0,insufficient_support
3,GROCERY,BAKING MIXES,both_vs_none,4,3,4,0.020555555555555556,75.0,0.003472222222222221,50.0,0.012976190476190474,100.0,0.005952380952380952,66.66666666666666,0,0,0,0,insufficient_support
3,GROCERY,BAKING MIXES,display_only_vs_none,9,5,7,-0.007879090233219088,44.44444444444444,-0.003754578754578755,44.44444444444444,-0.007879090233219088,40.0,-0.003754578754578755,40.0,0,0,0,0,insufficient_support
3,GROCERY,BAKING MIXES,mailer_only_vs_none,8,6,6,0.0,37.5,0.0,37.5,0.0011066760037348265,50.0,0.0010869565217391304,50.0,0,0,0,0,insufficient_support
3,GROCERY,BAKING NEEDS,both_vs_additive,1,1,1,0.1160588551040384,100.0,0.038421584414764294,100.0,0.1160588551040384,100.0,0.038421584414764294,100.0,0,0,0,0,insufficient_support
3,GROCERY,BAKING NEEDS,both_vs_none,1,1,1,0.14075021312872976,100.0,0.05076726342710997,100.0,0.14075021312872976,100.0,0.05076726342710997,100.0,0,0,0,0,insufficient_support
3,GROCERY,BAKING NEEDS,display_only_vs_none,7,5,5,0.0,42.857142857142854,0.0,42.857142857142854,-0.0071600759921193365,40.0,-0.005190449385495825,40.0,0,0,0,0,insufficient_support
3,GROCERY,BAKING NEEDS,mailer_only_vs_none,6,1,6,0.013725451377890403,66.66666666666666,0.0070260989010989035,83.33333333333334,0.013725451377890403,100.0,0.0070260989010989035,100.0,0,0,0,0,insufficient_support
3,GROCERY,BATH TISSUES,display_only_vs_none,1,1,1,0.08771929824561403,100.0,0.03508771929824561,100.0,0.08771929824561403,100.0,0.03508771929824561,100.0,0,0,0,0,insufficient_support
3,GROCERY,BEANS - CANNED GLASS & MW,both_vs_additive,18,3,16,-0.0006966242090909302,50.0,8.460380955951398e-05,50.0,0.003776964369864978,66.66666666666666,-0.002029580241414173,33.33333333333333,0,0,0,0,insufficient_support
3,GROCERY,BEANS - CANNED GLASS & MW,both_vs_none,19,3,16,0.012097560975609756,68.42105263157895,0.007371615312791783,73.68421052631578,0.007439869281045753,66.66666666666666,0.007371615312791783,66.66666666666666,0,0,0,0,insufficient_support
3,GROCERY,BEANS - CANNED GLASS & MW,display_only_vs_none,26,7,21,0.0071922253159134725,65.38461538461539,0.005165274505604341,61.53846153846154,0.0,42.857142857142854,0.003609507776174444,57.14285714285714,1,0,1,1,penetration_only
3,GROCERY,BEANS - CANNED GLASS & MW,mailer_only_vs_none,37,9,26,0.0025625000000000005,56.75675675675676,0.0012500000000000046,54.054054054054056,-0.0011988505747126425,44.44444444444444,0.0004997148633051271,55.55555555555556,1,0,1,1,penetration_only
3,GROCERY,BEERS/ALES,display_only_vs_none,2,2,2,0.018899368491446262,50.0,0.0036505711497863526,50.0,0.018899368491446262,50.0,0.0036505711497863526,50.0,0,0,0,0,insufficient_support
3,MEAT-PCKGD,BREAKFAST SAUSAGE/SANDWICHES,both_vs_none,1,1,1,0.06818181818181818,100.0,0.022727272727272728,100.0,0.06818181818181818,100.0,0.022727272727272728,100.0,0,0,0,0,insufficient_support
3,MEAT-PCKGD,BREAKFAST SAUSAGE/SANDWICHES,display_only_vs_none,3,3,2,0.046741452991453,66.66666666666666,0.005876068376068378,66.66666666666666,0.046741452991453,66.66666666666666,0.005876068376068378,66.66666666666666,0,0,0,0,insufficient_support
3,MEAT-PCKGD,BREAKFAST SAUSAGE/SANDWICHES,mailer_only_vs_none,5,5,1,0.03607503607503607,80.0,0.007998986307809838,80.0,0.03607503607503607,80.0,0.007998986307809838,80.0,0,0,0,0,insufficient_support
3,PRODUCE,BROCCOLI/CAULIFLOWER,both_vs_none,2,2,2,0.026213995155171626,100.0,0.031631407807878396,100.0,0.026213995155171626,100.0,0.031631407807878396,100.0,0,0,0,0,insufficient_support
3,PRODUCE,BROCCOLI/CAULIFLOWER,display_only_vs_none,2,1,2,0.022459526806842232,100.0,0.007635501207453465,100.0,0.022459526806842232,100.0,0.007635501207453465,100.0,0,0,0,0,insufficient_support
3,PRODUCE,BROCCOLI/CAULIFLOWER,mailer_only_vs_none,3,2,2,0.0032634973721930235,100.0,0.003108003108003108,66.66666666666666,0.008766079273667503,100.0,0.009507330634696363,50.0,0,0,0,0,insufficient_support
3,DRUG GM,CANDY - PACKAGED,both_vs_additive,5,5,5,-0.01767037815126051,20.0,-0.010768316650669595,20.0,-0.01767037815126051,20.0,-0.010768316650669595,20.0,0,0,0,0,insufficient_support
3,DRUG GM,CANDY - PACKAGED,both_vs_none,8,6,6,0.03475282234105763,87.5,0.0275564157429146,87.5,0.03475282234105763,83.33333333333334,0.02676818795239848,83.33333333333334,0,0,0,0,insufficient_support
3,DRUG GM,CANDY - PACKAGED,display_only_vs_none,9,6,7,0.010900199709513433,55.55555555555556,0.004745775058275059,66.66666666666666,0.015959149628512373,66.66666666666666,0.007366925920847491,66.66666666666666,0,0,0,0,insufficient_support
3,DRUG GM,CANDY - PACKAGED,mailer_only_vs_none,8,6,6,0.010573529411764707,62.5,0.00349264705882353,62.5,0.01404575163398693,66.66666666666666,0.0031454248366013073,66.66666666666666,0,0,0,0,insufficient_support
3,GROCERY,CANNED JUICES,both_vs_additive,19,6,18,-0.0034373143196672687,47.368421052631575,0.002228163992869875,52.63157894736842,0.01566456435603118,66.66666666666666,0.008073930074990545,66.66666666666666,0,0,0,0,insufficient_support
3,GROCERY,CANNED JUICES,both_vs_none,38,6,30,0.007356944444444444,57.89473684210527,0.005640447660246585,63.1578947368421,-0.004775679875679876,50.0,0.004234820734820736,66.66666666666666,1,0,1,1,penetration_only
3,GROCERY,CANNED JUICES,display_only_vs_none,42,8,33,0.0012653508771929825,50.0,0.00346424774056353,52.38095238095239,-0.012342171717171717,50.0,0.0022431299551579865,50.0,1,0,0,0,mixed_or_nonpositive
3,GROCERY,CANNED JUICES,mailer_only_vs_none,35,8,24,-0.0030654761904761914,45.714285714285715,-0.0003205128205128211,48.57142857142857,-0.0020967493520125105,37.5,0.00012383449883449841,50.0,1,0,0,0,mixed_or_nonpositive
3,GROCERY,CANNED MILK,display_only_vs_none,3,1,3,0.010869565217391304,66.66666666666666,0.005434782608695652,66.66666666666666,0.010869565217391304,100.0,0.005434782608695652,100.0,0,0,0,0,insufficient_support
3,PRODUCE,CARROTS,display_only_vs_none,2,1,2,0.018606180733142456,100.0,0.008829016677102806,100.0,0.018606180733142456,100.0,0.008829016677102806,100.0,0,0,0,0,insufficient_support
3,PRODUCE,CARROTS,mailer_only_vs_none,4,1,4,0.01003608869183632,75.0,0.020952216853171706,75.0,0.01003608869183632,100.0,0.020952216853171706,100.0,0,0,0,0,insufficient_support
3,GROCERY,CHEESE,both_vs_additive,22,6,12,-0.02491516684169271,18.181818181818183,-0.009883992899548702,22.727272727272727,-0.024917695044348633,0.0,-0.012625492977108526,0.0,1,0,0,0,mixed_or_nonpositive
3,GROCERY,CHEESE,both_vs_none,28,9,15,0.019391635671715896,75.0,0.010200216450216449,71.42857142857143,0.02600718622897478,77.77777777777779,0.009469598227809288,77.77777777777779,1,1,1,1,sales_and_penetration
3,GROCERY,CHEESE,display_only_vs_none,47,9,23,0.018649670575015667,59.57446808510638,0.007010806000508515,61.702127659574465,0.023663491405246012,77.77777777777779,0.007082924703062003,77.77777777777779,1,1,1,1,sales_and_penetration
3,GROCERY,CHEESE,mailer_only_vs_none,32,11,16,0.014510221887642904,78.125,0.007193507707645364,75.0,0.01008373775111977,90.9090909090909,0.005669792387802766,81.81818181818183,1,1,1,1,sales_and_penetration
3,GROCERY,COFFEE,both_vs_additive,3,2,3,-0.07640816326530614,33.33333333333333,-0.010204081632653066,33.33333333333333,-0.043909065959826146,0.0,-0.008244187166983033,0.0,0,0,0,0,insufficient_support
3,GROCERY,COFFEE,both_vs_none,3,2,3,0.07428571428571429,100.0,0.010204081632653062,100.0,0.07063380578524513,100.0,0.016835451853155055,100.0,0,0,0,0,insufficient_support
3,GROCERY,COFFEE,display_only_vs_none,4,2,3,0.010743387902008593,50.0,0.002102345292000464,50.0,0.01259104040942365,100.0,0.002722756618703382,100.0,0,0,0,0,insufficient_support
3,GROCERY,COFFEE,mailer_only_vs_none,4,2,3,0.06395317302228343,75.0,0.012802504652693003,75.0,0.06326372886039587,100.0,0.011922842824645076,100.0,0,0,0,0,insufficient_support
3,GROCERY,COLD CEREAL,both_vs_additive,23,3,17,0.04383053221288515,73.91304347826086,0.01597535505430242,73.91304347826086,0.04785463659147872,100.0,0.019601173802854477,100.0,0,0,0,0,insufficient_support
3,GROCERY,COLD CEREAL,both_vs_none,35,4,25,0.011990196078431374,60.0,0.0009606027047887513,57.14285714285714,0.023414376558413913,75.0,0.010383156842544336,75.0,0,0,0,0,insufficient_support
3,GROCERY,COLD CEREAL,display_only_vs_none,28,4,21,-0.005434704184704179,35.714285714285715,-0.004532563025210084,35.714285714285715,-0.0037949382992486414,25.0,-0.0037320268145572405,25.0,0,0,0,0,insufficient_support
3,GROCERY,COLD CEREAL,mailer_only_vs_none,32,6,23,-0.012511277039450451,31.25,-0.006281512605042018,28.125,-0.011279698513145031,16.666666666666664,-0.006321044546850999,16.666666666666664,1,0,0,0,mixed_or_nonpositive
3,GROCERY,CONDIMENTS/SAUCES,both_vs_additive,13,3,13,0.013842344249952945,61.53846153846154,0.0191200910020525,61.53846153846154,0.01374145206501573,66.66666666666666,0.01754230076589021,66.66666666666666,0,0,0,0,insufficient_support
3,GROCERY,CONDIMENTS/SAUCES,both_vs_none,57,4,29,0.006918978778766051,63.1578947368421,0.004557963536291711,57.89473684210527,-0.0011356684981684985,50.0,0.0030398218814101964,50.0,0,0,0,0,insufficient_support
3,GROCERY,CONDIMENTS/SAUCES,display_only_vs_none,86,9,41,-0.00039285714285714314,47.674418604651166,-0.0026658341309953567,45.348837209302324,0.0054482758620689655,77.77777777777779,0.0030265606795985673,77.77777777777779,1,0,0,0,mixed_or_nonpositive
3,GROCERY,CONDIMENTS/SAUCES,mailer_only_vs_none,34,5,27,0.0002242798353909465,50.0,0.0,47.05882352941176,0.0,40.0,0.0,40.0,1,0,0,0,mixed_or_nonpositive
3,GROCERY,CONVENIENT BRKFST/WHLSM SNACKS,both_vs_additive,4,4,2,-0.08786984906260156,0.0,-0.004984669997100893,25.0,-0.08786984906260156,0.0,-0.004984669997100893,25.0,0,0,0,0,insufficient_support
3,GROCERY,CONVENIENT BRKFST/WHLSM SNACKS,both_vs_none,5,5,3,0.0,40.0,0.0,40.0,0.0,40.0,0.0,40.0,0,0,0,0,insufficient_support
3,GROCERY,CONVENIENT BRKFST/WHLSM SNACKS,display_only_vs_none,6,5,4,0.015230108160205612,66.66666666666666,0.0032988267770876455,66.66666666666666,0.00994047619047619,60.0,0.0006452726017943389,60.0,0,0,0,0,insufficient_support
3,GROCERY,CONVENIENT BRKFST/WHLSM SNACKS,mailer_only_vs_none,9,8,7,0.014033613445378151,66.66666666666666,0.007575757575757576,66.66666666666666,0.016486503692386044,75.0,0.007792607127645493,62.5,0,0,0,0,insufficient_support
3,GROCERY,COOKIES/CONES,both_vs_additive,9,3,6,-0.00972385253635255,44.44444444444444,-0.0007320226070226081,44.44444444444444,-0.027705008775505607,33.33333333333333,-0.009223851082120128,33.33333333333333,0,0,0,0,insufficient_support
3,GROCERY,COOKIES/CONES,both_vs_none,10,4,7,-0.0010254083484573517,30.0,0.0,40.0,-0.0031950899550224916,25.0,-0.0022524362818590717,25.0,0,0,0,0,insufficient_support
3,GROCERY,COOKIES/CONES,display_only_vs_none,20,7,11,-0.0012531679338402026,45.0,-0.00025701306163491,40.0,-0.002506335867680405,42.857142857142854,-0.00026677337601707304,28.57142857142857,1,0,0,0,mixed_or_nonpositive
3,GROCERY,COOKIES/CONES,mailer_only_vs_none,15,5,8,0.01699358200306967,66.66666666666666,0.008042140607930081,73.33333333333333,0.016681411637931035,80.0,0.008496791001534835,100.0,0,0,0,0,insufficient_support
3,GROCERY,CRACKERS/MISC BKD FD,both_vs_additive,62,8,43,0.012423553295159342,62.903225806451616,0.009736462042030656,66.12903225806451,-7.889382615714272e-05,50.0,0.0036560581017933518,62.5,1,0,1,1,penetration_only
3,GROCERY,CRACKERS/MISC BKD FD,both_vs_none,76,10,48,0.005220181864918707,60.526315789473685,0.0029894179894179897,59.210526315789465,0.007832313154681575,70.0,0.003938397864559783,70.0,1,1,1,1,sales_and_penetration
3,GROCERY,CRACKERS/MISC BKD FD,display_only_vs_none,88,13,53,-0.0007773733796751694,46.590909090909086,-0.0017976699226699222,43.18181818181818,0.0,46.15384615384615,-0.0017434879934879934,38.46153846153847,1,0,0,0,mixed_or_nonpositive
3,GROCERY,CRACKERS/MISC BKD FD,mailer_only_vs_none,79,10,55,-0.0008021390374331559,43.037974683544306,-0.0008021390374331559,44.303797468354425,-0.00034360007608929925,50.0,0.0005044894710157979,70.0,1,0,0,0,mixed_or_nonpositive
3,GROCERY,DINNER MXS:DRY,both_vs_additive,6,1,6,0.06888543039086517,83.33333333333334,0.008195862130072656,83.33333333333334,0.06888543039086517,100.0,0.008195862130072656,100.0,0,0,0,0,insufficient_support
3,GROCERY,DINNER MXS:DRY,both_vs_none,12,3,10,0.014198115609880319,58.333333333333336,0.0008152173913043483,50.0,0.05263157894736842,100.0,0.0,33.33333333333333,0,0,0,0,insufficient_support
3,GROCERY,DINNER MXS:DRY,display_only_vs_none,52,10,32,0.0,38.46153846153847,-0.0006748601383198979,36.53846153846153,0.0,40.0,0.0,40.0,1,0,0,0,mixed_or_nonpositive
3,GROCERY,DINNER MXS:DRY,mailer_only_vs_none,49,10,29,0.0,36.734693877551024,0.0,42.857142857142854,-0.002934937836021505,20.0,0.0,40.0,1,0,0,0,mixed_or_nonpositive
3,GROCERY,DRY BN/VEG/POTATO/RICE,both_vs_additive,4,4,4,-0.002775031448352682,50.0,-0.004435738132047871,50.0,-0.002775031448352682,50.0,-0.004435738132047871,50.0,0,0,0,0,insufficient_support
3,GROCERY,DRY BN/VEG/POTATO/RICE,both_vs_none,4,4,4,0.0,25.0,0.0,25.0,0.0,25.0,0.0,25.0,0,0,0,0,insufficient_support
3,GROCERY,DRY BN/VEG/POTATO/RICE,display_only_vs_none,6,4,5,0.0,16.666666666666664,0.0,16.666666666666664,0.0,25.0,0.0,25.0,0,0,0,0,insufficient_support
3,GROCERY,DRY BN/VEG/POTATO/RICE,mailer_only_vs_none,9,4,7,0.0,44.44444444444444,0.0,44.44444444444444,0.0,25.0,0.0,25.0,0,0,0,0,insufficient_support
3,GROCERY,DRY MIX DESSERTS,display_only_vs_none,2,2,2,-0.026451505602240903,0.0,-0.019275210084033614,0.0,-0.026451505602240903,0.0,-0.019275210084033614,0.0,0,0,0,0,insufficient_support
3,GROCERY,DRY NOODLES/PASTA,display_only_vs_none,2,1,2,-0.008567583732057417,50.0,-0.008567583732057417,50.0,-0.008567583732057417,0.0,-0.008567583732057417,0.0,0,0,0,0,insufficient_support
3,GROCERY,EGGS,both_vs_additive,2,2,1,-0.018017807592057913,0.0,-0.004918540755634658,50.0,-0.018017807592057913,0.0,-0.004918540755634658,50.0,0,0,0,0,insufficient_support
3,GROCERY,EGGS,both_vs_none,2,2,1,0.04527964016171737,100.0,0.06299828207665775,100.0,0.04527964016171737,100.0,0.06299828207665775,100.0,0,0,0,0,insufficient_support
3,GROCERY,EGGS,display_only_vs_none,2,2,1,0.02415899642548659,100.0,0.03510183234442866,100.0,0.02415899642548659,100.0,0.03510183234442866,100.0,0,0,0,0,insufficient_support
3,GROCERY,EGGS,mailer_only_vs_none,3,3,1,0.07236767730375684,100.0,0.05822714217600582,100.0,0.07236767730375684,100.0,0.05822714217600582,100.0,0,0,0,0,insufficient_support
3,GROCERY,FACIAL TISS/DNR NAPKIN,display_only_vs_none,1,1,1,0.0002869620632778534,100.0,-0.0005810466336782123,0.0,0.0002869620632778534,100.0,-0.0005810466336782123,0.0,0,0,0,0,insufficient_support
3,GROCERY,FACIAL TISS/DNR NAPKIN,mailer_only_vs_none,4,2,3,-0.017166666666666667,25.0,-0.008320512820512821,25.0,-0.017166666666666667,0.0,-0.008333333333333333,0.0,0,0,0,0,insufficient_support
3,GROCERY,FD WRAPS/BAGS/TRSH BG,display_only_vs_none,2,2,2,-0.004914285714285715,0.0,-0.00380952380952381,0.0,-0.004914285714285715,0.0,-0.00380952380952381,0.0,0,0,0,0,insufficient_support
3,GROCERY,FLOUR & MEALS,both_vs_none,1,1,1,0.008765873015873012,100.0,0.004365079365079367,100.0,0.008765873015873012,100.0,0.004365079365079367,100.0,0,0,0,0,insufficient_support
3,GROCERY,FLOUR & MEALS,display_only_vs_none,8,2,7,0.01,75.0,0.008928571428571428,75.0,0.01,100.0,0.008928571428571428,100.0,0,0,0,0,insufficient_support
3,GROCERY,FLOUR & MEALS,mailer_only_vs_none,3,1,3,0.011904761904761904,66.66666666666666,0.011904761904761904,66.66666666666666,0.011904761904761904,100.0,0.011904761904761904,100.0,0,0,0,0,insufficient_support
3,GROCERY,FLUID MILK PRODUCTS,both_vs_additive,6,4,3,0.06110753399255989,83.33333333333334,0.03196596090968381,66.66666666666666,0.047657102076591795,75.0,0.011059261576457043,50.0,0,0,0,0,insufficient_support
3,GROCERY,FLUID MILK PRODUCTS,both_vs_none,8,4,3,0.0438936700936185,62.5,0.02062033802874876,62.5,0.03369133328018896,50.0,0.02796962688284959,75.0,0,0,0,0,insufficient_support
3,GROCERY,FLUID MILK PRODUCTS,display_only_vs_none,8,4,3,-0.03401470452212413,37.5,-0.007527340546523452,50.0,-0.01634932812484602,50.0,-0.0020943183251528616,50.0,0,0,0,0,insufficient_support
3,GROCERY,FLUID MILK PRODUCTS,mailer_only_vs_none,6,4,3,-0.013097096708116453,50.0,-0.003941494360902256,33.33333333333333,0.016365095430884897,50.0,0.015654520917678806,50.0,0,0,0,0,insufficient_support
3,MEAT-PCKGD,FROZEN MEAT,display_only_vs_none,1,1,1,-0.007199730769500784,0.0,-0.013756625457200421,0.0,-0.007199730769500784,0.0,-0.013756625457200421,0.0,0,0,0,0,insufficient_support
3,MEAT-PCKGD,FROZEN MEAT,mailer_only_vs_none,1,1,1,-0.062140206959976976,0.0,-0.015780434981009943,0.0,-0.062140206959976976,0.0,-0.015780434981009943,0.0,0,0,0,0,insufficient_support
3,GROCERY,FROZEN PIE/DESSERTS,both_vs_additive,1,1,1,0.042139077853363564,100.0,0.026266061980347692,100.0,0.042139077853363564,100.0,0.026266061980347692,100.0,0,0,0,0,insufficient_support
3,GROCERY,FROZEN PIE/DESSERTS,both_vs_none,1,1,1,-0.021352985638699924,0.0,-0.00547996976568405,0.0,-0.021352985638699924,0.0,-0.00547996976568405,0.0,0,0,0,0,insufficient_support
3,GROCERY,FROZEN PIE/DESSERTS,display_only_vs_none,1,1,1,-0.031746031746031744,0.0,-0.015873015873015872,0.0,-0.031746031746031744,0.0,-0.015873015873015872,0.0,0,0,0,0,insufficient_support
3,GROCERY,FROZEN PIE/DESSERTS,mailer_only_vs_none,1,1,1,-0.031746031746031744,0.0,-0.015873015873015872,0.0,-0.031746031746031744,0.0,-0.015873015873015872,0.0,0,0,0,0,insufficient_support
3,GROCERY,FROZEN PIZZA,both_vs_additive,1,1,1,-0.006923001949317739,0.0,-0.006773879142300196,0.0,-0.006923001949317739,0.0,-0.006773879142300196,0.0,0,0,0,0,insufficient_support
3,GROCERY,FROZEN PIZZA,both_vs_none,3,3,2,0.12456249999999999,100.0,0.025,100.0,0.12456249999999999,100.0,0.025,100.0,0,0,0,0,insufficient_support
3,GROCERY,FROZEN PIZZA,display_only_vs_none,3,3,2,0.03508750974426031,66.66666666666666,0.00947697420809549,66.66666666666666,0.03508750974426031,66.66666666666666,0.00947697420809549,66.66666666666666,0,0,0,0,insufficient_support
3,GROCERY,FROZEN PIZZA,mailer_only_vs_none,1,1,1,0.018497076023391814,100.0,0.011403508771929825,100.0,0.018497076023391814,100.0,0.011403508771929825,100.0,0,0,0,0,insufficient_support
3,GROCERY,FRUIT - SHELF STABLE,both_vs_additive,1,1,1,0.02641679606625259,100.0,0.01872929606625259,100.0,0.02641679606625259,100.0,0.01872929606625259,100.0,0,0,0,0,insufficient_support
3,GROCERY,FRUIT - SHELF STABLE,both_vs_none,4,4,4,0.017276928800366298,75.0,0.019776362677177896,75.0,0.017276928800366298,75.0,0.019776362677177896,75.0,0,0,0,0,insufficient_support
3,GROCERY,FRUIT - SHELF STABLE,display_only_vs_none,23,15,15,0.0008928571428571414,52.17391304347826,-0.002728174603174603,43.47826086956522,-0.007053413120567377,40.0,-0.005641025641025643,40.0,1,0,0,0,mixed_or_nonpositive
3,GROCERY,FRUIT - SHELF STABLE,mailer_only_vs_none,37,17,21,0.0034226190476190493,51.35135135135135,0.001620370370370371,51.35135135135135,0.0034226190476190493,58.82352941176471,0.0025910364145658267,58.82352941176471,1,1,1,1,sales_and_penetration
3,MEAT-PCKGD,HEAT/SERVE,both_vs_additive,3,3,1,-0.019701081812923946,33.33333333333333,0.009218559218559219,100.0,-0.019701081812923946,33.33333333333333,0.009218559218559219,100.0,0,0,0,0,insufficient_support
3,MEAT-PCKGD,HEAT/SERVE,both_vs_none,3,3,1,0.00028049728049726885,66.66666666666666,0.004467754467754468,66.66666666666666,0.00028049728049726885,66.66666666666666,0.004467754467754468,66.66666666666666,0,0,0,0,insufficient_support
3,MEAT-PCKGD,HEAT/SERVE,display_only_vs_none,3,3,1,0.040462962962962964,100.0,0.004003489200857628,66.66666666666666,0.040462962962962964,100.0,0.004003489200857628,66.66666666666666,0,0,0,0,insufficient_support
3,MEAT-PCKGD,HEAT/SERVE,mailer_only_vs_none,3,3,1,0.0,33.33333333333333,-0.01452991452991453,0.0,0.0,33.33333333333333,-0.01452991452991453,0.0,0,0,0,0,insufficient_support
3,GROCERY,HOT CEREAL,display_only_vs_none,7,4,6,0.017187499999999998,100.0,0.006462585034013604,100.0,0.0195697978970171,100.0,0.009734272130752461,100.0,0,0,0,0,insufficient_support
3,GROCERY,HOT CEREAL,mailer_only_vs_none,4,4,3,-0.0055,25.0,-0.0035714285714285718,25.0,-0.0055,25.0,-0.0035714285714285718,25.0,0,0,0,0,insufficient_support
3,GROCERY,ISOTONIC DRINKS,both_vs_additive,18,3,13,0.001956648354916795,55.55555555555556,-0.0036986591738144515,38.88888888888889,0.004551931902638425,66.66666666666666,-0.004137681159420287,33.33333333333333,0,0,0,0,insufficient_support
3,GROCERY,ISOTONIC DRINKS,both_vs_none,20,3,14,-0.001640781772575252,50.0,0.0017080745341614915,55.00000000000001,-0.006435719115232301,33.33333333333333,0.0017080745341614915,66.66666666666666,0,0,0,0,insufficient_support
3,GROCERY,ISOTONIC DRINKS,display_only_vs_none,20,4,14,0.0033742710035813486,55.00000000000001,-0.000839275103980984,40.0,-0.0035399391249144943,50.0,-0.006600765306122448,25.0,0,0,0,0,insufficient_support
3,GROCERY,ISOTONIC DRINKS,mailer_only_vs_none,25,5,15,-2.051282051282119e-05,48.0,0.005581260844418737,52.0,-2.051282051282119e-05,40.0,-0.0004940711462450599,40.0,1,0,0,0,mixed_or_nonpositive
3,MEAT-PCKGD,LUNCHMEAT,both_vs_additive,1,1,1,0.13647445046901568,100.0,0.037843682082812524,100.0,0.13647445046901568,100.0,0.037843682082812524,100.0,0,0,0,0,insufficient_support
3,MEAT-PCKGD,LUNCHMEAT,both_vs_none,1,1,1,-0.18213804713804715,0.0,-0.052188552188552194,0.0,-0.18213804713804715,0.0,-0.052188552188552194,0.0,0,0,0,0,insufficient_support
3,MEAT-PCKGD,LUNCHMEAT,display_only_vs_none,2,1,2,-0.06077194745673007,50.0,-0.015935729930295153,50.0,-0.06077194745673007,0.0,-0.015935729930295153,0.0,0,0,0,0,insufficient_support
3,MEAT-PCKGD,LUNCHMEAT,mailer_only_vs_none,2,1,2,-0.05089808339808341,50.0,-0.010025900025900028,50.0,-0.05089808339808341,0.0,-0.010025900025900028,0.0,0,0,0,0,insufficient_support
3,GROCERY,MARGARINES,display_only_vs_none,3,3,2,0.004680735930735931,66.66666666666666,0.001839826839826841,66.66666666666666,0.004680735930735931,66.66666666666666,0.001839826839826841,66.66666666666666,0,0,0,0,insufficient_support
3,GROCERY,MARGARINES,mailer_only_vs_none,2,2,1,-0.0047619047619047615,0.0,-0.0047619047619047615,0.0,-0.0047619047619047615,0.0,-0.0047619047619047615,0.0,0,0,0,0,insufficient_support
3,MEAT-PCKGD,MEAT - MISC,both_vs_additive,1,1,1,0.3852391974769297,100.0,0.04325763117171786,100.0,0.3852391974769297,100.0,0.04325763117171786,100.0,0,0,0,0,insufficient_support
3,MEAT-PCKGD,MEAT - MISC,both_vs_none,4,3,2,0.061882074420677356,75.0,0.008164983164983165,75.0,0.061882074420677356,66.66666666666666,0.0024410774410774418,100.0,0,0,0,0,insufficient_support
3,MEAT-PCKGD,MEAT - MISC,display_only_vs_none,2,2,1,-0.08091970324996642,0.0,-0.013410161962793543,0.0,-0.08091970324996642,0.0,-0.013410161962793543,0.0,0,0,0,0,insufficient_support
3,MEAT-PCKGD,MEAT - MISC,mailer_only_vs_none,3,2,2,-0.20272727272727273,33.33333333333333,-0.007744107744107745,33.33333333333333,-0.198460557960558,0.0,-0.010125060125060125,0.0,0,0,0,0,insufficient_support
3,GROCERY,MEAT - SHELF STABLE,both_vs_additive,122,6,47,0.003590818903318898,53.278688524590166,0.0016420533370997753,56.557377049180324,0.005249745286383796,83.33333333333334,0.001881994424564084,100.0,1,1,1,1,sales_and_penetration
3,GROCERY,MEAT - SHELF STABLE,both_vs_none,128,6,48,0.0023483655720497884,55.46875,0.0030210132145116683,57.8125,0.008784214784907306,83.33333333333334,0.004765497724292737,83.33333333333334,1,1,1,1,sales_and_penetration
3,GROCERY,MEAT - SHELF STABLE,display_only_vs_none,138,11,51,0.001777746747541263,51.449275362318836,0.0027685277685277686,57.2463768115942,0.0024725274725274707,63.63636363636363,0.004078950781092161,72.72727272727273,1,1,1,1,sales_and_penetration
3,GROCERY,MEAT - SHELF STABLE,mailer_only_vs_none,139,12,51,0.0,46.76258992805755,0.0,48.92086330935252,0.001282830816526466,50.0,5.179577869795235e-05,50.0,1,0,0,0,mixed_or_nonpositive
3,GROCERY,MILK BY-PRODUCTS,both_vs_additive,4,1,4,-0.018142438583876954,25.0,-0.01475080942488341,25.0,-0.018142438583876954,0.0,-0.01475080942488341,0.0,0,0,0,0,insufficient_support
3,GROCERY,MILK BY-PRODUCTS,both_vs_none,4,1,4,-0.0013745804011641109,50.0,-0.0008623577486699657,25.0,-0.0013745804011641109,0.0,-0.0008623577486699657,0.0,0,0,0,0,insufficient_support
3,GROCERY,MILK BY-PRODUCTS,display_only_vs_none,6,3,4,0.012306798559955999,83.33333333333334,0.009157872116349627,66.66666666666666,0.010811466148230855,100.0,0.00840844564893008,100.0,0,0,0,0,insufficient_support
3,GROCERY,MILK BY-PRODUCTS,mailer_only_vs_none,4,1,4,0.006840422123385262,100.0,0.006391131544218393,100.0,0.006840422123385262,100.0,0.006391131544218393,100.0,0,0,0,0,insufficient_support
3,GROCERY,MISC. DAIRY,display_only_vs_none,2,1,2,-0.06976639210156825,50.0,-0.010851667420258126,50.0,-0.06976639210156825,0.0,-0.010851667420258126,0.0,0,0,0,0,insufficient_support
3,MEAT-PCKGD,MISCELLANEOUS,both_vs_none,1,1,1,0.027830769230769232,100.0,0.03157509157509157,100.0,0.027830769230769232,100.0,0.03157509157509157,100.0,0,0,0,0,insufficient_support
3,MEAT-PCKGD,MISCELLANEOUS,display_only_vs_none,2,1,2,0.0189052836052836,100.0,0.01740814740814741,100.0,0.0189052836052836,100.0,0.01740814740814741,100.0,0,0,0,0,insufficient_support
3,MEAT-PCKGD,MISCELLANEOUS,mailer_only_vs_none,1,1,1,0.07108683473389356,100.0,0.035854341736694675,100.0,0.07108683473389356,100.0,0.035854341736694675,100.0,0,0,0,0,insufficient_support
3,GROCERY,OLIVES,display_only_vs_none,3,3,3,-0.0025329664029354396,33.33333333333333,-0.01429767228528838,33.33333333333333,-0.0025329664029354396,33.33333333333333,-0.01429767228528838,33.33333333333333,0,0,0,0,insufficient_support
3,PRODUCE,ONIONS,display_only_vs_none,1,1,1,-0.021219522755338692,0.0,-0.011793695973012861,0.0,-0.021219522755338692,0.0,-0.011793695973012861,0.0,0,0,0,0,insufficient_support
3,PRODUCE,ONIONS,mailer_only_vs_none,1,1,1,0.04912006033182503,100.0,0.016393018745959925,100.0,0.04912006033182503,100.0,0.016393018745959925,100.0,0,0,0,0,insufficient_support
3,PRODUCE,ORGANICS FRUIT & VEGETABLES,mailer_only_vs_none,4,3,2,0.03342261904761905,75.0,0.012202380952380952,75.0,0.035595238095238096,66.66666666666666,0.011904761904761904,66.66666666666666,0,0,0,0,insufficient_support
3,GROCERY,PAPER HOUSEWARES,display_only_vs_none,4,3,4,-0.025340057817998994,25.0,-0.005564329461388287,25.0,-0.028664141414141406,33.33333333333333,-0.007323232323232327,33.33333333333333,0,0,0,0,insufficient_support
3,GROCERY,PAPER HOUSEWARES,mailer_only_vs_none,1,1,1,-0.07024747474747474,0.0,-0.01565656565656566,0.0,-0.07024747474747474,0.0,-0.01565656565656566,0.0,0,0,0,0,insufficient_support
3,GROCERY,PAPER TOWELS,display_only_vs_none,3,1,3,0.0308641975308642,66.66666666666666,0.012345679012345678,66.66666666666666,0.0308641975308642,100.0,0.012345679012345678,100.0,0,0,0,0,insufficient_support
3,GROCERY,PASTA SAUCE,both_vs_none,3,3,3,-0.035551820728291314,33.33333333333333,-0.021288515406162466,33.33333333333333,-0.035551820728291314,33.33333333333333,-0.021288515406162466,33.33333333333333,0,0,0,0,insufficient_support
3,GROCERY,PASTA SAUCE,display_only_vs_none,10,7,9,0.01375312565291589,70.0,0.007424232210523275,60.0,0.018469973009446694,71.42857142857143,0.007761503863452889,71.42857142857143,0,0,0,0,insufficient_support
3,GROCERY,PASTA SAUCE,mailer_only_vs_none,12,7,11,-0.009969570267131241,41.66666666666667,-0.004285753154598654,33.33333333333333,0.011263955342902705,57.14285714285714,0.007142857142857143,57.14285714285714,0,0,0,0,insufficient_support
3,PRODUCE,PEPPERS-ALL,display_only_vs_none,2,1,2,-0.006816514726836816,50.0,0.0016379197796826343,100.0,-0.006816514726836816,0.0,0.0016379197796826343,100.0,0,0,0,0,insufficient_support
3,GROCERY,PICKLE/RELISH/PKLD VEG,display_only_vs_none,2,2,2,0.00579373265582853,50.0,-0.0007343687446701359,50.0,0.00579373265582853,50.0,-0.0007343687446701359,50.0,0,0,0,0,insufficient_support
3,GROCERY,PNT BTR/JELLY/JAMS,both_vs_additive,31,3,27,-0.006666423863414286,45.16129032258064,-0.0002609204069516126,48.38709677419355,-0.0059072808833678415,33.33333333333333,0.0031492781874170126,66.66666666666666,0,0,0,0,insufficient_support
3,GROCERY,PNT BTR/JELLY/JAMS,both_vs_none,35,3,31,0.011080059725221018,65.71428571428571,0.005555555555555557,62.857142857142854,0.011080059725221018,66.66666666666666,0.005434782608695652,100.0,0,0,0,0,insufficient_support
3,GROCERY,PNT BTR/JELLY/JAMS,display_only_vs_none,38,4,33,-0.0016516729000479683,47.368421052631575,-0.0031664998011512683,36.84210526315789,-0.003136183193872901,25.0,-0.00180921869016386,0.0,0,0,0,0,insufficient_support
3,GROCERY,PNT BTR/JELLY/JAMS,mailer_only_vs_none,33,3,29,0.017026397515527952,66.66666666666666,0.002097635392829901,57.57575757575758,0.017026397515527952,66.66666666666666,0.002097635392829901,66.66666666666666,0,0,0,0,insufficient_support
3,PRODUCE,PROCESSED,display_only_vs_none,2,1,2,0.016952734861128003,100.0,0.011895854529427097,100.0,0.016952734861128003,100.0,0.011895854529427097,100.0,0,0,0,0,insufficient_support
3,GROCERY,REFRGRATD DOUGH PRODUCTS,both_vs_none,1,1,1,0.0,0.0,0.0,0.0,0.0,0.0,0.0,0.0,0,0,0,0,insufficient_support
3,GROCERY,REFRGRATD DOUGH PRODUCTS,display_only_vs_none,2,2,1,0.02181818181818182,100.0,0.015151515151515152,100.0,0.02181818181818182,100.0,0.015151515151515152,100.0,0,0,0,0,insufficient_support
3,GROCERY,REFRGRATD DOUGH PRODUCTS,mailer_only_vs_none,1,1,1,0.0,0.0,0.0,0.0,0.0,0.0,0.0,0.0,0,0,0,0,insufficient_support
3,GROCERY,REFRGRATD JUICES/DRNKS,both_vs_additive,3,1,3,0.0491294345369339,66.66666666666666,0.03471983002641545,66.66666666666666,0.0491294345369339,100.0,0.03471983002641545,100.0,0,0,0,0,insufficient_support
3,GROCERY,REFRGRATD JUICES/DRNKS,both_vs_none,4,2,4,0.0164171188019889,75.0,0.006158670004409672,50.0,0.0009555252753782172,50.0,0.0041093506167035575,50.0,0,0,0,0,insufficient_support
3,GROCERY,REFRGRATD JUICES/DRNKS,display_only_vs_none,5,3,4,-0.019918224131757967,20.0,-0.009509488005728607,40.0,-0.019918224131757967,0.0,-0.009509488005728607,33.33333333333333,0,0,0,0,insufficient_support
3,GROCERY,REFRGRATD JUICES/DRNKS,mailer_only_vs_none,5,3,4,0.0007423132183908034,60.0,0.00951084117032393,60.0,0.0007423132183908034,66.66666666666666,0.00951084117032393,66.66666666666666,0,0,0,0,insufficient_support
3,PRODUCE,SALAD MIX,mailer_only_vs_none,10,9,4,-0.01008774120616226,40.0,0.0028808141092623845,60.0,-0.010683760683760684,44.44444444444444,0.005054184321425698,66.66666666666666,0,0,0,0,insufficient_support
3,GROCERY,SALD DRSNG/SNDWCH SPRD,both_vs_additive,41,9,27,-0.00036190307797925175,48.78048780487805,0.002079217651973067,53.65853658536586,-0.0035329896441007556,44.44444444444444,-0.00121817482928594,44.44444444444444,1,0,0,0,mixed_or_nonpositive
3,GROCERY,SALD DRSNG/SNDWCH SPRD,both_vs_none,48,9,32,-0.0006581339432324661,47.91666666666667,0.0012890178711679728,52.083333333333336,0.00528256704980843,55.55555555555556,0.005513521889518578,66.66666666666666,1,0,1,1,penetration_only
3,GROCERY,SALD DRSNG/SNDWCH SPRD,display_only_vs_none,52,11,31,0.0,48.07692307692308,0.0,44.230769230769226,0.003260141093474427,54.54545454545454,0.0017786561264822136,54.54545454545454,1,0,0,0,mixed_or_nonpositive
3,GROCERY,SALD DRSNG/SNDWCH SPRD,mailer_only_vs_none,54,12,33,0.0,48.148148148148145,9.712509712509788e-05,50.0,0.0033957379862700234,50.0,0.0016457212060758978,58.333333333333336,1,0,0,0,mixed_or_nonpositive
3,GROCERY,SEAFOOD - SHELF STABLE,both_vs_additive,1,1,1,0.06359578223708659,100.0,0.01450801613845092,100.0,0.06359578223708659,100.0,0.01450801613845092,100.0,0,0,0,0,insufficient_support
3,GROCERY,SEAFOOD - SHELF STABLE,both_vs_none,1,1,1,0.049172705314009656,100.0,0.015881642512077295,100.0,0.049172705314009656,100.0,0.015881642512077295,100.0,0,0,0,0,insufficient_support
3,GROCERY,SEAFOOD - SHELF STABLE,display_only_vs_none,52,5,36,-0.0004062052423877728,46.15384615384615,-0.004988514957264956,42.30769230769231,-0.00033476224497897,20.0,-0.00476869658119658,0.0,1,0,0,0,mixed_or_nonpositive
3,GROCERY,SEAFOOD - SHELF STABLE,mailer_only_vs_none,56,5,36,0.0008611111111111111,50.0,0.0013354700854700868,55.35714285714286,0.0,40.0,0.001388888888888891,60.0,1,0,1,1,penetration_only
3,GROCERY,SHORTENING/OIL,both_vs_additive,10,2,9,0.014613293650793654,60.0,0.008115079365079363,70.0,0.016685513682224214,50.0,0.01250743043506201,100.0,0,0,0,0,insufficient_support
3,GROCERY,SHORTENING/OIL,both_vs_none,14,2,13,0.01700766369047619,64.28571428571429,0.009501488095238094,64.28571428571429,0.01844146654643946,100.0,0.010302495277340477,100.0,0,0,0,0,insufficient_support
3,GROCERY,SHORTENING/OIL,display_only_vs_none,42,2,33,0.007303041277273735,57.14285714285714,0.004326923076923076,57.14285714285714,0.004353036312337201,50.0,0.003673860084433207,100.0,0,0,0,0,insufficient_support
3,GROCERY,SHORTENING/OIL,mailer_only_vs_none,55,4,37,-0.008523809523809524,40.0,-0.003333333333333334,38.18181818181819,-0.007678258547008545,25.0,-0.004246031746031746,25.0,0,0,0,0,insufficient_support
3,GROCERY,SNACK NUTS,display_only_vs_none,1,1,1,-0.005197753396029257,0.0,-0.001987380435656298,0.0,-0.005197753396029257,0.0,-0.001987380435656298,0.0,0,0,0,0,insufficient_support
3,GROCERY,SNACK NUTS,mailer_only_vs_none,1,1,1,-0.01356060606060606,0.0,-0.007575757575757576,0.0,-0.01356060606060606,0.0,-0.007575757575757576,0.0,0,0,0,0,insufficient_support
3,GROCERY,SOFT DRINKS,both_vs_additive,2,2,2,0.00996165273677235,50.0,0.0026230478607870995,50.0,0.00996165273677235,50.0,0.0026230478607870995,50.0,0,0,0,0,insufficient_support
3,GROCERY,SOFT DRINKS,both_vs_none,4,4,2,-0.00833758321142222,25.0,-0.006088749142154717,25.0,-0.00833758321142222,25.0,-0.006088749142154717,25.0,0,0,0,0,insufficient_support
3,GROCERY,SOFT DRINKS,display_only_vs_none,5,5,4,-0.00869986921765762,20.0,0.0,40.0,-0.00869986921765762,20.0,0.0,40.0,0,0,0,0,insufficient_support
3,GROCERY,SOFT DRINKS,mailer_only_vs_none,11,11,3,0.0006776175213675222,54.54545454545454,0.000347222222222221,54.54545454545454,0.0006776175213675222,54.54545454545454,0.000347222222222221,54.54545454545454,0,0,0,0,insufficient_support
3,GROCERY,SOUP,both_vs_additive,42,10,22,-0.00800052833784206,42.857142857142854,-0.0019357085397725786,40.476190476190474,-0.016335694593289412,30.0,-0.007748896605439905,30.0,1,0,0,0,mixed_or_nonpositive
3,GROCERY,SOUP,both_vs_none,49,12,25,0.009523809523809523,55.10204081632652,0.008611111111111111,59.183673469387756,0.011638135833888567,83.33333333333334,0.010414403604058776,75.0,1,1,1,1,sales_and_penetration
3,GROCERY,SOUP,display_only_vs_none,81,20,37,0.0,45.67901234567901,0.0,48.148148148148145,0.00302934659325637,55.00000000000001,0.0010868411208178061,55.00000000000001,1,0,0,0,mixed_or_nonpositive
3,GROCERY,SOUP,mailer_only_vs_none,95,19,45,0.004226190476190474,52.63157894736842,0.0026895648634779057,54.736842105263165,0.00045763760049474453,57.89473684210527,0.0011904761904761906,63.1578947368421,1,1,1,1,sales_and_penetration
3,GROCERY,SPICES & EXTRACTS,both_vs_additive,1,1,1,0.07466896551724136,100.0,0.018620689655172412,100.0,0.07466896551724136,100.0,0.018620689655172412,100.0,0,0,0,0,insufficient_support
3,GROCERY,SPICES & EXTRACTS,both_vs_none,1,1,1,-0.07466896551724136,0.0,-0.018620689655172412,0.0,-0.07466896551724136,0.0,-0.018620689655172412,0.0,0,0,0,0,insufficient_support
3,GROCERY,SPICES & EXTRACTS,display_only_vs_none,4,3,3,-0.004317460317460316,25.0,-0.002698412698412699,25.0,0.0,33.33333333333333,0.0,33.33333333333333,0,0,0,0,insufficient_support
3,GROCERY,SPICES & EXTRACTS,mailer_only_vs_none,4,3,3,-0.006652243589743589,0.0,-0.004262820512820513,0.0,-0.006652243589743589,0.0,-0.004262820512820513,0.0,0,0,0,0,insufficient_support
3,GROCERY,SUGARS/SWEETNERS,both_vs_additive,1,1,1,0.07959261148577121,100.0,-0.00804102312040307,0.0,0.07959261148577121,100.0,-0.00804102312040307,0.0,0,0,0,0,insufficient_support
3,GROCERY,SUGARS/SWEETNERS,both_vs_none,3,1,3,0.04166208791208791,100.0,0.01872710622710623,100.0,0.04166208791208791,100.0,0.01872710622710623,100.0,0,0,0,0,insufficient_support
3,GROCERY,SUGARS/SWEETNERS,display_only_vs_none,15,4,11,0.007962962962962963,53.333333333333336,0.006172839506172839,53.333333333333336,0.01050241475900705,75.0,0.010368975176277407,75.0,0,0,0,0,insufficient_support
3,GROCERY,SUGARS/SWEETNERS,mailer_only_vs_none,12,3,10,0.011293527444422587,58.333333333333336,0.004659230842095292,58.333333333333336,-0.0028023504273504314,33.33333333333333,-0.00965099715099715,33.33333333333333,0,0,0,0,insufficient_support
3,PRODUCE,VEGETABLES - ALL OTHERS,display_only_vs_none,4,2,3,-0.012540659882581594,0.0,-0.006830648926237159,0.0,-0.017449392945184626,0.0,-0.006830648926237159,0.0,0,0,0,0,insufficient_support
3,GROCERY,VEGETABLES - SHELF STABLE,both_vs_additive,129,8,56,0.0013378125142831038,54.263565891472865,0.0031540324074077787,56.58914728682171,0.00462391962543769,75.0,0.00349059645061747,62.5,1,1,1,1,sales_and_penetration
3,GROCERY,VEGETABLES - SHELF STABLE,both_vs_none,151,10,57,-0.0007326007326007335,46.35761589403973,0.002018916540975366,52.980132450331126,-0.0013870364999397236,40.0,0.002652000777000778,60.0,1,0,1,1,penetration_only
3,GROCERY,VEGETABLES - SHELF STABLE,display_only_vs_none,194,21,63,-0.0015502591634944576,45.876288659793815,-0.0007822758372400974,45.876288659793815,-0.002564219755978983,28.57142857142857,-0.0005334232458415471,38.095238095238095,1,0,0,0,mixed_or_nonpositive
3,GROCERY,VEGETABLES - SHELF STABLE,mailer_only_vs_none,241,23,67,0.0,48.96265560165975,-0.0018431967928871952,45.22821576763486,-0.002232142857142857,34.78260869565217,-0.002976190476190476,34.78260869565217,1,0,0,0,mixed_or_nonpositive
3,PRODUCE,VEGETABLES SALAD,display_only_vs_none,5,1,5,-0.01974849775946594,40.0,-0.01820034245384567,40.0,-0.01974849775946594,0.0,-0.01820034245384567,0.0,0,0,0,0,insufficient_support
3,GROCERY,WAREHOUSE SNACKS,both_vs_additive,8,4,5,0.004177706812158792,62.5,0.0035467305580207725,75.0,0.013361319656641203,75.0,0.010950856223016,75.0,0,0,0,0,insufficient_support
3,GROCERY,WAREHOUSE SNACKS,both_vs_none,11,4,5,0.005434782608695652,81.81818181818183,0.008787914479292861,72.72727272727273,0.011208470708857703,100.0,0.009840416525115005,100.0,0,0,0,0,insufficient_support
3,GROCERY,WAREHOUSE SNACKS,display_only_vs_none,11,4,5,0.004494668321874203,72.72727272727273,0.0057566208301502424,72.72727272727273,0.005269587556836009,75.0,0.00517748849018199,75.0,0,0,0,0,insufficient_support
3,GROCERY,WAREHOUSE SNACKS,mailer_only_vs_none,12,4,5,0.008112121212121211,58.333333333333336,0.0026737272389446313,58.333333333333336,0.001885760381593713,50.0,0.0009086134453781514,50.0,0,0,0,0,insufficient_support
3,GROCERY,WATER - CARBONATED/FLVRD DRINK,both_vs_additive,2,1,2,0.14898990969979733,50.0,0.03510830187226088,50.0,0.14898990969979733,100.0,0.03510830187226088,100.0,0,0,0,0,insufficient_support
3,GROCERY,WATER - CARBONATED/FLVRD DRINK,both_vs_none,3,1,3,0.009946581196581199,66.66666666666666,0.004896723646723647,66.66666666666666,0.009946581196581199,100.0,0.004896723646723647,100.0,0,0,0,0,insufficient_support
3,GROCERY,WATER - CARBONATED/FLVRD DRINK,display_only_vs_none,6,2,6,0.026067210793567826,83.33333333333334,0.008242832691341654,83.33333333333334,0.026067210793567826,100.0,0.012029886253011584,100.0,0,0,0,0,insufficient_support
3,GROCERY,WATER - CARBONATED/FLVRD DRINK,mailer_only_vs_none,5,2,4,0.06735428113553114,80.0,0.01525746980292435,60.0,0.06613429717541688,100.0,0.011729581971059246,100.0,0,0,0,0,insufficient_support
3,GROCERY,YOGURT,both_vs_none,1,1,1,0.03125,100.0,0.020833333333333332,100.0,0.03125,100.0,0.020833333333333332,100.0,0,0,0,0,insufficient_support
3,GROCERY,YOGURT,display_only_vs_none,1,1,1,0.04160216718266255,100.0,0.047094546320552516,100.0,0.04160216718266255,100.0,0.047094546320552516,100.0,0,0,0,0,insufficient_support
3,GROCERY,YOGURT,mailer_only_vs_none,7,7,3,0.012591983180218473,71.42857142857143,0.014757063112326269,71.42857142857143,0.012591983180218473,71.42857142857143,0.014757063112326269,71.42857142857143,0,0,0,0,insufficient_support
