household_key,base_visits,base_spend,median_gap,p90_gap,gap_iqr,high_value,churned
1,25,1554.99,9.0,13.7,3.25,False,False
2,27,967.49,7.0,17.5,10.0,False,False
3,27,1889.32,6.0,15.5,8.5,False,False
4,17,831.6400000000001,13.0,21.5,7.0,False,False
5,14,421.85,14.0,34.2,10.0,False,False
6,85,2673.68,2.0,5.0,1.25,True,False
7,14,660.43,10.0,32.0,9.0,False,False
8,36,1673.87,6.0,12.0,6.0,False,False
13,60,3479.8900000000003,4.0,7.0,4.0,True,False
14,22,552.2100000000002,6.0,27.0,9.0,False,False
16,47,812.0999999999999,4.0,8.0,3.0,False,False
17,44,1745.93,4.0,9.800000000000004,4.0,False,False
18,43,2402.8599999999997,5.0,10.0,4.0,True,False
19,73,2626.26,3.0,6.0,2.25,True,False
20,80,1656.38,2.0,3.200000000000003,1.0,False,False
22,32,1656.3899999999999,7.0,13.0,3.5,False,False
23,41,1376.0499999999997,5.0,11.200000000000003,6.0,False,False
24,26,674.79,5.0,20.800000000000004,7.0,False,False
25,21,868.17,10.0,16.0,8.0,False,False
26,42,744.24,2.0,11.0,4.0,False,False
27,75,1388.8100000000002,1.5,7.0,2.0,False,False
28,53,843.27,3.0,8.0,4.0,False,False
29,32,923.9200000000001,6.0,16.0,6.5,False,False
32,34,765.7800000000001,4.0,16.6,4.0,False,False
33,21,636.5200000000001,6.5,23.300000000000004,13.5,False,False
34,8,79.28,20.0,38.00000000000001,18.0,False,False
35,11,291.65999999999997,16.0,34.8,19.25,False,False
36,52,1150.1,2.0,8.0,4.0,False,False
37,14,866.8999999999999,10.0,22.000000000000004,10.0,False,False
38,13,431.87000000000006,7.5,29.400000000000002,11.25,False,True
39,19,1893.52,9.5,22.100000000000005,11.0,False,False
40,107,3722.2599999999998,2.0,3.0,2.0,True,False
41,20,646.39,8.0,21.4,15.0,False,False
42,35,837.4100000000001,7.0,8.0,0.0,False,False
43,41,541.4900000000001,4.0,11.400000000000006,6.0,False,False
44,9,390.53,30.0,34.6,9.5,False,False
45,39,547.92,4.0,13.600000000000009,4.75,False,False
46,28,2145.9900000000007,5.0,11.0,6.0,True,False
47,40,856.7800000000001,4.0,14.000000000000014,7.5,False,False
48,9,190.12,20.5,53.69999999999999,11.25,False,False
49,25,1603.6899999999998,5.0,21.7,11.0,False,False
51,27,985.0100000000001,6.0,15.5,8.25,False,False
52,47,1834.3999999999999,4.0,9.0,3.75,False,False
53,17,646.22,9.5,31.0,17.0,False,False
55,52,501.8,3.0,8.0,3.0,False,False
56,62,2319.88,3.0,7.0,4.0,True,False
57,52,1127.9,3.0,10.0,6.0,False,False
58,75,2524.7000000000003,2.5,5.0,2.0,True,False
59,16,507.21999999999997,10.0,34.8,20.5,False,False
63,15,228.62,11.5,30.400000000000002,11.0,False,False
64,57,750.87,2.0,6.0,3.0,False,False
65,30,731.83,6.0,18.2,9.0,False,False
66,14,292.22,7.0,18.6,9.0,False,False
67,58,3266.5699999999997,4.0,7.0,4.0,True,False
68,86,1310.47,2.0,6.0,3.0,False,False
69,32,2453.56,5.0,12.0,6.5,True,False
70,10,41.89,4.0,53.400000000000006,38.0,False,False
71,33,1459.53,5.0,14.0,5.5,False,False
72,39,2124.5499999999997,6.0,10.0,6.75,True,False
73,65,952.7499999999999,2.5,8.700000000000003,3.0,False,False
74,47,845.6700000000001,4.5,9.5,3.0,False,False
75,20,239.46,8.0,21.999999999999993,12.5,False,False
77,24,1571.43,6.0,14.8,6.5,False,False
78,60,639.13,2.0,7.200000000000003,3.5,False,False
79,43,1081.9199999999998,4.0,9.899999999999999,4.0,False,False
80,19,484.76,11.0,25.90000000000001,12.5,False,False
81,62,3397.8299999999995,3.0,8.0,3.0,True,False
82,22,278.48,9.0,18.0,7.0,False,False
83,37,477.00999999999993,4.0,13.5,7.25,False,False
84,10,234.55,17.0,41.400000000000006,22.0,False,False
85,91,1832.2099999999998,2.0,5.0,2.0,False,False
86,17,1564.2,13.0,27.0,11.0,False,False
88,65,4280.83,3.0,7.0,3.0,True,False
92,22,445.02000000000004,8.0,17.0,10.0,False,False
93,44,1439.46,5.0,8.800000000000004,2.5,False,True
94,8,82.09,25.0,52.0,24.0,False,False
95,95,1872.6599999999999,2.0,5.0,2.0,False,False
96,24,670.1999999999999,7.0,18.000000000000004,9.5,False,True
97,49,1794.76,4.5,8.300000000000004,5.0,False,False
98,32,391.5,6.0,14.0,8.0,False,False
99,71,2200.0400000000004,3.0,6.100000000000001,4.0,True,False
101,39,1726.7899999999997,5.0,10.300000000000004,5.0,False,False
103,22,320.68,6.0,16.0,9.0,False,False
104,38,1539.29,4.0,9.399999999999999,4.0,False,False
105,36,1813.7800000000002,4.0,13.0,7.0,False,False
107,15,391.86,10.5,29.70000000000001,14.5,False,False
108,26,1631.3199999999997,6.0,22.200000000000003,10.0,False,False
109,31,1159.31,5.0,15.300000000000018,5.0,False,False
110,56,1474.23,3.0,9.0,3.5,False,False
111,19,694.93,8.5,28.100000000000012,12.25,False,False
112,17,197.59000000000003,11.0,32.0,15.25,False,False
113,50,4855.650000000001,4.0,8.200000000000003,3.0,True,False
114,23,862.6100000000001,9.0,16.0,10.5,False,False
115,39,3337.7,5.0,11.600000000000009,3.5,True,False
116,33,218.67000000000002,4.5,17.800000000000004,6.25,False,False
117,33,949.77,6.0,13.0,6.25,False,False
118,27,1490.6699999999998,9.5,14.0,9.5,False,False
119,14,470.17999999999995,3.0,17.200000000000003,10.0,False,False
121,36,908.37,3.0,17.0,10.5,False,False
122,33,818.4599999999999,5.5,11.900000000000002,5.5,False,False
123,62,1332.2199999999996,3.0,6.0,3.0,False,False
124,24,205.87,6.0,21.600000000000005,11.0,False,False
125,80,3096.9400000000005,2.0,5.200000000000003,3.0,True,False
126,11,348.90000000000003,13.0,37.2,17.0,False,False
127,43,899.5400000000001,2.0,10.699999999999996,5.0,False,False
129,9,161.48000000000002,26.5,38.699999999999996,6.75,False,False
131,94,2011.88,2.0,5.0,2.0,True,False
132,34,1198.06,4.0,13.8,5.0,False,False
133,25,1369.6000000000001,7.5,15.399999999999999,6.5,False,False
134,28,1872.3999999999999,7.0,15.800000000000004,10.5,False,False
135,25,242.11,8.0,19.7,9.0,False,False
136,22,968.9,7.0,16.0,11.0,False,False
137,22,848.3000000000002,9.0,15.0,5.0,False,False
138,19,1187.1400000000003,11.5,23.6,12.75,False,False
139,14,766.3000000000001,14.0,41.0,23.0,False,False
140,26,632.1799999999998,3.0,20.80000000000001,7.0,False,False
141,17,174.41000000000003,7.5,26.5,18.25,False,False
142,69,909.61,3.0,7.0,2.0,False,False
143,119,2757.59,1.0,3.0,1.0,True,False
144,40,1236.57,3.0,15.600000000000009,3.5,False,False
145,20,506.02000000000004,10.0,25.2,12.0,False,False
146,11,297.89,5.5,48.69999999999998,27.0,False,False
147,13,627.89,13.0,42.70000000000001,14.75,False,False
148,19,360.45,11.0,27.3,14.75,False,False
149,46,3137.4300000000003,3.0,6.600000000000001,3.0,True,False
151,30,841.2700000000001,7.0,14.2,7.0,False,False
152,13,498.85,12.5,42.2,18.75,False,False
153,25,487.8400000000001,7.0,21.4,11.0,False,False
154,17,544.8499999999999,3.5,29.5,16.25,False,False
155,23,1013.3399999999999,7.5,22.300000000000015,5.75,False,False
156,155,2656.54,1.0,3.0,0.0,True,False
157,60,1104.4299999999998,3.0,8.0,2.5,False,False
158,69,750.85,3.0,7.0,2.25,False,False
159,24,619.04,6.0,19.200000000000003,11.5,False,False
160,16,415.31,7.0,31.6,12.0,False,False
161,35,938.8100000000002,2.0,10.199999999999996,3.5,False,False
162,23,864.6899999999999,7.5,21.700000000000006,8.25,False,False
164,32,1258.87,7.0,14.0,7.0,False,False
165,48,691.8599999999999,3.0,10.399999999999999,3.5,False,False
166,43,812.3700000000001,3.5,11.0,4.75,False,False
168,20,329.84000000000003,9.0,23.799999999999997,14.0,False,False
169,9,49.34,4.5,18.199999999999996,5.5,False,False
170,10,421.65999999999997,16.0,52.40000000000001,18.0,False,False
171,8,186.3,13.0,65.60000000000002,17.0,False,False
172,24,277.38,8.0,18.0,10.5,False,False
174,13,490.58000000000004,10.5,31.1,16.75,False,False
176,8,214.38,22.0,48.60000000000001,27.0,False,False
179,20,361.19,11.0,22.399999999999995,8.0,False,True
180,32,1202.8600000000001,3.0,19.0,11.0,False,False
181,9,426.90000000000003,6.5,8.3,1.25,False,False
183,33,367.8,4.0,15.700000000000006,7.5,False,False
184,68,2025.2,3.0,7.0,4.0,True,False
185,18,665.6300000000001,7.0,28.200000000000006,12.0,False,False
187,15,302.35999999999996,9.0,21.900000000000006,7.25,False,False
188,21,1227.15,8.0,17.900000000000013,11.0,False,False
189,10,269.03999999999996,11.0,40.4,23.0,False,False
190,10,362.24,6.0,62.2,22.0,False,False
192,34,1331.31,6.0,10.8,3.0,False,False
193,32,1121.51,6.0,15.0,7.0,False,False
194,25,649.42,6.0,16.4,8.5,False,False
195,34,1505.7800000000002,7.0,13.200000000000003,5.0,False,False
196,65,2119.35,3.0,7.0,3.25,True,False
197,10,330.91,11.0,27.000000000000004,11.0,False,False
198,130,4123.08,1.0,3.200000000000003,1.0,True,False
199,20,147.69,7.0,17.599999999999987,6.5,False,False
202,24,550.3800000000001,8.0,20.600000000000005,9.5,False,False
203,13,163.80999999999997,6.5,36.70000000000001,8.75,False,False
204,17,458.97,9.5,27.5,10.0,False,False
205,9,248.93,7.5,66.69999999999997,15.0,False,False
208,35,981.4200000000001,6.0,13.0,3.75,False,False
209,34,2041.27,6.0,14.0,6.0,True,False
210,42,1262.3700000000001,4.0,10.0,4.0,False,False
211,28,1017.8199999999999,7.0,12.800000000000004,1.5,False,False
212,41,908.38,4.0,13.100000000000001,5.25,False,False
214,34,979.73,6.0,12.8,3.0,False,False
215,40,591.95,5.0,12.0,5.5,False,False
216,29,646.8,5.0,13.800000000000004,4.75,False,False
217,19,708.6999999999999,10.5,21.400000000000006,7.25,False,False
218,50,3354.8499999999995,4.0,8.200000000000003,4.0,True,False
219,64,3982.08,3.0,6.800000000000004,3.0,True,False
220,26,767.94,8.0,17.0,6.0,False,False
221,26,961.8499999999999,9.0,14.0,6.0,False,False
222,49,2313.52,4.5,9.0,4.25,True,False
223,43,1407.0400000000002,4.0,14.599999999999994,5.75,False,False
224,22,755.45,2.0,12.0,5.0,False,False
225,25,379.01,7.0,26.4,8.25,False,False
226,23,842.6099999999999,8.0,21.300000000000015,5.5,False,False
227,31,377.36000000000007,7.0,13.100000000000001,2.5,False,False
228,24,471.78,9.0,15.8,9.5,False,False
229,11,263.13000000000005,18.0,39.39999999999999,19.25,False,False
230,46,1720.96,4.0,9.200000000000003,4.0,False,False
232,163,6392.969999999999,1.0,2.9000000000000057,1.0,True,False
234,12,173.69,9.0,20.0,10.0,False,False
235,62,4119.53,3.0,7.0,4.0,True,False
236,19,582.2299999999999,5.5,33.40000000000001,12.0,False,False
238,9,172.87,20.0,43.8,21.0,False,False
239,80,1404.43,3.0,5.200000000000003,2.0,False,False
240,8,108.65,23.0,34.0,27.5,False,False
242,34,2034.9900000000002,6.0,12.600000000000001,5.0,True,False
243,62,1980.0600000000002,3.0,8.0,3.0,True,False
244,15,541.7,14.5,21.400000000000002,11.25,False,False
245,12,303.59000000000003,11.0,18.0,7.0,False,False
246,17,256.09000000000003,10.0,31.0,11.0,False,False
248,11,1944.21,24.5,34.29999999999999,14.0,True,False
249,34,715.99,5.0,12.8,7.0,False,False
250,34,1310.2900000000002,7.0,9.600000000000001,3.0,False,False
251,21,892.92,8.0,19.100000000000016,9.75,False,False
253,107,4210.2699999999995,2.0,4.0,2.0,True,False
254,12,84.01,15.0,35.0,24.0,False,False
256,45,3698.79,5.5,9.400000000000006,4.25,True,False
257,25,846.6,7.0,19.799999999999997,10.25,False,False
258,73,974.1899999999999,2.5,6.0,3.25,False,False
259,10,164.20000000000002,24.0,49.800000000000004,21.0,False,False
260,17,151.29,12.0,33.0,17.0,False,False
261,15,524.5999999999999,5.0,25.100000000000016,7.5,False,False
262,112,2980.45,1.0,4.0,1.0,True,False
263,112,2215.66,2.0,4.0,2.0,True,False
264,27,810.6100000000001,6.5,17.0,7.75,False,False
265,27,758.72,3.0,12.0,6.0,False,False
266,30,1319.16,6.0,12.2,4.0,False,False
269,25,438.1,5.0,13.099999999999998,5.25,False,False
271,38,257.58000000000004,5.0,9.799999999999997,4.0,False,False
273,23,364.3300000000001,3.0,18.800000000000004,7.25,False,False
275,85,1796.25,2.0,5.700000000000003,3.0,False,False
276,40,1719.88,4.0,12.600000000000009,3.5,False,False
278,24,628.9000000000001,8.0,19.400000000000002,10.5,False,False
279,13,501.89000000000004,9.5,13.700000000000001,5.0,False,False
280,26,888.13,8.0,17.6,9.0,False,False
281,26,502.5,8.0,15.800000000000004,7.0,False,False
282,24,1287.6100000000001,9.0,17.0,8.5,False,False
283,18,1227.5300000000002,8.0,18.200000000000003,6.0,False,False
284,12,439.13000000000005,12.0,43.0,20.0,False,False
285,55,1339.27,3.5,7.700000000000003,4.0,False,False
286,11,354.68000000000006,14.5,33.0,18.5,False,False
287,77,1012.6200000000001,2.0,6.0,3.0,False,False
288,29,1042.07,6.0,13.3,8.0,False,False
289,54,1682.9100000000003,3.0,9.800000000000004,4.0,False,False
290,60,1355.71,2.0,5.0,2.0,False,False
291,9,407.6,12.5,66.49999999999997,27.0,False,False
292,40,650.49,3.0,13.000000000000014,3.5,False,False
293,32,1504.62,6.0,14.0,6.5,False,False
294,80,1844.6,2.0,6.0,3.0,False,False
297,40,891.0,3.0,14.0,5.5,False,False
300,44,2666.3100000000004,3.0,14.200000000000017,4.0,True,False
301,17,1642.4500000000003,12.5,29.0,10.0,False,False
302,33,879.5,6.0,16.0,7.25,False,False
303,52,1176.0300000000002,3.0,10.0,3.5,False,False
304,69,1987.77,3.0,6.0,3.0,True,False
305,35,1053.77,5.0,13.7,6.0,False,False
306,37,1610.51,5.0,12.5,6.25,False,False
307,101,786.35,2.0,4.1000000000000085,2.0,False,False
308,12,358.50000000000006,8.0,20.0,12.5,False,False
309,9,925.95,21.0,34.2,11.0,False,False
311,12,369.4,15.0,45.0,23.0,False,False
312,15,1016.1100000000002,18.0,27.400000000000002,18.5,False,False
317,24,2390.0199999999995,8.0,17.400000000000002,6.5,True,False
318,27,319.3,7.5,14.0,7.0,False,False
319,25,1034.1,7.0,16.4,6.75,False,False
321,40,2250.6499999999996,5.0,11.200000000000003,3.5,True,False
322,31,1314.0,4.0,13.100000000000001,4.75,False,False
324,41,3054.36,6.0,9.0,3.25,True,False
325,24,938.74,8.0,18.6,5.0,False,False
327,15,88.05000000000001,4.5,20.1,10.0,False,False
328,80,6156.64,3.0,5.0,2.0,True,False
329,55,939.62,4.0,7.0,3.0,False,False
330,27,64.23,7.0,13.0,7.25,False,False
331,23,527.63,7.5,21.60000000000001,9.5,False,False
332,30,795.8299999999999,6.0,16.2,5.0,False,False
333,20,790.3799999999999,8.0,21.199999999999996,14.0,False,False
334,110,1931.1100000000001,1.0,4.0,2.0,False,False
335,51,966.0400000000001,3.5,10.100000000000001,4.0,False,False
336,38,761.1799999999998,5.0,10.799999999999997,6.0,False,False
337,28,416.5,7.0,15.400000000000002,6.0,False,False
338,30,630.11,5.0,12.2,4.0,False,False
339,25,640.0600000000001,9.0,16.099999999999998,7.5,False,False
340,9,656.1899999999999,24.0,37.599999999999994,16.0,False,False
341,14,207.19000000000003,5.0,16.600000000000005,8.0,False,False
342,16,1056.8500000000001,12.0,27.0,7.0,False,False
343,23,447.94,9.5,14.0,5.75,False,False
344,31,1364.1900000000003,5.0,8.0,3.75,False,False
345,52,1182.11,4.0,8.0,4.0,False,False
346,40,1182.45,4.0,11.200000000000003,3.5,False,False
348,10,197.92999999999998,29.0,52.0,36.0,False,False
349,8,115.67,8.0,64.40000000000003,10.5,False,False
350,27,711.9000000000002,7.0,18.0,8.25,False,False
351,94,2910.4200000000005,2.0,5.0,2.0,True,False
353,42,1157.8299999999997,4.0,10.0,4.0,False,False
354,70,3720.3399999999997,3.0,7.0,3.0,True,False
356,66,851.6499999999999,1.0,9.400000000000006,1.0,False,False
358,96,5175.590000000001,2.0,4.0,2.0,True,False
360,10,211.06,15.0,48.2,18.0,False,False
361,72,2644.8,3.0,6.0,2.0,True,False
362,33,952.9100000000001,6.5,10.900000000000002,4.25,False,False
364,36,1510.9699999999998,5.0,14.600000000000001,4.5,False,False
365,53,3160.26,4.0,7.899999999999999,4.0,True,False
366,17,380.16,8.0,29.5,7.0,False,False
367,30,2352.27,7.0,11.2,2.0,True,False
368,24,603.0,6.0,14.600000000000001,9.5,False,False
369,8,227.0,14.0,30.8,17.5,False,False
370,26,707.0300000000001,3.0,5.0,2.0,False,True
371,51,4659.87,4.0,7.0,3.0,True,False
374,56,3162.6899999999996,3.0,7.0,3.0,True,False
376,168,2123.24,1.0,2.0,1.0,True,False
377,60,1391.13,3.0,8.200000000000003,3.0,False,False
378,116,1997.8000000000004,2.0,3.0,2.0,True,False
380,46,3054.79,5.0,7.600000000000001,4.0,True,False
381,22,765.3900000000001,6.0,21.0,12.0,False,False
382,10,175.57999999999998,15.0,40.0,23.0,False,False
383,40,1962.1,6.0,9.200000000000003,3.0,True,False
384,20,1060.28,9.0,19.4,8.5,False,False
385,9,835.5000000000001,13.5,42.099999999999994,21.0,False,False
386,49,1550.8700000000001,3.0,11.600000000000009,4.0,False,False
387,57,2371.7700000000004,3.0,8.0,3.0,True,False
388,22,524.56,9.0,20.0,8.0,False,False
389,90,6106.860000000001,2.0,5.0,2.0,True,False
390,46,677.24,4.0,10.600000000000001,5.0,False,False
392,36,3906.3499999999995,6.0,10.0,3.5,True,False
393,47,1181.89,3.0,11.5,5.75,False,False
394,15,532.0099999999999,7.0,21.1,10.0,False,False
395,20,290.04,9.0,20.799999999999997,10.0,False,False
396,41,528.19,4.0,13.300000000000004,5.0,False,False
397,72,2241.3,3.0,6.0,2.5,True,False
398,23,808.8299999999999,6.5,17.0,10.0,False,False
400,90,6177.990000000001,2.0,5.0,2.0,True,False
401,15,313.1,8.0,31.60000000000001,14.25,False,False
402,20,613.26,7.0,27.199999999999992,12.0,False,False
403,12,207.67999999999995,7.0,23.0,12.5,False,False
404,68,1828.99,3.0,6.399999999999999,3.0,False,False
405,17,754.5500000000001,8.5,22.5,12.0,False,False
407,12,126.49000000000001,3.0,7.0,3.0,False,False
408,19,940.5899999999999,11.0,22.800000000000004,7.5,False,False
409,30,1216.4800000000005,6.0,19.2,5.0,False,False
410,30,276.32,4.0,8.2,3.0,False,False
411,47,2328.2099999999996,3.0,12.5,5.0,True,False
412,36,791.55,5.0,11.600000000000001,4.5,False,False
413,69,1858.5900000000001,2.5,6.300000000000004,4.0,False,False
414,34,815.4499999999999,3.0,14.600000000000001,7.0,False,False
416,19,1715.3999999999999,7.0,19.100000000000012,3.25,False,False
417,28,1127.1299999999999,7.0,16.400000000000002,8.0,False,False
418,75,1271.03,2.0,6.700000000000003,3.0,False,False
419,17,636.64,6.5,33.0,20.0,False,False
420,53,1536.6399999999999,3.0,7.899999999999999,4.25,False,False
421,58,2019.1399999999999,3.0,7.0,4.0,True,False
425,49,2074.54,4.0,10.0,5.0,True,False
426,59,2181.9700000000003,3.0,8.0,3.75,True,False
427,8,98.13,3.0,16.200000000000003,9.0,False,False
428,42,1480.79,5.0,9.0,4.0,False,False
429,20,273.18999999999994,14.0,25.799999999999997,13.0,False,False
430,37,348.46000000000004,2.5,14.0,5.25,False,False
431,16,226.70000000000002,12.0,31.599999999999998,15.5,False,False
432,47,854.6700000000001,3.0,10.0,5.0,False,False
433,28,384.5,5.0,14.800000000000004,8.0,False,False
434,40,1531.9699999999998,6.0,10.200000000000003,5.5,False,False
435,15,188.77,12.0,38.700000000000024,10.75,False,False
436,13,1053.9,11.0,42.70000000000001,8.25,False,False
437,23,2534.08,8.5,19.700000000000006,6.75,True,False
439,22,437.1600000000001,3.0,18.0,4.0,False,False
441,30,1093.8500000000001,7.0,14.0,5.0,False,False
442,14,542.1700000000001,12.0,29.40000000000001,12.0,False,False
443,28,640.92,5.0,9.400000000000002,5.5,False,False
444,15,570.0999999999999,7.5,19.400000000000002,9.75,False,False
445,74,1127.48,3.0,5.0,4.0,False,False
446,10,67.12,21.0,47.400000000000006,27.0,False,False
447,76,956.7100000000002,2.0,6.6000000000000085,3.0,False,False
448,12,120.19000000000001,10.0,36.0,16.5,False,False
449,9,141.68999999999997,14.0,40.4,11.5,False,False
450,28,653.71,7.0,14.400000000000002,6.5,False,False
451,35,508.48,5.0,13.399999999999999,7.5,False,False
453,14,480.68000000000006,13.0,25.8,20.0,False,False
454,101,2710.5099999999998,2.0,4.0,2.0,True,False
456,34,2251.6099999999997,6.0,12.600000000000001,3.0,True,False
457,24,236.12,3.0,12.400000000000002,3.0,False,False
458,39,590.8799999999999,5.0,10.600000000000009,4.5,False,False
459,26,433.41,8.0,16.0,6.0,False,False
460,36,264.42,5.0,14.0,7.5,False,False
461,13,205.04999999999998,14.0,32.60000000000001,13.5,False,False
462,27,477.77,6.5,20.5,6.75,False,False
463,134,1775.2199999999998,1.0,3.0,1.0,False,False
464,50,1088.3,4.0,9.0,4.0,False,False
465,12,169.17999999999998,5.0,32.0,17.0,False,False
467,30,832.5600000000002,5.0,18.999999999999993,8.0,False,False
468,84,1866.71,2.0,6.799999999999997,2.0,False,False
469,41,2714.6099999999997,4.0,11.100000000000001,4.25,True,False
470,46,730.4,5.0,8.600000000000001,3.0,False,False
471,15,531.77,14.5,32.2,20.75,False,False
472,39,4000.9000000000005,6.0,11.900000000000013,4.0,True,False
473,16,952.03,13.0,27.799999999999997,19.0,False,False
475,11,692.6200000000001,16.5,30.299999999999997,14.5,False,False
477,19,186.35,7.0,24.300000000000015,12.5,False,False
478,9,146.26,32.0,46.3,21.25,False,False
479,93,983.3899999999999,2.0,5.0,2.0,False,False
480,20,850.03,6.0,27.999999999999996,11.0,False,False
481,29,1011.09,4.5,16.200000000000003,7.25,False,False
482,18,793.8,6.0,31.000000000000004,11.0,False,False
483,21,601.7299999999999,8.5,19.80000000000001,10.5,False,False
484,41,829.15,4.0,10.0,5.25,False,False
485,49,1714.3799999999999,5.0,9.0,4.25,False,False
486,10,386.73,9.0,50.80000000000001,28.0,False,False
489,30,1604.1299999999999,6.0,15.0,7.0,False,False
490,28,1607.87,8.0,16.60000000000001,9.0,False,False
491,30,1292.4600000000003,7.0,14.0,7.0,False,False
492,32,2721.13,7.0,8.0,1.0,True,False
493,35,1571.95,5.0,15.7,4.75,False,False
495,19,1136.37,8.5,23.700000000000006,8.75,False,False
497,21,170.02,6.5,16.80000000000001,8.75,False,False
499,22,377.5,2.0,10.0,2.0,False,True
502,22,1321.7799999999997,7.0,24.0,13.0,False,False
503,46,1741.87,5.0,10.0,5.0,False,False
507,31,612.9899999999999,6.0,13.500000000000007,5.75,False,False
508,29,739.14,6.5,15.900000000000002,8.0,False,False
510,106,3001.7899999999995,2.0,4.0,2.0,True,False
511,93,1512.7000000000003,2.0,5.0,2.0,False,False
512,13,632.5300000000001,7.0,14.0,6.0,False,False
513,55,3854.31,4.0,8.0,3.5,True,False
514,19,745.5600000000001,10.5,15.3,6.0,False,False
515,10,444.71,7.0,21.8,9.0,False,False
517,34,1319.74,6.0,14.8,3.0,False,False
518,35,853.73,6.0,11.7,5.75,False,False
519,14,415.47,13.0,34.60000000000001,23.0,False,False
520,51,1001.74,4.0,7.0,4.0,False,False
521,14,195.41000000000003,9.0,31.8,18.0,False,False
523,57,815.18,1.0,3.0,1.0,False,False
524,39,1535.84,5.0,7.6000000000000085,3.75,False,False
525,19,428.73,8.0,30.500000000000004,10.0,False,False
526,56,1230.1599999999999,3.0,10.0,4.0,False,False
527,48,1228.7599999999998,4.0,7.399999999999999,3.0,False,False
529,22,920.37,7.0,21.0,1.0,False,False
530,20,576.9100000000001,8.0,14.799999999999997,7.5,False,False
531,21,528.91,8.0,22.80000000000001,11.5,False,False
532,16,345.15000000000003,3.0,17.199999999999996,4.0,False,False
533,26,1347.1399999999999,7.0,19.200000000000003,8.0,False,False
534,147,501.01000000000005,1.0,3.0,1.0,False,False
536,39,985.2100000000002,4.0,13.300000000000004,8.75,False,False
537,29,1069.99,7.0,19.3,9.25,False,False
538,17,945.62,12.5,23.0,11.25,False,False
540,21,547.8199999999999,8.5,15.70000000000001,6.0,False,False
541,11,398.68,20.5,50.099999999999994,19.25,False,False
542,42,795.44,4.0,9.0,4.0,False,False
543,33,1169.3799999999999,7.0,9.800000000000004,1.0,False,False
544,38,701.08,3.0,14.0,7.0,False,False
545,21,1067.9900000000002,10.5,17.1,5.75,False,False
546,47,1468.8600000000001,5.0,8.0,3.0,False,False
547,16,458.6,6.0,29.0,10.5,False,False
548,37,2025.26,5.0,11.0,4.25,True,False
549,54,1741.5,1.0,3.0,1.0,False,False
550,10,153.43000000000004,15.0,28.200000000000003,5.0,False,False
551,18,291.68,8.0,29.0,16.0,False,False
552,9,674.1999999999999,13.0,49.8,20.5,False,False
553,100,2803.77,2.0,4.200000000000003,2.0,True,False
554,8,451.77000000000004,36.0,48.800000000000004,37.5,False,False
555,12,275.82,10.0,41.0,24.5,False,False
557,10,250.52,23.0,39.400000000000006,19.0,False,False
558,39,1398.1000000000004,4.5,11.300000000000004,4.0,False,False
559,14,186.14999999999998,14.0,28.400000000000006,15.0,False,True
560,96,1945.6399999999999,2.0,5.0,2.0,True,False
562,21,903.1400000000001,7.0,20.400000000000006,9.25,False,False
563,25,938.72,6.0,19.7,13.25,False,False
564,15,165.62999999999997,9.0,37.80000000000001,18.75,False,False
566,54,714.8699999999999,2.0,11.0,4.0,False,False
567,57,453.97,3.0,8.0,3.0,False,False
568,27,1527.49,8.5,19.0,7.75,False,False
569,45,3257.5000000000005,4.0,11.100000000000009,5.0,True,False
570,12,513.52,12.0,36.0,13.0,False,False
572,12,244.38,1.0,2.0,0.5,False,True
573,44,1416.04,5.0,11.0,5.0,False,False
574,34,2028.78,7.0,10.600000000000001,2.0,True,False
575,96,4127.26,2.0,4.0,2.0,True,False
576,75,1726.27,2.0,7.0,3.0,False,False
577,20,2180.89,10.0,24.599999999999998,15.0,True,False
578,25,833.56,7.0,25.899999999999995,9.75,False,False
579,8,77.3,13.0,47.60000000000001,17.0,False,False
580,29,401.4500000000001,7.0,13.0,6.5,False,False
581,25,854.28,5.0,13.0,8.25,False,False
582,57,2362.99,3.0,8.0,4.0,True,False
583,43,1348.6,3.5,11.799999999999997,3.75,False,False
584,23,468.25,6.0,20.800000000000004,9.75,False,True
585,15,299.34,12.0,32.400000000000006,21.75,False,False
586,45,1485.5900000000001,4.0,10.700000000000003,5.0,False,False
587,8,65.69,16.0,36.20000000000001,16.5,False,False
588,73,2914.85,2.0,5.899999999999999,3.0,True,False
590,59,1522.55,1.5,6.0,3.0,False,False
591,111,5859.83,2.0,4.0,2.0,True,False
592,12,218.62999999999997,11.0,16.0,7.0,False,False
594,43,1286.2700000000002,4.0,10.0,5.0,False,False
595,51,881.75,4.0,8.100000000000001,3.0,False,False
596,47,1008.4,3.0,11.0,4.0,False,False
597,48,1502.56,5.0,10.799999999999997,4.0,False,False
598,59,930.68,3.0,7.300000000000004,3.75,False,False
600,23,1097.42,4.5,15.900000000000002,4.75,False,False
601,16,1297.58,11.0,25.0,17.5,False,False
603,66,1732.2900000000002,2.0,7.0,3.0,False,False
604,14,753.64,13.0,28.400000000000006,6.0,False,False
605,33,1329.8900000000003,4.5,12.50000000000001,3.25,False,False
606,27,905.71,6.5,16.0,10.75,False,False
607,102,2297.5899999999997,2.0,4.0,2.0,True,False
608,80,1938.3999999999999,2.0,5.200000000000003,4.0,False,False
609,35,330.34999999999997,4.5,12.7,6.75,False,False
611,15,293.37999999999994,7.5,28.200000000000006,10.5,False,False
612,31,904.62,6.0,16.70000000000001,3.75,False,False
614,31,735.19,5.0,14.500000000000007,5.75,False,False
618,120,1913.3000000000002,2.0,3.0,1.0,False,False
621,40,767.2800000000001,4.0,14.0,6.0,False,False
622,41,820.37,3.0,11.300000000000004,4.25,False,False
623,52,2759.1,4.0,7.0,4.5,True,False
624,45,1608.1,4.0,9.700000000000003,4.25,False,False
625,14,577.9300000000001,10.0,32.800000000000004,13.0,False,False
627,17,405.77000000000004,10.5,21.0,12.25,False,False
629,10,153.53999999999996,21.0,50.400000000000006,15.0,False,False
630,61,1790.5100000000002,3.0,7.0,3.0,False,False
631,121,2314.0099999999998,2.0,3.0,1.0,True,False
632,33,1241.04,5.5,12.800000000000004,5.25,False,False
633,40,2262.8200000000006,5.0,9.400000000000006,5.0,True,False
634,22,1042.39,6.0,14.0,8.0,False,True
635,22,146.08,8.0,19.0,8.0,False,False
636,67,2298.13,3.0,5.5,2.75,True,False
637,25,816.97,7.0,18.0,5.5,False,False
638,39,2520.1499999999996,4.5,11.600000000000009,4.0,True,False
640,40,1195.1100000000001,6.0,12.0,7.5,False,False
641,104,4492.91,2.0,4.0,2.0,True,False
642,30,1166.29,8.0,15.399999999999999,4.0,False,False
644,89,1512.8899999999999,2.0,5.0,3.0,False,False
645,23,225.21,8.5,19.900000000000002,10.75,False,True
646,12,441.62999999999994,7.0,36.0,20.0,False,False
647,34,1522.3600000000001,5.0,15.600000000000005,5.0,False,False
648,15,377.81000000000006,14.0,26.500000000000007,10.75,False,False
649,16,901.5999999999999,3.0,36.79999999999999,8.0,False,True
650,29,560.77,6.0,15.3,6.5,False,False
652,17,718.71,13.0,18.0,2.25,False,False
653,103,4642.219999999999,2.0,4.0,2.0,True,False
654,36,875.4600000000002,5.0,13.600000000000009,5.0,False,False
655,10,408.09,21.0,46.0,29.0,False,False
656,23,1160.2500000000002,7.0,19.900000000000002,11.25,False,False
658,16,580.41,8.0,28.799999999999997,11.0,False,False
659,12,115.85000000000001,4.0,15.0,10.0,False,False
660,45,2995.939999999999,4.0,11.700000000000003,4.5,True,False
661,104,3337.5300000000007,2.0,4.0,2.0,True,False
662,12,387.94999999999993,7.0,25.0,7.0,False,False
663,28,1029.3100000000002,6.0,16.400000000000013,7.5,False,False
664,16,579.44,13.0,30.4,15.5,False,False
665,9,142.32999999999998,19.5,58.0,26.0,False,False
666,23,219.86,6.0,18.800000000000004,11.25,False,False
668,18,384.94,7.0,28.600000000000012,10.0,False,False
669,40,3764.7700000000004,5.0,9.400000000000006,3.5,True,False
670,49,1653.6600000000003,3.0,8.300000000000004,4.25,False,False
671,35,1732.67,7.0,13.7,4.0,False,False
672,39,1016.9399999999999,5.0,11.0,7.25,False,False
673,11,62.290000000000006,4.5,44.999999999999986,26.75,False,False
674,27,1154.44,5.0,21.0,10.25,False,False
675,45,1221.8999999999999,4.0,10.0,4.25,False,False
676,101,3347.9699999999993,1.0,4.1000000000000085,1.25,True,False
677,24,1031.9,8.0,18.0,10.0,False,False
678,23,127.52,6.5,33.30000000000001,5.75,False,True
679,51,1424.8999999999999,2.5,6.100000000000001,3.75,False,False
680,34,1357.1499999999996,7.0,13.400000000000002,5.0,False,False
681,21,932.1099999999999,11.0,21.1,7.75,False,False
682,47,636.9399999999999,2.0,4.0,1.0,False,False
684,47,888.44,4.0,9.0,5.0,False,False
685,46,1678.48,5.0,8.600000000000001,5.0,False,False
686,8,177.13,6.0,70.40000000000003,30.5,False,False
687,15,728.8900000000001,14.0,27.900000000000006,15.75,False,False
690,70,1615.92,2.0,8.200000000000003,3.0,False,False
691,17,750.92,8.5,33.5,12.75,False,False
692,34,1062.1699999999998,6.0,10.0,3.0,False,False
693,64,2096.38,3.0,8.0,4.0,True,False
694,80,1153.38,1.0,6.0,2.0,False,False
695,55,2156.07,3.0,7.700000000000003,4.0,True,False
696,82,4376.08,3.0,5.0,2.0,True,False
697,19,1068.7999999999997,10.0,29.900000000000002,7.5,False,False
698,50,493.69999999999993,3.0,8.400000000000006,4.0,False,False
699,34,2938.17,5.0,16.400000000000002,7.0,True,False
700,18,1425.06,8.0,21.200000000000003,10.0,False,False
702,84,2304.0700000000006,2.0,5.0,1.0,True,False
703,38,2405.1200000000003,6.0,10.399999999999999,4.0,True,False
705,25,527.0600000000001,7.0,18.199999999999996,4.75,False,False
706,35,1066.3799999999999,5.0,14.399999999999999,6.25,False,False
707,117,5908.69,1.0,4.0,1.0,True,False
708,18,875.85,13.0,25.200000000000003,13.0,False,False
709,61,2649.5600000000004,3.0,7.0,3.25,True,False
710,52,1059.92,4.0,9.0,3.5,False,False
712,85,3922.9300000000003,2.0,5.0,3.0,True,False
714,73,1238.05,3.0,6.0,2.25,False,False
715,38,917.6199999999999,5.0,14.0,4.0,False,False
716,30,526.7600000000001,5.0,18.2,6.0,False,False
717,14,216.48000000000002,12.0,23.6,19.0,False,False
718,99,5663.61,2.0,4.0,2.0,True,False
719,8,243.27000000000004,21.0,67.20000000000003,20.5,False,False
720,39,674.28,6.0,9.600000000000009,3.0,False,False
721,20,287.53,3.0,32.599999999999994,13.0,False,False
722,41,2144.28,4.5,12.0,6.0,True,False
725,46,1628.2500000000002,4.0,8.600000000000001,4.0,False,False
726,17,494.88,10.0,33.5,13.75,False,False
727,35,1934.9500000000003,5.0,12.0,4.5,False,False
728,127,4740.120000000001,1.5,3.5,1.0,True,False
729,14,667.49,12.0,33.60000000000001,19.0,False,False
730,23,320.30000000000007,7.5,18.700000000000006,6.5,False,False
731,69,998.06,2.0,6.300000000000004,3.0,False,False
732,41,1652.1000000000001,5.0,10.200000000000003,6.0,False,False
733,25,790.05,8.0,18.199999999999996,7.25,False,False
734,19,410.87,11.0,26.900000000000002,5.75,False,False
735,19,332.76,3.5,22.0,11.75,False,False
737,16,374.43,10.0,29.2,11.0,False,False
738,61,1483.1500000000003,2.0,9.0,4.0,False,False
740,40,2558.8900000000003,4.0,10.400000000000006,4.5,True,False
741,22,1015.86,7.0,13.0,7.0,False,False
742,129,1823.92,1.0,4.0,1.0,False,False
743,17,896.46,11.5,16.5,8.5,False,False
744,40,1135.84,4.0,12.0,4.0,False,False
745,71,2473.5299999999993,3.0,6.0,2.0,True,False
746,15,221.95,7.0,19.200000000000006,9.5,False,False
747,54,492.11,3.0,8.800000000000004,4.0,False,False
748,14,706.1299999999999,4.0,24.400000000000002,7.0,False,False
749,32,657.14,4.0,13.0,6.0,False,False
751,10,235.11,4.0,32.00000000000001,21.0,False,False
752,41,1484.1399999999999,4.5,11.0,6.0,False,False
753,14,509.18,10.0,32.2,15.0,False,False
754,12,828.0299999999999,18.0,33.0,12.0,False,False
755,43,1218.14,4.5,12.0,5.75,False,False
756,10,329.0199999999999,20.0,35.400000000000006,13.0,False,False
757,15,796.4200000000001,13.5,35.30000000000002,12.0,False,False
759,11,386.62,15.5,48.0,11.75,False,False
760,34,892.67,6.0,12.600000000000001,8.0,False,True
761,48,2552.44,4.0,8.799999999999997,4.0,True,False
762,153,2314.71,1.0,2.9000000000000057,1.0,True,False
763,22,1563.9499999999998,9.0,21.0,8.0,False,False
764,15,563.6600000000001,9.5,45.30000000000001,13.0,False,False
765,12,672.29,16.0,31.0,16.5,False,False
766,38,3162.2200000000007,6.0,10.399999999999999,4.0,True,False
768,128,1794.8000000000002,2.0,3.0,1.0,False,False
769,21,762.6800000000001,8.5,20.0,11.25,False,False
770,9,612.59,8.0,27.099999999999994,11.0,False,False
771,115,2408.1799999999994,1.0,4.0,1.0,True,False
772,16,119.78,7.0,31.0,23.0,False,False
775,20,843.52,7.0,20.599999999999998,8.0,False,True
776,24,2390.9800000000005,9.0,21.000000000000004,10.5,True,False
778,30,747.56,4.0,18.4,6.0,False,False
779,23,1363.51,5.0,16.0,6.75,False,False
780,47,440.54,4.0,9.0,3.0,False,False
781,19,565.8100000000001,9.0,21.000000000000007,11.75,False,False
782,24,877.0,10.0,17.8,10.5,False,False
783,11,331.65,14.0,49.3,11.25,False,False
784,44,955.4200000000001,4.0,10.800000000000004,4.0,False,False
785,22,590.3599999999998,7.0,18.0,8.0,False,False
786,94,3103.5399999999995,2.0,5.0,2.0,True,False
787,77,1087.66,2.0,5.5,2.25,False,False
788,62,2945.49,3.0,7.0,3.0,True,False
792,8,123.22000000000001,2.0,62.40000000000005,1.5,False,False
793,25,319.99,6.0,17.7,12.0,False,False
794,13,713.26,14.5,34.400000000000006,19.25,False,False
795,21,697.55,8.0,26.200000000000003,17.25,False,False
796,17,165.32,11.5,25.5,8.75,False,False
797,39,1621.54,5.0,12.300000000000004,7.75,False,False
798,9,303.62,11.0,81.7,29.5,False,False
799,20,699.9499999999999,9.0,24.99999999999999,8.5,False,False
800,148,4061.41,1.0,3.0,1.0,True,False
801,9,737.95,15.5,50.9,36.0,False,False
802,26,858.1400000000001,7.0,18.60000000000001,10.0,False,False
803,12,497.26,21.0,29.0,16.5,False,False
804,75,2358.020000000001,3.0,6.0,2.75,True,False
805,67,1487.9,3.0,7.5,4.0,False,False
806,37,2153.3,4.0,15.5,6.5,True,False
807,29,1149.83,5.5,17.0,11.0,False,False
808,73,954.41,2.0,6.0,3.25,False,False
809,11,112.18000000000002,18.5,28.0,8.0,False,False
810,14,278.31,15.0,29.400000000000002,22.0,False,False
811,10,267.40999999999997,7.0,37.40000000000001,12.0,False,False
812,18,366.18000000000006,4.0,25.200000000000003,4.0,False,False
813,10,566.3100000000001,13.0,42.2,14.0,False,False
814,12,459.47,6.0,13.0,5.0,False,False
815,24,1174.6,3.0,7.600000000000001,3.0,False,False
816,37,1379.39,5.0,10.0,5.0,False,False
817,48,1753.9,3.0,10.0,5.0,False,False
820,68,2245.37,1.0,5.0,1.0,True,False
822,20,456.40999999999997,7.0,27.799999999999997,12.0,False,False
823,37,871.5799999999999,3.0,13.5,4.5,False,False
824,8,84.4,22.0,62.0,34.0,False,False
825,74,4240.040000000001,3.0,6.799999999999997,2.0,True,False
828,16,590.87,16.0,25.0,9.0,False,True
830,81,894.9100000000001,2.0,7.0,4.0,False,False
831,56,3428.26,4.0,7.0,4.0,True,False
833,16,1028.22,9.0,27.4,18.5,False,False
834,12,393.3499999999999,8.0,49.0,15.5,False,False
835,9,113.28,9.5,72.0,46.5,False,False
836,22,607.5300000000001,6.0,18.0,6.0,False,False
837,15,235.95999999999998,11.0,25.700000000000003,9.25,False,False
838,11,193.48000000000002,15.5,32.9,15.5,False,False
840,61,4024.7999999999997,3.0,9.0,2.25,True,False
841,23,311.2700000000001,5.0,17.900000000000002,10.5,False,False
842,126,1865.7000000000003,1.0,4.0,1.0,False,False
843,19,619.35,8.0,34.800000000000004,13.25,False,False
844,52,2481.79,3.0,8.0,4.0,True,False
845,43,2062.83,4.5,11.699999999999996,5.0,True,False
847,8,180.66000000000003,14.0,51.2,36.5,False,False
849,27,2036.0700000000002,6.0,20.0,10.5,True,False
850,39,357.55000000000007,4.5,12.300000000000004,5.75,False,False
851,11,64.17999999999999,18.5,38.099999999999994,21.0,False,False
852,39,680.2500000000001,3.5,11.300000000000004,6.0,False,False
853,171,4875.84,1.0,2.0,0.0,True,False
854,18,179.49000000000004,7.0,12.200000000000001,5.0,False,False
855,67,2217.1399999999994,2.5,6.0,3.0,True,False
856,63,1420.6299999999999,3.0,7.799999999999997,2.0,False,False
857,15,1476.67,11.5,20.1,9.25,False,False
858,9,74.16,12.5,41.99999999999999,16.0,False,False
859,67,2652.89,2.5,7.0,3.75,True,False
860,21,121.48999999999998,1.0,6.100000000000001,1.0,False,False
861,12,484.9999999999999,12.0,50.0,18.0,False,False
862,9,259.16,6.0,37.79999999999999,8.5,False,False
863,14,127.67999999999998,5.0,16.000000000000004,8.0,False,False
864,38,2426.44,6.0,9.0,3.0,True,False
866,29,1612.02,5.5,17.3,8.75,False,False
867,44,1596.61,5.0,10.0,5.5,False,False
868,33,2050.3599999999997,4.0,14.600000000000009,5.25,True,False
869,28,307.71,5.0,13.800000000000015,4.0,False,False
870,10,139.45,7.0,35.00000000000001,10.0,False,True
871,59,4693.160000000001,3.0,7.0,3.0,True,False
873,42,1189.3000000000002,5.0,13.0,7.0,False,False
875,25,602.45,8.5,15.0,8.25,False,False
876,62,1741.6300000000003,3.0,7.0,4.0,False,False
877,22,1196.2,7.0,19.0,9.0,False,False
878,66,2634.51,3.0,7.600000000000001,3.0,True,False
879,8,216.5,7.0,68.0,52.0,False,False
881,58,1819.1499999999999,4.0,7.0,2.0,False,False
882,78,2602.2300000000005,2.0,5.400000000000006,2.0,True,False
883,83,3390.4999999999995,2.0,6.0,3.0,True,False
884,15,168.44,9.0,30.100000000000016,14.75,False,False
885,10,275.65,11.0,63.60000000000001,10.0,False,False
886,74,2013.8299999999997,2.0,5.0,2.0,True,False
887,15,259.89,14.5,32.400000000000006,19.25,False,False
888,32,3076.169999999999,7.0,16.0,3.5,True,False
889,47,4013.590000000001,4.0,9.5,3.0,True,False
890,16,692.0699999999999,10.0,32.2,17.0,False,False
891,29,2273.7799999999997,6.5,14.3,5.75,True,False
892,10,181.54999999999998,14.0,21.6,12.0,False,False
893,12,507.41,17.0,43.0,12.5,False,False
895,53,2450.6400000000003,4.0,7.899999999999999,4.25,True,False
896,42,1905.1000000000001,5.0,11.0,4.0,False,False
897,17,280.93,8.0,37.0,15.0,False,False
898,98,2743.9400000000005,2.0,4.400000000000006,2.0,True,False
900,188,5073.68,1.0,2.0,1.0,True,False
901,29,1299.2600000000002,6.0,16.800000000000004,5.75,False,False
902,8,101.25999999999999,15.0,65.20000000000002,34.5,False,False
903,31,1055.8000000000002,5.5,11.200000000000003,6.0,False,False
904,8,140.49,20.0,56.400000000000006,30.0,False,False
905,8,235.57,21.0,44.6,26.0,False,False
906,95,2078.8900000000003,2.0,4.0,2.0,True,False
907,26,751.54,8.0,19.400000000000006,6.0,False,False
908,74,2431.4900000000007,2.0,6.0,3.0,True,False
909,150,4401.549999999999,1.0,3.0,1.0,True,False
910,8,89.27000000000001,13.0,21.200000000000003,10.5,False,False
911,25,1003.6899999999998,7.0,24.099999999999998,10.25,False,False
913,29,675.3899999999999,6.5,17.200000000000003,8.5,False,False
914,14,520.11,13.0,31.000000000000007,16.0,False,False
915,35,349.02000000000004,5.0,15.0,5.75,False,False
916,49,758.31,3.0,11.0,5.25,False,False
918,58,1944.28,2.0,6.799999999999997,3.0,True,True
919,62,761.4,2.0,9.0,4.0,False,False
920,51,1471.5700000000002,3.0,7.100000000000001,4.0,False,False
922,40,1049.52,6.0,11.200000000000003,4.5,False,False
923,45,1135.3700000000001,4.0,11.0,5.0,False,False
924,28,668.0899999999999,8.0,14.0,3.5,False,False
925,11,98.46000000000001,6.0,7.599999999999998,4.75,False,False
926,77,2290.65,3.0,5.0,2.0,True,False
928,23,1149.6600000000003,7.5,22.50000000000001,12.0,False,False
929,48,1224.7399999999998,4.0,10.0,5.5,False,False
930,16,382.43,5.0,13.6,8.5,False,False
931,15,1947.5400000000004,13.0,18.400000000000002,6.75,True,False
932,67,2459.2699999999995,3.0,8.5,3.5,True,False
934,46,3618.1000000000004,4.0,9.600000000000001,4.0,True,False
935,14,508.01,10.0,35.20000000000001,11.0,False,False
936,108,2175.8900000000003,2.0,4.0,2.0,True,False
937,22,481.75000000000006,8.0,17.0,8.0,False,False
939,32,1252.61,4.0,12.0,4.5,False,False
940,24,439.18,6.0,17.400000000000002,9.0,False,False
941,37,758.13,5.0,12.5,6.0,False,False
942,43,1646.5100000000002,3.0,13.599999999999994,2.75,False,False
943,16,663.27,3.0,20.599999999999994,5.5,False,False
944,21,543.3100000000001,8.5,25.0,13.5,False,False
945,15,411.92,10.5,35.400000000000006,17.25,False,False
946,33,925.9599999999999,6.0,11.900000000000002,6.0,False,False
947,74,786.79,2.0,6.799999999999997,4.0,False,False
949,43,1841.9099999999999,5.0,8.899999999999999,4.0,False,False
950,15,614.06,7.5,25.700000000000003,13.5,False,False
952,30,681.2300000000001,5.0,14.599999999999998,6.0,False,False
953,16,498.61,12.0,35.199999999999996,16.0,False,False
954,18,944.4800000000001,12.0,27.0,12.0,False,False
955,61,1083.21,2.0,9.200000000000003,3.0,False,False
956,146,2902.3,1.0,3.0,1.0,True,False
957,116,834.0899999999999,1.0,4.0,1.0,False,False
960,41,1032.3100000000002,4.0,11.200000000000003,6.25,False,False
961,30,1587.4500000000003,6.0,17.2,6.0,False,False
962,17,537.1700000000001,13.5,23.0,14.5,False,False
963,10,552.85,25.0,29.0,10.0,False,False
964,11,619.41,13.0,30.1,9.5,False,False
965,32,1269.67,4.0,19.0,5.0,False,False
966,8,67.52000000000001,25.0,50.80000000000001,17.5,False,False
968,69,3164.3300000000004,3.0,6.0,3.0,True,False
971,30,843.2200000000001,6.0,19.4,7.0,False,False
972,70,2483.24,3.0,5.0,3.0,True,False
973,29,4040.1100000000006,8.0,15.0,6.75,True,False
974,12,1136.48,10.0,40.0,18.0,False,False
975,45,1418.4600000000003,5.0,8.0,4.25,False,False
976,20,1179.09,9.0,24.199999999999996,13.0,False,False
977,11,286.0,25.5,34.99999999999999,11.5,False,False
978,34,1511.6000000000001,6.0,13.400000000000002,3.0,False,False
979,46,3196.9600000000005,4.0,10.0,5.0,True,False
981,12,381.7900000000001,14.0,22.0,12.0,False,False
982,94,6419.46,2.0,4.0,2.0,True,False
983,56,1230.7,3.0,9.0,3.0,False,False
985,22,261.82,8.0,28.0,9.0,False,False
986,24,550.12,8.0,15.8,8.5,False,False
987,33,765.9200000000001,3.0,13.700000000000006,4.5,False,False
988,24,1664.71,7.0,19.400000000000002,12.0,False,False
989,60,1587.09,3.0,8.0,4.0,False,False
993,43,1065.7,5.0,11.0,5.0,False,False
995,11,641.3199999999999,18.0,30.899999999999984,7.75,False,False
996,28,848.38,6.0,15.600000000000009,6.0,False,False
997,37,1655.89,5.5,10.0,5.25,False,False
998,77,3325.4599999999996,2.0,7.0,3.0,True,False
999,16,735.77,11.0,24.199999999999996,8.0,False,False
1000,36,1221.2500000000002,4.0,11.600000000000009,3.0,False,False
1001,16,558.79,3.0,27.799999999999997,10.5,False,False
1002,8,173.97,24.0,31.6,13.0,False,False
1003,18,838.38,11.0,25.6,16.0,False,False
1004,60,984.31,3.0,7.0,4.0,False,False
1005,51,782.66,3.0,10.0,4.0,False,False
1007,54,714.0300000000001,3.0,10.0,4.0,False,False
1008,8,54.99000000000001,18.0,49.80000000000002,9.0,False,False
1009,9,44.46,20.0,31.599999999999998,14.5,False,False
1010,14,486.8100000000001,15.0,34.8,18.0,False,False
1011,39,918.9100000000001,5.0,11.0,4.0,False,False
1012,44,694.09,4.0,12.000000000000021,4.0,False,False
1013,16,536.52,8.0,29.6,16.5,False,False
1014,52,1500.2900000000002,3.0,8.0,3.0,False,False
1015,45,1461.7500000000002,6.0,8.0,3.0,False,False
1016,13,1147.5000000000002,6.0,28.400000000000006,9.0,False,False
1017,18,835.21,7.0,25.6,7.0,False,False
1018,61,896.1299999999999,2.0,8.0,4.0,False,False
1019,13,430.46,10.0,24.0,9.25,False,False
1020,44,2842.9900000000002,4.0,9.0,4.0,True,False
1021,35,1034.3400000000001,4.0,13.0,6.0,False,False
1022,10,59.830000000000005,10.0,54.60000000000001,19.0,False,False
1023,99,7530.77,2.0,4.0,2.0,True,False
1024,30,2468.8300000000004,5.0,14.199999999999996,6.0,True,False
1025,21,934.8399999999999,6.0,19.60000000000001,10.25,False,False
1027,14,431.09999999999997,18.0,32.2,14.0,False,False
1028,8,61.04,26.0,60.8,34.0,False,True
1029,69,3727.650000000001,3.0,6.0,2.0,True,False
1030,15,444.11,12.5,32.900000000000006,12.75,False,False
1031,30,946.46,3.0,5.0,2.0,False,True
1032,38,746.11,5.0,8.799999999999997,4.0,False,False
1033,11,578.18,11.0,21.599999999999998,8.0,False,False
1034,30,272.38,4.0,17.199999999999996,5.0,False,False
1036,13,716.75,13.0,43.900000000000006,28.25,False,False
1037,13,378.2100000000001,13.0,34.1,19.25,False,False
1038,107,945.22,2.0,4.0,2.0,False,False
1039,31,2567.66,6.5,16.0,6.75,True,False
1040,80,2042.35,3.0,5.200000000000003,2.0,True,False
1041,46,2019.8699999999997,4.0,10.0,4.0,True,False
1042,80,1768.53,2.0,6.0,2.5,False,False
1043,10,408.28000000000003,20.0,54.2,23.0,False,False
1045,78,1460.56,2.0,7.0,3.0,False,False
1046,36,1371.1699999999998,6.0,11.0,5.0,False,False
1047,35,572.0200000000001,6.0,13.399999999999999,5.75,False,False
1048,19,255.23,3.5,14.3,4.75,False,False
1049,14,207.76999999999998,10.0,36.6,7.0,False,False
1050,18,991.94,8.0,14.4,7.0,False,False
1051,13,591.0799999999999,6.0,33.900000000000006,13.5,False,False
1053,33,1355.43,5.0,11.0,5.5,False,False
1054,20,452.2,10.0,25.599999999999998,17.0,False,False
1055,43,687.28,4.5,9.899999999999999,3.0,False,False
1056,18,1819.37,9.0,31.0,13.0,False,False
1057,53,2657.87,4.0,8.0,4.0,True,False
1058,145,1177.4,1.0,3.0,1.0,False,False
1060,21,1934.1399999999999,9.5,14.300000000000004,3.5,False,False
1061,22,453.61,7.0,19.0,8.0,False,False
1062,75,653.62,3.0,6.0,2.75,False,False
1063,34,891.36,5.0,13.8,6.0,False,False
1064,18,975.8999999999999,7.0,31.400000000000006,10.0,False,False
1065,14,1464.87,14.0,30.8,21.0,False,False
1066,92,1226.5599999999997,2.0,4.0,1.0,False,False
1067,15,783.2500000000001,12.0,24.60000000000001,13.0,False,False
1068,49,657.08,2.0,8.300000000000004,3.0,False,False
1069,19,1264.3199999999997,9.5,29.3,10.5,False,False
1070,59,1831.9400000000005,3.0,8.0,4.0,False,False
1071,28,842.9300000000002,6.0,17.60000000000001,10.0,False,False
1072,23,1026.31,9.0,13.900000000000002,5.75,False,False
1073,26,792.68,8.0,15.0,7.0,False,False
1074,39,2257.0699999999997,5.0,11.0,4.75,True,False
1075,21,669.19,8.5,20.900000000000013,12.0,False,False
1076,36,1178.7399999999998,3.0,12.600000000000001,6.0,False,False
1078,92,2428.6999999999994,2.0,5.0,2.0,True,False
1079,19,382.31,11.5,26.0,12.75,False,False
1080,18,1012.9200000000001,7.0,23.6,6.0,False,False
1081,52,3984.7899999999995,3.0,8.0,5.0,True,False
1082,28,390.07,7.0,14.400000000000002,3.0,False,False
1083,17,422.39000000000004,8.5,27.0,10.5,False,False
1084,70,897.54,2.0,7.0,3.0,False,False
1085,30,1528.3899999999999,7.0,14.799999999999997,6.0,False,False
1086,10,472.99000000000007,22.0,42.4,30.0,False,False
1087,55,1513.1,3.5,9.400000000000006,4.0,False,False
1088,27,478.83,7.0,16.0,8.5,False,False
1089,34,977.9,4.0,11.8,6.0,False,False
1091,53,2618.57,4.0,8.0,4.25,True,False
1092,14,249.03000000000003,5.0,48.40000000000002,11.0,False,False
1093,9,326.4,17.5,44.099999999999994,24.75,False,False
1094,27,1828.52,5.5,14.0,6.0,False,False
1095,15,247.01,11.5,20.400000000000002,12.75,False,False
1097,29,3083.8600000000006,6.5,22.3,6.25,True,False
1098,93,2860.73,2.0,5.0,2.0,True,False
1099,14,329.52,6.0,42.00000000000001,26.0,False,False
1100,10,84.73000000000002,9.0,70.8,14.0,False,False
1101,8,85.45000000000002,6.0,44.80000000000001,15.0,False,False
1102,28,816.95,5.0,14.800000000000004,6.0,False,False
1103,63,2576.25,3.0,6.899999999999999,3.0,True,False
1104,40,1062.72,5.0,12.400000000000006,5.0,False,False
1109,35,1236.03,6.0,10.7,4.75,False,False
1110,18,572.04,3.0,11.200000000000001,3.0,False,False
1111,118,7013.999999999999,1.0,4.0,1.0,True,False
1112,20,662.6199999999999,10.0,24.0,7.0,False,False
1113,56,1495.66,3.0,9.0,3.0,False,False
1115,11,569.38,16.5,53.599999999999994,28.5,False,False
1116,12,780.92,7.0,57.0,13.0,False,False
1117,66,1629.7,3.0,6.0,2.0,False,False
1119,28,1080.6100000000001,7.0,15.0,7.0,False,False
1120,36,921.4100000000002,6.0,12.600000000000001,8.0,False,False
1121,27,891.0000000000001,6.0,23.0,9.5,False,False
1122,49,875.7300000000001,4.0,10.0,4.25,False,True
1123,16,984.02,14.0,23.599999999999998,11.0,False,False
1124,26,431.01000000000005,5.0,18.6,6.0,False,False
1126,10,873.24,16.0,30.000000000000007,9.0,False,False
1128,72,1158.89,3.0,6.0,1.0,False,False
1129,19,873.8900000000001,9.0,20.800000000000004,7.5,False,False
1130,84,2147.18,2.0,5.799999999999997,3.0,True,False
1131,15,469.05000000000007,4.5,38.50000000000001,10.75,False,False
1132,18,984.1100000000001,8.0,25.200000000000003,19.0,False,False
1133,29,395.34999999999997,6.0,20.900000000000002,6.25,False,False
1134,19,1938.7700000000002,4.5,19.3,11.75,True,False
1135,18,235.19,4.0,18.8,12.0,False,False
1136,11,648.7199999999999,20.5,30.2,15.5,False,False
1137,45,696.15,5.0,9.0,4.0,False,False
1138,59,1480.4399999999998,3.0,8.0,3.0,False,False
1139,39,2815.53,5.5,9.0,3.0,True,False
1141,27,266.64,7.5,15.0,8.5,False,False
1142,69,3862.4199999999996,3.0,6.0,2.25,True,False
1144,13,78.88,18.0,32.8,26.75,False,False
1145,22,1671.8799999999999,5.0,23.0,14.0,False,False
1146,88,2946.84,2.0,5.0,3.0,True,False
1147,13,1305.85,15.0,38.1,24.25,False,False
1151,19,566.81,6.5,26.500000000000004,14.25,False,False
1152,29,685.17,1.0,11.3,1.25,False,False
1153,28,700.46,7.0,16.800000000000004,6.5,False,False
1154,53,1677.0600000000004,3.5,7.899999999999999,3.0,False,False
1156,9,225.06000000000003,19.0,37.3,14.0,False,False
1157,40,1304.8799999999999,5.0,12.200000000000003,5.0,False,False
1158,58,1084.09,3.0,7.399999999999999,3.0,False,False
1159,118,2420.9000000000005,2.0,4.0,2.0,True,False
1160,32,1426.51,5.0,14.0,5.0,False,False
1161,13,291.42,8.5,29.6,10.75,False,False
1162,21,258.11,6.5,23.80000000000001,10.5,False,True
1163,55,1644.2500000000002,3.0,8.0,4.0,False,False
1164,30,1294.1,6.0,16.599999999999998,7.0,False,False
1165,17,467.6700000000001,10.0,24.0,15.75,False,False
1166,106,3655.09,2.0,4.0,2.0,True,False
1167,47,2529.32,3.0,12.5,5.0,True,False
1168,26,303.17999999999995,9.0,18.20000000000001,6.0,False,False
1169,46,2307.45,4.0,11.0,5.0,True,False
1171,8,257.17,10.0,67.20000000000003,19.0,False,False
1172,37,987.33,3.0,14.5,6.0,False,False
1174,56,907.4899999999998,2.0,6.600000000000001,3.0,False,False
1175,36,2534.95,7.0,12.800000000000004,5.0,True,False
1178,53,1128.72,4.5,7.0,3.0,False,False
1179,40,2377.4400000000005,5.0,12.200000000000003,5.0,True,False
1180,27,956.61,6.5,15.0,5.75,False,False
1181,27,794.6500000000001,6.0,18.5,9.75,False,False
1182,52,807.76,3.0,10.0,4.0,False,False
1185,10,181.43000000000004,14.0,43.600000000000016,20.0,False,False
1186,14,1136.99,16.0,21.8,11.0,False,False
1187,23,588.3299999999999,3.0,8.900000000000002,5.0,False,False
1188,39,1311.55,5.5,12.300000000000004,4.0,False,False
1189,14,271.82000000000005,5.0,38.80000000000001,12.0,False,False
1190,65,850.41,3.0,7.0,3.0,False,False
1191,32,792.31,5.0,15.0,8.0,False,False
1192,14,175.20000000000005,8.0,20.6,13.0,False,False
1193,74,1768.5400000000002,2.0,6.799999999999997,3.0,False,False
1194,33,724.89,6.5,14.900000000000002,5.0,False,False
1196,8,438.07000000000005,18.0,65.80000000000001,26.5,False,False
1197,31,1693.5800000000006,6.0,19.0,7.75,False,False
1198,21,543.51,9.0,23.500000000000007,10.25,False,False
1201,8,144.79000000000002,22.0,67.4,32.0,False,False
1203,33,2171.0299999999997,6.0,13.900000000000002,8.5,True,False
1204,21,642.6900000000002,7.0,31.400000000000006,11.5,False,False
1205,45,1850.05,4.0,9.700000000000003,4.25,False,False
1206,113,2567.9000000000005,1.0,4.0,1.25,True,False
1207,34,260.06,5.0,12.0,6.0,False,False
1208,10,282.62,4.0,54.4,31.0,False,False
1211,42,2906.3,5.0,10.0,5.0,True,False
1213,12,106.25,6.0,18.0,5.0,False,False
1216,45,2173.77,4.0,9.0,4.0,True,False
1217,13,918.65,16.0,31.9,21.0,False,False
1218,28,1002.2900000000001,7.0,18.200000000000006,8.0,False,False
1219,29,237.25,5.5,12.600000000000001,6.0,False,False
1222,71,2906.88,2.0,7.0,2.75,True,False
1223,14,274.92,9.0,36.60000000000001,16.0,False,False
1224,33,1182.72,6.0,12.0,7.0,False,False
1225,23,396.1500000000001,9.0,22.400000000000013,10.5,False,False
1226,28,2200.7799999999997,8.0,14.0,6.5,True,False
1227,18,1021.01,10.0,22.8,13.0,False,False
1228,147,3734.5099999999998,1.0,3.0,1.0,True,False
1229,102,5767.240000000002,2.0,4.0,1.0,True,False
1231,18,622.4100000000001,14.0,16.0,2.0,False,False
1232,10,299.57,24.0,34.400000000000006,15.0,False,True
1234,29,2171.38,6.0,12.3,5.25,True,False
1236,86,2230.4900000000002,2.0,5.0,3.0,True,False
1237,9,443.69000000000005,14.5,27.299999999999997,15.75,False,False
1238,19,2223.2899999999995,7.5,27.000000000000014,7.75,True,False
1239,13,1065.6599999999999,17.0,35.1,8.5,False,False
1240,52,3188.89,3.0,9.0,6.0,True,False
1241,22,430.45000000000005,8.0,15.0,8.0,False,False
1242,21,680.27,9.0,21.1,7.5,False,False
1243,8,74.82,31.0,40.400000000000006,13.0,False,False
1244,12,242.13,15.0,34.0,16.5,False,False
1245,56,1462.67,3.0,9.0,3.5,False,False
1246,31,2176.7,6.0,13.100000000000001,6.0,True,False
1247,40,2496.6,6.0,9.200000000000003,4.0,True,False
1248,58,4417.89,4.0,7.0,3.0,True,False
1251,33,176.91,3.0,13.0,6.75,False,False
1252,17,353.69000000000005,7.5,29.5,6.25,False,False
1253,8,455.2,1.0,8.800000000000002,4.5,False,False
1256,59,1931.1399999999999,3.5,7.0,3.0,False,False
1258,65,858.26,2.0,7.0,3.25,False,False
1259,12,514.65,19.0,24.0,8.0,False,False
1260,45,4026.2,4.5,8.700000000000003,5.0,True,False
1261,50,1070.36,4.0,8.200000000000003,4.0,False,False
1263,56,2980.14,3.0,7.0,4.0,True,False
1264,30,2435.1599999999994,6.0,13.799999999999997,4.0,True,False
1265,14,561.19,14.0,32.60000000000001,12.0,False,False
1266,35,765.8099999999998,6.0,13.7,7.75,False,False
1267,21,550.62,13.0,15.500000000000007,7.5,False,False
1268,24,1223.85,7.0,18.6,7.5,False,False
1269,32,1228.9,5.0,14.0,7.0,False,False
1270,16,708.99,6.0,18.599999999999998,6.0,False,False
1271,43,1430.0100000000002,5.0,10.799999999999997,3.0,False,False
1272,86,3221.5000000000005,2.0,5.0,2.0,True,False
1274,105,4827.560000000001,2.0,5.0,2.0,True,False
1276,11,424.27,11.0,36.9,9.25,False,False
1277,97,2444.9099999999994,2.0,4.0,2.0,True,False
1278,8,274.79,15.0,70.4,52.0,False,False
1279,68,1737.98,2.0,7.0,3.0,False,False
1282,64,2127.04,3.0,7.0,3.5,True,False
1283,14,133.57999999999998,12.0,34.20000000000001,10.0,False,False
1284,12,140.71,8.0,36.0,25.0,False,False
1285,44,1365.6100000000001,4.0,10.800000000000004,3.0,False,False
1286,15,449.06,14.5,25.60000000000001,12.75,False,False
1287,32,1064.85,7.0,12.0,5.5,False,False
1288,11,462.47999999999996,9.0,27.799999999999976,14.75,False,False
1289,132,496.03999999999996,1.0,3.0,1.0,False,False
1291,36,1080.68,6.0,14.600000000000001,3.5,False,False
1293,40,457.02,5.0,14.200000000000003,4.5,False,False
1294,22,1560.64,6.0,22.0,12.0,False,False
1296,29,750.12,7.0,14.0,1.5,False,False
1297,33,510.95000000000005,3.5,12.700000000000006,5.25,False,False
1298,12,325.12,16.0,20.0,6.5,False,False
1299,38,1512.57,5.0,10.0,4.0,False,False
1300,20,215.54,10.0,24.2,12.5,False,False
1301,42,951.7900000000002,5.0,11.0,4.0,False,False
1302,10,166.99,14.0,35.8,23.0,False,False
1303,45,1643.67,3.0,10.700000000000003,5.0,False,False
1304,26,256.94,6.0,22.000000000000007,8.0,False,False
1305,116,3567.58,1.0,3.0,1.0,True,False
1306,38,1081.6799999999998,3.0,18.4,4.0,False,False
1307,53,659.3600000000001,2.5,10.0,5.0,False,False
1308,8,119.64999999999999,23.0,34.400000000000006,11.5,False,False
1310,11,307.28,15.5,45.3,31.0,False,False
1312,61,3038.4,3.0,8.100000000000001,3.0,True,False
1314,99,4078.94,2.0,5.0,2.0,True,False
1316,19,1552.9100000000003,11.5,22.800000000000004,9.75,False,False
1317,75,1768.03,3.0,5.0,2.0,False,False
1318,22,1993.46,8.0,20.0,7.0,True,False
1319,16,430.13,15.0,25.799999999999997,12.0,False,False
1321,67,660.01,2.0,5.5,2.0,False,False
1324,12,381.88,23.0,33.0,21.5,False,False
1326,56,1225.22,3.0,9.600000000000001,3.0,False,False
1328,11,162.47,20.0,32.599999999999994,19.5,False,False
1330,28,772.2199999999999,5.0,16.400000000000002,6.5,False,False
1331,57,1060.45,3.0,8.5,3.25,False,False
1332,18,658.8100000000001,11.0,23.8,10.0,False,False
1333,40,2438.6600000000003,5.0,12.0,6.5,True,False
1334,16,103.76,3.0,17.599999999999994,8.5,False,False
1335,9,248.05,18.5,58.699999999999996,33.75,False,False
1336,49,2146.57,4.0,9.0,4.25,True,False
1337,67,4157.15,3.0,5.5,3.0,True,False
1344,14,1196.8799999999999,13.0,28.0,20.0,False,False
1345,22,522.0200000000001,6.0,19.0,6.0,False,False
1346,16,230.79000000000002,8.0,32.8,20.0,False,False
1347,28,614.6500000000001,7.0,15.0,7.5,False,False
1348,11,117.83,10.0,41.399999999999984,19.75,False,False
1349,71,2293.2800000000007,3.0,6.100000000000001,3.0,True,False
1350,45,780.34,2.0,10.400000000000006,4.25,False,False
1351,27,162.43,7.0,20.0,7.0,False,False
1352,37,2031.7799999999997,5.0,10.5,3.25,True,False
1353,39,1147.31,5.0,10.300000000000004,5.0,False,False
1354,23,673.55,9.5,16.0,9.25,False,False
1356,22,680.49,9.0,14.0,4.0,False,False
1357,32,840.8100000000001,7.0,9.0,0.0,False,False
1359,25,421.82000000000005,8.0,21.7,8.25,False,False
1360,10,244.12,20.0,25.2,10.0,False,False
1362,20,486.53000000000003,10.0,22.199999999999996,15.5,False,False
1364,42,845.2900000000001,4.0,10.0,7.0,False,False
1366,88,1266.9,2.0,5.0,2.0,False,False
1367,58,3048.1200000000003,3.0,7.399999999999999,5.0,True,False
1369,37,859.4500000000002,4.5,15.0,6.25,False,False
1370,30,3003.06,7.0,14.0,1.0,True,False
1371,15,402.69,9.5,25.200000000000006,8.5,False,True
1372,9,386.89,19.0,51.39999999999999,19.0,False,False
1373,13,164.0,16.0,28.8,16.25,False,False
1374,31,779.6900000000002,5.5,15.0,5.75,False,False
1375,38,1461.3799999999999,5.0,12.399999999999999,6.0,False,False
1376,53,3343.99,4.0,6.899999999999999,2.0,True,False
1377,14,277.73,10.0,27.800000000000004,11.0,False,False
1378,46,2337.06,5.0,8.0,4.0,True,False
1379,134,3000.53,1.0,3.0,1.0,True,False
1381,19,62.38000000000001,4.0,33.0,15.25,False,False
1382,56,1796.8300000000002,4.0,8.0,4.0,False,False
1383,48,554.0400000000001,4.0,9.399999999999999,4.0,False,False
1385,46,2453.3600000000006,3.0,10.600000000000001,6.0,True,False
1387,19,696.69,9.5,21.900000000000002,10.5,False,False
1388,49,2301.32,4.5,9.0,4.25,True,False
1389,15,890.7300000000001,7.0,16.1,10.5,False,False
1390,29,1126.31,3.0,13.3,5.25,False,False
1391,35,2276.41,6.5,14.0,7.0,True,False
1392,50,1177.27,3.0,8.200000000000003,5.0,False,False
1393,63,1935.5600000000002,3.0,7.0,3.0,False,False
1394,54,1692.9000000000003,3.0,8.600000000000009,3.0,False,False
1396,100,3569.15,2.0,4.0,2.0,True,False
1397,85,1906.6300000000003,2.0,6.0,3.0,False,False
1399,13,430.56,13.5,42.400000000000006,21.5,False,False
1401,17,194.48999999999998,7.0,18.0,4.0,False,False
1402,60,1139.8400000000001,3.0,6.200000000000003,3.0,False,False
1403,57,889.57,3.0,7.0,3.0,False,False
1404,8,376.06999999999994,14.0,18.6,5.0,False,False
1405,14,573.9999999999999,10.0,50.80000000000001,9.0,False,False
1406,34,1347.3,6.0,12.8,6.0,False,False
1408,12,223.89000000000001,9.0,30.0,15.5,False,False
1409,27,1315.41,8.5,14.5,7.0,False,False
1410,12,708.1700000000001,18.0,37.0,28.0,False,False
1412,20,1103.0300000000002,8.0,14.2,10.0,False,False
1413,10,168.35999999999999,6.0,18.4,11.0,False,False
1418,26,912.47,7.0,18.200000000000003,7.0,False,False
1419,191,3429.06,1.0,2.0,0.0,True,False
1420,31,1413.38,5.5,13.300000000000004,4.75,False,False
1421,59,1293.2,3.0,7.0,2.75,False,False
1423,93,628.7900000000002,2.0,5.0,3.0,False,False
1424,20,173.93,6.0,19.4,8.0,False,False
1425,45,1756.7000000000003,4.0,10.0,5.0,False,False
1426,24,689.65,6.0,21.000000000000004,9.0,False,False
1427,17,555.66,7.5,25.0,9.0,False,False
1428,26,862.0600000000001,7.0,14.000000000000007,5.0,False,False
1429,31,341.56,7.0,15.200000000000003,9.25,False,False
1430,60,5467.679999999999,4.0,7.0,4.0,True,False
1431,45,1085.38,4.0,9.700000000000003,5.0,False,False
1434,82,1774.0600000000002,2.0,6.0,2.0,False,False
1437,48,1975.2799999999997,4.0,10.799999999999997,3.0,True,False
1438,12,997.55,6.0,33.0,12.5,False,False
1439,10,272.61,12.0,42.400000000000006,15.0,False,False
1440,20,497.54,6.0,17.399999999999995,9.5,False,False
1443,94,1233.23,1.0,5.799999999999997,2.0,False,False
1445,41,1122.87,4.0,11.0,4.25,False,False
1446,17,905.45,9.5,25.5,8.25,False,False
1448,20,621.22,3.0,22.39999999999998,4.0,False,False
1449,18,197.32,9.0,26.800000000000004,13.0,False,False
1450,24,608.1899999999999,4.0,17.800000000000004,6.5,False,False
1451,60,1761.56,3.0,9.0,4.0,False,False
1452,123,669.5299999999999,1.0,4.0,1.0,False,False
1453,142,7477.200000000001,1.0,3.0,1.0,True,False
1454,18,404.98999999999995,7.0,27.4,15.0,False,False
1456,47,1218.1799999999998,3.0,11.5,3.0,False,False
1458,35,1019.8100000000001,5.0,14.0,7.75,False,False
1459,16,1220.27,10.0,22.0,9.0,False,False
1460,20,943.3299999999999,8.0,24.599999999999998,13.5,False,False
1461,74,2063.23,2.0,6.799999999999997,3.0,True,False
1462,44,1639.3000000000002,5.0,10.800000000000004,5.0,False,False
1463,41,1170.4799999999998,4.0,13.100000000000001,5.0,False,False
1464,32,1113.03,5.0,17.0,10.0,False,False
1465,25,406.2200000000001,4.0,18.7,10.25,False,False
1466,16,517.9300000000001,8.0,26.799999999999997,12.5,False,False
1467,65,371.08,1.0,2.0,1.0,False,False
1468,26,1194.3,4.0,9.200000000000003,3.0,False,False
1469,16,282.55,7.0,22.4,9.5,False,True
1470,38,758.82,3.0,16.4,7.0,False,False
1473,35,1626.7199999999998,6.0,11.0,6.0,False,False
1475,93,4649.18,2.0,5.0,2.25,True,False
1476,76,2182.9199999999996,2.0,5.0,2.0,True,False
1477,8,149.57999999999998,19.0,35.0,15.0,False,False
1479,150,2686.4200000000005,1.0,3.0,1.0,True,False
1480,12,52.55,9.0,19.0,11.5,False,False
1481,21,331.29,9.5,23.1,15.5,False,False
1482,11,286.11,16.5,54.699999999999996,21.25,False,False
1483,29,1783.66,6.5,14.500000000000004,7.25,False,False
1484,28,1222.71,7.0,21.0,6.0,False,False
1485,21,626.15,8.0,24.60000000000001,9.5,False,False
1488,26,942.89,5.0,13.600000000000001,9.0,False,False
1489,122,5710.05,2.0,3.0,1.0,True,False
1490,48,1303.15,4.0,8.399999999999999,5.0,False,False
1491,112,2334.09,2.0,4.0,2.0,True,False
1492,35,534.39,6.0,12.7,4.75,False,False
1493,13,653.9499999999999,13.0,26.700000000000003,18.25,False,False
1494,23,932.3999999999999,8.5,22.900000000000002,7.75,False,False
1495,67,648.67,3.0,7.0,2.0,False,False
1498,13,370.88,14.5,27.200000000000003,11.0,False,False
1499,34,753.1200000000001,4.0,13.400000000000002,6.0,False,False
1500,30,637.4699999999999,4.0,19.599999999999998,6.0,False,False
1501,51,2466.09,4.0,9.0,3.0,True,False
1502,21,1402.04,9.0,20.1,13.25,False,False
1505,48,1976.2700000000002,4.0,8.799999999999997,4.0,True,False
1506,33,935.61,7.0,13.0,7.5,False,False
1507,8,317.42,30.0,57.40000000000001,25.0,False,False
1508,28,666.01,5.0,14.400000000000002,5.5,False,False
1509,55,1779.0100000000002,3.5,7.0,4.0,False,False
1510,182,3234.8199999999997,1.0,2.0,1.0,True,False
1511,49,983.5300000000001,4.0,10.0,5.0,False,False
1512,13,528.19,8.0,16.700000000000003,7.0,False,False
1513,22,318.14000000000004,5.0,30.0,10.0,False,False
1514,16,804.1499999999999,12.0,33.79999999999999,12.0,False,False
1515,40,2141.41,5.0,12.200000000000003,4.0,True,False
1516,10,109.05000000000001,23.0,36.400000000000006,9.0,False,True
1517,38,1110.1100000000001,6.0,12.399999999999999,5.0,False,False
1518,10,619.45,13.0,54.20000000000002,12.0,False,False
1520,42,921.74,5.0,13.0,5.0,False,False
1521,19,343.2700000000001,9.0,20.3,10.75,False,False
1523,35,939.3800000000001,2.0,10.0,6.75,False,False
1524,12,561.2900000000001,18.0,38.0,16.5,False,False
1526,74,1167.25,2.0,6.0,2.0,False,False
1527,64,5038.4400000000005,3.0,7.800000000000004,3.0,True,False
1528,66,2571.43,3.0,7.0,2.0,True,False
1529,51,2961.39,3.0,9.100000000000001,4.0,True,False
1530,22,356.87,7.0,22.0,9.0,False,False
1531,11,277.45,6.5,24.399999999999988,8.5,False,False
1532,42,782.75,4.0,8.0,3.0,False,False
1533,8,82.89,15.0,30.400000000000006,19.0,False,False
1534,64,1727.01,3.0,8.0,3.5,False,False
1535,47,2129.05,3.0,12.5,3.0,True,False
1536,40,2086.46,5.0,11.600000000000009,4.5,True,False
1537,38,727.58,4.0,17.799999999999997,4.0,False,False
1538,18,357.2200000000001,9.0,25.200000000000003,10.0,False,True
1540,32,1090.71,5.0,19.0,10.0,False,False
1541,42,3129.09,6.0,8.0,3.0,True,False
1542,45,773.4800000000001,5.0,9.700000000000003,6.0,False,False
1543,48,1468.0300000000002,3.0,10.199999999999996,3.0,False,False
1544,21,1000.8999999999999,7.5,19.500000000000007,10.5,False,True
1545,53,1438.3000000000002,3.5,7.899999999999999,4.0,False,False
1546,23,1049.49,8.0,21.400000000000013,6.5,False,False
1547,32,91.97,1.0,4.0,2.0,False,False
1548,55,2387.74,3.0,8.400000000000006,3.0,True,False
1549,44,514.9000000000001,6.0,8.0,4.5,False,False
1550,59,1021.3800000000002,1.0,3.3000000000000043,1.0,False,False
1552,14,381.5399999999999,14.0,29.8,21.0,False,False
1554,13,366.1700000000001,8.0,22.1,5.75,False,False
1555,36,702.8500000000001,5.0,13.0,6.5,False,False
1556,58,1860.5100000000002,3.0,7.399999999999999,3.0,False,False
1557,52,2263.5000000000005,4.0,9.0,4.0,True,False
1558,39,1145.0700000000002,5.0,12.300000000000004,5.0,False,False
1560,11,241.87,17.0,47.39999999999999,25.5,False,False
1562,14,364.21000000000004,7.0,42.80000000000001,21.0,False,False
1563,38,1973.55,4.0,9.0,4.0,True,False
1564,20,303.37000000000006,6.0,36.39999999999999,14.5,False,False
1565,13,153.65,12.0,24.5,14.0,False,False
1566,12,211.03000000000003,10.0,27.0,15.0,False,False
1567,33,946.18,5.5,13.0,7.0,False,False
1568,23,1452.5899999999997,6.5,15.900000000000002,9.75,False,False
1569,31,548.5,4.5,12.300000000000004,5.75,False,False
1570,23,1201.8100000000004,5.0,21.0,10.25,False,False
1571,25,311.2,4.5,21.0,6.5,False,False
1572,15,704.67,5.5,17.400000000000013,5.0,False,False
1573,48,204.66,2.0,8.399999999999991,2.5,False,False
1574,12,1511.57,20.0,31.0,22.5,False,False
1575,11,235.82999999999998,15.0,51.99999999999999,13.5,False,False
1577,27,1832.38,6.0,14.0,5.75,False,False
1578,43,1317.97,5.0,10.899999999999999,5.0,False,False
1579,130,3559.2000000000003,1.0,3.0,1.0,True,False
1580,13,72.35,3.5,26.10000000000001,7.0,False,False
1582,21,1283.1400000000003,6.5,17.1,8.75,False,False
1583,8,143.56,24.0,35.0,16.5,False,False
1584,85,2185.23,2.0,5.0,2.0,True,False
1585,43,2666.02,4.0,10.0,5.0,True,False
1586,33,1129.0900000000001,7.0,12.900000000000002,4.75,False,False
1587,18,252.04,10.0,28.6,17.0,False,False
1588,98,1993.4099999999999,2.0,3.0,1.0,True,False
1589,9,238.85000000000002,11.0,30.199999999999996,10.0,False,False
1590,56,2647.38,3.0,8.0,3.5,True,False
1591,13,610.19,11.5,35.300000000000004,23.5,False,False
1592,8,289.75,21.0,38.0,14.5,False,False
1593,16,667.27,12.0,29.799999999999997,11.5,False,False
1594,19,603.57,2.0,14.800000000000004,5.5,False,False
1595,41,1941.9699999999998,4.5,10.100000000000001,6.0,True,False
1597,19,226.68000000000004,7.0,25.200000000000003,7.75,False,False
1598,57,2139.2,4.0,8.0,5.25,True,False
1599,47,1639.9600000000003,4.0,10.0,4.75,False,False
1600,10,176.59,6.0,18.0,7.0,False,False
1601,14,849.24,13.0,28.000000000000004,16.0,False,False
1602,47,2450.84,4.0,10.5,5.0,True,False
1604,38,210.19000000000003,5.0,11.399999999999999,5.0,False,False
1605,21,390.73,7.5,20.500000000000007,11.0,False,False
1606,8,583.98,19.0,38.800000000000004,17.5,False,False
1607,47,1360.0000000000002,3.0,11.0,4.75,False,False
1608,11,276.41,22.0,41.699999999999996,18.25,False,False
1609,76,7330.98,3.0,6.0,2.0,True,False
1612,28,2088.8500000000004,6.0,12.200000000000006,7.0,True,False
1613,32,1948.0400000000002,6.0,12.0,5.0,True,False
1614,26,159.44,9.0,16.0,9.0,False,False
1615,12,456.75999999999993,13.0,40.0,18.0,False,False
1616,10,213.39999999999998,15.0,40.2,15.0,False,False
1617,34,1491.8500000000001,5.0,11.8,7.0,False,False
1618,28,1318.1299999999999,7.0,18.0,7.0,False,False
1619,45,1000.3000000000001,5.0,10.0,6.0,False,False
1620,91,3162.5400000000004,2.0,5.0,2.0,True,False
1621,14,940.9300000000001,18.0,29.200000000000003,18.0,False,False
1622,23,1014.5,7.5,16.700000000000006,6.5,False,False
1623,18,551.38,7.0,31.800000000000004,20.0,False,False
1624,15,100.08,15.0,34.400000000000006,19.75,False,False
1625,8,65.72999999999999,4.0,61.800000000000004,35.0,False,False
1627,14,250.22,6.0,38.600000000000016,15.0,False,False
1628,8,150.06,8.0,32.60000000000001,14.0,False,False
1630,72,3654.89,3.0,6.0,2.5,True,False
1631,95,3995.4000000000005,2.0,5.0,2.75,True,False
1632,26,889.3500000000001,7.0,16.200000000000003,8.0,False,False
1633,63,3086.0699999999993,3.0,6.0,3.0,True,False
1634,31,2287.6099999999997,5.5,15.300000000000004,5.75,True,False
1637,25,424.44000000000005,7.0,16.799999999999997,9.0,False,False
1638,18,186.59,9.0,28.200000000000003,11.0,False,False
1639,44,976.6700000000002,3.0,12.600000000000009,5.0,False,False
1640,54,2058.9599999999996,3.0,6.800000000000004,3.0,True,False
1642,41,631.5699999999999,6.0,8.100000000000001,3.25,False,False
1643,12,478.85999999999996,13.0,28.0,19.0,False,False
1646,36,806.1600000000001,5.0,13.600000000000001,6.0,False,False
1648,17,981.9399999999999,6.5,38.5,8.5,False,False
1649,12,215.16000000000003,8.0,23.0,12.0,False,False
1650,25,611.08,5.5,16.199999999999996,6.75,False,False
1651,14,478.69000000000005,14.0,42.80000000000002,17.0,False,False
1652,9,224.23000000000002,24.5,34.5,18.25,False,False
1653,121,6231.969999999999,2.0,4.0,1.0,True,False
1654,8,170.42000000000002,19.0,38.0,26.5,False,False
1658,22,777.27,9.0,27.0,7.0,False,False
1659,31,542.54,4.5,10.100000000000001,4.75,False,False
1660,15,1068.8500000000001,10.5,33.000000000000014,10.25,False,False
1661,12,353.22,5.0,42.0,25.5,False,False
1662,32,3640.59,6.0,14.0,6.0,True,False
1663,24,119.47000000000001,7.0,17.0,8.5,False,False
1665,35,441.53,5.5,10.7,5.75,False,False
1666,31,557.94,5.0,15.0,9.0,False,False
1667,11,291.25,16.0,44.59999999999998,19.25,False,False
1668,25,636.7099999999999,7.0,23.199999999999996,8.0,False,False
1671,21,568.2500000000001,7.5,14.200000000000003,4.0,False,False
1672,23,623.37,3.5,21.50000000000001,10.75,False,False
1673,47,2434.27,4.0,9.5,4.0,True,False
1675,37,2001.97,6.0,10.5,3.0,True,False
1676,22,1761.5800000000002,8.0,23.0,7.0,False,False
1677,68,4701.4800000000005,3.0,6.0,3.0,True,False
1678,40,1846.51,4.0,10.400000000000006,5.5,False,False
1680,12,625.4100000000001,14.0,23.0,11.5,False,False
1681,24,640.9300000000001,5.0,8.0,5.0,False,False
1683,33,642.3800000000001,7.0,12.900000000000002,5.5,False,False
1685,37,567.1600000000001,5.0,12.5,5.25,False,False
1686,23,451.43,7.5,17.900000000000002,10.0,False,False
1687,49,1628.3,4.0,10.0,5.0,False,False
1689,36,461.77000000000004,4.0,14.200000000000003,6.5,False,False
1690,17,484.96,8.5,30.0,15.25,False,False
1691,16,749.89,13.0,26.199999999999996,11.0,False,False
1692,35,591.0400000000001,5.0,13.0,7.0,False,False
1693,58,2906.37,4.0,6.399999999999999,3.0,True,False
1694,60,2659.8599999999997,4.0,6.200000000000003,3.0,True,False
1695,47,372.63999999999993,3.0,11.5,3.0,False,False
1696,24,1223.78,6.0,15.8,6.5,False,False
1697,11,186.05999999999997,14.0,29.799999999999976,8.0,False,False
1700,14,363.78999999999996,2.0,52.60000000000001,6.0,False,False
1701,10,404.34,18.0,46.2,23.0,False,False
1703,31,822.6399999999999,5.0,14.600000000000009,8.75,False,False
1705,50,594.58,4.0,8.800000000000011,5.0,False,False
1707,131,2680.0199999999995,1.0,3.0,1.0,True,False
1708,22,1655.9399999999998,11.0,17.0,7.0,False,False
1709,18,666.1000000000001,6.0,27.8,11.0,False,False
1710,51,4371.629999999999,4.5,8.0,4.0,True,False
1715,16,369.87,13.0,26.4,9.5,False,False
1716,57,781.91,2.0,4.5,2.0,False,False
1717,23,447.22,9.5,19.50000000000001,8.5,False,False
1718,10,218.27,11.0,34.2,3.0,False,False
1719,19,1265.6900000000003,10.5,21.3,12.25,False,False
1720,51,1689.42,4.0,10.0,4.0,False,False
1722,59,4324.94,3.0,7.0,3.0,True,False
1723,24,1166.3400000000001,6.0,20.400000000000002,12.0,False,False
1724,45,1170.16,3.0,10.400000000000006,3.0,False,False
1726,37,1750.5499999999997,6.0,10.0,3.25,False,False
1729,34,1519.95,5.0,14.600000000000001,7.0,False,False
1730,9,58.449999999999996,29.0,41.5,14.75,False,False
1731,24,1270.18,9.0,17.400000000000002,10.0,False,False
1732,34,1549.1299999999999,6.0,15.0,6.0,False,False
1735,15,775.11,8.0,40.20000000000002,16.0,False,False
1736,10,228.19,24.0,53.400000000000006,26.0,False,False
1738,17,460.46000000000004,13.0,28.0,15.25,False,False
1739,8,235.03000000000003,16.0,41.60000000000001,11.5,False,False
1740,40,1804.52,2.0,4.0,1.5,False,False
1742,115,872.49,2.0,4.0,1.0,False,False
1744,12,271.07000000000005,19.0,23.0,2.5,False,False
1745,50,1053.65,3.0,8.200000000000003,4.0,False,False
1746,13,836.4100000000002,17.5,27.8,14.0,False,False
1747,21,796.3699999999999,6.0,29.1,11.25,False,False
1748,59,1348.7,3.0,7.300000000000004,3.0,False,False
1749,36,1174.8199999999997,5.0,13.200000000000003,7.0,False,False
1751,21,687.74,4.0,7.400000000000006,3.0,False,False
1752,51,1864.5900000000001,4.0,9.100000000000001,4.75,False,False
1753,104,685.26,2.0,4.0,2.0,False,False
1754,61,1136.52,3.0,7.100000000000001,2.0,False,False
1755,12,280.02000000000004,10.0,46.0,10.5,False,False
1756,26,1844.6,6.0,14.600000000000001,7.0,False,False
1758,11,316.28,8.5,54.39999999999999,15.0,False,False
1759,50,1142.17,2.0,11.0,3.0,False,False
1762,75,3993.02,2.0,6.0,3.0,True,False
1763,30,671.8699999999998,3.0,13.599999999999998,5.0,False,False
1764,21,2486.59,7.0,21.200000000000003,5.5,True,False
1765,12,1007.5899999999999,14.0,68.0,14.0,False,False
1767,147,4317.4400000000005,1.0,2.0,1.0,True,False
1768,15,299.11,11.5,38.50000000000001,12.5,False,False
1769,56,3119.56,4.0,8.0,5.0,True,False
1770,150,3855.79,1.0,3.0,1.0,True,False
1772,39,1181.93,5.0,9.300000000000004,4.0,False,False
1773,23,1119.23,8.5,22.00000000000002,8.75,False,False
1774,25,1501.81,6.0,15.399999999999999,5.5,False,False
1775,51,2582.57,4.0,7.100000000000001,3.75,True,False
1776,113,2769.4999999999995,2.0,4.0,1.25,True,False
1777,34,567.38,6.0,17.000000000000004,6.0,False,False
1778,58,2717.7200000000003,4.0,8.0,4.0,True,False
1779,38,1239.47,5.0,14.0,6.0,False,False
1780,28,983.62,4.0,21.200000000000006,5.0,False,False
1781,27,1001.7699999999999,6.5,19.5,12.5,False,False
1782,10,609.5000000000001,13.0,53.2,21.0,False,False
1783,20,805.7000000000002,8.0,25.2,13.5,False,False
1784,14,659.53,11.0,34.80000000000001,9.0,False,False
1785,17,300.51,8.5,20.5,10.0,False,False
1787,24,532.9699999999999,5.0,20.800000000000004,6.5,False,False
1788,38,2823.5899999999997,5.0,13.399999999999999,5.0,True,False
1790,14,506.43,18.0,28.6,14.0,False,False
1791,47,952.6800000000002,3.5,11.0,3.0,False,False
1792,56,1748.6999999999998,2.0,4.600000000000001,2.0,False,False
1793,20,475.41999999999996,8.0,18.799999999999986,7.5,False,False
1794,17,787.5699999999999,8.0,37.5,14.5,False,False
1795,185,3247.67,1.0,2.0,0.0,True,False
1796,11,784.1899999999999,13.5,26.099999999999994,5.25,False,False
1797,30,1649.43,7.0,13.0,4.0,False,False
1798,14,960.4899999999998,12.0,28.400000000000002,19.0,False,False
1799,19,162.13,5.0,21.400000000000006,12.5,False,False
1800,19,944.29,2.0,14.900000000000002,4.75,False,False
1801,21,214.17,6.0,18.500000000000007,6.25,False,False
1802,18,1366.49,11.0,27.400000000000002,10.0,False,False
1803,61,5293.29,3.0,6.100000000000001,3.0,True,False
1804,85,3062.92,2.5,5.0,2.0,True,False
1805,36,413.46000000000004,4.0,13.200000000000003,7.0,False,False
1806,44,1517.93,4.0,11.800000000000004,5.5,False,False
1807,84,3853.4,2.0,6.0,2.0,True,False
1808,22,393.99,6.0,16.0,8.0,False,False
1809,18,397.07000000000005,10.0,18.8,8.0,False,False
1810,95,1394.59,2.0,4.0,2.0,False,False
1812,27,419.95000000000005,6.5,18.5,9.75,False,False
1814,15,1546.92,5.5,12.400000000000002,7.5,False,False
1815,14,707.48,14.0,23.400000000000002,10.0,False,False
1816,46,1423.4900000000002,3.0,8.600000000000001,5.0,False,False
1817,8,87.75,4.0,54.400000000000034,6.5,False,False
1819,24,361.65999999999997,8.0,21.600000000000005,8.0,False,False
1820,17,839.85,3.5,20.0,8.0,False,False
1821,22,766.57,3.0,11.0,3.0,False,False
1822,95,2143.2800000000007,2.0,4.0,2.0,True,False
1823,73,3820.29,3.0,6.0,2.0,True,False
1824,55,1096.76,3.0,9.0,5.0,False,False
1825,14,817.5000000000001,13.0,33.00000000000001,20.0,False,False
1826,34,912.6099999999999,4.0,20.000000000000007,6.0,False,False
1828,39,3212.01,4.0,9.300000000000004,4.0,True,False
1829,106,2602.1600000000008,2.0,4.0,2.0,True,False
1831,38,1512.5500000000002,4.0,12.399999999999999,8.0,False,False
1832,17,650.35,7.5,23.0,5.5,False,False
1833,25,942.97,7.5,22.4,14.0,False,False
1834,57,1857.8500000000001,3.5,7.5,3.0,False,False
1835,67,2919.9700000000003,3.0,6.0,2.0,True,False
1836,38,1410.5099999999998,5.0,11.0,5.0,False,False
1837,13,854.38,9.5,41.000000000000014,7.75,False,False
1838,15,459.15,14.0,29.60000000000001,15.25,False,False
1839,24,588.05,10.0,15.0,7.5,False,False
1841,13,909.1600000000001,17.5,32.0,11.5,False,False
1842,12,698.27,9.0,38.0,18.5,False,False
1844,30,459.37999999999994,6.0,20.0,5.0,False,False
1845,61,5991.8499999999985,4.0,6.100000000000001,3.0,True,False
1847,32,827.45,4.0,15.0,3.5,False,False
1848,50,5759.25,4.0,7.200000000000003,3.0,True,False
1849,52,1110.6399999999999,3.0,8.0,4.0,False,False
1850,65,2313.9599999999996,2.0,6.700000000000003,2.25,True,False
1851,15,556.0699999999999,5.5,41.900000000000006,25.5,False,False
1852,88,3586.33,2.0,5.0,3.0,True,False
1853,9,54.870000000000005,15.5,34.3,19.5,False,False
1854,77,2132.05,2.0,6.0,3.0,True,False
1856,105,1709.0600000000002,2.0,4.700000000000003,2.0,False,False
1857,14,540.4499999999998,14.0,36.400000000000006,19.0,False,False
1858,21,798.8800000000001,10.0,23.1,9.5,False,False
1859,18,1062.46,10.0,22.800000000000004,12.0,False,False
1860,24,421.61,5.0,12.600000000000001,6.5,False,False
1861,32,521.6999999999999,5.0,16.0,4.0,False,False
1862,63,892.1200000000001,3.0,8.0,4.0,False,False
1864,56,6856.0,4.0,7.600000000000001,3.0,True,False
1865,57,2553.9500000000003,4.0,7.0,2.25,True,False
1867,20,363.26,2.0,16.399999999999995,4.0,False,False
1868,12,245.46,10.0,22.0,14.5,False,False
1869,47,1291.17,5.0,8.0,4.5,False,False
1870,8,65.72,14.0,40.0,22.5,False,False
1871,8,197.57999999999998,22.0,64.80000000000001,35.5,False,False
1872,40,800.77,4.0,12.0,6.5,False,False
1873,45,938.71,4.0,8.0,3.5,False,False
1874,10,264.68,12.0,29.600000000000005,8.0,False,False
1877,16,568.28,13.0,25.799999999999997,15.5,False,False
1879,109,1842.9300000000003,2.0,4.0,2.0,False,False
1880,10,338.84999999999997,9.0,27.6,11.0,False,False
1881,36,964.6399999999999,5.0,13.0,5.0,False,False
1883,45,1134.06,4.0,11.0,5.0,False,False
1886,9,80.26000000000002,16.0,33.699999999999996,16.0,False,False
1887,21,242.87,5.5,24.40000000000002,5.0,False,False
1889,24,854.94,7.0,19.400000000000002,11.5,False,False
1891,10,304.83000000000004,16.0,39.800000000000004,17.0,False,False
1892,88,2412.4399999999996,2.0,5.0,2.0,True,False
1894,12,470.98999999999995,8.0,36.0,11.0,False,False
1895,11,139.41,13.0,48.599999999999994,13.0,False,False
1896,19,354.35,8.0,18.100000000000005,8.75,False,False
1898,21,411.2,8.0,17.1,10.5,False,False
1899,16,3234.1800000000007,14.0,21.0,12.5,True,False
1900,16,2250.41,12.0,20.799999999999997,9.0,True,False
1901,116,4844.660000000001,1.0,4.0,2.0,True,False
1903,11,373.05,8.5,66.3,28.5,False,False
1904,12,160.14,14.0,59.0,14.0,False,False
1905,20,378.98,6.0,24.799999999999983,8.5,False,False
1906,49,2840.41,4.0,10.0,4.25,True,False
1907,111,3335.55,2.0,3.1000000000000085,1.75,True,False
1908,12,224.76000000000002,8.0,23.0,8.5,False,False
1911,49,512.6600000000001,4.0,9.600000000000009,5.0,False,False
1912,52,1201.2,4.0,7.0,3.0,False,False
1913,15,308.28,14.0,28.800000000000015,10.5,False,False
1914,45,1487.23,5.0,8.0,3.25,False,False
1915,12,198.34999999999997,13.0,40.0,28.5,False,True
1916,35,890.8100000000001,4.0,14.7,6.5,False,False
1917,85,2196.6,2.0,5.0,2.25,True,False
1918,32,1768.3600000000001,5.0,10.0,6.5,False,False
1919,28,1228.9200000000003,7.0,14.400000000000002,5.0,False,False
1920,33,834.24,4.0,10.0,4.25,False,False
1921,31,459.09000000000003,3.5,7.100000000000001,3.75,False,False
1922,35,667.69,4.0,12.7,6.0,False,False
1923,39,1050.21,5.0,12.600000000000009,4.0,False,False
1924,75,1780.0,2.5,6.700000000000003,3.0,False,False
1925,39,1385.5800000000004,4.0,13.300000000000004,5.0,False,False
1926,21,719.69,8.0,22.1,10.5,False,False
1927,22,1768.09,7.0,20.0,6.0,False,False
1928,36,631.3299999999999,6.0,11.600000000000001,4.5,False,False
1929,21,1572.92,10.5,17.70000000000001,7.25,False,False
1930,77,1206.63,2.0,6.5,3.0,False,False
1931,33,806.9399999999999,6.5,13.0,6.25,False,False
1932,9,269.18,19.5,60.3,33.5,False,False
1933,22,693.34,6.0,17.0,4.0,False,False
1935,42,3508.03,6.0,11.0,5.0,True,False
1936,74,1220.17,1.0,6.799999999999997,4.0,False,False
1937,42,1929.2899999999997,4.0,11.0,3.0,False,False
1938,8,174.14999999999998,12.0,81.00000000000001,34.0,False,False
1939,12,584.49,17.0,26.0,15.0,False,False
1940,32,1111.6499999999999,7.0,10.0,4.0,False,False
1941,47,286.38000000000005,4.5,11.5,4.0,False,False
1942,40,820.91,3.0,10.0,3.0,False,False
1943,50,2164.94,4.0,10.200000000000003,5.0,True,False
1944,50,3239.64,4.0,8.200000000000003,4.0,True,False
1946,10,609.4899999999999,8.0,30.8,7.0,False,False
1947,26,2198.4199999999996,4.0,12.600000000000001,7.0,True,False
1948,8,166.62,14.0,37.6,20.5,False,False
1953,36,1093.11,5.0,14.0,7.5,False,False
1954,43,630.3199999999999,4.5,8.0,4.0,False,False
1955,36,2077.68,5.0,13.200000000000003,6.0,True,False
1956,10,415.83,10.0,48.6,17.0,False,False
1958,11,294.82,16.0,47.69999999999999,25.25,False,False
1959,14,859.01,9.0,20.400000000000002,12.0,False,False
1960,22,588.4599999999999,11.0,22.0,11.0,False,False
1961,12,313.09000000000003,8.0,39.0,18.0,False,False
1962,30,890.67,5.0,14.799999999999994,5.0,False,False
1963,22,1063.28,10.0,18.0,11.0,False,False
1964,27,769.7300000000001,7.0,15.0,3.0,False,False
1965,43,1017.1400000000001,5.0,10.899999999999999,4.0,False,False
1966,36,1878.7899999999997,5.0,13.200000000000003,5.5,False,False
1967,16,329.99999999999994,12.0,33.199999999999996,16.0,False,False
1968,27,837.0400000000001,10.0,13.0,6.75,False,False
1969,70,659.9400000000002,3.0,6.0,2.0,False,False
1970,11,106.38,18.5,38.0,27.25,False,False
1971,49,2775.79,4.0,10.300000000000004,4.0,True,False
1972,47,1224.49,4.0,10.0,5.0,False,False
1973,73,1261.01,2.0,5.0,2.0,False,False
1974,70,2071.1900000000005,3.0,5.200000000000003,2.0,True,True
1975,87,5707.86,2.0,6.0,3.0,True,False
1976,62,1590.75,3.0,7.0,3.0,False,False
1977,9,52.010000000000005,17.0,65.39999999999999,20.25,False,False
1978,44,643.9,4.0,12.600000000000009,3.5,False,False
1979,41,537.64,4.0,12.200000000000003,5.0,False,False
1980,12,1218.95,14.0,28.0,9.5,False,False
1981,35,429.41999999999996,5.5,14.399999999999999,5.75,False,False
1982,56,1628.5700000000002,4.0,7.600000000000001,4.0,False,False
1983,12,941.18,9.0,31.0,20.0,False,False
1985,43,2197.22,4.5,9.799999999999997,4.75,True,False
1987,20,440.53000000000003,10.0,20.599999999999998,7.5,False,False
1988,35,1788.7300000000005,3.5,13.099999999999998,5.75,False,False
1989,49,949.59,4.0,7.300000000000004,4.0,False,False
1990,28,994.9999999999999,6.0,14.600000000000009,6.0,False,False
1991,14,107.18,9.0,45.400000000000006,8.0,False,False
1992,13,205.89,9.0,27.700000000000003,16.5,False,False
1993,30,511.8499999999999,5.0,16.599999999999998,10.0,False,False
1994,9,218.17999999999998,9.0,73.3,18.0,False,False
1995,35,4413.8,4.5,11.7,4.75,True,False
1996,40,997.5300000000001,4.0,11.200000000000003,5.5,False,False
1997,24,1608.07,8.0,15.0,7.5,False,False
1998,131,847.69,1.0,3.0,1.0,False,False
1999,18,323.49,7.0,19.0,7.0,False,False
2000,21,209.95000000000002,5.5,24.200000000000003,10.5,False,False
2001,14,346.08,14.0,23.6,16.0,False,False
2002,17,582.12,7.0,17.5,8.5,False,False
2004,83,3332.3500000000004,2.0,5.0,2.75,True,False
2005,15,485.5700000000001,10.5,32.40000000000001,11.5,False,False
2006,30,1171.64,4.0,14.399999999999995,6.0,False,False
2007,34,2491.3699999999994,6.0,11.8,7.0,True,False
2008,13,594.5099999999999,18.5,32.1,13.75,False,False
2010,29,699.94,2.0,8.3,3.5,False,False
2011,39,394.15000000000003,4.0,13.300000000000004,5.0,False,False
2012,50,2016.44,4.0,9.400000000000006,4.0,True,False
2013,40,770.3700000000001,4.0,14.200000000000003,6.5,False,False
2014,28,949.57,6.0,14.400000000000002,8.0,False,False
2015,39,2060.0699999999997,5.5,10.300000000000004,4.75,True,False
2016,47,746.8199999999999,3.0,9.0,4.0,False,False
2017,38,1433.21,5.0,12.0,4.0,False,False
2018,8,319.54999999999995,13.0,38.80000000000001,14.0,False,False
2019,72,3070.95,1.0,6.0,1.0,True,False
2020,86,3238.570000000001,2.0,5.0,2.0,True,False
2021,28,541.64,7.0,11.0,4.5,False,False
2022,24,2638.98,7.0,17.800000000000004,6.0,True,False
2023,19,354.96000000000004,9.0,24.6,14.25,False,False
2024,36,1840.41,5.0,11.800000000000004,7.0,False,False
2027,40,615.05,4.0,15.200000000000003,5.0,False,False
2028,29,729.1400000000001,6.0,14.0,7.25,False,False
2029,10,318.93,13.0,32.800000000000004,25.0,False,False
2030,25,933.8000000000001,7.0,20.099999999999998,8.5,False,False
2032,22,635.0300000000001,10.0,21.0,11.0,False,False
2033,19,539.9300000000001,11.0,27.400000000000006,7.75,False,False
2034,22,582.1900000000002,7.0,14.0,6.0,False,False
2035,28,753.9599999999999,7.0,16.60000000000001,5.5,False,False
2036,13,1217.2200000000003,6.5,69.60000000000002,12.75,False,False
2037,45,939.18,5.0,9.0,4.5,False,False
2038,9,166.61999999999998,10.5,31.7,14.25,False,False
2040,167,1883.83,1.0,2.0,0.0,False,False
2041,29,1227.8700000000003,7.0,16.6,5.25,False,False
2042,10,1592.44,22.0,33.8,15.0,False,False
2043,18,528.61,14.0,20.8,7.0,False,False
2044,18,320.83000000000004,10.0,26.6,15.0,False,False
2045,11,98.68999999999998,16.5,33.399999999999984,13.0,False,False
2046,24,379.55999999999995,8.0,20.0,9.5,False,False
2047,36,1705.68,5.0,15.200000000000003,5.5,False,False
2050,46,1790.7700000000004,4.0,10.0,5.0,False,False
2051,112,2765.8199999999997,1.0,4.0,1.0,True,True
2053,53,1442.6799999999998,3.0,9.899999999999999,4.0,False,False
2054,8,64.81,24.0,43.6,23.0,False,False
2055,20,446.13000000000005,2.0,22.79999999999995,2.0,False,False
2056,21,730.9,9.0,20.1,3.75,False,False
2057,37,962.64,4.0,11.0,6.5,False,False
2058,42,1611.8400000000001,4.0,11.0,4.0,False,False
2059,15,851.59,10.0,25.70000000000001,8.5,False,False
2061,10,137.68,23.0,47.2,21.0,False,False
2062,82,2912.879999999999,2.0,5.0,3.0,True,False
2063,30,1024.52,6.0,16.2,9.0,False,False
2064,41,697.32,3.5,15.0,5.25,False,False
2065,15,722.17,13.0,34.800000000000004,8.5,False,False
2066,45,1483.1200000000001,4.5,10.700000000000003,6.25,False,False
2068,27,728.1800000000001,8.5,15.0,7.75,False,False
2069,25,555.99,6.5,17.0,9.75,False,False
2070,108,1032.11,2.0,4.0,2.0,False,False
2071,33,509.75000000000006,5.0,18.900000000000002,6.25,False,False
2073,29,836.17,5.0,15.500000000000004,8.25,False,False
2074,17,514.48,10.5,25.5,9.5,False,False
2076,77,2968.68,2.5,6.5,3.0,True,False
2077,37,536.6600000000001,4.5,15.0,5.0,False,False
2078,28,1064.1399999999999,5.0,14.600000000000009,6.5,False,False
2079,55,2543.6800000000003,3.0,9.0,4.0,True,False
2080,58,2981.67,2.0,11.0,3.0,True,False
2081,17,467.98,9.0,26.0,7.25,False,False
2082,50,1476.39,3.0,11.0,6.0,False,False
2083,103,2720.82,2.0,4.0,2.0,True,False
2084,34,549.7,4.0,10.8,5.0,False,False
2085,84,3433.7200000000003,2.0,5.799999999999997,3.0,True,False
2086,135,1641.02,1.0,3.0,1.0,False,False
2087,55,2070.16,4.0,8.0,3.0,True,False
2088,23,1138.8500000000001,7.5,18.800000000000004,7.5,False,False
2089,13,57.120000000000005,17.0,24.9,15.25,False,False
2090,17,322.27,13.0,24.5,10.75,False,False
2092,55,1414.8300000000002,3.0,9.0,4.75,False,False
2094,19,757.6099999999999,12.0,21.800000000000004,16.0,False,False
2095,33,953.65,6.5,14.800000000000004,6.25,False,False
2096,11,375.84000000000003,12.5,45.1,18.75,False,False
2097,47,2477.7000000000003,4.0,9.5,5.75,True,False
2100,18,1139.7899999999997,8.0,18.6,6.0,False,False
2102,29,717.6400000000001,6.0,14.200000000000003,7.25,False,False
2103,18,195.82,8.0,30.800000000000004,12.0,False,False
2105,9,286.07,11.0,32.699999999999996,19.0,False,False
2106,20,1230.7199999999998,8.0,22.599999999999998,15.0,False,True
2107,31,1056.8400000000001,4.5,17.70000000000001,5.0,False,False
2108,53,572.4399999999999,3.5,8.899999999999999,3.0,False,False
2109,32,799.23,6.0,8.0,4.0,False,False
2110,56,3274.3500000000004,4.0,8.600000000000001,4.0,True,False
2111,40,1036.3700000000001,4.0,10.200000000000003,5.5,False,False
2112,32,1414.8400000000001,6.0,15.0,5.0,False,False
2113,14,378.29,14.0,28.6,15.0,False,False
2114,52,1160.8600000000001,4.0,7.0,4.5,False,False
2115,89,4019.5699999999997,2.0,4.299999999999997,1.5,True,False
2116,55,3655.75,3.0,8.0,4.0,True,False
2117,34,468.73999999999995,6.0,11.0,5.0,False,False
2118,12,498.0300000000001,16.0,53.0,19.5,False,False
2119,9,491.25,13.0,52.19999999999999,21.25,False,False
2120,14,559.3800000000001,11.0,30.0,22.0,False,False
2121,42,1922.35,5.0,13.0,4.0,False,False
2123,19,1140.0300000000002,7.5,20.3,10.5,False,False
2124,51,1922.35,3.0,7.0,3.0,False,False
2126,40,1804.1200000000001,5.0,11.400000000000006,5.0,False,False
2128,33,972.29,3.0,10.900000000000002,4.25,False,False
2129,48,2448.17,5.0,8.399999999999999,4.5,True,False
2130,27,1674.49,7.5,16.0,12.5,False,False
2131,62,2011.7600000000002,3.0,7.0,4.0,True,False
2132,8,61.68000000000001,9.0,81.60000000000002,31.0,False,False
2133,38,2115.98,4.0,11.399999999999999,4.0,True,False
2134,28,3055.8,7.0,13.0,1.0,True,False
2135,15,356.48,13.0,31.1,15.25,False,False
2137,43,659.5699999999999,4.0,10.699999999999996,4.75,False,False
2138,34,1051.8899999999999,4.0,14.8,10.0,False,False
2139,92,1712.5400000000004,2.0,6.0,2.0,False,False
2141,30,1769.43,5.0,17.599999999999998,7.0,False,False
2142,33,2674.4900000000002,7.0,11.0,6.0,True,False
2145,12,545.3400000000001,19.0,31.0,23.0,False,False
2146,25,643.12,6.0,20.4,9.5,False,False
2147,29,1695.2,7.5,15.0,8.0,False,False
2148,43,1218.83,4.0,9.899999999999999,3.75,False,False
2149,26,824.2000000000002,7.0,14.0,5.0,False,False
2151,21,249.51999999999998,2.5,15.800000000000026,5.25,False,False
2153,9,136.73,11.0,53.3,19.75,False,False
2154,12,285.62,4.0,14.0,5.0,False,False
2156,30,1872.1799999999998,7.0,12.399999999999999,4.0,False,False
2158,34,708.99,5.0,13.0,8.0,False,False
2159,38,786.1199999999999,3.0,17.0,6.0,False,False
2160,8,146.36,28.0,53.2,26.5,False,False
2162,32,4099.5599999999995,7.0,12.0,6.0,True,False
2164,31,1255.3900000000003,7.0,13.100000000000001,5.75,False,True
2166,14,56.720000000000006,5.0,20.000000000000004,10.0,False,True
2167,54,1462.12,3.0,7.0,4.0,False,False
2168,67,2129.0799999999995,3.0,7.0,2.75,True,False
2169,8,147.77999999999997,24.0,56.2,26.5,False,False
2170,72,2191.5299999999997,3.0,6.0,2.0,True,False
2171,32,1217.5900000000001,7.0,12.0,4.5,False,False
2172,30,669.5500000000002,5.0,16.2,7.0,False,False
2174,18,291.13,11.0,22.200000000000003,10.0,False,False
2176,94,1559.2299999999998,1.0,4.799999999999997,2.0,False,False
2178,49,1595.2,4.0,8.300000000000004,4.0,False,False
2179,13,524.4,15.0,33.900000000000006,10.25,False,False
2180,8,160.12,11.0,53.40000000000003,12.0,False,False
2181,11,308.1700000000001,19.0,42.5,6.5,False,False
2182,39,909.1800000000001,5.0,10.0,4.75,False,False
2183,30,769.6300000000002,7.0,13.0,5.0,False,False
2184,74,2360.4900000000002,3.0,6.0,3.0,True,False
2185,26,2966.5600000000004,7.0,15.200000000000003,9.0,True,False
2186,17,1531.4600000000003,13.5,24.0,9.0,False,False
2187,18,929.05,9.0,25.000000000000007,6.0,False,False
2188,43,1218.6000000000001,5.0,9.0,5.0,False,False
2189,24,343.56000000000006,8.0,17.400000000000002,7.5,False,False
2190,62,2854.53,3.0,8.0,3.0,True,False
2192,9,222.66,11.5,14.6,7.75,False,False
2193,33,3564.68,6.0,14.800000000000004,6.0,True,False
2194,93,2251.6299999999997,2.0,5.0,2.25,True,False
2195,26,346.88,6.0,18.20000000000001,8.0,False,False
2196,22,495.15000000000003,8.0,20.0,9.0,False,False
2197,22,425.53999999999996,4.0,25.0,4.0,False,False
2198,82,1317.28,2.0,6.0,2.0,False,False
2199,53,2229.6500000000005,4.0,7.899999999999999,3.0,True,False
2200,44,2263.9,5.0,9.0,4.0,True,False
2202,10,212.85,7.0,86.0,9.0,False,False
2203,27,1392.51,8.0,14.5,7.0,False,False
2204,61,1038.43,3.0,8.100000000000001,2.0,False,False
2205,47,886.0500000000001,4.0,10.0,4.75,False,False
2206,13,166.41,9.5,51.20000000000001,13.5,False,False
2207,96,2307.7,2.0,4.0,1.0,True,False
2208,64,4609.64,3.0,7.800000000000004,5.0,True,False
2209,66,2546.01,3.0,7.600000000000001,4.0,True,False
2210,15,715.8599999999999,4.5,21.100000000000016,3.75,False,False
2211,11,210.67,9.0,49.39999999999999,19.75,False,False
2212,23,180.01999999999998,3.0,16.900000000000002,4.0,False,False
2213,21,1930.3800000000003,8.5,17.200000000000017,8.0,False,False
2215,36,702.3800000000001,5.0,13.0,5.0,False,False
2217,64,1898.69,3.0,7.0,3.5,False,False
2221,46,917.2700000000002,5.0,7.0,2.0,False,False
2222,13,1112.1299999999999,13.5,23.8,8.75,False,False
2223,97,1247.76,1.0,4.0,2.0,False,False
2224,32,1207.22,7.0,11.0,4.0,False,False
2225,28,987.6599999999997,7.0,15.200000000000006,8.0,False,False
2226,141,2442.3999999999996,1.0,3.0,1.0,True,False
2227,65,2291.5499999999997,2.0,5.700000000000003,4.0,True,False
2228,61,1816.3799999999999,3.0,6.100000000000001,4.0,False,False
2229,9,143.26999999999998,19.5,42.4,26.75,False,False
2230,13,407.8,8.0,33.5,19.25,False,False
2231,30,1435.7099999999998,6.0,15.2,8.0,False,False
2232,8,389.55999999999995,24.0,46.4,23.0,False,False
2233,95,2895.82,2.0,4.0,2.0,True,False
2234,54,2492.59,4.0,7.0,3.0,True,False
2235,26,1278.72,5.0,24.400000000000006,7.0,False,False
2236,90,1420.1699999999998,2.0,5.200000000000003,2.0,False,False
2237,44,1392.99,4.0,9.0,5.0,False,False
2238,40,602.65,2.0,11.200000000000003,5.0,False,False
2240,46,1826.1999999999998,4.0,9.0,4.0,False,False
2241,12,223.85000000000002,21.0,32.0,14.5,False,False
2242,37,284.83000000000004,2.0,15.5,6.5,False,False
2243,9,821.6800000000001,23.0,49.49999999999999,20.25,False,False
2244,72,1904.12,2.0,6.0,4.0,False,False
2245,43,1465.01,4.5,10.0,6.0,False,False
2247,20,1760.4899999999998,10.0,29.2,10.5,False,False
2250,21,726.24,11.0,18.1,7.0,False,False
2252,39,1904.04,6.0,12.0,3.75,False,False
2254,19,586.7,10.5,22.900000000000002,8.75,False,False
2257,25,207.72000000000003,7.0,19.499999999999996,8.0,False,False
2258,13,325.63,14.5,29.6,20.0,False,False
2260,37,2592.3599999999997,6.0,9.5,4.5,True,False
2261,79,4188.3099999999995,2.0,6.0,3.0,True,False
2262,54,492.99000000000007,3.0,9.0,4.0,False,False
2263,121,1893.28,1.0,4.0,1.0,False,False
2264,108,7187.66,2.0,4.0,2.0,True,False
2266,32,2556.84,5.0,16.0,6.0,True,False
2267,15,517.9300000000001,14.0,30.800000000000004,17.25,False,False
2268,11,321.09000000000003,11.5,31.19999999999999,14.0,False,False
2269,65,1143.8999999999999,3.0,7.700000000000003,3.0,False,False
2270,88,1908.04,2.0,5.0,3.0,False,False
2271,17,134.82999999999998,14.0,26.5,9.75,False,False
2273,20,769.5799999999999,8.0,22.4,10.5,False,False
2274,16,1607.44,9.0,21.4,6.5,False,False
2275,26,404.43,8.0,20.200000000000003,8.0,False,False
2276,10,253.42999999999995,10.0,71.4,11.0,False,False
2277,49,2044.3700000000001,3.0,8.0,2.0,True,False
2278,17,533.1200000000001,10.5,32.5,17.0,False,False
2279,11,183.94,12.5,39.49999999999997,20.5,False,False
2280,47,3870.35,4.5,9.0,4.0,True,False
2281,9,324.89000000000004,13.0,64.89999999999998,14.25,False,False
2282,27,376.52,6.0,17.0,9.5,False,False
2284,87,6773.17,2.0,4.5,2.0,True,False
2285,14,294.38,8.0,35.2,20.0,False,False
2286,11,523.52,18.0,35.0,8.5,False,False
2287,9,193.61,8.0,41.59999999999999,9.5,False,False
2288,56,1060.33,2.0,7.0,4.0,False,False
2289,28,759.5000000000001,7.0,18.60000000000001,5.0,False,False
2290,14,183.97,12.0,22.200000000000003,14.0,False,False
2291,10,39.769999999999996,2.0,41.20000000000002,2.0,False,False
2293,10,444.44,11.0,54.400000000000006,15.0,False,False
2294,62,5579.78,2.0,9.0,3.0,True,False
2295,28,3308.5599999999995,7.0,15.800000000000004,5.5,True,False
2296,73,5007.92,2.0,6.0,2.0,True,False
2297,9,150.34000000000003,13.0,68.29999999999998,40.25,False,False
2298,27,933.15,6.0,14.0,4.0,False,False
2299,28,902.1999999999999,6.0,14.800000000000004,8.5,False,False
2300,40,1317.6999999999998,5.0,12.200000000000003,4.5,False,False
2301,48,2087.91,3.0,8.0,4.0,True,False
2302,31,851.31,6.0,18.1,5.0,False,False
2303,22,789.7400000000001,6.0,21.0,7.0,False,False
2304,48,173.21,2.0,7.0,3.0,False,False
2305,41,2110.23,5.0,9.100000000000001,4.0,True,False
2307,54,2032.1200000000001,4.0,7.0,4.0,True,False
2310,19,546.36,9.0,26.400000000000006,11.5,False,False
2311,26,775.24,7.0,17.60000000000001,5.0,False,False
2312,123,5997.650000000001,2.0,4.0,1.75,True,False
2314,32,2108.2,6.0,16.0,5.0,True,False
2316,12,436.24000000000007,10.0,24.0,15.0,False,False
2317,33,3678.9599999999996,5.0,15.600000000000009,4.25,True,False
2318,115,6078.060000000001,1.0,4.0,1.75,True,False
2319,11,105.4,3.5,69.79999999999998,4.5,False,False
2322,86,9297.810000000001,3.0,5.0,2.0,True,False
2324,39,513.52,5.0,14.0,4.0,False,False
2327,12,617.0000000000001,13.0,29.0,16.0,False,False
2328,54,5095.07,3.0,8.0,3.0,True,False
2329,52,1732.2299999999998,4.0,8.0,3.0,False,False
2330,21,1704.1400000000003,7.0,24.1,9.25,False,False
2331,21,1687.64,10.0,19.500000000000007,12.5,False,False
2334,118,4456.4800000000005,2.0,4.0,1.0,True,False
2336,24,1038.05,7.0,19.400000000000002,9.5,False,False
2337,209,5749.0,1.0,1.0,0.0,True,False
2338,16,522.09,8.0,28.6,19.0,False,False
2340,30,579.4200000000001,5.0,14.999999999999996,7.0,False,False
2341,89,2129.0299999999997,2.0,5.299999999999997,2.0,True,False
2342,35,1272.42,5.0,12.0,7.5,False,False
2343,72,1655.7,3.0,6.0,3.5,False,False
2344,23,1203.05,6.0,20.0,9.75,False,False
2345,34,1468.81,5.0,19.600000000000005,6.0,False,False
2346,9,360.42,13.5,29.699999999999992,4.75,False,False
2347,10,182.13,20.0,44.4,25.0,False,False
2348,22,140.68000000000004,1.0,5.0,1.0,False,False
2349,18,523.94,5.0,39.400000000000006,7.0,False,False
2350,19,879.97,8.5,21.0,8.5,False,False
2351,87,5038.4400000000005,3.0,4.0,1.0,True,False
2354,25,1410.63,7.0,23.099999999999998,6.0,False,False
2356,40,794.48,4.0,15.400000000000006,5.5,False,False
2357,9,81.64000000000001,10.0,62.29999999999999,13.75,False,False
2358,30,917.3600000000001,5.0,18.0,7.0,False,False
2359,50,1308.0499999999997,3.0,12.400000000000006,3.0,False,False
2360,108,3051.85,2.0,4.0,2.0,True,False
2361,30,1592.95,6.0,15.399999999999999,7.0,False,False
2362,14,160.82000000000002,6.0,31.800000000000004,12.0,False,False
2363,11,255.95000000000002,16.5,42.89999999999999,24.5,False,False
2364,40,2978.48,5.0,10.0,4.0,True,False
2366,45,1729.5800000000002,4.0,9.700000000000003,4.0,False,False
2367,49,2522.64,3.0,9.0,3.0,True,False
2369,15,474.71000000000015,7.0,30.500000000000007,15.5,False,False
2370,47,1569.17,4.0,9.0,3.75,False,False
2371,31,973.34,5.0,14.900000000000013,6.75,False,False
2372,19,938.6200000000001,11.5,17.800000000000004,8.25,False,False
2373,36,820.35,6.0,13.200000000000003,6.5,False,False
2374,29,2058.0200000000004,6.5,15.0,5.25,True,False
2375,15,557.9300000000001,3.5,13.0,7.25,False,False
2376,33,723.5,6.0,15.700000000000006,6.5,False,False
2377,17,273.59,10.0,25.0,5.5,False,False
2378,38,1499.0200000000002,3.0,13.399999999999999,6.0,False,False
2379,27,431.2800000000001,6.5,19.0,4.75,False,False
2380,33,683.5499999999998,4.0,7.900000000000002,3.25,False,False
2381,37,750.02,5.0,9.5,4.0,False,False
2382,12,194.0,17.0,35.0,17.0,False,False
2385,67,1639.2699999999998,1.0,5.0,1.0,False,False
2386,24,398.8,8.0,18.400000000000002,8.0,False,False
2388,17,890.6900000000002,11.5,30.0,11.5,False,False
2389,16,681.8899999999999,10.0,24.6,13.5,False,False
2390,21,410.41999999999996,8.0,24.300000000000004,12.75,False,False
2391,11,115.30999999999999,11.5,22.4,13.25,False,False
2393,15,889.7100000000002,9.0,35.800000000000026,10.25,False,False
2394,22,265.09000000000003,8.0,23.0,10.0,False,False
2395,72,2168.12,3.0,7.0,3.5,True,False
2396,10,292.86999999999995,24.0,37.2,11.0,False,False
2398,24,726.11,6.0,14.400000000000002,4.5,False,False
2400,41,3209.6800000000003,4.0,12.0,6.25,True,False
2401,13,103.47,11.0,34.7,25.0,False,False
2405,29,748.28,6.0,16.100000000000005,4.25,False,False
2406,33,1234.49,5.0,14.900000000000002,6.25,False,False
2407,44,1525.1700000000003,4.0,8.800000000000004,4.0,False,False
2408,9,667.52,13.5,58.099999999999994,32.75,False,False
2410,21,706.9600000000002,9.0,17.70000000000001,8.5,False,False
2411,37,1149.86,4.0,12.0,4.0,False,False
2412,92,4760.68,2.0,4.0,2.0,True,False
2415,80,1294.25,2.0,7.0,3.0,False,False
2416,33,1290.8500000000001,5.0,12.0,7.25,False,False
2418,25,408.00000000000006,5.0,20.7,11.0,False,False
2419,34,629.12,6.0,14.600000000000001,7.0,False,False
2420,31,1283.26,6.0,15.100000000000001,4.0,False,False
2421,25,3161.76,8.0,15.499999999999996,3.25,True,False
2423,17,1122.04,14.0,24.0,8.75,False,False
2424,39,1498.08,5.0,13.300000000000004,6.75,False,False
2425,45,2070.49,4.5,9.700000000000003,5.0,True,False
2426,32,828.5999999999999,7.0,12.0,2.0,False,False
2427,66,2206.76,3.0,6.600000000000001,2.0,True,False
2429,22,615.6300000000001,7.0,19.0,8.0,False,False
2430,23,814.25,7.0,15.800000000000004,7.5,False,False
2431,16,361.11,7.0,22.799999999999997,13.0,False,False
2432,52,1694.69,3.0,10.0,3.0,False,False
2433,10,217.8,8.0,54.60000000000001,36.0,False,False
2434,8,215.73999999999998,17.0,42.6,18.0,False,False
2436,8,823.2500000000001,24.0,53.400000000000006,30.0,False,False
2437,28,1965.3900000000003,6.0,18.400000000000013,7.5,True,False
2438,47,678.2099999999999,3.0,13.0,5.0,False,False
2439,37,363.09,5.0,11.5,7.25,False,False
2440,32,515.8299999999999,5.0,13.0,7.0,False,False
2441,30,361.74,6.0,15.0,6.0,False,False
2442,10,189.28,7.0,45.600000000000016,18.0,False,False
2443,66,1926.7199999999998,3.0,7.0,3.0,False,True
2445,56,2159.86,3.0,9.600000000000001,3.0,True,False
2446,47,1878.07,4.5,8.5,4.0,False,False
2447,62,4441.26,2.0,7.0,3.0,True,False
2448,54,3406.7799999999997,4.0,7.800000000000004,4.0,True,False
2449,92,4288.21,2.0,5.0,2.0,True,False
2450,29,1284.9599999999998,3.0,17.3,9.0,False,False
2451,51,2328.8299999999995,4.0,8.100000000000001,4.0,True,False
2452,40,884.6899999999999,5.0,12.200000000000003,4.5,False,False
2453,37,1887.22,5.0,12.5,5.0,False,False
2455,28,1295.82,8.0,14.400000000000002,7.5,False,False
2456,27,493.7099999999999,6.0,16.0,7.75,False,False
2457,32,541.3700000000001,5.0,14.0,6.0,False,False
2458,19,428.3399999999999,7.5,21.3,11.75,False,False
2459,199,8852.98,1.0,2.0,0.0,True,False
2462,61,4029.2400000000007,3.0,7.0,4.0,True,False
2464,16,379.6600000000001,10.0,36.4,15.0,False,False
2465,46,664.19,4.0,10.600000000000001,5.0,False,False
2466,32,675.0799999999999,6.0,16.0,6.0,False,False
2467,110,4211.7699999999995,2.0,4.0,2.0,True,False
2468,24,815.98,5.0,16.8,5.0,False,False
2469,12,191.69,15.0,46.0,26.5,False,False
2470,38,340.64,5.0,11.199999999999996,6.0,False,False
2471,11,375.31000000000006,15.0,40.2,20.5,False,False
2474,25,282.25000000000006,7.5,12.399999999999999,3.25,False,False
2475,42,1762.5,3.0,12.0,5.0,False,False
2477,10,427.96,15.0,60.0,21.0,False,False
2478,53,1432.37,3.0,9.0,4.0,False,False
2479,43,5366.03,5.5,8.899999999999999,3.75,True,False
2481,43,1728.63,4.0,9.799999999999997,4.0,False,False
2482,25,1079.51,6.0,16.7,9.0,False,False
2484,40,2340.62,5.0,12.200000000000003,4.5,True,False
2485,37,893.8999999999999,3.0,11.5,5.25,False,False
2486,9,561.04,21.0,30.099999999999998,13.5,False,False
2487,8,127.59,11.0,29.000000000000004,12.0,False,False
2488,34,1852.9700000000003,5.0,10.0,5.0,False,False
2489,40,3496.76,5.0,13.600000000000009,5.5,True,False
2490,10,238.70000000000002,20.0,36.800000000000004,16.0,False,False
2491,28,676.0400000000001,3.0,20.00000000000001,8.0,False,False
2492,26,479.90999999999997,6.0,13.800000000000004,8.0,False,False
2493,55,1529.22,3.0,10.0,3.75,False,True
2494,9,852.6600000000001,13.0,58.799999999999976,9.25,False,False
2496,16,1574.34,15.0,25.4,8.5,False,False
2497,75,2825.6500000000005,3.0,6.0,2.75,True,False
2498,49,732.11,2.0,8.700000000000038,2.0,False,False
2499,26,471.96,7.0,18.200000000000003,6.0,False,False
2500,24,1434.0199999999998,8.0,23.400000000000002,10.5,False,False
