household_key,alert_day,window_end,returned_after_alert,churned,high_value,campaign_in_window,redeemed_in_window,home_store,alert_week,end_week,promo_in_window
2,360,415,True,False,False,False,False,401,52,60,True
3,349,360,True,False,False,False,False,401,50,52,True
4,405,421,True,False,False,True,False,298,58,61,True
5,363,418,True,False,False,False,False,374,52,60,True
6,427,428,True,False,True,True,False,421,61,62,True
7,354,367,True,False,False,False,False,359,51,53,False
8,380,383,True,False,False,True,False,321,55,55,True
13,405,406,True,False,True,True,False,323,58,58,True
14,421,422,True,False,False,False,False,441,61,61,True
16,447,524,True,False,False,True,False,3316,64,75,False
17,368,372,True,False,False,True,False,361,53,54,True
18,366,368,True,False,True,False,False,414,53,53,True
19,364,367,True,False,True,False,False,422,52,53,True
23,373,374,True,False,False,False,False,319,54,54,True
24,349,354,True,False,False,False,False,363,50,51,True
25,349,354,True,False,False,True,False,298,50,51,True
26,349,351,True,False,False,False,False,313,50,51,True
27,382,383,True,False,False,False,False,359,55,55,True
28,359,362,True,False,False,False,False,321,52,52,True
29,353,357,True,False,False,True,False,345,51,51,True
32,371,388,True,False,False,False,False,32004,53,56,True
33,365,402,True,False,False,False,False,313,53,58,True
34,349,368,True,False,False,False,False,295,50,53,False
35,386,421,True,False,False,False,False,309,56,61,True
36,349,357,True,False,False,False,False,320,50,51,True
37,361,375,True,False,False,False,False,381,52,54,True
38,385,418,True,True,False,False,False,438,55,60,True
39,349,352,True,False,False,True,False,333,50,51,True
40,434,445,True,False,True,True,False,406,62,64,True
41,396,397,True,False,False,False,False,330,57,57,True
42,528,541,True,False,False,True,False,380,76,78,True
43,378,379,True,False,False,True,False,345,54,55,True
45,351,355,True,False,False,False,False,300,51,51,True
46,379,382,True,False,True,False,False,333,55,55,True
47,357,367,True,False,False,False,False,445,51,53,True
48,374,415,True,False,False,False,False,370,54,60,False
49,364,367,True,False,False,False,False,356,52,53,True
51,360,362,True,False,False,True,False,293,52,52,True
52,402,404,True,False,False,True,False,401,58,58,True
53,367,377,True,False,False,False,False,367,53,54,True
55,413,417,True,False,False,True,False,362,59,60,True
56,502,503,True,False,True,False,False,439,72,72,True
57,349,353,True,False,False,False,False,298,50,51,True
58,353,354,True,False,True,False,False,375,51,51,True
59,349,362,True,False,False,False,False,352,50,52,True
63,359,382,True,False,False,False,False,311,52,55,True
64,380,381,True,False,False,False,False,340,55,55,True
65,357,366,True,False,False,False,False,31862,51,53,True
66,349,397,True,False,False,False,False,441,50,57,True
67,352,357,True,False,True,False,False,391,51,51,True
68,361,362,True,False,False,True,False,32004,52,52,True
69,388,396,True,False,True,False,False,297,56,57,True
70,358,361,True,False,False,False,False,380,52,52,False
71,373,376,True,False,False,False,False,311,54,54,True
72,438,439,True,False,True,False,False,31862,63,63,True
73,365,370,True,False,False,False,False,367,53,53,True
74,478,479,True,False,False,False,False,299,69,69,True
75,399,424,True,False,False,False,False,244,57,61,False
77,429,437,True,False,False,False,False,346,62,63,True
78,370,371,True,False,False,False,False,410,53,53,True
79,383,385,True,False,False,False,False,406,55,55,True
80,492,495,True,False,False,False,False,421,71,71,True
81,369,370,True,False,True,False,False,381,53,53,True
82,465,469,True,False,False,False,False,424,67,67,True
83,368,377,True,False,False,False,False,381,53,54,True
84,399,420,True,False,False,False,False,358,57,60,True
85,410,411,True,False,False,False,False,362,59,59,True
86,374,425,True,False,False,True,False,448,54,61,True
88,373,377,True,False,True,True,False,404,54,54,True
92,412,476,True,False,False,True,False,374,59,68,True
93,435,438,True,True,False,True,True,32004,63,63,True
95,397,399,True,False,False,False,False,298,57,57,True
96,358,370,True,True,False,True,False,445,52,53,True
97,351,356,True,False,False,False,False,364,51,51,True
98,384,396,True,False,False,True,False,337,55,57,True
99,379,380,True,False,True,False,False,31782,55,55,True
101,381,386,True,False,False,False,False,441,55,56,True
103,349,374,True,False,False,False,False,370,50,54,True
104,414,415,True,False,False,False,False,421,60,60,True
105,416,430,True,False,False,True,False,403,60,62,True
107,349,355,True,False,False,False,False,329,50,51,True
108,360,367,True,False,False,False,False,313,52,53,True
109,431,439,True,False,False,True,False,374,62,63,True
110,352,367,True,False,False,False,False,372,51,53,True
111,364,372,True,False,False,False,False,289,52,54,True
113,460,464,True,False,True,True,False,375,66,67,True
114,349,351,True,False,False,False,False,31401,50,51,True
115,418,421,True,False,True,True,True,329,60,61,True
116,349,350,True,False,False,False,False,389,50,50,False
117,420,426,True,False,False,True,True,286,60,61,True
119,357,358,True,False,False,False,False,396,51,52,True
121,351,353,True,False,False,False,False,292,51,51,True
122,349,374,True,False,False,True,False,330,50,54,True
123,382,383,True,False,False,False,False,289,55,55,True
124,384,391,True,False,False,False,False,443,55,56,True
125,382,383,True,False,True,True,False,323,55,55,True
126,349,390,True,False,False,False,False,441,50,56,True
127,367,373,True,False,False,False,False,31401,53,54,True
131,390,393,True,False,True,False,False,333,56,57,True
132,383,384,True,False,False,False,False,363,55,55,True
133,422,431,True,False,False,True,False,391,61,62,True
134,377,384,True,False,False,False,False,427,54,55,True
135,364,368,True,False,False,False,False,424,52,53,True
136,349,367,True,False,False,False,False,300,50,53,True
137,368,387,True,False,False,False,False,422,53,56,True
138,362,371,True,False,False,False,False,304,52,53,True
140,349,361,True,False,False,True,False,295,50,52,True
141,363,368,True,False,False,False,False,313,52,53,True
142,353,354,True,False,False,True,False,436,51,51,True
143,376,377,True,False,True,False,False,324,54,54,True
144,357,361,True,False,False,False,False,313,51,52,True
145,434,449,True,False,False,False,False,356,62,65,True
146,361,368,True,False,False,False,False,360,52,53,True
147,367,368,True,False,False,False,False,341,53,53,True
148,372,434,True,False,False,False,False,381,54,62,True
149,349,378,True,False,True,True,False,327,50,54,True
151,377,542,True,False,False,True,False,380,54,78,True
152,374,375,True,False,False,False,False,343,54,54,True
153,410,420,True,False,False,False,False,297,59,60,True
154,349,351,True,False,False,False,False,313,50,51,True
155,407,409,True,False,False,False,False,402,59,59,True
156,372,373,True,False,True,False,False,361,54,54,True
157,351,357,True,False,False,False,False,446,51,51,True
158,362,366,True,False,False,False,False,292,52,53,True
159,349,351,True,False,False,False,False,313,50,51,True
160,349,354,True,False,False,False,False,380,50,51,True
161,349,372,True,False,False,False,False,319,50,54,True
162,373,375,True,False,False,False,False,447,54,54,True
164,369,376,True,False,False,False,False,404,53,54,True
165,349,352,True,False,False,True,False,321,50,51,True
166,350,357,True,False,False,False,False,447,50,51,True
168,382,398,True,False,False,False,False,402,55,57,True
169,349,442,True,False,False,False,False,363,50,64,True
170,375,406,True,False,False,False,False,391,54,58,True
171,359,395,True,False,False,False,False,389,52,57,True
172,362,389,True,False,False,False,False,372,52,56,True
174,349,385,True,False,False,False,False,31642,50,55,True
176,349,362,True,False,False,False,False,31642,50,52,True
179,454,487,True,True,False,True,False,354,65,70,True
180,355,381,True,False,False,False,False,334,51,55,True
181,349,421,True,False,False,True,False,327,50,61,True
183,425,433,True,False,False,True,False,289,61,62,True
184,371,372,True,False,True,True,False,410,53,54,True
185,360,367,True,False,False,False,False,335,52,53,True
187,349,359,True,False,False,True,False,443,50,52,True
188,349,352,True,False,False,False,False,313,50,51,True
189,349,351,True,False,False,False,False,31782,50,51,True
190,360,412,True,False,False,False,False,315,52,59,True
192,353,354,True,False,False,False,False,321,51,51,True
193,353,354,True,False,False,True,False,310,51,51,True
194,349,356,True,False,False,False,False,313,50,51,True
195,383,388,True,False,False,False,False,384,55,56,True
196,352,353,True,False,True,False,False,346,51,51,True
197,349,352,True,False,False,False,False,32004,50,51,True
198,353,354,True,False,True,False,False,420,51,51,True
199,349,356,True,False,False,False,False,363,50,51,False
202,364,437,True,False,False,False,False,345,52,63,True
203,349,382,True,False,False,False,False,323,50,55,True
204,353,384,True,False,False,False,False,429,51,55,True
205,478,482,True,False,False,False,False,367,69,69,False
208,545,548,True,False,False,True,False,327,78,79,True
209,396,397,True,False,True,False,False,422,57,57,True
210,360,362,True,False,False,True,False,389,52,52,True
211,358,378,True,False,False,False,False,424,52,54,True
212,375,383,True,False,False,False,False,288,54,55,True
215,371,372,True,False,False,False,False,322,53,54,True
216,349,356,True,False,False,False,False,427,50,51,True
217,384,397,True,False,False,False,False,406,55,57,True
218,401,403,True,False,True,False,False,321,58,58,True
219,396,402,True,False,True,False,False,355,57,58,True
220,376,379,True,False,False,False,False,382,54,55,True
222,377,382,True,False,True,False,False,304,54,55,True
223,360,368,True,False,False,False,False,445,52,53,True
224,350,456,True,False,False,False,False,286,50,66,True
225,363,399,True,False,False,False,False,31642,52,57,True
226,353,373,True,False,False,False,False,422,51,54,True
227,361,362,True,False,False,False,False,298,52,52,True
228,349,363,True,False,False,False,False,375,50,52,True
230,400,401,True,False,False,False,False,31401,58,58,True
232,358,361,True,False,True,False,False,361,52,52,True
234,349,469,True,False,False,False,False,335,50,67,True
235,349,351,True,False,True,True,False,315,50,51,True
236,354,412,True,False,False,False,False,306,51,59,True
238,354,389,True,False,False,False,False,361,51,56,True
240,349,434,True,False,False,False,False,354,50,62,True
242,349,384,True,False,True,False,False,400,50,55,True
243,480,481,True,False,True,False,False,323,69,69,True
244,349,351,True,False,False,False,False,310,50,51,True
245,381,382,True,False,False,False,False,408,55,55,True
246,358,371,True,False,False,False,False,335,52,53,True
248,397,423,True,False,True,False,False,569,57,61,False
249,349,351,True,False,False,False,False,289,50,51,True
251,349,361,True,False,False,False,False,296,50,52,True
253,368,371,True,False,True,False,False,441,53,53,True
254,491,507,True,False,False,False,False,422,71,73,True
256,379,382,True,False,True,False,False,424,55,55,True
257,370,379,True,False,False,False,False,445,53,55,True
258,406,409,True,False,False,False,False,293,58,59,True
260,411,423,True,False,False,False,False,359,59,61,True
261,349,454,True,False,False,False,False,323,50,65,True
262,350,352,True,False,True,False,False,443,50,51,True
263,446,447,True,False,True,True,False,319,64,64,True
264,349,381,True,False,False,False,False,443,50,55,True
265,349,354,True,False,False,False,False,424,50,51,True
266,349,361,True,False,False,False,False,367,50,52,True
269,351,360,True,False,False,False,False,299,51,52,True
271,349,350,True,False,False,False,False,329,50,50,False
273,351,359,True,False,False,False,False,338,51,52,True
275,505,508,True,False,False,True,False,313,73,73,True
276,433,434,True,False,False,True,False,433,62,62,True
278,425,429,True,False,False,True,False,288,61,62,True
279,368,377,True,False,False,False,False,310,53,54,True
280,469,480,True,False,False,False,False,370,67,69,True
281,455,463,True,False,False,True,False,429,65,67,True
282,382,384,True,False,False,False,False,367,55,55,True
283,353,380,True,False,False,False,False,443,51,55,True
284,368,390,True,False,False,False,False,388,53,56,True
285,359,361,True,False,False,False,False,289,52,52,True
286,467,468,True,False,False,False,False,445,67,67,False
287,392,397,True,False,False,True,False,450,56,57,True
288,387,388,True,False,False,False,False,432,56,56,True
289,359,364,True,False,False,False,False,429,52,52,True
290,512,513,True,False,False,True,False,367,74,74,True
292,362,363,True,False,False,False,False,445,52,52,True
293,535,541,True,False,False,True,False,334,77,78,True
294,352,353,True,False,False,True,False,420,51,51,True
297,349,373,True,False,False,False,False,421,50,54,True
300,356,372,True,False,True,True,False,424,51,54,True
302,359,360,True,False,False,False,False,389,52,52,True
303,374,383,True,False,False,False,False,343,54,55,True
304,350,353,True,False,True,True,False,322,50,51,True
305,349,352,True,False,False,True,False,319,50,51,True
306,517,518,True,False,False,True,False,382,74,74,True
307,538,539,True,False,False,True,False,450,77,77,True
308,367,370,True,False,False,False,False,367,53,53,True
309,471,488,True,False,False,False,False,367,68,70,True
311,464,480,True,False,False,False,False,321,67,69,True
312,460,461,True,False,False,True,False,402,66,66,True
317,378,389,True,False,True,False,False,356,54,56,True
318,423,424,True,False,False,False,False,360,61,61,True
319,389,393,True,False,False,False,False,408,56,57,True
321,383,387,True,False,True,True,False,450,55,56,True
322,349,350,True,False,False,False,False,421,50,50,True
324,369,372,True,False,True,True,False,367,53,54,True
325,361,362,True,False,False,False,False,427,52,52,True
327,349,404,True,False,False,False,False,297,50,58,True
328,494,496,True,False,True,True,False,361,71,71,True
331,399,401,True,False,False,False,False,404,57,58,True
332,412,419,True,False,False,True,False,356,59,60,True
333,349,357,True,False,False,False,False,318,50,51,True
334,359,360,True,False,False,False,False,359,52,52,True
335,500,516,True,False,False,False,False,450,72,74,True
336,349,354,True,False,False,False,False,343,50,51,True
337,355,356,True,False,False,False,False,341,51,51,True
338,395,401,True,False,False,False,False,340,57,58,True
339,401,406,True,False,False,True,False,288,58,58,True
340,393,447,True,False,False,False,False,403,57,64,True
341,349,418,True,False,False,False,False,298,50,60,True
342,381,442,True,False,False,True,False,313,55,64,True
343,477,502,True,False,False,False,False,32004,69,72,True
344,349,356,True,False,False,False,False,433,50,51,True
345,403,404,True,False,False,True,False,396,58,58,True
346,523,525,True,False,False,True,False,354,75,75,True
349,349,431,True,False,False,False,False,324,50,62,True
350,358,368,True,False,False,True,False,363,52,53,True
351,379,385,True,False,True,True,False,311,55,55,True
353,349,363,True,False,False,False,False,333,50,52,True
354,354,357,True,False,True,False,False,346,51,51,True
356,349,353,True,False,False,False,False,382,50,51,True
358,382,387,True,False,True,False,False,439,55,56,True
360,365,426,True,False,False,False,False,337,53,61,True
361,386,388,True,False,True,True,False,443,56,56,True
364,355,359,True,False,False,True,False,404,51,52,True
365,375,380,True,False,True,True,False,381,54,55,True
366,379,383,True,False,False,False,False,310,55,55,True
368,349,351,True,False,False,True,False,445,50,51,True
369,385,389,True,False,False,False,False,360,55,56,True
370,349,382,True,True,False,False,False,329,50,55,True
371,382,384,True,False,True,False,False,427,55,55,True
374,362,363,True,False,True,True,False,361,52,52,True
376,391,392,True,False,True,False,False,298,56,56,True
377,356,359,True,False,False,False,False,403,51,52,True
378,456,458,True,False,True,True,True,299,66,66,True
380,366,367,True,False,True,False,False,427,53,53,True
381,349,354,True,False,False,True,False,32004,50,51,True
382,407,504,True,False,False,False,False,372,59,72,False
383,548,549,True,False,True,True,False,31782,79,79,True
384,349,389,True,False,False,False,False,329,50,56,True
385,450,533,True,False,False,False,False,384,65,77,True
386,349,360,True,False,False,False,False,424,50,52,True
387,364,367,True,False,True,False,False,367,52,53,True
388,378,383,True,False,False,False,False,427,54,55,True
389,392,393,True,False,True,False,False,406,56,57,True
390,363,375,True,False,False,False,False,447,52,54,True
393,391,392,True,False,False,False,False,427,56,56,True
394,381,385,True,False,False,False,False,31782,55,55,True
395,365,366,True,False,False,False,False,289,53,53,True
396,398,408,True,False,False,True,False,368,57,59,True
397,370,371,True,False,True,False,False,367,53,53,True
398,372,379,True,False,False,False,False,406,54,55,True
400,381,382,True,False,True,False,False,388,55,55,True
401,349,358,True,False,False,False,False,367,50,52,True
402,442,444,True,False,False,True,False,429,64,64,True
403,349,375,True,False,False,False,False,402,50,54,True
404,471,474,True,False,False,False,False,396,68,68,True
405,349,355,True,False,False,True,False,361,50,51,True
407,349,409,True,False,False,False,False,438,50,59,True
408,469,482,True,False,False,True,False,31782,67,69,True
409,371,373,True,False,False,True,False,367,53,54,True
410,368,371,True,False,False,False,False,370,53,53,True
411,361,380,True,False,True,False,False,382,52,55,True
412,378,380,True,False,False,False,False,313,54,55,True
413,456,459,True,False,False,True,False,448,66,66,True
414,378,383,True,False,False,False,False,310,54,55,True
416,349,353,True,False,False,False,False,400,50,51,True
417,350,361,True,False,False,False,False,421,50,52,True
418,349,355,True,False,False,False,False,384,50,51,True
419,349,355,True,False,False,False,False,324,50,51,True
420,351,368,True,False,False,True,False,32004,51,53,True
421,349,351,True,False,True,False,False,329,50,51,True
425,424,425,True,False,True,True,False,288,61,61,True
426,411,413,True,False,True,True,False,406,59,59,True
427,364,380,True,False,False,False,False,445,52,55,False
428,350,352,True,False,False,False,False,443,50,51,True
429,405,457,True,False,False,False,False,439,58,66,True
430,349,386,True,False,False,False,False,433,50,56,True
431,408,437,True,False,False,False,False,447,59,63,True
432,392,393,True,False,False,False,False,354,56,57,True
433,349,351,True,False,False,False,False,445,50,51,True
434,542,543,True,False,False,True,False,381,78,78,True
435,402,411,True,False,False,False,False,3333,58,59,False
436,385,397,True,False,False,False,False,420,55,57,True
437,355,359,True,False,True,True,False,361,51,52,True
439,349,350,True,False,False,False,False,340,50,50,True
441,439,447,True,False,False,False,False,315,63,64,True
442,402,406,True,False,False,False,False,365,58,58,True
443,357,358,True,False,False,False,False,424,51,52,True
444,349,351,True,False,False,False,False,427,50,51,False
445,356,358,True,False,False,False,False,293,51,52,True
446,503,504,True,False,False,False,False,293,72,72,True
447,375,432,True,False,False,True,False,286,54,62,True
448,365,392,True,False,False,False,False,304,53,56,True
449,349,373,True,False,False,False,False,31642,50,54,True
450,380,381,True,False,False,False,False,400,55,55,True
451,398,401,True,False,False,False,False,414,57,58,True
453,349,351,True,False,False,False,False,369,50,51,False
454,374,377,True,False,True,True,False,295,54,54,True
456,374,375,True,False,True,True,False,438,54,54,True
457,350,356,True,False,False,False,False,292,50,51,True
458,527,547,True,False,False,True,False,310,76,79,True
460,350,353,True,False,False,False,False,309,50,51,True
461,349,376,True,False,False,False,False,370,50,54,True
462,461,477,True,False,False,False,False,304,66,69,True
463,354,357,True,False,False,False,False,361,51,51,True
464,395,398,True,False,False,True,False,306,57,57,True
465,349,369,True,False,False,False,False,318,50,53,False
467,408,409,True,False,False,True,False,296,59,59,True
468,368,369,True,False,False,False,False,338,53,53,True
469,388,390,True,False,True,False,False,368,56,56,True
470,542,544,True,False,False,True,False,388,78,78,False
471,423,429,True,False,False,False,False,420,61,62,True
472,382,389,True,False,True,False,False,389,55,56,True
475,349,355,True,False,False,False,False,31642,50,51,True
477,349,378,True,False,False,False,False,335,50,54,True
478,400,421,True,False,False,False,False,313,58,61,True
479,349,368,True,False,False,False,False,320,50,53,True
480,373,375,True,False,False,False,False,433,54,54,True
481,349,350,True,False,False,True,False,32004,50,50,True
482,349,358,True,False,False,False,False,381,50,52,True
483,506,508,True,False,False,True,False,31782,73,73,True
484,375,381,True,False,False,False,False,424,54,55,True
485,386,395,True,False,False,False,False,330,56,57,True
486,370,375,True,False,False,False,False,3217,53,54,False
489,357,358,True,False,False,False,False,367,51,52,True
490,390,398,True,False,False,False,False,427,56,57,True
491,447,459,True,False,False,True,False,375,64,66,True
493,353,365,True,False,False,False,False,422,51,53,True
495,447,450,True,False,False,False,False,420,64,65,True
497,349,378,True,False,False,False,False,299,50,54,True
499,349,536,True,True,False,False,False,299,50,77,True
502,351,358,True,False,False,False,False,381,51,52,True
503,360,365,True,False,False,False,False,358,52,53,True
507,362,374,True,False,False,False,False,432,52,54,True
508,349,364,True,False,False,False,False,421,50,52,True
510,356,358,True,False,True,False,False,31862,51,52,True
511,358,359,True,False,False,True,False,316,52,52,True
512,349,660,True,False,False,False,False,354,50,95,True
513,381,382,True,False,True,True,False,447,55,55,True
514,473,476,True,False,False,False,False,334,68,68,True
515,395,408,True,False,False,False,False,400,57,59,True
517,360,365,True,False,False,False,False,367,52,53,True
519,380,383,True,False,False,False,False,309,55,55,True
520,353,358,True,False,False,False,False,427,51,52,True
521,349,355,True,False,False,False,False,354,50,51,False
523,349,359,True,False,False,False,False,406,50,52,True
524,349,350,True,False,False,False,False,450,50,50,True
525,379,416,True,False,False,False,False,361,55,60,True
526,363,367,True,False,False,False,False,31782,52,53,True
529,412,430,True,False,False,False,False,298,59,62,True
530,361,384,True,False,False,False,False,363,52,55,True
531,363,388,True,False,False,False,False,306,52,56,True
532,349,433,True,False,False,False,False,32004,50,62,True
533,375,400,True,False,False,False,False,288,54,58,True
534,391,392,True,False,False,False,False,396,56,56,True
536,357,359,True,False,False,True,False,422,51,52,True
537,362,383,True,False,False,False,False,401,52,55,True
538,349,353,True,False,False,False,False,367,50,51,True
540,421,424,True,False,False,True,False,299,61,61,True
542,402,404,True,False,False,False,False,31582,58,58,True
544,373,375,True,False,False,False,False,381,54,54,True
545,350,358,True,False,False,False,False,346,50,52,True
546,364,366,True,False,False,False,False,327,52,53,True
547,393,394,True,False,False,False,False,295,57,57,True
548,350,355,True,False,True,False,False,381,50,51,True
549,354,419,True,False,False,False,False,352,51,60,True
550,349,365,True,False,False,False,False,330,50,53,True
551,385,390,True,False,False,False,False,443,55,56,True
552,478,487,True,False,False,False,False,298,69,70,True
553,357,359,True,False,True,False,False,447,51,52,True
554,469,508,True,False,False,False,False,356,67,73,True
555,349,389,True,False,False,False,False,31782,50,56,True
557,455,456,True,False,False,False,False,439,65,66,True
558,349,355,True,False,False,False,False,300,50,51,True
559,372,377,True,True,False,False,False,297,54,54,True
560,355,358,True,False,True,True,False,382,51,52,True
562,388,415,True,False,False,False,False,356,56,60,True
563,355,357,True,False,False,False,False,404,51,51,True
564,349,354,True,False,False,False,False,391,50,51,True
566,355,362,True,False,False,False,False,362,51,52,True
567,362,363,True,False,False,False,False,292,52,52,True
569,378,385,True,False,True,False,False,412,54,55,True
570,360,388,True,False,False,False,False,322,52,56,True
572,349,506,True,True,False,True,False,656,50,73,False
573,451,453,True,False,False,True,False,445,65,65,True
575,373,374,True,False,True,False,False,433,54,54,True
576,353,355,True,False,False,True,False,298,51,51,True
577,404,423,True,False,True,False,False,309,58,61,True
578,432,437,True,False,False,False,False,2538,62,63,False
579,349,372,True,False,False,False,False,333,50,54,False
580,467,476,True,False,False,False,False,359,67,68,False
582,349,357,True,False,True,False,False,439,50,51,True
583,396,401,True,False,False,True,False,427,57,58,True
584,352,363,True,True,False,False,False,323,51,52,True
585,360,398,True,False,False,False,False,306,52,57,True
586,369,374,True,False,False,False,False,335,53,54,True
587,354,413,True,False,False,False,False,324,51,59,True
588,360,361,True,False,True,True,False,388,52,52,True
590,349,425,True,False,False,False,False,296,50,61,True
591,373,375,True,False,True,False,False,391,54,54,True
592,349,350,True,False,False,False,False,404,50,50,True
594,372,422,True,False,False,True,False,427,54,61,True
595,375,378,True,False,False,True,False,352,54,54,True
596,362,364,True,False,False,False,False,297,52,52,True
597,359,362,True,False,False,False,False,381,52,52,True
598,379,385,True,False,False,True,False,360,55,55,True
600,371,377,True,False,False,False,False,315,53,54,True
601,389,393,True,False,False,False,False,32004,56,57,True
603,349,359,True,False,False,True,False,297,50,52,True
604,349,375,True,False,False,True,False,359,50,54,True
605,349,356,True,False,False,False,False,369,50,51,True
606,357,362,True,False,False,False,False,446,51,52,True
607,349,407,True,False,True,False,False,372,50,59,True
608,365,366,True,False,False,False,False,297,53,53,True
609,349,352,True,False,False,True,False,388,50,51,True
611,351,354,True,False,False,False,False,380,51,51,True
612,390,403,True,False,False,False,False,422,56,58,True
614,450,451,True,False,False,True,False,288,65,65,True
618,411,414,True,False,False,True,False,316,59,60,True
621,361,364,True,False,False,False,False,2962,52,52,False
622,350,351,True,False,False,False,False,298,50,51,True
623,402,403,True,False,True,True,False,381,58,58,True
624,349,367,True,False,False,True,False,370,50,53,True
625,365,377,True,False,False,False,False,319,53,54,True
627,349,451,True,False,False,False,False,414,50,65,True
629,369,387,True,False,False,False,False,358,53,56,True
630,391,394,True,False,False,False,False,306,56,57,True
631,404,408,True,False,True,False,False,389,58,59,True
632,381,390,True,False,False,False,False,422,55,56,True
633,349,352,True,False,True,False,False,321,50,51,True
634,402,469,True,True,False,True,False,442,58,67,True
635,349,438,True,False,False,True,False,31742,50,63,True
636,376,377,True,False,True,True,False,300,54,54,True
637,478,481,True,False,False,True,False,364,69,69,True
638,386,389,True,False,True,False,False,361,56,56,True
640,394,409,True,False,False,False,False,356,57,59,True
641,350,353,True,False,True,True,False,374,50,51,True
642,355,365,True,False,False,True,False,391,51,53,True
644,396,397,True,False,False,True,False,335,57,57,True
645,358,361,True,True,False,False,False,445,52,52,False
646,349,368,True,False,False,False,False,408,50,53,True
647,366,368,True,False,False,True,False,343,53,53,True
649,349,353,True,True,False,False,False,295,50,51,True
650,365,368,True,False,False,True,False,563,53,53,False
652,405,419,True,False,False,False,False,424,58,60,True
653,352,357,True,False,True,False,False,31742,51,51,True
654,362,368,True,False,False,True,False,304,52,53,True
655,444,466,True,False,False,False,False,289,64,67,True
656,390,397,True,False,False,False,False,354,56,57,True
658,372,403,True,False,False,False,False,421,54,58,True
659,349,350,True,False,False,False,False,400,50,50,False
660,482,485,True,False,True,True,False,380,69,70,True
662,349,363,True,False,False,False,False,356,50,52,True
663,381,382,True,False,False,False,False,427,55,55,True
664,371,382,True,False,False,False,False,424,53,55,True
665,404,415,True,False,False,False,False,297,58,60,True
666,383,394,True,False,False,False,False,289,55,57,True
668,360,368,True,False,False,False,False,289,52,53,True
669,365,372,True,False,True,True,False,450,53,54,True
670,349,353,True,False,False,True,False,304,50,51,True
672,356,359,True,False,False,False,False,403,51,52,True
673,349,368,True,False,False,False,False,360,50,53,True
674,390,391,True,False,False,False,False,446,56,56,True
675,428,431,True,False,False,True,False,372,62,62,True
676,396,397,True,False,True,True,False,364,57,57,True
677,365,385,True,False,False,False,False,380,53,55,True
678,361,369,True,True,False,False,False,380,52,53,True
679,381,382,True,False,False,False,False,447,55,55,True
680,361,363,True,False,False,False,False,424,52,52,True
681,461,467,True,False,False,False,False,443,66,67,True
682,349,411,True,False,False,True,False,432,50,59,True
684,370,371,True,False,False,True,False,300,53,53,True
685,362,384,True,False,False,False,False,343,52,55,True
686,367,389,True,False,False,False,False,313,53,56,False
687,403,428,True,False,False,False,False,403,58,62,True
690,355,356,True,False,False,False,False,318,51,51,True
691,362,373,True,False,False,True,False,439,52,54,True
694,349,357,True,False,False,False,False,297,50,51,True
695,391,396,True,False,True,False,False,396,56,57,True
696,379,382,True,False,True,False,False,31742,55,55,True
697,414,421,True,False,False,False,False,334,60,61,True
698,362,421,True,False,False,True,False,433,52,61,True
699,349,354,True,False,True,True,False,408,50,51,True
700,372,501,True,False,False,True,False,382,54,72,True
702,451,454,True,False,True,True,False,306,65,65,True
703,533,537,True,False,True,True,False,422,77,77,True
705,366,372,True,False,False,False,False,402,53,54,True
706,377,382,True,False,False,False,False,343,54,55,True
707,351,354,True,False,True,False,False,429,51,51,True
708,381,397,True,False,False,False,False,402,55,57,True
709,349,358,True,False,True,False,False,427,50,52,True
710,365,366,True,False,False,True,False,401,53,53,True
712,360,361,True,False,True,True,False,448,52,52,True
714,400,401,True,False,False,False,False,403,58,58,True
715,374,375,True,False,False,False,False,354,54,54,True
716,352,353,True,False,False,False,False,400,51,51,True
717,349,369,True,False,False,False,False,335,50,53,True
718,433,435,True,False,True,False,False,324,62,63,True
719,380,391,True,False,False,False,False,32004,55,56,True
720,376,384,True,False,False,False,False,31862,54,55,True
721,350,351,True,False,False,False,False,31642,50,51,True
722,392,395,True,False,True,True,False,359,56,57,True
725,438,439,True,False,False,True,False,400,63,63,True
726,493,516,True,False,False,True,False,343,71,74,True
727,359,362,True,False,False,False,False,366,52,52,True
728,353,355,True,False,True,False,False,329,51,51,True
729,363,367,True,False,False,False,False,707,52,53,False
730,474,475,True,False,False,False,False,400,68,68,True
731,354,355,True,False,False,False,False,329,51,51,True
732,373,376,True,False,False,True,False,293,54,54,True
733,395,396,True,False,False,False,False,356,57,57,True
734,371,378,True,False,False,False,False,412,53,54,True
735,355,407,True,False,False,False,False,317,51,59,True
737,349,384,True,False,False,False,False,309,50,55,True
738,355,370,True,False,False,False,False,318,51,53,True
740,433,435,True,False,True,True,False,404,62,63,True
741,462,463,True,False,False,True,False,315,66,67,True
742,369,370,True,False,False,False,False,445,53,53,True
743,420,425,True,False,False,True,False,292,60,61,True
744,398,403,True,False,False,True,False,365,57,58,True
746,349,367,True,False,False,False,False,309,50,53,True
747,351,353,True,False,False,False,False,410,51,51,True
748,349,391,True,False,False,False,False,32004,50,56,True
749,365,374,True,False,False,False,False,346,53,54,True
751,349,551,True,False,False,False,False,289,50,79,True
752,416,418,True,False,False,True,False,356,60,60,True
753,390,401,True,False,False,False,False,396,56,58,True
754,480,484,True,False,False,False,False,319,69,70,True
755,392,403,True,False,False,False,False,388,56,58,True
756,364,396,True,False,False,False,False,364,52,57,True
757,375,403,True,False,False,False,False,384,54,58,True
759,349,351,True,False,False,True,False,359,50,51,True
760,385,390,True,True,False,False,False,401,55,56,True
761,359,373,True,False,True,False,False,343,52,54,True
762,370,377,True,False,True,False,False,31862,53,54,True
763,364,377,True,False,False,False,False,31782,52,54,True
764,403,422,True,False,False,False,False,346,58,61,True
765,349,359,True,False,False,False,False,370,50,52,True
766,350,351,True,False,True,False,False,333,50,51,True
769,349,383,True,False,False,False,False,404,50,55,True
770,357,376,True,False,False,False,False,368,51,54,True
771,372,373,True,False,True,False,False,359,54,54,True
772,358,406,True,False,False,False,False,656,52,58,False
775,361,364,True,True,False,False,False,320,52,52,True
776,368,377,True,False,True,True,False,368,53,54,True
778,362,395,True,False,False,True,False,310,52,57,True
779,349,361,True,False,False,False,False,343,50,52,True
780,362,375,True,False,False,False,False,424,52,54,True
781,400,401,True,False,False,False,False,365,58,58,True
782,382,388,True,False,False,False,False,31401,55,56,True
783,355,563,True,False,False,False,False,439,51,81,True
784,361,373,True,False,False,False,False,363,52,54,True
785,349,357,True,False,False,False,False,363,50,51,True
786,368,369,True,False,True,False,False,339,53,53,True
787,360,362,True,False,False,False,False,443,52,52,True
788,362,365,True,False,True,True,False,360,52,53,True
792,349,460,True,False,False,False,False,379,50,66,True
793,354,369,True,False,False,False,False,445,51,53,True
794,374,387,True,False,False,False,False,358,54,56,True
795,361,388,True,False,False,True,False,311,52,56,True
796,376,382,True,False,False,False,False,380,54,55,True
797,383,401,True,False,False,True,False,450,55,58,True
799,358,373,True,False,False,False,False,327,52,54,True
800,350,352,True,False,True,False,False,298,50,51,True
801,377,388,True,False,False,False,False,329,54,56,True
802,380,386,True,False,False,False,False,404,55,56,True
804,375,381,True,False,True,False,False,400,54,55,True
805,394,397,True,False,False,False,False,306,57,57,True
806,349,364,True,False,True,True,False,333,50,52,True
807,434,447,True,False,False,True,False,335,62,64,True
808,349,355,True,False,False,False,False,361,50,51,True
810,374,385,True,False,False,False,False,295,54,55,True
811,349,371,True,False,False,False,False,446,50,53,True
812,358,377,True,False,False,True,False,412,52,54,True
813,349,373,True,False,False,False,False,420,50,54,True
814,349,629,True,False,False,False,False,310,50,90,True
815,349,474,True,False,False,False,False,410,50,68,True
816,368,384,True,False,False,True,False,421,53,55,True
817,349,358,True,False,False,False,False,333,50,52,True
820,350,374,True,False,True,False,False,381,50,54,True
822,364,373,True,False,False,False,False,380,52,54,True
823,362,374,True,False,False,False,False,422,52,54,True
824,407,432,True,False,False,False,False,286,59,62,False
825,390,393,True,False,True,True,False,375,56,57,True
828,533,705,False,True,False,False,False,343,77,101,True
830,349,366,True,False,False,False,False,450,50,53,True
831,435,440,True,False,True,False,False,450,63,63,True
833,349,363,True,False,False,False,False,443,50,52,True
834,349,498,True,False,False,True,False,433,50,72,True
835,349,429,True,False,False,False,False,375,50,62,False
836,354,357,True,False,False,False,False,443,51,51,True
837,349,384,True,False,False,False,False,854,50,55,False
838,349,354,True,False,False,False,False,318,50,51,True
840,378,379,True,False,True,False,False,400,54,55,True
841,358,363,True,False,False,False,False,408,52,52,True
842,352,354,True,False,False,False,False,318,51,51,True
843,357,360,True,False,False,False,False,354,51,52,True
844,349,351,True,False,True,False,False,31862,50,51,True
845,429,438,True,False,True,True,False,343,62,63,True
847,349,451,True,False,False,False,False,380,50,65,True
849,406,428,True,False,True,True,False,320,58,62,True
850,356,358,True,False,False,False,False,292,51,52,True
851,411,662,True,False,False,False,False,341,59,95,True
852,353,354,True,False,False,False,False,333,51,51,True
853,359,360,True,False,True,False,False,367,52,52,True
854,364,368,True,False,False,False,False,420,52,53,True
855,349,350,True,False,True,False,False,382,50,50,True
856,445,448,True,False,False,True,False,372,64,64,True
857,365,368,True,False,False,False,False,400,53,53,True
858,349,353,True,False,False,False,False,322,50,51,False
859,349,351,True,False,True,False,False,309,50,51,True
860,349,556,True,False,False,False,False,31642,50,80,True
861,373,376,True,False,False,False,False,410,54,54,False
862,356,366,True,False,False,False,False,368,51,53,True
863,359,365,True,False,False,False,False,313,52,53,False
864,415,421,True,False,True,True,False,410,60,61,True
866,358,364,True,False,False,False,False,345,52,52,True
867,371,379,True,False,False,False,False,369,53,55,True
868,363,369,True,False,True,False,False,323,52,53,True
869,451,452,True,False,False,False,False,370,65,65,True
870,349,418,True,True,False,False,False,298,50,60,False
871,352,353,True,False,True,False,False,31862,51,51,True
873,365,374,True,False,False,False,False,318,53,54,True
875,369,383,True,False,False,False,False,356,53,55,True
876,453,454,True,False,False,True,False,323,65,65,True
877,384,385,True,False,False,False,False,406,55,55,True
878,354,355,True,False,True,False,False,446,51,51,True
879,484,485,True,False,False,False,False,341,70,70,False
881,464,467,True,False,False,False,False,445,67,67,True
882,355,360,True,False,True,False,False,31782,51,52,True
883,363,366,True,False,True,True,False,367,52,53,True
884,364,475,True,False,False,False,False,295,52,68,True
885,477,478,True,False,False,False,False,358,69,69,True
886,355,357,True,False,True,True,False,375,51,51,True
887,398,406,True,False,False,False,False,313,57,58,True
888,440,446,True,False,True,True,False,401,63,64,True
889,423,426,True,False,True,True,False,388,61,61,True
890,349,356,True,False,False,False,False,403,50,51,True
891,372,383,True,False,True,True,False,450,54,55,True
892,349,368,True,False,False,False,False,346,50,53,False
895,397,399,True,False,True,True,False,315,57,57,True
896,402,410,True,False,False,False,False,396,58,59,True
897,390,398,True,False,False,False,False,396,56,57,True
898,350,351,True,False,True,False,False,388,50,51,True
900,390,391,True,False,True,True,False,330,56,56,True
901,401,403,True,False,False,False,False,410,58,58,True
902,366,606,True,False,False,False,False,445,53,87,True
903,402,404,True,False,False,False,False,333,58,58,True
904,390,391,True,False,False,False,False,365,56,56,False
905,352,420,True,False,False,False,False,367,51,60,True
906,366,368,True,False,True,False,False,319,53,53,True
907,386,387,True,False,False,False,False,313,56,56,True
908,363,367,True,False,True,False,False,406,52,53,True
909,393,395,True,False,True,False,False,321,57,57,True
910,349,499,True,False,False,False,False,429,50,72,True
911,447,453,True,False,False,True,False,421,64,65,True
913,357,358,True,False,False,True,False,436,51,52,True
914,379,389,True,False,False,False,False,439,55,56,False
915,391,424,True,False,False,False,False,337,56,61,True
916,360,369,True,False,False,False,False,436,52,53,True
918,350,437,True,True,True,True,False,340,50,63,True
919,349,362,True,False,False,False,False,345,50,52,True
920,361,367,True,False,False,False,False,388,52,53,True
922,374,375,True,False,False,False,False,315,54,54,True
923,352,355,True,False,False,False,False,313,51,51,True
924,431,438,True,False,False,False,False,400,62,63,True
925,349,381,True,False,False,False,False,298,50,55,True
926,370,376,True,False,True,True,False,319,53,54,True
928,374,376,True,False,False,False,False,396,54,54,True
929,370,371,True,False,False,False,False,338,53,53,True
930,349,361,True,False,False,False,False,414,50,52,True
931,349,367,True,False,True,False,False,304,50,53,True
932,353,355,True,False,True,True,False,300,51,51,True
934,372,373,True,False,True,False,False,422,54,54,True
935,354,483,True,False,False,True,False,361,51,69,True
936,399,401,True,False,True,True,False,321,57,58,True
937,459,470,True,False,False,False,False,32004,66,68,True
939,357,387,True,False,False,False,False,396,51,56,True
940,349,370,True,False,False,False,False,402,50,53,True
941,353,357,True,False,False,False,False,367,51,51,True
942,353,354,True,False,False,False,False,289,51,51,True
943,381,382,True,False,False,False,False,330,55,55,True
944,349,353,True,False,False,False,False,429,50,51,True
945,371,386,True,False,False,False,False,295,53,56,True
946,414,416,True,False,False,False,False,297,60,60,True
947,355,357,True,False,False,True,False,337,51,51,True
949,349,354,True,False,False,False,False,31782,50,51,True
950,362,371,True,False,False,False,False,346,52,53,True
952,401,405,True,False,False,True,False,388,58,58,True
954,365,369,True,False,False,False,False,514,53,53,False
955,371,373,True,False,False,False,False,315,53,54,True
956,353,354,True,False,True,False,False,370,51,51,True
957,377,381,True,False,False,False,False,340,54,55,True
960,363,368,True,False,False,True,False,333,52,53,True
961,378,389,True,False,False,True,False,389,54,56,True
964,508,532,True,False,False,True,False,356,73,76,True
965,360,368,True,False,False,False,False,379,52,53,True
966,362,368,True,False,False,False,False,382,52,53,True
968,349,352,True,False,True,True,False,299,50,51,True
971,391,392,True,False,False,False,False,389,56,56,True
972,356,357,True,False,True,True,False,773,51,51,False
974,366,403,True,False,False,False,False,443,53,58,True
975,408,410,True,False,False,False,False,319,59,59,True
976,349,369,True,False,False,False,False,404,50,53,True
978,386,399,True,False,False,False,False,31862,56,57,True
979,354,365,True,False,True,True,False,368,51,53,True
981,349,356,True,False,False,False,False,32004,50,51,True
982,409,410,True,False,True,True,False,382,59,59,True
983,403,414,True,False,False,True,False,356,58,60,True
985,454,456,True,False,False,False,False,324,65,66,True
986,352,355,True,False,False,False,False,401,51,51,True
987,382,411,True,False,False,False,False,374,55,59,True
988,354,372,True,False,False,True,False,408,51,54,True
989,352,353,True,False,False,True,False,356,51,51,True
993,429,447,True,False,False,True,False,32004,62,64,True
995,519,685,True,False,False,True,False,320,75,98,True
996,349,352,True,False,False,True,False,31762,50,51,True
997,459,469,True,False,False,True,False,3182,66,67,False
998,370,371,True,False,True,False,False,422,53,53,True
999,349,368,True,False,False,True,False,364,50,53,True
1000,411,412,True,False,False,True,False,372,59,59,True
1001,349,358,True,False,False,True,False,31782,50,52,True
1002,349,359,True,False,False,False,False,335,50,52,True
1003,377,415,True,False,False,False,False,295,54,60,True
1004,369,373,True,False,False,False,False,316,53,54,True
1005,418,419,True,False,False,True,False,400,60,60,True
1007,381,384,True,False,False,False,False,293,55,55,True
1008,357,358,True,False,False,False,False,292,51,52,True
1009,536,544,True,False,False,False,False,337,77,78,False
1011,394,398,True,False,False,False,False,334,57,57,True
1012,351,364,True,False,False,True,False,361,51,52,True
1013,400,433,True,False,False,False,False,360,58,62,True
1014,393,394,True,False,False,False,False,360,57,57,True
1015,499,500,True,False,False,False,False,403,72,72,True
1016,349,367,True,False,False,False,False,31642,50,53,True
1017,373,379,True,False,False,False,False,295,54,55,True
1018,362,373,True,False,False,True,False,296,52,54,True
1019,373,383,True,False,False,False,False,361,54,55,True
1020,403,410,True,False,True,False,False,319,58,59,True
1021,369,372,True,False,False,False,False,368,53,54,True
1022,349,419,True,False,False,False,False,375,50,60,False
1023,393,395,True,False,True,False,False,429,57,57,True
1025,349,360,True,False,False,False,False,288,50,52,True
1027,539,546,True,False,False,False,False,354,77,78,True
1028,401,444,True,True,False,False,False,420,58,64,True
1029,419,420,True,False,True,True,False,438,60,60,True
1030,367,369,True,False,False,False,False,445,53,53,True
1031,349,383,True,True,False,False,False,375,50,55,True
1032,352,355,True,False,False,False,False,3087,51,51,False
1033,349,387,True,False,False,False,False,374,50,56,True
1034,351,356,True,False,False,False,False,380,51,51,True
1036,431,644,True,False,False,False,False,298,62,92,True
1037,432,447,True,False,False,False,False,447,62,64,True
1038,357,358,True,False,False,False,False,340,51,52,True
1039,375,378,True,False,True,False,False,401,54,54,True
1040,396,398,True,False,True,True,False,304,57,57,True
1041,370,374,True,False,True,False,False,445,53,54,True
1042,350,355,True,False,False,True,False,368,50,51,True
1043,394,400,True,False,False,False,False,627,57,58,False
1045,349,351,True,False,False,False,False,408,50,51,True
1047,360,361,True,False,False,False,False,295,52,52,True
1048,349,408,True,False,False,False,False,436,50,59,True
1049,349,365,True,False,False,False,False,360,50,53,False
1050,416,433,True,False,False,True,False,384,60,62,True
1051,349,366,True,False,False,False,False,176,50,53,False
1053,483,485,True,False,False,False,False,356,69,70,True
1054,377,395,True,False,False,False,False,334,54,57,True
1055,352,477,True,False,False,True,False,339,51,69,True
1056,474,477,True,False,False,True,False,446,68,69,True
1057,400,411,True,False,True,True,False,367,58,59,True
1058,382,383,True,False,False,False,False,381,55,55,True
1060,349,362,True,False,False,True,False,315,50,52,True
1061,356,364,True,False,False,False,False,297,51,52,True
1062,370,374,True,False,False,False,False,320,53,54,True
1063,350,367,True,False,False,False,False,421,50,53,True
1064,349,370,True,False,False,False,False,298,50,53,True
1065,379,384,True,False,False,False,False,311,55,55,True
1066,445,446,True,False,False,True,False,364,64,64,True
1067,358,411,True,False,False,True,False,372,52,59,True
1068,349,513,True,False,False,False,False,366,50,74,True
1069,493,500,True,False,False,True,False,31782,71,72,True
1070,359,361,True,False,False,True,False,401,52,52,True
1071,430,436,True,False,False,True,False,324,62,63,True
1072,375,384,True,False,False,False,False,318,54,55,True
1073,356,371,True,False,False,False,False,309,51,53,True
1074,492,493,True,False,True,True,False,292,71,71,True
1075,362,384,True,False,False,False,False,300,52,55,True
1076,358,390,True,False,False,False,False,365,52,56,True
1078,354,356,True,False,True,False,False,375,51,51,True
1079,451,478,True,False,False,False,False,318,65,69,True
1080,349,379,True,False,False,False,False,410,50,55,True
1081,374,375,True,False,True,True,False,31742,54,54,True
1082,483,485,True,False,False,False,False,370,69,70,True
1083,431,459,True,False,False,True,False,421,62,66,True
1084,366,371,True,False,False,True,False,367,53,53,True
1085,475,480,True,False,False,True,False,400,68,69,True
1086,349,361,True,False,False,False,False,365,50,52,True
1087,370,371,True,False,False,False,False,358,53,53,True
1088,353,356,True,False,False,False,False,381,51,51,True
1089,349,355,True,False,False,False,False,370,50,51,True
1091,361,363,True,False,True,False,False,406,52,52,True
1092,366,372,True,False,False,False,False,406,53,54,True
1093,349,365,True,False,False,False,False,356,50,53,True
1094,371,373,True,False,False,True,False,31742,53,54,True
1095,349,360,True,False,False,False,False,439,50,52,False
1097,400,416,True,False,True,True,False,335,58,60,True
1098,390,391,True,False,True,False,False,343,56,56,True
1099,357,474,True,False,False,False,False,296,51,68,True
1100,349,391,True,False,False,False,False,358,50,56,False
1101,349,364,True,False,False,False,False,31782,50,52,True
1102,349,356,True,False,False,True,False,311,50,51,True
1103,417,425,True,False,True,True,False,412,60,61,True
1104,481,485,True,False,False,True,False,421,69,70,True
1109,494,508,True,False,False,False,False,356,71,73,True
1110,373,374,True,False,False,False,False,379,54,54,False
1111,354,355,True,False,True,True,False,298,51,51,True
1112,374,403,True,False,False,False,False,367,54,58,True
1113,350,351,True,False,False,False,False,400,50,51,True
1115,379,396,True,False,False,False,False,429,55,57,True
1116,357,362,True,False,False,True,False,345,51,52,True
1117,379,383,True,False,False,True,False,31642,55,55,True
1119,382,397,True,False,False,False,False,372,55,57,True
1120,366,369,True,False,False,False,False,31582,53,53,True
1121,361,374,True,False,False,False,False,379,52,54,True
1122,442,466,True,True,False,True,False,372,64,67,True
1123,349,361,True,False,False,False,False,356,50,52,True
1124,359,361,True,False,False,False,False,310,52,52,True
1126,349,354,True,False,False,False,False,364,50,51,True
1128,350,352,True,False,False,True,False,414,50,51,True
1129,352,367,True,False,False,False,False,361,51,53,True
1130,368,370,True,False,True,True,False,31642,53,53,True
1131,395,397,True,False,False,False,False,354,57,57,True
1132,349,353,True,False,False,True,False,292,50,51,True
1133,400,409,True,False,False,False,False,317,58,59,True
1134,361,368,True,False,True,False,False,356,52,53,True
1135,350,365,True,False,False,False,False,367,50,53,True
1136,432,451,True,False,False,True,False,389,62,65,True
1137,366,367,True,False,False,False,False,412,53,53,True
1138,359,360,True,False,False,True,False,289,52,52,True
1139,457,459,True,False,True,True,False,333,66,66,True
1141,397,398,True,False,False,False,False,364,57,57,True
1144,375,495,True,False,False,False,False,363,54,71,True
1145,366,371,True,False,False,False,False,360,53,53,True
1146,416,419,True,False,True,True,False,304,60,60,True
1147,401,425,True,False,False,False,False,363,58,61,True
1151,349,365,True,False,False,False,False,381,50,53,True
1152,349,397,True,False,False,False,False,323,50,57,True
1153,392,394,True,False,False,False,False,380,56,57,True
1154,355,359,True,False,False,False,False,346,51,52,True
1156,349,372,True,False,False,False,False,365,50,54,False
1157,356,366,True,False,False,False,False,446,51,53,True
1158,367,374,True,False,False,True,False,410,53,54,True
1159,367,512,True,False,True,True,False,313,53,74,True
1160,416,418,True,False,False,True,False,31642,60,60,True
1161,349,457,True,False,False,False,False,367,50,66,True
1162,349,372,True,True,False,False,False,341,50,54,True
1163,421,422,True,False,False,True,False,286,61,61,True
1164,353,359,True,False,False,False,False,410,51,52,True
1165,349,400,True,False,False,False,False,343,50,58,True
1166,368,372,True,False,True,True,False,408,53,54,True
1167,367,369,True,False,True,False,False,309,53,53,True
1168,360,375,True,False,False,False,False,304,52,54,True
1169,364,366,True,False,True,False,False,445,52,53,True
1171,350,423,True,False,False,False,False,367,50,61,True
1172,349,351,True,False,False,False,False,396,50,51,True
1174,349,350,True,False,False,False,False,367,50,50,True
1179,484,488,True,False,True,True,False,346,70,70,True
1180,349,360,True,False,False,False,False,380,50,52,True
1181,394,395,True,False,False,False,False,406,57,57,True
1182,350,351,True,False,False,True,False,3287,50,51,False
1185,371,472,True,False,False,False,False,319,53,68,True
1187,362,366,True,False,False,False,False,337,52,53,True
1188,355,377,True,False,False,False,False,341,51,54,True
1189,349,355,True,False,False,False,False,289,50,51,True
1190,378,386,True,False,False,True,False,370,54,56,True
1191,386,402,True,False,False,False,False,438,56,58,True
1192,427,469,True,False,False,False,False,486,61,67,False
1193,350,351,True,False,False,False,False,295,50,51,True
1194,364,369,True,False,False,False,False,381,52,53,True
1196,443,466,True,False,False,False,False,321,64,67,True
1197,466,468,True,False,False,False,False,384,67,67,True
1198,377,416,True,False,False,False,False,320,54,60,True
1204,351,353,True,False,False,False,False,443,51,51,True
1205,351,361,True,False,False,False,False,31782,51,52,True
1206,351,354,True,False,True,False,False,410,51,51,True
1207,368,371,True,False,False,False,False,427,53,53,True
1208,349,372,True,False,False,False,False,361,50,54,True
1211,352,354,True,False,True,False,False,421,51,51,True
1213,349,373,True,False,False,False,False,408,50,54,True
1216,371,375,True,False,True,False,False,401,53,54,True
1217,373,375,True,False,False,False,False,370,54,54,True
1218,368,381,True,False,False,False,False,293,53,55,True
1219,349,362,True,False,False,False,False,446,50,52,True
1222,359,360,True,False,True,True,False,400,52,52,True
1223,395,464,True,False,False,False,False,410,57,67,True
1224,362,384,True,False,False,False,False,446,52,55,True
1225,359,384,True,False,False,False,False,298,52,55,True
1226,379,385,True,False,True,False,False,364,55,55,True
1227,415,416,True,False,False,False,False,31863,60,60,False
1228,404,409,True,False,True,False,False,406,58,59,True
1229,383,385,True,False,True,True,False,384,55,55,True
1231,395,399,True,False,False,False,False,396,57,57,True
1234,354,360,True,False,True,False,False,359,51,52,True
1236,352,355,True,False,True,False,False,448,51,51,True
1237,349,432,True,False,False,False,False,443,50,62,True
1238,362,375,True,False,True,True,False,358,52,54,True
1239,432,453,True,False,False,True,False,404,62,65,True
1240,355,360,True,False,True,False,False,375,51,52,True
1241,449,452,True,False,False,False,False,368,65,65,True
1242,350,374,True,False,False,False,False,318,50,54,True
1243,495,594,True,False,False,False,False,355,71,85,True
1244,360,362,True,False,False,False,False,403,52,52,False
1245,362,366,True,False,False,False,False,296,52,53,True
1246,361,390,True,False,True,True,False,406,52,56,True
1248,367,371,True,False,True,False,False,447,53,53,True
1251,349,381,True,False,False,False,False,286,50,55,False
1252,350,404,True,False,False,False,False,433,50,58,True
1253,349,593,True,False,False,False,False,320,50,85,True
1256,353,354,True,False,False,True,False,439,51,51,True
1258,359,361,True,False,False,True,False,432,52,52,True
1259,362,374,True,False,False,False,False,31742,52,54,True
1260,373,378,True,False,True,False,False,367,54,54,True
1261,370,387,True,False,False,False,False,363,53,56,True
1263,355,356,True,False,True,True,False,354,51,51,True
1264,353,355,True,False,True,False,False,31782,51,51,True
1265,377,382,True,False,False,False,False,324,54,55,True
1266,380,399,True,False,False,False,False,381,55,57,True
1267,498,505,True,False,False,False,False,343,72,73,True
1268,377,385,True,False,False,False,False,31742,54,55,True
1269,357,358,True,False,False,False,False,31642,51,52,True
1270,385,392,True,False,False,True,False,31642,55,56,True
1271,484,486,True,False,False,False,False,364,70,70,True
1272,352,357,True,False,True,False,False,448,51,51,True
1274,438,440,True,False,True,False,False,317,63,63,True
1276,349,534,True,False,False,False,False,389,50,77,True
1277,417,419,True,False,True,True,False,356,60,60,True
1278,358,418,True,False,False,False,False,389,52,60,True
1279,358,361,True,False,False,False,False,340,52,52,True
1282,398,399,True,False,True,False,False,337,57,57,True
1283,362,378,True,False,False,False,False,374,52,54,True
1284,452,455,True,False,False,False,False,339,65,65,False
1285,372,375,True,False,False,False,False,295,54,54,True
1286,352,468,True,False,False,False,False,443,51,67,True
1288,349,362,True,False,False,False,False,446,50,52,True
1289,388,389,True,False,False,False,False,31782,56,56,True
1291,420,421,True,False,False,True,False,447,60,61,True
1293,487,490,True,False,False,False,False,340,70,70,True
1294,350,358,True,False,False,False,False,356,50,52,True
1296,477,483,True,False,False,True,False,304,69,69,True
1297,354,357,True,False,False,False,False,450,51,51,True
1298,375,388,True,False,False,False,False,438,54,56,True
1299,385,386,True,False,False,True,False,345,55,56,True
1300,386,413,True,False,False,True,False,346,56,59,True
1301,394,398,True,False,False,False,False,391,57,57,True
1302,422,456,True,False,False,False,False,375,61,66,True
1303,349,357,True,False,False,False,False,323,50,51,True
1304,372,378,True,False,False,False,False,289,54,54,True
1305,361,362,True,False,True,False,False,295,52,52,True
1306,388,392,True,False,False,True,False,381,56,56,True
1307,356,364,True,False,False,False,False,422,51,52,True
1308,349,377,True,False,False,False,False,389,50,54,True
1310,368,380,True,False,False,False,False,433,53,55,True
1312,349,351,True,False,True,False,False,391,50,51,True
1314,381,382,True,False,True,False,False,429,55,55,True
1317,361,362,True,False,False,True,False,359,52,52,True
1318,359,361,True,False,True,False,False,424,52,52,True
1319,468,470,True,False,False,False,False,439,67,68,False
1321,356,365,True,False,False,False,False,364,51,53,True
1324,380,383,True,False,False,False,False,319,55,55,False
1326,425,427,True,False,False,True,False,318,61,61,True
1328,430,444,True,False,False,False,False,297,62,64,True
1330,349,350,True,False,False,True,False,408,50,50,True
1331,350,351,True,False,False,False,False,420,50,51,True
1332,389,393,True,False,False,False,False,304,56,57,True
1333,445,446,True,False,True,False,False,317,64,64,True
1334,349,485,True,False,False,False,False,300,50,70,True
1335,413,417,True,False,False,False,False,374,59,60,True
1336,355,357,True,False,True,True,False,443,51,51,True
1337,361,364,True,False,True,False,False,364,52,52,True
1344,396,402,True,False,False,False,False,346,57,58,True
1345,349,368,True,False,False,True,False,32004,50,53,True
1346,447,448,True,False,False,False,False,322,64,64,True
1347,374,375,True,False,False,False,False,382,54,54,True
1348,353,356,True,False,False,False,False,403,51,51,False
1349,395,399,True,False,True,False,False,330,57,57,True
1350,349,370,True,False,False,True,False,367,50,53,True
1351,399,411,True,False,False,False,False,296,57,59,True
1352,355,363,True,False,True,False,False,406,51,52,True
1353,432,439,True,False,False,True,False,319,62,63,True
1356,541,551,True,False,False,True,False,333,78,79,True
1357,488,493,True,False,False,False,False,365,70,71,True
1359,481,492,True,False,False,False,False,359,69,71,True
1360,349,385,True,False,False,False,False,316,50,55,True
1362,442,447,True,False,False,False,False,402,64,64,True
1364,351,363,True,False,False,True,False,31742,51,52,True
1366,368,372,True,False,False,True,False,367,53,54,True
1367,372,376,True,False,True,False,False,384,54,54,True
1369,350,361,True,False,False,False,False,446,50,52,True
1371,402,403,True,True,False,False,False,330,58,58,True
1372,370,379,True,False,False,False,False,316,53,55,True
1373,384,399,True,False,False,False,False,450,55,57,True
1374,355,357,True,False,False,False,False,297,51,51,True
1375,414,418,True,False,False,True,False,334,60,60,True
1376,492,498,True,False,True,False,False,310,71,72,True
1377,379,398,True,False,False,False,False,323,55,57,True
1378,426,427,True,False,True,True,False,381,61,61,True
1379,375,376,True,False,True,False,False,330,54,54,True
1381,349,352,True,False,False,False,False,330,50,51,True
1382,362,365,True,False,False,True,False,288,52,53,True
1383,349,356,True,False,False,False,False,439,50,51,False
1385,349,350,True,False,True,False,False,337,50,50,True
1387,383,384,True,False,False,False,False,289,55,55,True
1388,358,363,True,False,True,True,False,375,52,52,True
1389,349,358,True,False,False,False,False,368,50,52,True
1390,436,440,True,False,False,True,False,293,63,63,True
1391,378,383,True,False,True,False,False,310,54,55,True
1392,363,364,True,False,False,False,False,445,52,52,True
1393,400,403,True,False,False,False,False,317,58,58,True
1394,363,365,True,False,False,False,False,442,52,53,True
1396,364,372,True,False,True,False,False,441,52,54,True
1397,354,358,True,False,False,False,False,441,51,52,True
1399,399,406,True,False,False,False,False,424,57,58,True
1401,351,372,True,False,False,False,False,370,51,54,True
1402,495,501,True,False,False,False,False,298,71,72,True
1403,349,357,True,False,False,False,False,406,50,51,True
1404,349,350,True,False,False,False,False,389,50,50,True
1405,377,410,True,False,False,False,False,296,54,59,True
1406,388,397,True,False,False,False,False,327,56,57,True
1408,354,355,True,False,False,False,False,324,51,51,True
1409,405,406,True,False,False,False,False,3313,58,58,False
1410,409,465,True,False,False,False,False,31582,59,67,True
1413,349,393,True,False,False,False,False,208,50,57,False
1418,355,368,True,False,False,False,False,402,51,53,True
1419,377,378,True,False,True,False,False,32004,54,54,True
1420,392,422,True,False,False,False,False,391,56,61,True
1421,365,366,True,False,False,True,False,31742,53,53,True
1423,351,357,True,False,False,False,False,408,51,51,True
1424,349,356,True,False,False,False,False,436,50,51,True
1425,356,372,True,False,False,False,False,339,51,54,True
1426,349,411,True,False,False,True,False,358,50,59,True
1427,349,407,True,False,False,False,False,448,50,59,True
1428,436,437,True,False,False,False,False,370,63,63,True
1429,365,375,True,False,False,False,False,445,53,54,True
1431,378,386,True,False,False,False,False,381,54,56,True
1434,416,419,True,False,False,True,False,296,60,60,True
1437,358,363,True,False,True,False,False,443,52,52,True
1438,349,354,True,False,False,False,False,422,50,51,True
1439,358,376,True,False,False,False,False,384,52,54,True
1440,349,366,True,False,False,False,False,31742,50,53,True
1443,361,386,True,False,False,False,False,367,52,56,True
1445,510,512,True,False,False,True,False,410,73,74,True
1446,430,436,True,False,False,True,False,315,62,63,True
1448,349,352,True,False,False,False,False,361,50,51,True
1449,349,377,True,False,False,False,False,422,50,54,True
1450,349,370,True,False,False,False,False,313,50,53,True
1451,372,374,True,False,False,True,False,432,54,54,True
1452,377,378,True,False,False,False,False,339,54,54,True
1453,448,450,True,False,True,True,False,31862,64,65,True
1456,350,383,True,False,False,False,False,31642,50,55,True
1458,399,405,True,False,False,False,False,292,57,58,True
1459,404,415,True,False,False,True,False,346,58,60,True
1460,401,403,True,False,False,False,False,330,58,58,True
1461,353,355,True,False,True,False,False,316,51,51,True
1462,409,411,True,False,False,False,False,31862,59,59,True
1463,349,360,True,False,False,True,False,372,50,52,True
1464,353,369,True,False,False,False,False,427,51,53,True
1465,349,372,True,False,False,False,False,391,50,54,True
1466,349,389,True,False,False,False,False,420,50,56,True
1468,349,409,True,False,False,True,False,403,50,59,True
1469,349,355,True,True,False,False,False,364,50,51,True
1470,368,375,True,False,False,False,False,31782,53,54,True
1473,448,453,True,False,False,True,False,374,64,65,True
1475,352,355,True,False,True,False,False,361,51,51,True
1476,357,364,True,False,True,True,False,319,51,52,True
1477,349,389,True,False,False,False,False,420,50,56,True
1479,354,358,True,False,True,False,False,410,51,52,True
1480,351,399,True,False,False,False,False,293,51,57,True
1482,389,399,True,False,False,False,False,292,56,57,True
1483,390,415,True,False,False,True,False,370,56,60,True
1484,384,394,True,False,False,False,False,424,55,57,True
1485,374,382,True,False,False,False,False,32004,54,55,True
1488,353,361,True,False,False,False,False,306,51,52,True
1490,400,406,True,False,False,False,False,367,58,58,True
1491,433,434,True,False,True,True,False,296,62,62,True
1492,470,485,True,False,False,False,False,401,68,70,True
1493,382,451,True,False,False,True,False,341,55,65,True
1494,396,410,True,False,False,False,False,313,57,59,True
1495,431,441,True,False,False,False,False,31642,62,63,True
1498,349,377,True,False,False,False,False,443,50,54,True
1499,375,384,True,False,False,False,False,304,54,55,True
1500,349,382,True,False,False,False,False,31582,50,55,True
1501,367,368,True,False,True,False,False,432,53,53,True
1502,377,395,True,False,False,False,False,338,54,57,True
1505,351,367,True,False,True,False,False,330,51,53,True
1506,413,417,True,False,False,False,False,289,59,60,True
1507,408,588,True,False,False,False,False,288,59,84,True
1508,355,381,True,False,False,True,False,292,51,55,True
1509,468,469,True,False,False,False,False,429,67,67,True
1512,349,367,True,False,False,False,False,321,50,53,True
1513,364,370,True,False,False,False,False,402,52,53,True
1515,430,433,True,False,True,True,False,365,62,62,True
1516,434,496,True,True,False,False,False,422,62,71,False
1517,404,407,True,False,False,False,False,304,58,59,True
1518,358,359,True,False,False,True,False,313,52,52,True
1520,359,362,True,False,False,False,False,335,52,52,True
1521,349,556,True,False,False,False,False,339,50,80,True
1523,349,429,True,False,False,False,False,323,50,62,True
1524,460,486,True,False,False,True,False,346,66,70,True
1526,382,383,True,False,False,False,False,324,55,55,True
1527,388,389,True,False,True,True,False,361,56,56,True
1528,419,422,True,False,True,True,False,316,60,61,True
1529,372,377,True,False,True,True,False,333,54,54,True
1530,349,355,True,False,False,False,False,317,50,51,True
1531,349,356,True,False,False,False,False,289,50,51,True
1532,349,461,True,False,False,True,False,369,50,66,True
1533,362,422,True,False,False,False,False,306,52,61,False
1534,350,357,True,False,False,False,False,375,50,51,True
1535,383,384,True,False,True,False,False,360,55,55,True
1536,383,384,True,False,True,False,False,406,55,55,True
1537,349,356,True,False,False,False,False,404,50,51,True
1538,357,705,False,True,False,False,False,343,51,101,True
1540,399,406,True,False,False,False,False,343,57,58,True
1541,381,410,True,False,True,True,False,304,55,59,True
1542,391,392,True,False,False,False,False,313,56,56,True
1543,349,353,True,False,False,False,False,296,50,51,True
1544,349,378,True,True,False,True,False,343,50,54,True
1545,363,366,True,False,False,False,False,289,52,53,True
1546,388,406,True,False,False,False,False,31642,56,58,True
1547,349,359,True,False,False,False,False,319,50,52,True
1548,349,363,True,False,True,True,False,32004,50,52,True
1549,513,520,True,False,False,True,False,318,74,75,True
1550,349,533,True,False,False,False,False,340,50,77,True
1552,364,382,True,False,False,False,False,356,52,55,True
1554,349,376,True,False,False,False,False,313,50,54,True
1555,387,407,True,False,False,False,False,354,56,59,True
1556,368,369,True,False,False,False,False,436,53,53,True
1557,429,434,True,False,True,True,False,375,62,62,True
1558,412,428,True,False,False,False,False,424,59,62,True
1560,395,397,True,False,False,False,False,400,57,57,True
1562,353,363,True,False,False,False,False,370,51,52,True
1563,359,361,True,False,True,False,False,421,52,52,True
1564,367,371,True,False,False,False,False,439,53,53,True
1565,437,487,True,False,False,False,False,2817,63,70,False
1567,349,362,True,False,False,False,False,441,50,52,True
1568,349,355,True,False,False,False,False,364,50,51,True
1569,372,384,True,False,False,False,False,297,54,55,True
1570,365,367,True,False,False,False,False,355,53,53,True
1571,349,364,True,False,False,False,False,343,50,52,False
1572,349,435,True,False,False,False,False,391,50,63,True
1573,352,354,True,False,False,False,False,315,51,51,True
1574,478,499,True,False,False,False,False,311,69,72,True
1577,352,355,True,False,False,False,False,436,51,51,True
1578,373,374,True,False,False,False,False,321,54,54,True
1579,366,372,True,False,True,True,False,388,53,54,True
1580,545,548,True,False,False,False,False,450,78,79,False
1582,349,488,True,False,False,True,False,367,50,70,True
1583,406,476,True,False,False,False,False,313,58,68,False
1584,405,407,True,False,True,False,False,327,58,59,True
1585,365,370,True,False,True,False,False,334,53,53,True
1586,460,461,True,False,False,True,False,354,66,66,True
1587,409,423,True,False,False,False,False,341,59,61,True
1588,387,396,True,False,True,False,False,304,56,57,True
1589,367,394,True,False,False,False,False,317,53,57,True
1590,349,351,True,False,True,False,False,439,50,51,True
1591,526,527,True,False,False,False,False,389,76,76,True
1592,394,415,True,False,False,False,False,327,57,60,True
1593,367,374,True,False,False,False,False,368,53,54,True
1594,354,373,True,False,False,False,False,1252,51,54,False
1595,404,405,True,False,True,False,False,343,58,58,True
1597,349,365,True,False,False,False,False,319,50,53,True
1599,353,367,True,False,False,False,False,340,51,53,True
1600,366,387,True,False,False,False,False,319,53,56,True
1601,352,363,True,False,False,False,False,31401,51,52,True
1602,373,376,True,False,True,False,False,334,54,54,True
1605,355,371,True,False,False,False,False,1039,51,53,False
1606,349,481,True,False,False,False,False,318,50,69,True
1607,355,361,True,False,False,True,False,439,51,52,True
1608,372,391,True,False,False,False,False,412,54,56,True
1609,378,383,True,False,True,False,False,412,54,55,True
1612,349,354,True,False,True,False,False,329,50,51,True
1614,492,497,True,False,False,False,False,445,71,71,True
1615,349,354,True,False,False,False,False,396,50,51,True
1616,359,360,True,False,False,False,False,374,52,52,True
1617,366,370,True,False,False,True,False,311,53,53,True
1618,433,434,True,False,False,True,False,406,62,62,True
1619,370,372,True,False,False,False,False,422,53,54,True
1620,434,438,True,False,True,True,False,31401,62,63,True
1622,384,392,True,False,False,False,False,31742,55,56,True
1623,489,519,True,False,False,False,False,340,70,75,True
1624,388,390,True,False,False,False,False,297,56,56,True
1625,349,403,True,False,False,False,False,298,50,58,False
1627,349,388,True,False,False,False,False,330,50,56,True
1628,349,679,True,False,False,False,False,352,50,97,False
1631,367,368,True,False,True,False,False,293,53,53,True
1632,351,378,True,False,False,False,False,367,51,54,True
1633,424,425,True,False,True,True,False,32004,61,61,True
1634,377,378,True,False,True,False,False,372,54,54,True
1637,349,392,True,False,False,False,False,367,50,56,True
1638,399,401,True,False,False,False,False,446,57,58,True
1639,369,376,True,False,False,True,False,441,53,54,True
1640,354,360,True,False,True,False,False,406,51,52,True
1642,367,369,True,False,False,True,False,292,53,53,True
1643,353,445,True,False,False,False,False,361,51,64,True
1646,367,369,True,False,False,False,False,2971,53,53,False
1648,413,418,True,False,False,True,False,368,59,60,True
1649,353,387,True,False,False,False,False,367,51,56,True
1650,437,439,True,False,False,False,False,311,63,63,True
1651,405,407,True,False,False,False,False,32004,58,59,True
1652,529,533,True,False,False,False,False,438,76,77,True
1653,399,400,True,False,True,False,False,381,57,58,True
1654,405,409,True,False,False,False,False,388,58,59,True
1658,360,373,True,False,False,False,False,292,52,54,True
1659,360,361,True,False,False,False,False,295,52,52,True
1660,404,464,True,False,False,False,False,381,58,67,True
1661,359,377,True,False,False,False,False,388,52,54,True
1662,369,373,True,False,True,False,False,400,53,54,True
1663,350,360,True,False,False,False,False,406,50,52,True
1665,353,361,True,False,False,False,False,292,51,52,True
1666,349,363,True,False,False,False,False,31582,50,52,True
1667,403,413,True,False,False,True,False,327,58,59,True
1668,468,487,True,False,False,False,False,439,67,70,True
1671,349,359,True,False,False,True,False,31401,50,52,True
1672,349,354,True,False,False,False,False,360,50,51,True
1673,357,364,True,False,True,False,False,295,51,52,True
1675,527,529,True,False,True,True,False,3235,76,76,False
1676,385,393,True,False,False,False,False,321,55,57,True
1677,354,357,True,False,True,True,False,32004,51,51,True
1678,349,363,True,False,False,False,False,370,50,52,True
1680,377,395,True,False,False,False,False,346,54,57,True
1681,422,521,True,False,False,True,False,319,61,75,True
1683,356,370,True,False,False,False,False,296,51,53,True
1685,358,371,True,False,False,False,False,293,52,53,True
1687,371,375,True,False,False,False,False,439,53,54,True
1689,361,365,True,False,False,False,False,31401,52,53,True
1690,367,371,True,False,False,False,False,319,53,53,True
1691,402,411,True,False,False,False,False,363,58,59,True
1692,390,392,True,False,False,False,False,330,56,56,True
1693,558,559,True,False,True,False,False,356,80,80,True
1694,491,496,True,False,True,True,False,396,71,71,True
1695,349,355,True,False,False,False,False,289,50,51,True
1696,387,398,True,False,False,False,False,439,56,57,True
1697,349,368,True,False,False,False,False,346,50,53,True
1700,349,353,True,False,False,False,False,360,50,51,True
1701,391,431,True,False,False,False,False,412,56,62,True
1703,351,369,True,False,False,False,False,297,51,53,True
1705,386,389,True,False,False,True,False,445,56,56,True
1707,354,355,True,False,True,True,False,320,51,51,True
1708,398,403,True,False,False,False,False,327,57,58,True
1709,385,387,True,False,False,False,False,338,55,56,True
1710,537,539,True,False,True,True,True,367,77,77,True
1715,427,439,True,False,False,False,False,396,61,63,True
1716,369,379,True,False,False,False,False,367,53,55,True
1717,378,385,True,False,False,False,False,320,54,55,True
1718,349,531,True,False,False,False,False,356,50,76,True
1719,392,446,True,False,False,False,False,293,56,64,True
1720,350,354,True,False,False,False,False,324,50,51,True
1722,349,353,True,False,True,False,False,296,50,51,True
1723,349,358,True,False,False,False,False,367,50,52,True
1724,349,355,True,False,False,False,False,317,50,51,True
1726,426,427,True,False,False,True,True,380,61,61,True
1729,352,356,True,False,False,True,False,356,51,51,True
1730,388,392,True,False,False,False,False,335,56,56,True
1731,349,356,True,False,False,True,False,321,50,51,True
1732,365,384,True,False,False,True,False,359,53,55,True
1735,350,354,True,False,False,False,False,388,50,51,True
1736,491,506,True,False,False,False,False,318,71,73,True
1738,457,465,True,False,False,False,False,401,66,67,True
1739,353,370,True,False,False,False,False,31642,51,53,True
1740,492,495,True,False,False,False,False,381,71,71,True
1742,457,458,True,False,False,True,False,304,66,66,True
1745,461,466,True,False,False,False,False,292,66,67,True
1746,524,577,True,False,False,False,False,31782,75,83,True
1747,367,371,True,False,False,True,False,433,53,53,True
1748,392,404,True,False,False,False,False,436,56,58,True
1749,366,377,True,False,False,False,False,32004,53,54,True
1751,389,390,True,False,False,False,False,356,56,56,True
1752,404,407,True,False,False,True,False,297,58,59,True
1753,349,354,True,False,False,False,False,345,50,51,True
1754,351,360,True,False,False,True,False,343,51,52,True
1755,349,379,True,False,False,False,False,401,50,55,False
1756,349,359,True,False,False,True,False,361,50,52,True
1758,554,555,True,False,False,False,False,288,80,80,True
1759,362,364,True,False,False,False,False,368,52,52,True
1762,358,361,True,False,True,False,False,286,52,52,True
1763,374,375,True,False,False,False,False,441,54,54,True
1764,360,365,True,False,True,False,False,327,52,53,True
1765,478,494,True,False,False,False,False,346,69,71,True
1767,387,389,True,False,True,True,False,410,56,56,True
1768,556,567,True,False,False,False,False,370,80,81,True
1769,368,369,True,False,True,True,False,319,53,53,True
1770,425,429,True,False,True,False,False,432,61,62,True
1772,349,355,True,False,False,True,False,372,50,51,True
1773,355,367,True,False,False,False,False,442,51,53,True
1774,365,377,True,False,False,False,False,356,53,54,True
1775,516,517,True,False,True,False,False,432,74,74,True
1776,352,353,True,False,True,False,False,324,51,51,True
1777,400,408,True,False,False,False,False,374,58,59,True
1778,398,401,True,False,True,True,False,346,57,58,True
1779,390,396,True,False,False,False,False,421,56,57,True
1780,349,382,True,False,False,False,False,319,50,55,True
1781,385,403,True,False,False,False,False,367,55,58,True
1782,349,359,True,False,False,False,False,324,50,52,True
1783,349,401,True,False,False,True,False,367,50,58,True
1784,402,413,True,False,False,False,False,404,58,59,True
1785,438,443,True,False,False,False,False,339,63,64,True
1787,349,350,True,False,False,False,False,403,50,50,True
1788,431,432,True,False,True,True,False,367,62,62,True
1790,416,419,True,False,False,False,False,427,60,60,True
1791,358,359,True,False,False,False,False,391,52,52,True
1792,349,590,True,False,False,True,False,372,50,85,True
1793,373,377,True,False,False,False,False,360,54,54,True
1794,449,455,True,False,False,False,False,31642,65,65,True
1795,369,370,True,False,True,False,False,31782,53,53,True
1796,349,352,True,False,False,False,False,343,50,51,True
1797,512,534,True,False,False,True,False,322,74,77,True
1798,406,413,True,False,False,False,False,333,58,59,True
1799,369,378,True,False,False,False,False,391,53,54,True
1800,349,376,True,False,False,False,False,429,50,54,True
1801,349,379,True,False,False,False,False,389,50,55,True
1802,479,481,True,False,False,False,False,401,69,69,True
1803,349,351,True,False,True,True,False,338,50,51,True
1804,394,395,True,False,True,True,False,362,57,57,True
1805,349,361,True,False,False,False,False,309,50,52,True
1806,407,415,True,False,False,True,False,424,59,60,True
1807,356,358,True,False,True,False,False,401,51,52,True
1808,367,377,True,False,False,True,False,421,53,54,True
1809,349,350,True,False,False,False,False,330,50,50,True
1810,349,366,True,False,False,False,False,299,50,53,True
1812,396,407,True,False,False,False,False,31582,57,59,True
1814,349,365,True,False,False,False,False,1210,50,53,False
1816,361,362,True,False,False,False,False,432,52,52,True
1817,349,353,True,False,False,False,False,295,50,51,True
1819,428,430,True,False,False,False,False,412,62,62,True
1820,354,357,True,False,False,False,False,321,51,51,True
1821,349,350,True,False,False,False,False,362,50,50,True
1822,349,351,True,False,True,False,False,31862,50,51,True
1823,431,436,True,False,True,True,False,402,62,63,True
1824,386,397,True,False,False,False,False,318,56,57,True
1825,349,370,True,False,False,True,False,384,50,53,True
1826,364,369,True,False,False,False,False,427,52,53,True
1828,349,369,True,False,True,True,False,442,50,53,True
1829,361,362,True,False,True,False,False,445,52,52,True
1831,357,362,True,False,False,False,False,438,51,52,True
1832,422,423,True,False,False,False,False,438,61,61,True
1833,404,412,True,False,False,True,False,298,58,59,True
1834,350,351,True,False,False,False,False,324,50,51,True
1835,389,399,True,False,True,True,False,402,56,57,True
1836,352,363,True,False,False,False,False,299,51,52,True
1838,368,376,True,False,False,False,False,427,53,54,True
1839,390,393,True,False,False,False,False,420,56,57,True
1841,382,402,True,False,False,False,False,293,55,58,True
1842,367,425,True,False,False,False,False,346,53,61,True
1844,358,365,True,False,False,False,False,320,52,53,True
1845,414,415,True,False,True,True,False,406,60,60,True
1847,376,377,True,False,False,False,False,315,54,54,True
1848,406,469,True,False,True,True,False,406,58,67,True
1849,426,428,True,False,False,True,False,339,61,62,True
1850,362,372,True,False,True,False,False,375,52,54,True
1851,349,358,True,False,False,False,False,401,50,52,True
1852,386,392,True,False,True,True,False,367,56,56,True
1853,351,355,True,False,False,False,False,321,51,51,False
1854,365,372,True,False,True,False,False,367,53,54,True
1856,349,353,True,False,False,True,False,420,50,51,True
1858,521,524,True,False,False,False,False,391,75,75,True
1859,368,399,True,False,False,False,False,31862,53,57,True
1860,349,423,True,False,False,False,False,293,50,61,True
1861,364,385,True,False,False,True,False,292,52,55,True
1862,365,366,True,False,False,False,False,388,53,53,True
1864,395,396,True,False,True,False,False,319,57,57,True
1865,509,513,True,False,True,True,False,433,73,74,True
1867,349,417,True,False,False,False,False,341,50,60,True
1868,370,372,True,False,False,False,False,366,53,54,True
1869,385,389,True,False,False,False,False,438,55,56,True
1870,349,354,True,False,False,False,False,31642,50,51,False
1871,381,403,True,False,False,False,False,324,55,58,False
1872,351,358,True,False,False,False,False,375,51,52,True
1873,349,353,True,False,False,True,False,361,50,51,True
1874,349,359,True,False,False,False,False,363,50,52,True
1877,393,402,True,False,False,False,False,335,57,58,True
1879,433,438,True,False,False,True,False,315,62,63,True
1880,349,355,True,False,False,False,False,300,50,51,True
1881,404,412,True,False,False,False,False,367,58,59,True
1883,352,353,True,False,False,True,False,401,51,51,True
1886,354,396,True,False,False,False,False,317,51,57,False
1887,441,442,True,False,False,False,False,292,63,64,True
1889,353,371,True,False,False,False,False,369,51,53,True
1891,349,371,True,False,False,False,False,361,50,53,True
1892,359,360,True,False,True,False,False,421,52,52,True
1894,365,370,True,False,False,False,False,389,53,53,True
1895,366,423,True,False,False,True,False,443,53,61,False
1896,349,375,True,False,False,False,False,362,50,54,True
1898,349,417,True,False,False,False,False,384,50,60,True
1900,349,371,True,False,True,False,False,329,50,53,True
1901,351,354,True,False,True,False,False,319,51,51,True
1903,366,371,True,False,False,False,False,363,53,53,True
1904,367,393,True,False,False,False,False,364,53,57,True
1905,349,363,True,False,False,False,False,391,50,52,True
1906,364,369,True,False,True,False,False,372,52,53,True
1907,356,358,True,False,True,False,False,369,51,52,True
1908,349,434,True,False,False,False,False,359,50,62,True
1911,378,380,True,False,False,False,False,436,54,55,True
1912,377,381,True,False,False,False,False,424,54,55,True
1913,379,437,True,False,False,False,False,427,55,63,True
1914,365,367,True,False,False,True,False,448,53,53,True
1915,353,361,True,True,False,False,False,369,51,52,False
1916,349,371,True,False,False,True,False,446,50,53,True
1917,359,363,True,False,True,True,False,32004,52,52,True
1918,349,358,True,False,False,False,False,361,50,52,True
1919,373,400,True,False,False,True,False,384,54,58,True
1920,397,406,True,False,False,False,False,299,57,58,True
1921,349,365,True,False,False,False,False,358,50,53,True
1922,349,354,True,False,False,False,False,334,50,51,True
1923,402,409,True,False,False,False,False,448,58,59,True
1924,358,359,True,False,False,False,False,31642,52,52,True
1925,354,358,True,False,False,False,False,327,51,52,True
1926,406,409,True,False,False,False,False,372,58,59,True
1927,367,375,True,False,False,False,False,381,53,54,True
1929,398,399,True,False,False,False,False,441,57,57,True
1930,354,361,True,False,False,False,False,364,51,52,True
1931,423,425,True,False,False,False,False,313,61,61,True
1933,359,369,True,False,False,True,False,322,52,53,True
1936,351,353,True,False,False,False,False,361,51,51,True
1938,354,398,True,False,False,False,False,338,51,57,True
1939,362,385,True,False,False,False,False,408,52,55,True
1940,376,386,True,False,False,False,False,340,54,56,True
1941,420,427,True,False,False,False,False,321,60,61,True
1942,349,353,True,False,False,False,False,448,50,51,True
1943,392,394,True,False,True,True,False,329,56,57,True
1944,395,400,True,False,True,True,False,361,57,58,True
1946,437,447,True,False,False,False,False,400,63,64,True
1947,378,380,True,False,True,False,False,32004,54,55,True
1948,384,397,True,False,False,False,False,427,55,57,True
1953,374,380,True,False,False,False,False,372,54,55,True
1954,446,449,True,False,False,True,False,339,64,65,True
1955,357,358,True,False,True,True,False,388,51,52,True
1956,349,450,True,False,False,False,False,330,50,65,True
1958,464,469,True,False,False,False,False,346,67,67,True
1959,349,377,True,False,False,True,False,323,50,54,True
1960,369,375,True,False,False,False,False,341,53,54,True
1961,349,421,True,False,False,True,False,364,50,61,True
1962,349,372,True,False,False,False,False,401,50,54,True
1963,389,392,True,False,False,False,False,427,56,56,True
1964,374,409,True,False,False,False,False,424,54,59,True
1965,408,415,True,False,False,True,False,323,59,60,True
1966,473,476,True,False,False,False,False,320,68,68,True
1967,463,513,True,False,False,False,False,445,67,74,True
1969,455,457,True,False,False,True,False,356,65,66,True
1970,356,362,True,False,False,False,False,297,51,52,False
1971,380,382,True,False,True,False,False,310,55,55,True
1972,367,370,True,False,False,False,False,31642,53,53,True
1973,349,434,True,False,False,False,False,402,50,62,True
1974,371,376,True,True,True,False,False,317,53,54,True
1975,370,372,True,False,True,False,False,448,53,54,True
1976,357,359,True,False,False,False,False,441,51,52,True
1977,461,486,True,False,False,False,False,343,66,70,False
1978,368,369,True,False,False,True,False,321,53,53,True
1979,370,377,True,False,False,False,False,31862,53,54,True
1980,356,361,True,False,False,False,False,438,51,52,True
1981,351,358,True,False,False,False,False,424,51,52,True
1982,392,393,True,False,False,False,False,319,56,57,True
1983,349,376,True,False,False,False,False,327,50,54,True
1985,373,375,True,False,True,False,False,359,54,54,True
1987,486,495,True,False,False,False,False,2888,70,71,False
1988,368,370,True,False,False,True,False,384,53,53,True
1989,457,458,True,False,False,True,False,343,66,66,True
1990,448,451,True,False,False,True,False,321,64,65,True
1991,404,407,True,False,False,False,False,363,58,59,True
1992,381,397,True,False,False,False,False,396,55,57,False
1993,375,382,True,False,False,False,False,391,54,55,True
1994,349,360,True,False,False,False,False,401,50,52,False
1995,349,362,True,False,True,False,False,292,50,52,True
1996,369,371,True,False,False,False,False,304,53,53,True
1997,407,414,True,False,False,False,False,367,59,60,True
1998,363,364,True,False,False,True,False,288,52,52,True
1999,349,374,True,False,False,False,False,360,50,54,True
2000,357,362,True,False,False,False,False,402,51,52,True
2001,349,403,True,False,False,False,False,381,50,58,True
2002,349,368,True,False,False,True,False,320,50,53,True
2004,366,367,True,False,True,False,False,31782,53,53,True
2005,398,408,True,False,False,False,False,298,57,59,True
2006,349,362,True,False,False,True,False,31582,50,52,True
2007,385,386,True,False,True,True,False,424,55,56,True
2010,349,616,True,False,False,False,False,300,50,88,True
2011,354,356,True,False,False,False,False,447,51,51,True
2012,368,369,True,False,True,False,False,306,53,53,True
2013,382,400,True,False,False,False,False,333,55,58,True
2014,350,482,True,False,False,True,False,292,50,69,True
2015,429,431,True,False,True,True,False,296,62,62,True
2016,386,389,True,False,False,False,False,339,56,56,True
2018,349,351,True,False,False,False,False,402,50,51,True
2019,406,407,True,False,True,False,False,442,58,59,True
2020,412,413,True,False,True,True,False,396,59,59,True
2021,382,386,True,False,False,False,False,443,55,56,True
2022,354,355,True,False,True,False,False,438,51,51,True
2023,352,356,True,False,False,False,False,404,51,51,True
2024,349,352,True,False,False,False,False,317,50,51,True
2027,453,457,True,False,False,True,False,372,65,66,True
2028,352,354,True,False,False,False,False,424,51,51,True
2029,349,377,True,False,False,False,False,346,50,54,True
2030,388,398,True,False,False,False,False,404,56,57,True
2032,463,485,True,False,False,False,False,306,67,70,True
2035,362,373,True,False,False,False,False,289,52,54,True
2036,358,363,True,False,False,False,False,369,52,52,True
2037,444,448,True,False,False,True,False,389,64,64,True
2038,349,373,True,False,False,False,False,352,50,54,True
2040,363,368,True,False,False,False,False,408,52,53,True
2042,488,493,True,False,False,True,True,31782,70,71,True
2043,433,443,True,False,False,False,False,295,62,64,True
2044,378,383,True,False,False,False,False,356,54,55,True
2045,362,481,True,False,False,False,False,424,52,69,False
2046,369,375,True,False,False,True,False,359,53,54,True
2047,388,391,True,False,False,True,False,310,56,56,True
2050,349,355,True,False,False,True,False,432,50,51,True
2051,349,384,True,True,True,True,False,358,50,55,True
2053,353,369,True,False,False,False,False,321,51,53,True
2054,398,418,True,False,False,False,False,296,57,60,True
2055,374,376,True,False,False,False,False,381,54,54,True
2056,349,358,True,False,False,False,False,341,50,52,True
2057,349,359,True,False,False,False,False,338,50,52,True
2058,394,395,True,False,False,False,False,367,57,57,True
2059,383,392,True,False,False,False,False,448,55,56,True
2061,391,405,True,False,False,False,False,324,56,58,True
2062,367,369,True,False,True,True,False,372,53,53,True
2063,372,400,True,False,False,False,False,333,54,58,True
2064,355,359,True,False,False,False,False,367,51,52,True
2065,387,391,True,False,False,False,False,424,56,56,True
2066,357,362,True,False,False,False,False,295,51,52,True
2069,349,363,True,False,False,False,False,360,50,52,True
2070,444,445,True,False,False,True,False,311,64,64,True
2073,349,354,True,False,False,False,False,403,50,51,True
2074,378,406,True,False,False,False,False,345,54,58,True
2076,360,361,True,False,True,True,False,429,52,52,True
2077,355,357,True,False,False,False,False,365,51,51,True
2078,349,365,True,False,False,True,False,343,50,53,True
2079,366,383,True,False,True,True,False,438,53,55,True
2080,349,361,True,False,True,False,False,343,50,52,True
2081,349,435,True,False,False,True,False,358,50,63,True
2082,349,351,True,False,False,False,False,361,50,51,True
2083,499,503,True,False,True,False,False,315,72,72,True
2084,349,353,True,False,False,False,False,354,50,51,True
2085,358,359,True,False,True,False,False,335,52,52,True
2086,351,352,True,False,False,False,False,436,51,51,True
2087,350,351,True,False,True,False,False,345,50,51,True
2088,349,357,True,False,False,True,False,304,50,51,True
2089,360,386,True,False,False,False,False,401,52,56,False
2090,405,443,True,False,False,False,False,319,58,64,True
2092,369,370,True,False,False,False,False,310,53,53,True
2095,424,428,True,False,False,True,False,292,61,62,True
2096,349,410,True,False,False,False,False,311,50,59,True
2097,470,473,True,False,True,False,False,403,68,68,True
2100,377,388,True,False,False,False,False,311,54,56,True
2102,386,388,True,False,False,False,False,450,56,56,True
2103,349,354,True,False,False,False,False,420,50,51,False
2105,349,490,True,False,False,False,False,446,50,70,True
2106,349,359,True,True,False,False,False,367,50,52,True
2107,368,371,True,False,False,False,False,317,53,53,True
2108,359,364,True,False,False,False,False,427,52,52,True
2111,351,354,True,False,False,True,False,403,51,51,True
2112,353,354,True,False,False,False,False,321,51,51,True
2114,441,442,True,False,False,True,False,343,63,64,True
2115,352,358,True,False,True,False,False,406,51,52,True
2116,360,366,True,False,True,True,False,333,52,53,True
2117,419,421,True,False,False,True,False,355,60,61,True
2118,387,396,True,False,False,False,False,330,56,57,True
2119,368,378,True,False,False,False,False,341,53,54,True
2120,381,385,True,False,False,False,False,136,55,55,False
2121,371,372,True,False,False,False,False,343,53,54,True
2123,457,458,True,False,False,True,False,408,66,66,True
2124,349,352,True,False,False,True,False,318,50,51,True
2126,454,457,True,False,False,False,False,334,65,66,True
2128,351,371,True,False,False,False,False,31762,51,53,True
2129,381,382,True,False,True,True,False,355,55,55,True
2130,363,375,True,False,False,False,False,429,52,54,True
2131,353,354,True,False,True,False,False,368,51,51,True
2132,351,417,True,False,False,False,False,319,51,60,False
2133,354,358,True,False,True,False,False,362,51,52,True
2134,408,411,True,False,True,False,False,320,59,59,True
2135,388,400,True,False,False,False,False,32004,56,58,True
2137,448,449,True,False,False,True,False,732,64,65,False
2138,367,381,True,False,False,False,False,427,53,55,True
2139,381,382,True,False,False,False,False,421,55,55,True
2141,352,359,True,False,False,True,False,450,51,52,True
2142,497,499,True,False,True,True,False,335,71,72,True
2145,373,375,True,False,False,False,False,31582,54,54,True
2146,352,365,True,False,False,True,False,389,51,53,True
2147,393,396,True,False,False,False,False,356,57,57,True
2148,349,368,True,False,False,True,False,311,50,53,True
2149,402,411,True,False,False,True,False,375,58,59,True
2151,349,498,True,False,False,False,False,366,50,72,True
2153,383,389,True,False,False,False,False,368,55,56,True
2154,442,444,True,False,False,False,False,438,64,64,False
2158,349,351,True,False,False,False,False,334,50,51,True
2159,353,365,True,False,False,False,False,337,51,53,True
2164,415,705,False,True,False,True,False,402,60,101,True
2166,349,352,True,True,False,False,False,311,50,51,False
2167,352,358,True,False,False,False,False,356,51,52,True
2168,408,409,True,False,True,False,False,306,59,59,True
2170,516,531,True,False,True,True,False,421,74,76,True
2171,400,413,True,False,False,True,False,316,58,59,True
2172,351,359,True,False,False,False,False,439,51,52,True
2174,368,381,True,False,False,False,False,420,53,55,True
2176,349,351,True,False,False,False,False,2946,50,51,False
2178,502,513,True,False,False,True,False,343,72,74,True
2179,440,442,True,False,False,True,False,365,63,64,True
2180,377,380,True,False,False,False,False,292,54,55,True
2181,366,412,True,False,False,True,False,401,53,59,True
2182,354,356,True,False,False,True,False,3262,51,51,False
2183,407,410,True,False,False,False,False,370,59,59,True
2184,356,360,True,False,True,False,False,362,51,52,True
2185,399,400,True,False,True,True,False,327,57,58,True
2186,384,386,True,False,False,False,False,433,55,56,True
2187,349,355,True,False,False,False,False,443,50,51,True
2189,355,369,True,False,False,False,False,380,51,53,True
2190,375,376,True,False,True,False,False,323,54,54,True
2192,349,397,True,False,False,False,False,401,50,57,True
2193,357,362,True,False,True,True,False,292,51,52,True
2194,363,364,True,False,True,True,False,32004,52,52,True
2195,349,364,True,False,False,False,False,334,50,52,True
2196,481,486,True,False,False,False,False,361,69,70,True
2197,349,383,True,False,False,False,False,401,50,55,True
2198,364,365,True,False,False,False,False,372,52,53,True
2200,498,499,True,False,True,True,False,334,72,72,True
2202,356,388,True,False,False,False,False,424,51,56,False
2203,362,363,True,False,False,False,False,367,52,52,True
2204,369,370,True,False,False,False,False,367,53,53,True
2205,371,403,True,False,False,False,False,31642,53,58,True
2206,366,371,True,False,False,False,False,446,53,53,True
2207,394,397,True,False,True,False,False,337,57,57,True
2208,354,362,True,False,True,True,False,441,51,52,True
2209,357,370,True,False,True,False,False,369,51,53,True
2210,397,409,True,False,False,False,False,318,57,59,True
2211,531,532,True,False,False,True,False,450,76,76,True
2212,349,358,True,False,False,False,False,340,50,52,True
2213,358,395,True,False,False,True,False,439,52,57,True
2215,378,381,True,False,False,False,False,402,54,55,True
2217,370,378,True,False,False,True,False,330,53,54,True
2222,385,391,True,False,False,False,False,374,55,56,True
2223,349,377,True,False,False,True,False,381,50,54,True
2225,370,372,True,False,False,False,False,446,53,54,True
2226,353,355,True,False,True,False,False,369,51,51,True
2227,349,354,True,False,True,False,False,391,50,51,True
2228,404,406,True,False,False,False,False,362,58,58,True
2229,349,364,True,False,False,False,False,32004,50,52,False
2230,349,371,True,False,False,False,False,374,50,53,True
2231,349,353,True,False,False,False,False,367,50,51,True
2232,453,474,True,False,False,False,False,443,65,68,True
2233,349,350,True,False,True,True,False,369,50,50,True
2234,393,396,True,False,True,False,False,316,57,57,True
2235,360,367,True,False,False,False,False,375,52,53,True
2236,349,352,True,False,False,False,False,448,50,51,True
2237,433,434,True,False,False,True,False,429,62,62,True
2238,349,350,True,False,False,False,False,340,50,50,True
2240,384,392,True,False,False,True,False,410,55,56,True
2241,545,550,True,False,False,False,False,296,78,79,True
2242,349,369,True,False,False,False,False,327,50,53,True
2244,374,377,True,False,False,False,False,372,54,54,True
2245,355,363,True,False,False,False,False,380,51,52,True
2247,381,408,True,False,False,False,False,364,55,59,True
2250,413,417,True,False,False,False,False,381,59,60,True
2252,452,453,True,False,False,False,False,323,65,65,True
2257,427,428,True,False,False,False,False,315,61,62,True
2258,463,474,True,False,False,False,False,433,67,68,True
2260,349,367,True,False,True,False,False,372,50,53,True
2261,479,480,True,False,True,True,False,429,69,69,True
2262,377,378,True,False,False,False,False,446,54,54,False
2263,361,363,True,False,False,True,False,31401,52,52,True
2264,371,376,True,False,True,False,False,442,53,54,True
2266,472,477,True,False,True,False,False,381,68,69,True
2267,369,414,True,False,False,False,False,379,53,60,True
2268,349,374,True,False,False,False,False,335,50,54,True
2269,435,438,True,False,False,True,False,356,63,63,True
2270,374,381,True,False,False,True,False,372,54,55,True
2271,539,557,True,False,False,False,False,436,77,80,True
2273,411,440,True,False,False,True,False,402,59,63,True
2274,349,399,True,False,False,True,False,329,50,57,True
2276,356,362,True,False,False,False,False,292,51,52,True
2277,366,370,True,False,True,False,False,296,53,53,True
2278,367,368,True,False,False,False,False,439,53,53,True
2279,505,509,True,False,False,False,False,367,73,73,True
2280,369,373,True,False,True,True,False,438,53,54,True
2282,349,353,True,False,False,False,False,333,50,51,True
2284,367,378,True,False,True,False,False,432,53,54,True
2285,349,446,True,False,False,False,False,367,50,64,True
2286,349,423,True,False,False,False,False,443,50,61,True
2287,349,410,True,False,False,False,False,403,50,59,True
2288,349,361,True,False,False,False,False,414,50,52,True
2289,356,358,True,False,False,False,False,31742,51,52,True
2290,373,394,True,False,False,False,False,345,54,57,True
2291,357,389,True,False,False,False,False,402,51,56,True
2293,353,356,True,False,False,False,False,404,51,51,True
2294,353,357,True,False,True,True,False,362,51,51,True
2295,426,428,True,False,True,True,False,403,61,62,True
2296,386,390,True,False,True,False,False,368,56,56,True
2297,388,390,True,False,False,False,False,446,56,56,False
2298,354,358,True,False,False,False,False,421,51,52,True
2299,349,359,True,False,False,False,False,446,50,52,True
2300,360,363,True,False,False,False,False,362,52,52,True
2301,409,411,True,False,True,True,False,313,59,59,True
2302,384,386,True,False,False,False,False,404,55,56,True
2303,354,364,True,False,False,False,False,32004,51,52,True
2304,349,443,True,False,False,False,False,433,50,64,True
2305,378,380,True,False,True,True,False,414,54,55,True
2307,431,432,True,False,True,True,False,346,62,62,True
2310,369,376,True,False,False,False,False,297,53,54,True
2311,393,412,True,False,False,False,False,323,57,59,True
2312,358,363,True,False,True,False,False,442,52,52,True
2314,494,495,True,False,True,False,False,450,71,71,True
2316,350,361,True,False,False,True,False,322,50,52,False
2317,406,409,True,False,True,True,False,372,58,59,True
2318,350,352,True,False,True,True,False,381,50,51,True
2319,349,368,True,False,False,False,False,427,50,53,True
2322,420,423,True,False,True,True,False,369,60,61,True
2324,356,358,True,False,False,True,False,32004,51,52,True
2327,437,444,True,False,False,True,False,341,63,64,True
2328,358,360,True,False,True,True,False,406,52,52,True
2329,353,356,True,False,False,False,False,427,51,51,True
2330,393,394,True,False,False,False,False,327,57,57,True
2331,541,548,True,False,False,True,False,341,78,79,True
2334,359,360,True,False,True,True,False,356,52,52,True
2336,349,355,True,False,False,True,False,293,50,51,True
2337,399,400,True,False,True,True,False,354,57,58,True
2338,356,361,True,False,False,False,False,380,51,52,True
2340,429,430,True,False,False,False,False,345,62,62,True
2341,350,354,True,False,True,True,False,439,50,51,True
2343,371,377,True,False,False,True,False,369,53,54,True
2344,353,358,True,False,False,False,False,410,51,52,True
2345,419,510,True,False,False,True,False,374,60,73,True
2346,473,514,True,False,False,False,False,341,68,74,True
2348,349,630,True,False,False,False,False,439,50,90,True
2349,349,357,True,False,False,False,False,380,50,51,True
2350,457,469,True,False,False,True,False,363,66,67,True
2351,534,535,True,False,True,True,False,406,77,77,True
2354,356,357,True,False,False,False,False,361,51,51,True
2356,363,373,True,False,False,True,False,356,52,54,True
2357,349,372,True,False,False,False,False,321,50,54,False
2358,349,357,True,False,False,False,False,306,50,51,True
2359,373,376,True,False,False,False,False,300,54,54,True
2360,377,378,True,False,True,True,False,323,54,54,True
2361,474,476,True,False,False,False,False,333,68,68,True
2362,349,361,True,False,False,False,False,300,50,52,True
2363,380,383,True,False,False,False,False,295,55,55,False
2364,361,363,True,False,True,False,False,673,52,52,False
2366,461,469,True,False,False,False,False,422,66,67,True
2367,427,437,True,False,True,True,False,310,61,63,True
2369,375,378,True,False,False,False,False,406,54,54,True
2370,364,367,True,False,False,False,False,406,52,53,True
2371,352,357,True,False,False,True,False,31642,51,51,True
2372,365,372,True,False,False,False,False,448,53,54,True
2373,377,384,True,False,False,False,False,2975,54,55,False
2374,387,392,True,False,True,False,False,381,56,56,True
2375,360,363,True,False,False,False,False,364,52,52,True
2376,524,527,True,False,False,True,False,341,75,76,True
2377,405,411,True,False,False,False,False,361,58,59,True
2378,365,366,True,False,False,False,False,401,53,53,True
2379,361,371,True,False,False,False,False,367,52,53,True
2381,354,357,True,False,False,False,False,367,51,51,True
2382,412,419,True,False,False,False,False,375,59,60,True
2385,415,417,True,False,False,True,False,310,60,60,True
2386,354,374,True,False,False,False,False,443,51,54,True
2388,376,397,True,False,False,True,False,369,54,57,True
2389,457,468,True,False,False,False,False,296,66,67,True
2390,360,379,True,False,False,False,False,298,52,55,True
2391,349,369,True,False,False,False,False,341,50,53,True
2393,533,538,True,False,False,False,False,447,77,77,True
2394,381,396,True,False,False,False,False,321,55,57,True
2395,390,397,True,False,True,True,False,31782,56,57,True
2396,375,608,True,False,False,False,False,321,54,87,True
2398,349,382,True,False,False,False,False,304,50,55,True
2400,349,352,True,False,True,False,False,318,50,51,True
2405,377,384,True,False,False,False,False,318,54,55,True
2406,454,466,True,False,False,True,False,402,65,67,True
2407,391,392,True,False,False,False,False,429,56,56,True
2408,359,471,True,False,False,False,False,322,52,68,True
2410,452,457,True,False,False,True,False,315,65,66,True
2411,392,419,True,False,False,True,False,363,56,60,True
2412,382,383,True,False,True,False,False,292,55,55,True
2415,349,406,True,False,False,False,False,446,50,58,True
2416,411,413,True,False,False,True,False,364,59,59,True
2418,382,458,True,False,False,False,False,298,55,66,True
2419,390,393,True,False,False,False,False,335,56,57,True
2420,355,362,True,False,False,True,False,319,51,52,True
2421,349,351,True,False,True,False,False,400,50,51,True
2423,508,532,True,False,False,True,False,355,73,76,True
2424,423,427,True,False,False,True,False,31742,61,61,True
2425,432,433,True,False,True,True,False,389,62,62,True
2427,377,378,True,False,True,True,False,292,54,54,True
2429,358,372,True,False,False,True,False,356,52,54,True
2430,398,410,True,False,False,True,False,334,57,59,True
2431,389,407,True,False,False,False,False,340,56,59,True
2432,431,436,True,False,False,True,False,356,62,63,True
2433,361,375,True,False,False,False,False,443,52,54,True
2434,392,399,True,False,False,False,False,313,56,57,True
2436,417,497,True,False,False,False,False,433,60,71,True
2437,376,378,True,False,True,False,False,32004,54,54,True
2438,350,368,True,False,False,False,False,721,50,53,False
2439,349,354,True,False,False,False,False,446,50,51,True
2440,388,408,True,False,False,False,False,300,56,59,True
2441,349,350,True,False,False,True,False,356,50,50,True
2442,349,388,True,False,False,False,False,370,50,56,True
2443,388,392,True,True,False,True,False,432,56,56,True
2445,350,365,True,False,True,True,False,315,50,53,True
2446,440,443,True,False,False,True,False,3001,63,64,False
2447,349,357,True,False,True,False,False,359,50,51,True
2448,357,367,True,False,True,True,False,362,51,53,True
2449,384,393,True,False,True,False,False,315,55,57,True
2450,349,360,True,False,False,False,False,375,50,52,True
2451,364,368,True,False,True,True,False,299,52,53,True
2452,353,358,True,False,False,True,False,297,51,52,True
2453,385,405,True,False,False,True,False,32004,55,58,True
2456,350,362,True,False,False,False,False,289,50,52,True
2457,361,363,True,False,False,True,False,32004,52,52,True
2458,349,355,True,False,False,False,False,446,50,51,True
2459,402,403,True,False,True,True,False,292,58,58,True
2462,479,481,True,False,True,True,True,403,69,69,True
2464,389,405,True,False,False,False,False,2882,56,58,False
2465,358,368,True,False,False,False,False,297,52,53,True
2466,393,417,True,False,False,True,False,343,57,60,True
2467,361,362,True,False,True,False,False,436,52,52,True
2468,436,438,True,False,False,False,False,310,63,63,True
2469,403,473,True,False,False,False,False,324,58,68,False
2470,357,362,True,False,False,False,False,304,51,52,True
2471,380,385,True,False,False,False,False,374,55,55,True
2474,351,354,True,False,False,False,False,309,51,51,True
2475,349,353,True,False,False,False,False,450,50,51,True
2477,360,430,True,False,False,True,False,375,52,62,True
2478,372,378,True,False,False,False,False,356,54,54,True
2479,396,397,True,False,True,True,False,406,57,57,True
2481,358,380,True,False,False,True,False,436,52,55,True
2482,354,374,True,False,False,False,False,379,51,54,True
2484,456,459,True,False,True,False,False,382,66,66,True
2485,349,353,True,False,False,False,False,370,50,51,True
2487,366,394,True,False,False,False,False,330,53,57,True
2488,368,369,True,False,False,False,False,324,53,53,True
2490,368,373,True,False,False,False,False,31642,53,54,True
2491,349,350,True,False,False,False,False,389,50,50,True
2492,349,358,True,False,False,False,False,384,50,52,True
2493,356,357,True,True,False,True,False,382,51,51,True
2494,368,399,True,False,False,False,False,333,53,57,True
2497,349,350,True,False,True,False,False,32004,50,50,True
2498,351,352,True,False,False,False,False,309,51,51,True
2499,349,355,True,False,False,False,False,447,50,51,True
