household_key,alert_day,week,high_value
2,360,52,False
2,447,64,False
2,504,72,False
2,557,80,False
3,349,50,False
3,386,56,False
3,420,60,False
3,461,66,False
3,490,70,False
3,545,78,False
4,405,58,False
4,448,64,False
4,494,71,False
4,523,75,False
5,363,52,False
5,509,73,False
6,427,61,True
6,471,68,True
6,495,71,True
6,519,75,True
6,551,79,True
7,354,51,False
7,471,68,False
7,499,72,False
8,380,55,False
8,409,59,False
8,485,70,False
8,518,74,False
13,405,58,True
13,521,75,True
13,552,79,True
14,421,61,False
14,466,67,False
14,491,71,False
14,522,75,False
16,447,64,False
16,533,77,False
16,553,79,False
17,368,53,False
17,395,57,False
17,421,61,False
17,433,62,False
17,452,65,False
17,479,69,False
17,529,76,False
17,551,79,False
18,366,53,True
18,470,68,True
18,549,79,True
19,364,52,True
23,373,54,False
23,407,59,False
23,421,61,False
23,484,70,False
23,554,80,False
24,349,50,False
24,365,53,False
24,394,57,False
25,349,50,False
26,349,50,False
26,356,51,False
26,370,53,False
26,420,60,False
26,459,66,False
26,471,68,False
26,504,72,False
26,510,73,False
26,534,77,False
26,554,80,False
27,382,55,False
28,359,52,False
28,369,53,False
28,388,56,False
28,427,61,False
28,455,65,False
28,487,70,False
28,519,75,False
28,532,76,False
29,353,51,False
29,387,56,False
29,416,60,False
29,434,62,False
29,454,65,False
29,473,68,False
29,507,73,False
29,528,76,False
32,371,53,False
32,408,59,False
32,431,62,False
32,494,71,False
32,513,74,False
32,523,75,False
32,539,77,False
32,553,79,False
33,365,53,False
33,429,62,False
33,476,68,False
34,349,50,False
34,425,61,False
34,497,71,False
35,386,56,False
35,498,72,False
35,547,79,False
36,349,50,False
36,362,52,False
36,368,53,False
36,375,54,False
36,385,55,False
36,452,65,False
36,469,67,False
36,482,69,False
36,515,74,False
37,361,52,False
37,456,66,False
37,493,71,False
37,516,74,False
37,553,79,False
38,385,55,False
38,442,64,False
38,485,70,False
39,349,50,False
39,372,54,False
39,397,57,False
39,418,60,False
39,441,63,False
39,474,68,False
40,434,62,True
40,450,65,True
40,458,66,True
41,396,57,False
42,528,76,False
43,378,54,False
43,415,60,False
43,427,61,False
43,480,69,False
43,512,74,False
43,532,76,False
45,351,51,False
45,380,55,False
45,404,58,False
45,440,63,False
45,517,74,False
46,379,55,True
46,405,58,True
47,357,51,False
47,409,59,False
47,442,64,False
47,467,67,False
47,483,69,False
47,515,74,False
48,374,54,False
49,364,52,False
49,388,56,False
49,401,58,False
49,458,66,False
49,540,78,False
49,554,80,False
51,360,52,False
51,451,65,False
51,511,73,False
51,535,77,False
52,402,58,False
52,413,59,False
52,429,62,False
52,468,67,False
52,483,69,False
52,495,71,False
52,519,75,False
52,545,78,False
53,367,53,False
53,453,65,False
53,523,75,False
55,413,59,False
55,439,63,False
55,456,66,False
55,477,69,False
55,487,70,False
55,499,72,False
55,531,76,False
55,548,79,False
56,502,72,True
57,349,50,False
57,367,53,False
57,383,55,False
57,412,59,False
57,458,66,False
57,470,68,False
57,493,71,False
57,509,73,False
57,529,76,False
57,538,77,False
58,353,51,True
58,366,53,True
58,397,57,True
58,447,64,True
58,484,70,True
58,521,75,True
58,529,76,True
59,349,50,False
59,383,55,False
59,410,59,False
59,466,67,False
59,495,71,False
59,522,75,False
59,544,78,False
63,359,52,False
63,406,58,False
63,448,64,False
63,495,71,False
63,543,78,False
64,380,55,False
64,411,59,False
64,446,64,False
64,466,67,False
64,494,71,False
64,541,78,False
64,557,80,False
65,357,51,False
65,396,57,False
65,484,70,False
66,349,50,False
66,438,63,False
66,473,68,False
67,352,51,True
67,425,61,True
67,447,64,True
67,527,76,True
68,361,52,False
68,456,66,False
68,537,77,False
68,548,79,False
69,388,56,True
69,418,60,True
69,432,62,True
70,358,52,False
70,371,53,False
70,399,57,False
70,420,60,False
70,477,69,False
70,539,77,False
71,373,54,False
71,450,65,False
71,472,68,False
71,491,71,False
71,504,72,False
71,540,78,False
72,438,63,True
72,524,75,True
72,545,78,True
73,365,53,False
73,379,55,False
73,392,56,False
73,412,59,False
73,422,61,False
73,431,62,False
73,442,64,False
73,479,69,False
73,521,75,False
74,478,69,False
74,511,73,False
75,399,57,False
75,441,63,False
75,489,70,False
75,558,80,False
77,429,62,False
77,463,67,False
77,479,69,False
77,504,72,False
77,549,79,False
78,370,53,False
78,459,66,False
78,471,68,False
78,479,69,False
78,490,70,False
78,510,73,False
78,522,75,False
78,531,76,False
78,552,79,False
79,383,55,False
79,479,69,False
80,492,71,False
81,369,53,True
81,379,55,True
81,389,56,True
81,455,65,True
81,474,68,True
81,502,72,True
81,525,75,True
81,551,79,True
82,465,67,False
82,488,70,False
82,527,76,False
83,368,53,False
83,388,56,False
83,407,59,False
83,427,61,False
83,447,64,False
83,475,68,False
83,493,71,False
83,531,76,False
83,557,80,False
84,399,57,False
85,410,59,False
85,457,66,False
85,464,67,False
85,486,70,False
85,495,71,False
85,501,72,False
85,522,75,False
85,533,77,False
85,541,78,False
85,553,79,False
86,374,54,False
86,515,74,False
88,373,54,True
88,408,59,True
88,430,62,True
88,485,70,True
88,502,72,True
92,412,59,False
92,493,71,False
93,435,63,False
93,520,75,False
95,397,57,False
95,409,59,False
95,430,62,False
95,437,63,False
95,451,65,False
95,461,66,False
95,486,70,False
95,508,73,False
95,518,74,False
95,538,77,False
96,358,52,False
96,420,60,False
97,351,51,False
97,410,59,False
97,506,73,False
97,536,77,False
98,384,55,False
98,461,66,False
98,489,70,False
98,510,73,False
98,548,79,False
99,379,55,True
99,412,59,True
99,449,65,True
99,536,77,True
101,381,55,False
101,460,66,False
101,479,69,False
101,507,73,False
101,537,77,False
101,549,79,False
103,349,50,False
103,387,56,False
103,416,60,False
103,431,62,False
103,464,67,False
103,533,77,False
104,414,60,False
104,478,69,False
104,496,71,False
104,508,73,False
104,536,77,False
104,554,80,False
105,416,60,False
105,467,67,False
105,484,70,False
105,524,75,False
107,349,50,False
107,377,54,False
108,360,52,False
108,382,55,False
108,417,60,False
108,448,64,False
108,464,67,False
108,490,70,False
108,504,72,False
108,548,79,False
109,431,62,False
109,478,69,False
109,497,71,False
110,352,51,False
110,385,55,False
110,412,59,False
110,420,60,False
110,442,64,False
110,452,65,False
110,477,69,False
110,501,72,False
110,509,73,False
110,531,76,False
110,540,78,False
110,557,80,False
111,364,52,False
111,417,60,False
111,499,72,False
113,460,66,True
113,557,80,True
114,349,50,False
114,370,53,False
114,467,67,False
115,418,60,True
116,349,50,False
116,363,52,False
116,377,54,False
116,397,57,False
116,446,64,False
116,464,67,False
116,521,75,False
116,544,78,False
116,556,80,False
117,420,60,False
117,439,63,False
117,555,80,False
119,357,51,False
119,376,54,False
119,389,56,False
119,397,57,False
119,414,60,False
119,446,64,False
119,460,66,False
119,473,68,False
119,486,70,False
119,513,74,False
119,522,75,False
119,537,77,False
119,545,78,False
121,351,51,False
121,363,52,False
121,395,57,False
121,404,58,False
121,427,61,False
121,443,64,False
121,479,69,False
121,488,70,False
121,500,72,False
121,513,74,False
121,523,75,False
121,544,78,False
122,349,50,False
122,386,56,False
122,449,65,False
122,521,75,False
122,550,79,False
123,382,55,False
123,422,61,False
123,445,64,False
123,502,72,False
123,531,76,False
123,550,79,False
124,384,55,False
124,404,58,False
124,451,65,False
124,505,73,False
125,382,55,True
125,389,56,True
125,408,59,True
125,429,62,True
125,452,65,True
125,477,69,True
125,550,79,True
126,349,50,False
126,417,60,False
126,458,66,False
126,533,77,False
127,367,53,False
127,387,56,False
127,398,57,False
127,419,60,False
127,425,61,False
127,438,63,False
127,446,64,False
127,453,65,False
127,467,67,False
127,497,71,False
127,503,72,False
127,511,73,False
127,543,78,False
127,558,80,False
131,390,56,True
131,402,58,True
131,410,59,True
131,417,60,True
131,424,61,True
131,432,62,True
131,453,65,True
131,465,67,True
131,491,71,True
131,504,72,True
131,534,77,True
132,383,55,False
132,469,67,False
132,483,69,False
132,525,75,False
133,422,61,False
133,482,69,False
134,377,54,False
134,399,57,False
134,456,66,False
134,497,71,False
135,364,52,False
135,385,55,False
135,452,65,False
135,470,68,False
136,349,50,False
136,383,55,False
136,496,71,False
137,368,53,False
137,446,64,False
137,467,67,False
137,517,74,False
138,362,52,False
138,395,57,False
140,349,50,False
140,380,55,False
140,393,57,False
140,420,60,False
140,439,63,False
140,469,67,False
140,515,74,False
140,551,79,False
141,363,52,False
141,386,56,False
141,416,60,False
141,469,67,False
141,491,71,False
141,549,79,False
142,353,51,False
142,386,56,False
142,527,76,False
142,540,78,False
143,376,54,True
143,387,56,True
143,399,57,True
143,421,61,True
143,436,63,True
143,446,64,True
143,474,68,True
143,499,72,True
143,517,74,True
143,522,75,True
143,531,76,True
143,553,79,True
144,357,51,False
144,389,56,False
144,402,58,False
144,417,60,False
144,427,61,False
144,443,64,False
144,460,66,False
144,475,68,False
144,486,70,False
144,504,72,False
144,529,76,False
144,546,78,False
145,434,62,False
145,494,71,False
146,361,52,False
146,384,55,False
146,398,57,False
146,460,66,False
146,480,69,False
146,530,76,False
147,367,53,False
147,395,57,False
147,436,63,False
147,536,77,False
148,372,54,False
148,484,70,False
149,349,50,True
149,392,56,True
149,434,62,True
149,449,65,True
149,463,67,True
149,525,75,True
151,377,54,False
151,557,80,False
152,374,54,False
152,413,59,False
152,520,75,False
152,557,80,False
153,410,59,False
153,435,63,False
153,537,77,False
154,349,50,False
154,359,52,False
154,447,64,False
154,475,68,False
154,511,73,False
155,407,59,False
155,450,65,False
155,496,71,False
156,372,54,True
156,380,55,True
156,392,56,True
156,400,58,True
156,407,59,True
156,412,59,True
156,428,62,True
156,447,64,True
156,497,71,True
156,514,74,True
156,520,75,True
156,542,78,True
156,554,80,True
157,351,51,False
157,384,55,False
157,395,57,False
157,418,60,False
157,431,62,False
157,449,65,False
157,462,66,False
157,477,69,False
157,505,73,False
157,519,75,False
157,532,76,False
158,362,52,False
158,393,57,False
158,495,71,False
158,509,73,False
159,349,50,False
159,364,52,False
159,419,60,False
159,465,67,False
159,509,73,False
159,524,75,False
159,555,80,False
160,349,50,False
160,369,53,False
160,385,55,False
160,415,60,False
160,464,67,False
160,496,71,False
160,541,78,False
161,349,50,False
161,383,55,False
161,407,59,False
161,438,63,False
161,454,65,False
161,465,67,False
161,537,77,False
162,373,54,False
162,445,64,False
162,536,77,False
164,369,53,False
165,349,50,False
165,373,54,False
165,441,63,False
165,453,65,False
165,508,73,False
165,531,76,False
166,350,50,False
166,405,58,False
166,430,62,False
166,450,65,False
166,477,69,False
166,491,71,False
166,502,72,False
166,550,79,False
168,382,55,False
168,417,60,False
168,488,70,False
168,554,80,False
169,349,50,False
169,452,65,False
169,479,69,False
170,375,54,False
170,452,65,False
171,359,52,False
171,422,61,False
171,474,68,False
171,546,78,False
172,362,52,False
172,406,58,False
172,427,61,False
172,462,66,False
172,496,71,False
172,532,76,False
174,349,50,False
174,458,66,False
174,506,73,False
176,349,50,False
176,431,62,False
176,554,80,False
179,454,65,False
179,510,73,False
179,545,78,False
180,355,51,False
180,394,57,False
180,418,60,False
180,437,63,False
180,452,65,False
180,460,66,False
180,482,69,False
180,492,71,False
180,514,74,False
180,523,75,False
180,536,77,False
181,349,50,False
181,456,66,False
183,425,61,False
183,455,65,False
183,478,69,False
183,552,79,False
184,371,53,True
184,397,57,True
184,461,66,True
184,503,72,True
184,538,77,True
184,547,79,True
185,360,52,False
185,446,64,False
185,488,70,False
185,521,75,False
185,551,79,False
187,349,50,False
187,397,57,False
187,450,65,False
187,506,73,False
188,349,50,False
188,399,57,False
189,349,50,False
189,374,54,False
189,407,59,False
190,360,52,False
190,425,61,False
190,452,65,False
190,482,69,False
190,513,74,False
190,537,77,False
192,353,51,False
192,396,57,False
193,353,51,False
193,439,63,False
193,467,67,False
193,490,70,False
193,507,73,False
193,548,79,False
194,349,50,False
194,389,56,False
194,403,58,False
194,460,66,False
194,480,69,False
194,496,71,False
194,520,75,False
195,383,55,False
195,417,60,False
195,440,63,False
195,467,67,False
195,517,74,False
195,550,79,False
196,352,51,True
196,425,61,True
196,443,64,True
196,453,65,True
196,464,67,True
196,481,69,True
196,536,77,True
196,557,80,True
197,349,50,False
197,539,77,False
198,353,51,True
198,393,57,True
198,405,58,True
198,412,59,True
198,416,60,True
198,420,60,True
198,425,61,True
198,436,63,True
198,440,63,True
198,447,64,True
198,455,65,True
198,465,67,True
198,473,68,True
198,490,70,True
198,497,71,True
198,510,73,True
198,514,74,True
198,524,75,True
198,538,77,True
198,547,79,True
198,554,80,True
199,349,50,False
199,395,57,False
199,420,60,False
199,445,64,False
199,500,72,False
199,534,77,False
202,364,52,False
202,454,65,False
202,512,74,False
203,349,50,False
203,396,57,False
203,421,61,False
203,471,68,False
203,523,75,False
204,353,51,False
204,413,59,False
204,471,68,False
204,511,73,False
205,478,69,False
205,499,72,False
208,545,78,False
209,396,57,True
209,505,73,True
210,360,52,False
210,428,62,False
210,452,65,False
210,494,71,False
210,504,72,False
210,543,78,False
211,358,52,False
211,393,57,False
211,431,62,False
212,375,54,False
212,392,56,False
212,403,58,False
212,477,69,False
212,538,77,False
215,371,53,False
215,384,55,False
215,455,65,False
215,483,69,False
215,555,80,False
216,349,50,False
216,376,54,False
216,441,63,False
216,494,71,False
217,384,55,False
217,525,75,False
218,401,58,True
218,415,60,True
218,472,68,True
218,507,73,True
218,524,75,True
218,536,77,True
218,553,79,True
219,396,57,True
219,543,78,True
220,376,54,False
220,424,61,False
220,493,71,False
220,532,76,False
222,377,54,True
222,397,57,True
222,448,64,True
222,482,69,True
222,520,75,True
222,555,80,True
223,360,52,False
223,377,54,False
223,397,57,False
223,440,63,False
223,495,71,False
223,520,75,False
223,549,79,False
224,350,50,False
224,464,67,False
224,476,68,False
224,489,70,False
224,501,72,False
224,518,74,False
224,547,79,False
225,363,52,False
225,414,60,False
225,441,63,False
225,482,69,False
225,515,74,False
225,553,79,False
226,353,51,False
226,390,56,False
226,421,61,False
227,361,52,False
228,349,50,False
228,411,59,False
228,434,62,False
230,400,58,False
230,416,60,False
230,441,63,False
232,358,52,True
232,365,53,True
232,374,54,True
232,379,55,True
232,386,56,True
232,395,57,True
232,408,59,True
232,414,60,True
232,432,62,True
232,447,64,True
232,455,65,True
232,465,67,True
232,469,67,True
232,477,69,True
232,493,71,True
232,497,71,True
232,506,73,True
232,516,74,True
232,522,75,True
232,530,76,True
232,535,77,True
232,541,78,True
232,548,79,True
234,349,50,False
234,493,71,False
234,556,80,False
235,349,50,True
235,379,55,True
235,387,56,True
235,447,64,True
235,455,65,True
235,464,67,True
235,476,68,True
235,492,71,True
235,511,73,True
235,520,75,True
235,549,79,True
236,354,51,False
236,432,62,False
236,530,76,False
236,546,78,False
238,354,51,False
238,430,62,False
240,349,50,False
240,481,69,False
242,349,50,True
242,410,59,True
242,467,67,True
242,508,73,True
242,536,77,True
243,480,69,True
243,514,74,True
243,556,80,True
244,349,50,False
245,381,55,False
245,428,62,False
246,358,52,False
246,422,61,False
246,495,71,False
246,543,78,False
248,397,57,True
248,473,68,True
249,349,50,False
249,362,52,False
249,379,55,False
249,431,62,False
249,498,72,False
249,544,78,False
251,349,50,False
251,386,56,False
251,490,70,False
251,526,76,False
253,368,53,True
253,388,56,True
253,402,58,True
253,419,60,True
253,430,62,True
253,464,67,True
253,476,68,True
253,483,69,True
253,502,72,True
253,514,74,True
253,526,76,True
254,491,71,False
256,379,55,True
256,426,61,True
256,527,76,True
257,370,53,False
258,406,58,False
258,428,62,False
258,463,67,False
258,486,70,False
258,498,72,False
258,525,75,False
258,553,79,False
260,411,59,False
260,458,66,False
260,490,70,False
261,349,50,False
261,489,70,False
261,522,75,False
261,547,79,False
262,350,50,True
262,358,52,True
262,363,52,True
262,371,53,True
262,377,54,True
262,385,55,True
262,391,56,True
262,398,57,True
262,405,58,True
262,413,59,True
262,420,60,True
262,427,61,True
262,435,63,True
262,447,64,True
262,454,65,True
262,462,66,True
262,469,67,True
262,513,74,True
262,523,75,True
262,532,76,True
263,446,64,True
263,530,76,True
264,349,50,False
264,413,59,False
264,511,73,False
264,551,79,False
265,349,50,False
265,361,52,False
265,393,57,False
265,418,60,False
265,460,66,False
265,502,72,False
265,543,78,False
266,349,50,False
266,383,55,False
266,429,62,False
266,494,71,False
266,523,75,False
269,351,51,False
269,374,54,False
269,415,60,False
269,465,67,False
271,349,50,False
271,396,57,False
271,426,61,False
271,448,64,False
271,477,69,False
271,526,76,False
271,548,79,False
273,351,51,False
273,398,57,False
273,420,60,False
273,457,66,False
273,471,68,False
273,506,73,False
273,539,77,False
275,505,73,False
276,433,62,False
276,469,67,False
276,524,75,False
276,539,77,False
278,425,61,False
278,479,69,False
279,368,53,False
279,544,78,False
280,469,67,False
280,553,79,False
281,455,65,False
281,499,72,False
282,382,55,False
282,552,79,False
283,353,51,False
283,462,66,False
283,491,71,False
284,368,53,False
284,415,60,False
284,460,66,False
285,359,52,False
285,371,53,False
285,386,56,False
285,416,60,False
285,461,66,False
285,514,74,False
285,547,79,False
286,467,67,False
286,498,72,False
287,392,56,False
287,403,58,False
287,417,60,False
287,443,64,False
287,479,69,False
287,501,72,False
287,509,73,False
287,517,74,False
287,548,79,False
287,557,80,False
288,387,56,False
288,439,63,False
288,462,66,False
289,359,52,False
289,391,56,False
289,405,58,False
289,424,61,False
289,444,64,False
289,459,66,False
289,487,70,False
289,508,73,False
289,516,74,False
289,539,77,False
289,554,80,False
290,512,74,False
292,362,52,False
292,370,53,False
292,390,56,False
292,411,59,False
292,439,63,False
292,456,66,False
292,510,73,False
292,518,74,False
292,529,76,False
293,535,77,False
293,554,80,False
294,352,51,False
294,374,54,False
294,416,60,False
294,456,66,False
294,465,67,False
294,485,70,False
294,492,71,False
294,508,73,False
294,534,77,False
294,544,78,False
294,555,80,False
297,349,50,False
297,380,55,False
297,392,56,False
297,418,60,False
297,436,63,False
297,453,65,False
297,471,68,False
297,491,71,False
297,500,72,False
297,528,76,False
297,536,77,False
297,551,79,False
300,356,51,True
300,380,55,True
300,389,56,True
300,414,60,True
300,427,61,True
300,446,64,True
300,470,68,True
300,492,71,True
300,511,73,True
300,526,76,True
300,551,79,True
302,359,52,False
302,381,55,False
302,402,58,False
302,454,65,False
302,473,68,False
303,374,54,False
303,437,63,False
304,350,50,True
304,429,62,True
304,472,68,True
304,519,75,True
305,349,50,False
305,391,56,False
305,430,62,False
305,468,67,False
305,524,75,False
305,552,79,False
306,517,74,False
307,538,77,False
308,367,53,False
308,522,75,False
309,471,68,False
311,464,67,False
312,460,66,False
317,378,54,True
317,447,64,True
317,557,80,True
318,423,61,False
318,512,74,False
318,547,79,False
319,389,56,False
319,410,59,False
319,450,65,False
319,533,77,False
321,383,55,True
321,422,61,True
321,439,63,True
321,464,67,True
321,513,74,True
321,556,80,True
322,349,50,False
322,362,52,False
322,383,55,False
322,405,58,False
322,457,66,False
322,472,68,False
322,493,71,False
322,533,77,False
324,369,53,True
324,437,63,True
325,361,52,False
325,472,68,False
325,512,74,False
327,349,50,False
327,424,61,False
328,494,71,True
331,399,57,False
331,451,65,False
331,534,77,False
332,412,59,False
332,446,64,False
332,463,67,False
332,500,72,False
333,349,50,False
333,422,61,False
333,462,66,False
334,359,52,False
334,382,55,False
334,404,58,False
334,413,59,False
334,433,62,False
334,469,67,False
334,494,71,False
334,499,72,False
334,505,73,False
334,512,74,False
334,531,76,False
334,536,77,False
334,548,79,False
334,555,80,False
335,500,72,False
335,524,75,False
335,535,77,False
336,349,50,False
336,365,53,False
336,430,62,False
336,485,70,False
336,542,78,False
337,355,51,False
337,383,55,False
337,408,59,False
337,460,66,False
337,482,69,False
337,516,74,False
338,395,57,False
338,485,70,False
338,533,77,False
339,401,58,False
339,469,67,False
339,516,74,False
340,393,57,False
340,501,72,False
341,349,50,False
341,434,62,False
341,463,67,False
341,477,69,False
341,505,73,False
341,546,78,False
342,381,55,False
342,467,67,False
343,477,69,False
343,529,76,False
344,349,50,False
344,367,53,False
344,401,58,False
344,417,60,False
344,459,66,False
344,554,80,False
345,403,58,False
345,469,67,False
345,505,73,False
346,523,75,False
349,349,50,False
349,448,64,False
349,467,67,False
349,529,76,False
350,358,52,False
350,383,55,False
350,444,64,False
350,467,67,False
350,500,72,False
350,553,79,False
351,379,55,True
351,406,58,True
351,437,63,True
351,447,64,True
351,546,78,True
353,349,50,False
353,377,54,False
353,405,58,False
353,431,62,False
353,507,73,False
354,354,51,True
354,365,53,True
354,376,54,True
354,412,59,True
354,444,64,True
354,455,65,True
354,515,74,True
354,530,76,True
354,554,80,True
356,349,50,False
356,356,51,False
356,362,52,False
356,381,55,False
356,390,56,False
356,408,59,False
356,420,60,False
356,429,62,False
356,439,63,False
356,448,64,False
356,453,65,False
356,464,67,False
356,468,67,False
356,489,70,False
356,499,72,False
356,505,73,False
356,522,75,False
356,550,79,False
358,382,55,True
358,394,57,True
358,404,58,True
358,489,70,True
360,365,53,False
360,523,75,False
361,386,56,True
361,396,57,True
361,419,60,True
361,534,77,True
364,355,51,False
364,401,58,False
364,429,62,False
364,468,67,False
364,495,71,False
364,510,73,False
365,375,54,True
365,411,59,True
365,428,62,True
365,446,64,True
365,458,66,True
365,485,70,True
365,505,73,True
365,533,77,True
365,550,79,True
366,379,55,False
366,400,58,False
366,421,61,False
366,469,67,False
366,494,71,False
366,537,77,False
368,349,50,False
368,376,54,False
368,405,58,False
369,385,55,False
369,439,63,False
369,478,69,False
369,558,80,False
370,349,50,False
370,399,57,False
370,460,66,False
371,382,55,True
371,464,67,True
374,362,52,True
374,371,53,True
374,383,55,True
374,394,57,True
374,403,58,True
374,411,59,True
374,441,63,True
374,459,66,True
374,472,68,True
374,502,72,True
374,552,79,True
376,391,56,True
376,402,58,True
376,412,59,True
376,481,69,True
376,527,76,True
376,532,76,True
376,538,77,True
376,543,78,True
377,356,51,False
377,369,53,False
377,403,58,False
377,422,61,False
377,449,65,False
377,484,70,False
377,539,77,False
378,456,66,True
380,366,53,True
380,513,74,True
381,349,50,False
381,367,53,False
381,482,69,False
381,500,72,False
381,543,78,False
382,407,59,False
382,540,78,False
383,548,79,True
384,349,50,False
384,505,73,False
384,530,76,False
385,450,65,False
386,349,50,False
386,367,53,False
386,381,55,False
386,427,61,False
386,438,63,False
386,498,72,False
386,510,73,False
386,522,75,False
386,537,77,False
387,364,52,True
387,382,55,True
387,391,56,True
387,418,60,True
387,426,61,True
387,469,67,True
387,515,74,True
387,524,75,True
387,551,79,True
388,378,54,False
388,461,66,False
388,510,73,False
388,548,79,False
389,392,56,True
389,483,69,True
389,493,71,True
389,502,72,True
389,519,75,True
389,534,77,True
389,545,78,True
390,363,52,False
390,398,57,False
390,412,59,False
390,430,62,False
390,454,65,False
390,490,70,False
390,523,75,False
390,546,78,False
393,391,56,False
393,479,69,False
393,496,71,False
393,508,73,False
393,547,79,False
394,381,55,False
394,542,78,False
395,365,53,False
395,418,60,False
395,461,66,False
395,491,71,False
396,398,57,False
396,417,60,False
396,430,62,False
396,449,65,False
396,479,69,False
396,536,77,False
397,370,53,True
397,383,55,True
397,480,69,True
397,494,71,True
397,507,73,True
397,521,75,True
398,372,54,False
398,460,66,False
398,557,80,False
400,381,55,True
400,402,58,True
400,416,60,True
400,444,64,True
400,458,66,True
400,492,71,True
401,349,50,False
401,409,59,False
401,442,64,False
401,484,70,False
401,531,76,False
402,442,64,False
402,459,66,False
402,496,71,False
402,513,74,False
402,550,79,False
403,349,50,False
403,393,57,False
403,422,61,False
403,444,64,False
403,489,70,False
403,518,74,False
404,471,68,False
404,526,76,False
404,548,79,False
405,349,50,False
405,373,54,False
405,422,61,False
405,501,72,False
407,349,50,False
407,424,61,False
407,483,69,False
407,501,72,False
407,519,75,False
408,469,67,False
408,556,80,False
409,371,53,False
409,412,59,False
409,453,65,False
409,480,69,False
410,368,53,False
410,380,55,False
410,409,59,False
410,522,75,False
411,361,52,True
411,425,61,True
411,436,63,True
411,473,68,True
411,492,71,True
411,505,73,True
411,522,75,True
411,541,78,True
411,551,79,True
412,378,54,False
412,403,58,False
412,435,63,False
412,479,69,False
412,498,72,False
413,456,66,False
413,487,70,False
413,501,72,False
413,528,76,False
414,378,54,False
414,428,62,False
414,436,63,False
414,453,65,False
414,476,68,False
414,487,70,False
414,496,71,False
414,508,73,False
414,519,75,False
414,531,76,False
414,553,79,False
416,349,50,False
416,382,55,False
416,410,59,False
416,484,70,False
417,350,50,False
417,464,67,False
418,349,50,False
418,361,52,False
418,375,54,False
418,382,55,False
418,395,57,False
418,422,61,False
418,431,62,False
418,448,64,False
418,469,67,False
418,487,70,False
418,528,76,False
418,541,78,False
418,548,79,False
419,349,50,False
419,389,56,False
419,422,61,False
419,495,71,False
419,522,75,False
420,351,51,False
420,375,54,False
420,395,57,False
420,426,61,False
420,441,63,False
420,469,67,False
420,495,71,False
421,349,50,True
421,358,52,True
421,395,57,True
421,403,58,True
421,415,60,True
421,445,64,True
421,460,66,True
421,479,69,True
421,499,72,True
421,509,73,True
421,526,76,True
421,543,78,True
425,424,61,True
425,448,64,True
425,462,66,True
425,510,73,True
426,411,59,True
426,434,62,True
426,495,71,True
426,525,75,True
426,554,80,True
427,364,52,False
427,394,57,False
428,350,50,False
428,398,57,False
428,414,60,False
428,427,61,False
428,449,65,False
428,532,76,False
428,546,78,False
429,405,58,False
429,528,76,False
430,349,50,False
430,392,56,False
430,410,59,False
430,461,66,False
430,472,68,False
430,514,74,False
430,545,78,False
430,552,79,False
431,408,59,False
431,462,66,False
431,541,78,False
432,392,56,False
433,349,50,False
433,362,52,False
433,376,54,False
433,390,56,False
433,426,61,False
433,461,66,False
433,473,68,False
433,505,73,False
433,519,75,False
433,539,77,False
434,542,78,False
435,402,58,False
435,469,67,False
436,385,55,False
436,467,67,False
436,522,75,False
436,554,80,False
437,355,51,True
437,422,61,True
437,465,67,True
437,523,75,True
439,349,50,False
439,357,51,False
441,439,63,False
441,473,68,False
442,402,58,False
442,443,64,False
443,357,51,False
443,395,57,False
443,439,63,False
443,488,70,False
444,349,50,False
444,386,56,False
444,428,62,False
444,461,66,False
444,491,71,False
444,511,73,False
445,356,51,False
445,367,53,False
446,503,72,False
447,375,54,False
447,437,63,False
448,365,53,False
448,429,62,False
448,462,66,False
448,498,72,False
449,349,50,False
449,506,73,False
450,380,55,False
450,407,59,False
450,516,74,False
451,398,57,False
451,425,61,False
453,349,50,False
453,421,61,False
453,451,65,False
454,374,54,True
454,414,60,True
454,476,68,True
454,504,72,True
454,513,74,True
454,539,77,True
456,374,54,True
456,390,56,True
456,412,59,True
456,520,75,True
457,350,50,False
457,371,53,False
457,396,57,False
457,437,63,False
457,449,65,False
457,467,67,False
457,511,73,False
457,519,75,False
457,533,77,False
457,558,80,False
458,527,76,False
458,558,80,False
460,350,50,False
460,385,55,False
460,399,57,False
460,414,60,False
460,443,64,False
460,478,69,False
460,521,75,False
460,539,77,False
461,349,50,False
461,433,62,False
461,498,72,False
462,461,66,False
463,354,51,False
463,364,52,False
463,373,54,False
463,413,59,False
463,430,62,False
463,441,63,False
463,462,66,False
464,395,57,False
464,449,65,False
464,464,67,False
464,526,76,False
465,349,50,False
465,380,55,False
465,396,57,False
465,417,60,False
465,445,64,False
465,467,67,False
465,487,70,False
465,502,72,False
465,555,80,False
467,408,59,False
467,476,68,False
468,368,53,False
468,380,55,False
468,398,57,False
468,415,60,False
468,442,64,False
469,388,56,True
469,399,57,True
469,459,66,True
469,492,71,True
469,531,76,True
470,542,78,False
471,423,61,False
472,382,55,True
472,482,69,True
472,529,76,True
475,349,50,False
475,454,65,False
475,556,80,False
477,349,50,False
477,402,58,False
477,418,60,False
477,468,67,False
477,486,70,False
477,510,73,False
478,400,58,False
478,514,74,False
479,349,50,False
479,373,54,False
479,386,56,False
479,429,62,False
479,491,71,False
479,510,73,False
479,518,74,False
479,532,76,False
479,542,78,False
479,555,80,False
480,373,54,False
480,439,63,False
480,497,71,False
480,538,77,False
481,349,50,False
481,360,52,False
481,432,62,False
481,480,69,False
481,509,73,False
482,349,50,False
482,399,57,False
482,424,61,False
482,489,70,False
482,534,77,False
482,558,80,False
483,506,73,False
484,375,54,False
484,421,61,False
484,446,64,False
484,462,66,False
484,480,69,False
484,503,72,False
484,546,78,False
485,386,56,False
485,453,65,False
485,491,71,False
486,370,53,False
486,398,57,False
489,357,51,False
489,372,54,False
489,399,57,False
489,442,64,False
490,390,56,False
490,447,64,False
490,480,69,False
490,501,72,False
490,540,78,False
491,447,64,False
491,500,72,False
493,353,51,False
493,466,67,False
495,447,64,False
495,499,72,False
497,349,50,False
497,403,58,False
497,437,63,False
497,457,66,False
497,487,70,False
497,524,75,False
497,550,79,False
499,349,50,False
499,541,78,False
499,549,79,False
502,351,51,False
502,386,56,False
502,471,68,False
502,492,71,False
502,513,74,False
503,360,52,False
503,436,63,False
503,541,78,False
507,362,52,False
507,393,57,False
507,434,62,False
507,450,65,False
507,469,67,False
507,506,73,False
507,551,79,False
508,349,50,False
508,379,55,False
508,466,67,False
508,546,78,False
510,356,51,True
510,363,52,True
510,384,55,True
510,431,62,True
510,437,63,True
510,465,67,True
510,480,69,True
510,509,73,True
510,522,75,True
510,550,79,True
511,358,52,False
511,374,54,False
511,470,68,False
511,483,69,False
511,490,70,False
511,529,76,False
511,541,78,False
512,349,50,False
513,381,55,True
513,391,56,True
513,427,61,True
514,473,68,False
514,547,79,False
515,395,57,False
515,451,65,False
515,470,68,False
515,524,75,False
515,556,80,False
517,360,52,False
517,378,54,False
517,438,63,False
517,531,76,False
519,380,55,False
519,427,61,False
519,464,67,False
519,498,72,False
519,537,77,False
520,353,51,False
520,369,53,False
520,399,57,False
520,412,59,False
520,437,63,False
520,457,66,False
520,467,67,False
520,507,73,False
520,540,78,False
521,349,50,False
521,434,62,False
521,500,72,False
521,540,78,False
523,349,50,False
523,362,52,False
523,372,54,False
523,377,54,False
523,402,58,False
523,407,59,False
523,466,67,False
523,476,68,False
523,498,72,False
523,522,75,False
523,526,76,False
523,541,78,False
523,549,79,False
524,349,50,False
524,361,52,False
524,391,56,False
524,436,63,False
524,533,77,False
525,379,55,False
525,436,63,False
526,363,52,False
526,384,55,False
526,418,60,False
526,440,63,False
526,463,67,False
526,477,69,False
526,506,73,False
526,549,79,False
529,412,59,False
529,457,66,False
529,505,73,False
529,534,77,False
530,361,52,False
530,418,60,False
530,447,64,False
530,511,73,False
531,363,52,False
531,405,58,False
531,437,63,False
531,481,69,False
531,509,73,False
531,544,78,False
532,349,50,False
532,444,64,False
532,459,66,False
533,375,54,False
533,415,60,False
533,438,63,False
533,479,69,False
533,512,74,False
533,545,78,False
534,391,56,False
534,402,58,False
534,422,61,False
534,450,65,False
534,457,66,False
534,470,68,False
534,474,68,False
534,526,76,False
534,530,76,False
536,357,51,False
536,368,53,False
536,381,55,False
536,422,61,False
536,457,66,False
536,468,67,False
536,483,69,False
536,515,74,False
536,525,75,False
536,547,79,False
537,362,52,False
537,398,57,False
537,468,67,False
537,489,70,False
538,349,50,False
538,379,55,False
540,421,61,False
540,442,64,False
540,467,67,False
542,402,58,False
542,435,63,False
542,448,64,False
542,462,66,False
542,485,70,False
542,504,72,False
542,519,75,False
544,373,54,False
544,382,55,False
544,393,57,False
544,402,58,False
544,425,61,False
544,436,63,False
544,446,64,False
544,455,65,False
544,467,67,False
544,506,73,False
544,537,77,False
544,556,80,False
545,350,50,False
545,413,59,False
545,453,65,False
545,509,73,False
545,550,79,False
546,364,52,False
546,390,56,False
546,485,70,False
546,519,75,False
546,549,79,False
547,393,57,False
547,417,60,False
547,463,67,False
547,479,69,False
547,515,74,False
547,550,79,False
548,350,50,True
548,366,53,True
548,417,60,True
548,441,63,True
548,456,66,True
548,509,73,True
548,551,79,True
549,354,51,False
549,422,61,False
549,434,62,False
549,440,63,False
549,454,65,False
549,461,66,False
549,475,68,False
549,482,69,False
549,525,75,False
549,533,77,False
550,349,50,False
550,416,60,False
550,453,65,False
550,491,71,False
551,385,55,False
551,407,59,False
551,497,71,False
551,539,77,False
552,478,69,False
553,357,51,True
553,381,55,True
553,392,56,True
553,401,58,True
553,413,59,True
553,462,66,True
553,475,68,True
553,517,74,True
554,469,67,False
555,349,50,False
555,447,64,False
557,455,65,False
558,349,50,False
558,399,57,False
558,419,60,False
558,435,63,False
558,466,67,False
558,492,71,False
558,554,80,False
559,372,54,False
559,426,61,False
559,518,74,False
560,355,51,True
560,363,52,True
560,370,53,True
560,383,55,True
560,403,58,True
560,417,60,True
560,431,62,True
560,451,65,True
560,460,66,True
560,489,70,True
560,530,76,True
560,539,77,True
562,388,56,False
562,494,71,False
562,522,75,False
563,355,51,False
563,399,57,False
563,422,61,False
563,449,65,False
563,525,75,False
564,349,50,False
564,391,56,False
564,423,61,False
564,485,70,False
564,537,77,False
566,355,51,False
566,374,54,False
566,389,56,False
566,401,58,False
566,421,61,False
566,449,65,False
566,481,69,False
566,496,71,False
566,505,73,False
566,521,75,False
567,362,52,False
567,490,70,False
569,378,54,True
569,404,58,True
569,414,60,True
569,443,64,True
569,471,68,True
569,490,70,True
569,510,73,True
569,535,77,True
569,549,79,True
570,360,52,False
570,415,60,False
570,513,74,False
572,349,50,False
572,511,73,False
572,519,75,False
573,451,65,False
573,528,76,False
573,554,80,False
575,373,54,True
575,405,58,True
575,429,62,True
575,436,63,True
575,447,64,True
575,499,72,True
575,510,73,True
575,543,78,True
576,353,51,False
576,364,52,False
576,377,54,False
576,391,56,False
576,401,58,False
576,408,59,False
576,414,60,False
576,424,61,False
576,430,62,False
576,447,64,False
576,458,66,False
576,467,67,False
576,475,68,False
576,484,70,False
576,535,77,False
576,541,78,False
576,549,79,False
576,558,80,False
577,404,58,True
577,449,65,True
577,486,70,True
578,432,62,False
578,511,73,False
579,349,50,False
579,452,65,False
579,486,70,False
579,536,77,False
580,467,67,False
580,523,75,False
582,349,50,True
582,382,55,True
582,395,57,True
582,468,67,True
582,497,71,True
582,524,75,True
583,396,57,False
583,457,66,False
583,498,72,False
583,531,76,False
584,352,51,False
584,382,55,False
584,459,66,False
584,494,71,False
585,360,52,False
585,456,66,False
585,507,73,False
585,551,79,False
586,369,53,False
586,447,64,False
586,476,68,False
587,354,51,False
587,464,67,False
587,544,78,False
588,360,52,True
588,371,53,True
588,377,54,True
588,394,57,True
588,422,61,True
588,449,65,True
588,456,66,True
588,474,68,True
588,489,70,True
588,530,76,True
588,547,79,True
590,349,50,False
590,429,62,False
590,494,71,False
590,501,72,False
590,534,77,False
590,549,79,False
591,373,54,True
591,396,57,True
591,402,58,True
591,431,62,True
591,443,64,True
592,349,50,False
592,383,55,False
592,442,64,False
592,494,71,False
594,372,54,False
594,431,62,False
594,454,65,False
594,467,67,False
594,487,70,False
594,498,72,False
594,508,73,False
594,540,78,False
595,375,54,False
595,495,71,False
595,507,73,False
595,556,80,False
596,362,52,False
596,376,54,False
596,386,56,False
596,403,58,False
596,439,63,False
596,452,65,False
596,479,69,False
596,491,71,False
596,511,73,False
596,529,76,False
596,552,79,False
597,359,52,False
597,373,54,False
597,388,56,False
597,451,65,False
597,511,73,False
598,379,55,False
598,392,56,False
598,436,63,False
598,466,67,False
598,477,69,False
598,512,74,False
598,538,77,False
600,371,53,False
600,408,59,False
600,435,63,False
600,489,70,False
601,389,56,False
603,349,50,False
603,368,53,False
603,375,54,False
603,401,58,False
603,410,59,False
603,432,62,False
603,443,64,False
603,450,65,False
603,463,67,False
603,470,68,False
603,490,70,False
604,349,50,False
605,349,50,False
605,375,54,False
605,390,56,False
605,426,61,False
605,495,71,False
605,518,74,False
605,545,78,False
605,556,80,False
606,357,51,False
606,468,67,False
607,349,50,True
607,412,59,True
607,437,63,True
607,448,64,True
607,465,67,True
607,526,76,True
608,365,53,False
608,371,53,False
608,389,56,False
608,406,58,False
608,416,60,False
608,426,61,False
608,442,64,False
608,455,65,False
608,480,69,False
608,493,71,False
608,502,72,False
608,514,74,False
608,549,79,False
609,349,50,False
609,369,53,False
609,393,57,False
609,466,67,False
611,351,51,False
611,388,56,False
611,456,66,False
611,505,73,False
612,390,56,False
612,423,61,False
612,437,63,False
612,501,72,False
614,450,65,False
618,411,59,False
618,466,67,False
618,480,69,False
618,506,73,False
618,517,74,False
618,539,77,False
621,361,52,False
621,410,59,False
621,452,65,False
621,553,79,False
622,350,50,False
622,369,53,False
622,385,55,False
622,407,59,False
622,432,62,False
622,472,68,False
622,542,78,False
623,402,58,True
623,412,59,True
623,433,62,True
623,466,67,True
623,479,69,True
623,491,71,True
623,545,78,True
624,349,50,False
624,376,54,False
624,403,58,False
624,421,61,False
624,460,66,False
624,478,69,False
624,545,78,False
625,365,53,False
625,414,60,False
625,450,65,False
625,494,71,False
627,349,50,False
627,552,79,False
629,369,53,False
629,449,65,False
629,536,77,False
630,391,56,False
630,403,58,False
630,446,64,False
630,467,67,False
630,481,69,False
630,528,76,False
630,540,78,False
631,404,58,True
631,419,60,True
631,454,65,True
631,484,70,True
632,381,55,False
632,411,59,False
632,479,69,False
632,529,76,False
633,349,50,True
633,373,54,True
633,412,59,True
633,452,65,True
633,495,71,True
633,520,75,True
633,538,77,True
633,554,80,True
634,402,58,False
634,482,69,False
635,349,50,False
635,456,66,False
636,376,54,True
637,478,69,False
637,521,75,False
637,540,78,False
638,386,56,True
638,406,58,True
638,554,80,True
640,394,57,False
640,422,61,False
640,442,64,False
640,486,70,False
641,350,50,True
641,384,55,True
641,426,61,True
641,443,64,True
641,471,68,True
641,512,74,True
641,519,75,True
642,355,51,False
642,408,59,False
642,504,72,False
644,396,57,False
644,407,59,False
644,437,63,False
644,443,64,False
644,473,68,False
644,485,70,False
644,513,74,False
644,527,76,False
644,543,78,False
644,553,79,False
645,358,52,False
645,379,55,False
645,416,60,False
645,443,64,False
645,481,69,False
645,526,76,False
646,349,50,False
646,383,55,False
646,458,66,False
646,495,71,False
646,514,74,False
646,543,78,False
647,366,53,False
647,414,60,False
647,426,61,False
647,461,66,False
647,478,69,False
647,498,72,False
647,542,78,False
649,349,50,False
649,360,52,False
649,377,54,False
649,385,55,False
649,413,59,False
649,437,63,False
649,454,65,False
649,465,67,False
649,475,68,False
649,508,73,False
649,522,75,False
649,542,78,False
650,365,53,False
650,394,57,False
650,410,59,False
650,437,63,False
650,497,71,False
650,528,76,False
650,549,79,False
652,405,58,False
652,505,73,False
653,352,51,True
653,367,53,True
653,404,58,True
653,411,59,True
653,426,61,True
653,436,63,True
653,457,66,True
653,474,68,True
653,503,72,True
653,516,74,True
653,525,75,True
653,547,79,True
654,362,52,False
655,444,64,False
655,535,77,False
656,390,56,False
656,463,67,False
656,515,74,False
656,557,80,False
658,372,54,False
658,428,62,False
658,455,65,False
658,473,68,False
658,510,73,False
658,546,78,False
659,349,50,False
659,359,52,False
659,415,60,False
659,429,62,False
659,456,66,False
659,488,70,False
660,482,69,True
660,496,71,True
660,520,75,True
660,545,78,True
662,349,50,False
662,386,56,False
662,414,60,False
662,449,65,False
662,519,75,False
663,381,55,False
663,493,71,False
663,513,74,False
664,371,53,False
664,435,63,False
664,487,70,False
665,404,58,False
665,543,78,False
666,383,55,False
666,439,63,False
666,453,65,False
666,474,68,False
666,488,70,False
666,536,77,False
666,558,80,False
668,360,52,False
668,405,58,False
668,534,77,False
668,554,80,False
669,365,53,True
669,427,61,True
669,456,66,True
669,496,71,True
670,349,50,False
670,364,52,False
670,381,55,False
670,405,58,False
670,467,67,False
670,492,71,False
672,356,51,False
672,400,58,False
672,485,70,False
672,505,73,False
672,538,77,False
673,349,50,False
673,378,54,False
673,393,57,False
673,483,69,False
673,519,75,False
673,548,79,False
674,390,56,False
674,406,58,False
674,421,61,False
674,440,63,False
674,464,67,False
674,528,76,False
675,428,62,False
675,531,76,False
676,396,57,True
676,414,60,True
676,433,62,True
676,490,70,True
676,520,75,True
676,543,78,True
676,556,80,True
677,365,53,False
677,421,61,False
677,479,69,False
677,501,72,False
677,520,75,False
678,361,52,False
678,383,55,False
678,435,63,False
678,462,66,False
678,481,69,False
678,558,80,False
679,381,55,False
679,389,56,False
679,400,58,False
679,409,59,False
679,437,63,False
679,494,71,False
679,519,75,False
680,361,52,False
680,517,74,False
681,461,66,False
682,349,50,False
682,449,65,False
682,510,73,False
684,370,53,False
684,401,58,False
684,435,63,False
684,472,68,False
684,482,69,False
684,511,73,False
684,542,78,False
684,554,80,False
685,362,52,False
686,367,53,False
686,410,59,False
686,427,61,False
686,457,66,False
686,546,78,False
687,403,58,False
690,355,51,False
690,381,55,False
690,396,57,False
690,424,61,False
690,463,67,False
690,484,70,False
690,492,71,False
690,504,72,False
690,538,77,False
690,555,80,False
691,362,52,False
691,409,59,False
691,436,63,False
691,457,66,False
691,532,76,False
694,349,50,False
694,360,52,False
694,375,54,False
694,384,55,False
694,390,56,False
694,400,58,False
694,423,61,False
694,495,71,False
694,502,72,False
695,391,56,True
695,430,62,True
695,460,66,True
696,379,55,True
696,507,73,True
697,414,60,False
697,540,78,False
698,362,52,False
698,453,65,False
698,496,71,False
698,522,75,False
698,555,80,False
699,349,50,True
699,400,58,True
699,432,62,True
699,462,66,True
699,475,68,True
699,498,72,True
699,518,74,True
699,545,78,True
700,372,54,False
700,521,75,False
702,451,65,True
702,478,69,True
702,520,75,True
703,533,77,True
705,366,53,False
706,377,54,False
706,425,61,False
706,489,70,False
706,527,76,False
706,539,77,False
707,351,51,True
707,377,54,True
707,384,55,True
707,394,57,True
707,457,66,True
707,464,67,True
707,480,69,True
707,491,71,True
707,519,75,True
707,524,75,True
707,529,76,True
707,557,80,True
708,381,55,False
709,349,50,True
709,379,55,True
709,392,56,True
709,438,63,True
709,471,68,True
709,482,69,True
709,498,72,True
709,513,74,True
709,524,75,True
709,552,79,True
710,365,53,False
712,360,52,True
712,422,61,True
712,445,64,True
712,454,65,True
712,469,67,True
712,488,70,True
712,513,74,True
712,520,75,True
712,556,80,True
714,400,58,False
714,418,60,False
714,521,75,False
715,374,54,False
715,548,79,False
716,352,51,False
716,418,60,False
716,433,62,False
716,480,69,False
716,538,77,False
716,556,80,False
717,349,50,False
717,394,57,False
717,442,64,False
717,512,74,False
718,433,62,True
718,460,66,True
718,499,72,True
719,380,55,False
719,471,68,False
719,523,75,False
720,376,54,False
720,449,65,False
721,350,50,False
721,358,52,False
721,414,60,False
721,448,64,False
721,495,71,False
721,553,79,False
722,392,56,True
722,466,67,True
722,529,76,True
725,438,63,False
725,458,66,False
725,480,69,False
725,496,71,False
725,516,74,False
725,557,80,False
726,493,71,False
727,359,52,False
727,387,56,False
727,401,58,False
727,422,61,False
727,465,67,False
727,492,71,False
728,353,51,True
728,368,53,True
728,482,69,True
728,498,72,True
728,508,73,True
728,519,75,True
728,534,77,True
728,541,78,True
729,363,52,False
729,413,59,False
729,508,73,False
729,535,77,False
730,474,68,False
730,512,74,False
730,548,79,False
731,354,51,False
731,372,54,False
731,389,56,False
731,432,62,False
731,439,63,False
731,461,66,False
731,468,67,False
731,481,69,False
731,509,73,False
731,518,74,False
731,538,77,False
732,373,54,False
732,387,56,False
732,416,60,False
732,468,67,False
732,480,69,False
732,504,72,False
732,518,74,False
732,537,77,False
733,395,57,False
733,546,78,False
734,371,53,False
734,497,71,False
735,355,51,False
735,415,60,False
735,452,65,False
735,478,69,False
735,499,72,False
735,517,74,False
735,551,79,False
737,349,50,False
737,405,58,False
737,473,68,False
738,355,51,False
738,375,54,False
738,412,59,False
738,447,64,False
738,505,73,False
738,530,76,False
740,433,62,True
740,453,65,True
740,484,70,True
740,539,77,True
740,555,80,True
741,462,66,False
742,369,53,False
742,373,54,False
742,377,54,False
742,394,57,False
742,448,64,False
742,475,68,False
742,497,71,False
742,503,72,False
742,509,73,False
742,516,74,False
742,530,76,False
742,538,77,False
742,543,78,False
742,548,79,False
743,420,60,False
744,398,57,False
744,437,63,False
744,484,70,False
746,349,50,False
746,382,55,False
746,436,63,False
746,478,69,False
746,502,72,False
747,351,51,False
747,360,52,False
747,403,58,False
747,422,61,False
747,432,62,False
747,448,64,False
747,456,66,False
747,486,70,False
747,503,72,False
747,529,76,False
747,547,79,False
747,556,80,False
748,349,50,False
748,406,58,False
748,428,62,False
748,470,68,False
748,495,71,False
748,515,74,False
748,556,80,False
749,365,53,False
749,408,59,False
749,437,63,False
749,490,70,False
749,524,75,False
751,349,50,False
752,416,60,False
752,428,62,False
752,443,64,False
752,472,68,False
752,528,76,False
753,390,56,False
753,447,64,False
753,520,75,False
754,480,69,False
755,392,56,False
755,459,66,False
755,476,68,False
755,520,75,False
755,539,77,False
755,555,80,False
756,364,52,False
756,508,73,False
757,375,54,False
759,349,50,False
759,383,55,False
759,442,64,False
759,499,72,False
760,385,55,False
760,438,63,False
760,480,69,False
760,528,76,False
761,359,52,True
761,444,64,True
761,464,67,True
761,521,75,True
762,370,53,True
762,381,55,True
762,448,64,True
763,364,52,False
763,396,57,False
763,426,61,False
763,457,66,False
763,487,70,False
763,518,74,False
764,403,58,False
764,442,64,False
765,349,50,False
765,392,56,False
765,443,64,False
765,515,74,False
766,350,50,True
766,436,63,True
766,451,65,True
769,349,50,False
769,463,67,False
769,547,79,False
770,357,51,False
770,393,57,False
770,431,62,False
770,462,66,False
770,502,72,False
770,543,78,False
771,372,54,True
771,470,68,True
771,553,79,True
772,358,52,False
772,442,64,False
772,471,68,False
772,511,73,False
775,361,52,False
775,390,56,False
775,421,61,False
775,471,68,False
775,494,71,False
775,529,76,False
776,368,53,True
776,411,59,True
778,362,52,False
778,404,58,False
778,499,72,False
778,533,77,False
778,551,79,False
779,349,50,False
779,389,56,False
779,461,66,False
779,481,69,False
779,515,74,False
779,537,77,False
779,549,79,False
780,362,52,False
780,405,58,False
780,433,62,False
780,446,64,False
781,400,58,False
781,445,64,False
781,512,74,False
782,382,55,False
782,535,77,False
783,355,51,False
784,361,52,False
784,382,55,False
784,394,57,False
784,419,60,False
784,432,62,False
784,446,64,False
784,461,66,False
784,482,69,False
784,501,72,False
784,553,79,False
785,349,50,False
785,372,54,False
785,397,57,False
785,429,62,False
785,447,64,False
785,506,73,False
786,368,53,True
786,374,54,True
786,381,55,True
786,394,57,True
786,417,60,True
786,431,62,True
786,448,64,True
786,458,66,True
786,476,68,True
786,485,70,True
786,493,71,True
786,507,73,True
786,515,74,True
786,528,76,True
786,549,79,True
787,360,52,False
787,374,54,False
787,445,64,False
787,451,65,False
787,458,66,False
787,465,67,False
787,493,71,False
787,503,72,False
787,515,74,False
787,537,77,False
788,362,52,True
788,386,56,True
788,396,57,True
788,419,60,True
788,455,65,True
788,479,69,True
788,525,75,True
788,542,78,True
792,349,50,False
792,472,68,False
793,354,51,False
793,488,70,False
793,536,77,False
794,374,54,False
794,514,74,False
795,361,52,False
795,405,58,False
795,449,65,False
795,472,68,False
795,511,73,False
796,376,54,False
796,430,62,False
796,534,77,False
797,383,55,False
797,461,66,False
797,480,69,False
797,532,76,False
799,358,52,False
799,399,57,False
799,467,67,False
799,487,70,False
799,515,74,False
799,550,79,False
800,350,50,True
800,355,51,True
800,369,53,True
800,377,54,True
800,382,55,True
800,388,56,True
800,400,58,True
800,408,59,True
800,416,60,True
800,420,60,True
800,424,61,True
800,431,62,True
800,452,65,True
800,509,73,True
800,521,75,True
800,542,78,True
801,377,54,False
801,451,65,False
801,534,77,False
802,380,55,False
802,401,58,False
802,429,62,False
802,491,71,False
802,512,74,False
802,531,76,False
804,375,54,True
804,397,57,True
804,425,61,True
804,441,63,True
804,452,65,True
804,479,69,True
804,536,77,True
804,551,79,True
805,394,57,False
805,431,62,False
805,452,65,False
805,461,66,False
805,487,70,False
805,515,74,False
806,349,50,True
806,398,57,True
806,456,66,True
806,490,70,True
806,524,75,True
806,545,78,True
807,434,62,False
807,467,67,False
807,503,72,False
807,545,78,False
808,349,50,False
808,360,52,False
808,370,53,False
808,380,55,False
808,402,58,False
808,409,59,False
808,423,61,False
808,430,62,False
808,438,63,False
808,451,65,False
808,457,66,False
808,475,68,False
808,482,69,False
808,495,71,False
808,502,72,False
808,520,75,False
808,528,76,False
808,548,79,False
808,556,80,False
810,374,54,False
810,533,77,False
811,349,50,False
811,386,56,False
811,412,59,False
811,432,62,False
811,536,77,False
812,358,52,False
812,386,56,False
812,397,57,False
812,420,60,False
812,434,62,False
812,453,65,False
812,492,71,False
812,530,76,False
813,349,50,False
813,407,59,False
813,439,63,False
813,489,70,False
813,533,77,False
814,349,50,False
815,349,50,False
815,482,69,False
815,507,73,False
815,520,75,False
816,368,53,False
816,460,66,False
816,489,70,False
816,520,75,False
817,349,50,False
817,434,62,False
817,448,64,False
817,464,67,False
817,512,74,False
820,350,50,True
820,380,55,True
820,391,56,True
820,398,57,True
820,407,59,True
820,414,60,True
820,420,60,True
820,425,61,True
820,444,64,True
820,453,65,True
820,466,67,True
820,490,70,True
820,506,73,True
820,528,76,True
820,537,77,True
820,543,78,True
820,547,79,True
820,555,80,True
822,364,52,False
822,388,56,False
822,413,59,False
822,474,68,False
822,511,73,False
822,558,80,False
823,362,52,False
823,385,55,False
823,411,59,False
823,432,62,False
823,458,66,False
823,477,69,False
823,487,70,False
823,509,73,False
823,532,76,False
823,551,79,False
824,407,59,False
825,390,56,True
825,440,63,True
825,460,66,True
825,475,68,True
825,488,70,True
825,501,72,True
825,510,73,True
825,523,75,True
825,551,79,True
828,533,77,False
830,349,50,False
830,371,53,False
830,388,56,False
830,401,58,False
830,416,60,False
830,423,61,False
830,435,63,False
830,444,64,False
830,474,68,False
830,480,69,False
830,499,72,False
830,556,80,False
831,435,63,True
833,349,50,False
833,401,58,False
833,443,64,False
833,486,70,False
833,536,77,False
833,556,80,False
834,349,50,False
834,531,76,False
835,349,50,False
835,449,65,False
835,492,71,False
836,354,51,False
836,397,57,False
836,436,63,False
836,456,66,False
837,349,50,False
837,507,73,False
838,349,50,False
838,444,64,False
838,503,72,False
840,378,54,True
840,396,57,True
840,454,65,True
840,508,73,True
840,532,76,True
841,358,52,False
841,381,55,False
841,431,62,False
841,456,66,False
841,492,71,False
842,352,51,False
842,364,52,False
842,418,60,False
842,437,63,False
842,448,64,False
842,456,66,False
842,465,67,False
842,471,68,False
842,479,69,False
842,488,70,False
842,509,73,False
842,524,75,False
842,531,76,False
842,537,77,False
842,552,79,False
843,357,51,False
843,385,55,False
843,436,63,False
843,486,70,False
843,540,78,False
844,349,50,True
844,370,53,True
844,401,58,True
844,420,60,True
844,436,63,True
844,448,64,True
844,460,66,True
844,496,71,True
845,429,62,True
845,448,64,True
845,536,77,True
847,349,50,False
849,406,58,True
849,441,63,True
849,493,71,True
849,515,74,True
849,534,77,True
850,356,51,False
850,441,63,False
850,469,67,False
850,487,70,False
850,507,73,False
850,530,76,False
851,411,59,False
852,353,51,False
852,362,52,False
852,386,56,False
852,409,59,False
852,445,64,False
852,463,67,False
852,498,72,False
852,521,75,False
852,535,77,False
853,359,52,True
853,439,63,True
853,452,65,True
853,468,67,True
853,488,70,True
853,516,74,True
853,523,75,True
853,529,76,True
853,540,78,True
854,364,52,False
854,387,56,False
854,417,60,False
854,460,66,False
854,504,72,False
854,541,78,False
855,349,50,True
855,428,62,True
856,445,64,False
856,485,70,False
856,543,78,False
857,365,53,False
857,430,62,False
858,349,50,False
858,445,64,False
858,518,74,False
858,548,79,False
859,349,50,True
859,357,51,True
859,391,56,True
859,400,58,True
859,422,61,True
859,441,63,True
859,491,71,True
859,500,72,True
860,349,50,False
861,373,54,False
861,478,69,False
862,356,51,False
862,438,63,False
862,463,67,False
862,492,71,False
862,515,74,False
863,359,52,False
863,376,54,False
863,391,56,False
863,429,62,False
863,495,71,False
864,415,60,True
866,358,52,False
866,380,55,False
866,449,65,False
867,371,53,False
867,390,56,False
867,434,62,False
867,457,66,False
867,481,69,False
867,520,75,False
868,363,52,True
868,458,66,True
868,477,69,True
868,496,71,True
868,510,73,True
868,539,77,True
869,451,65,False
869,463,67,False
869,480,69,False
870,349,50,False
870,433,62,False
871,352,51,True
871,377,54,True
871,412,59,True
871,423,61,True
871,446,64,True
871,481,69,True
871,505,73,True
871,531,76,True
873,365,53,False
873,397,57,False
873,453,65,False
873,530,76,False
873,555,80,False
875,369,53,False
875,481,69,False
876,453,65,False
876,472,68,False
876,509,73,False
876,538,77,False
876,550,79,False
877,384,55,False
877,413,59,False
877,433,62,False
877,485,70,False
877,509,73,False
877,529,76,False
878,354,51,True
878,362,52,True
878,399,57,True
878,449,65,True
878,484,70,True
878,520,75,True
878,541,78,True
879,484,70,False
879,516,74,False
881,464,67,False
881,554,80,False
882,355,51,True
882,365,53,True
882,371,53,True
882,395,57,True
882,425,61,True
882,436,63,True
882,448,64,True
882,471,68,True
882,492,71,True
882,527,76,True
882,534,77,True
882,556,80,True
883,363,52,True
883,371,53,True
883,411,59,True
883,481,69,True
883,512,74,True
884,364,52,False
884,496,71,False
885,477,69,False
885,525,75,False
885,552,79,False
886,355,51,True
886,362,52,True
886,372,54,True
886,395,57,True
886,410,59,True
886,426,61,True
886,434,62,True
886,495,71,True
886,534,77,True
886,549,79,True
887,398,57,False
887,498,72,False
888,440,63,True
888,476,68,True
888,514,74,True
889,423,61,True
889,442,64,True
889,492,71,True
890,349,50,False
890,377,54,False
890,472,68,False
890,547,79,False
891,372,54,True
891,427,61,True
892,349,50,False
892,409,59,False
892,517,74,False
895,397,57,True
896,402,58,False
896,431,62,False
896,461,66,False
896,518,74,False
896,533,77,False
897,390,56,False
897,434,62,False
897,462,66,False
897,512,74,False
898,350,50,True
898,373,54,True
898,420,60,True
898,459,66,True
898,479,69,True
898,487,70,True
898,505,73,True
898,547,79,True
900,390,56,True
901,401,58,False
901,440,63,False
901,457,66,False
901,513,74,False
901,540,78,False
902,366,53,False
903,402,58,False
903,431,62,False
903,459,66,False
903,484,70,False
903,512,74,False
903,538,77,False
904,390,56,False
904,523,75,False
905,352,51,False
905,502,72,False
906,366,53,True
906,392,56,True
906,457,66,True
906,469,67,True
906,542,78,True
906,555,80,True
907,386,56,False
907,469,67,False
907,523,75,False
907,548,79,False
908,363,52,True
908,376,54,True
908,409,59,True
908,419,60,True
908,430,62,True
908,474,68,True
908,494,71,True
908,512,74,True
908,526,76,True
908,539,77,True
908,550,79,True
908,556,80,True
909,393,57,True
909,441,63,True
909,513,74,True
909,531,76,True
909,543,78,True
910,349,50,False
911,447,64,False
911,524,75,False
913,357,51,False
913,383,55,False
913,410,59,False
913,441,63,False
913,459,66,False
913,481,69,False
913,522,75,False
914,379,55,False
914,429,62,False
914,457,66,False
914,529,76,False
915,391,56,False
916,360,52,False
916,376,54,False
916,385,55,False
916,409,59,False
916,417,60,False
916,435,63,False
916,468,67,False
916,484,70,False
916,502,72,False
916,512,74,False
916,539,77,False
918,350,50,True
918,447,64,True
918,455,65,True
918,484,70,True
918,506,73,True
918,525,75,True
918,556,80,True
919,349,50,False
919,367,53,False
919,382,55,False
919,394,57,False
919,402,58,False
919,424,61,False
919,437,63,False
919,461,66,False
919,467,67,False
919,486,70,False
919,493,71,False
919,507,73,False
919,514,74,False
919,532,76,False
920,361,52,False
920,389,56,False
920,402,58,False
920,444,64,False
920,483,69,False
920,556,80,False
922,374,54,False
922,388,56,False
922,433,62,False
922,460,66,False
922,547,79,False
923,352,51,False
923,401,58,False
923,431,62,False
923,451,65,False
923,464,67,False
923,474,68,False
923,486,70,False
923,518,74,False
923,545,78,False
923,557,80,False
924,431,62,False
925,349,50,False
925,450,65,False
925,466,67,False
926,370,53,True
926,459,66,True
926,475,68,True
926,522,75,True
928,374,54,False
928,392,56,False
928,458,66,False
929,370,53,False
929,430,62,False
929,444,64,False
929,517,74,False
930,349,50,False
930,418,60,False
930,456,66,False
930,490,70,False
930,528,76,False
931,349,50,True
931,544,78,True
932,353,51,True
932,371,53,True
932,385,55,True
932,396,57,True
932,425,61,True
932,465,67,True
932,480,69,True
932,510,73,True
932,524,75,True
932,546,78,True
934,372,54,True
935,354,51,False
935,504,72,False
935,548,79,False
936,399,57,True
936,512,74,True
936,525,75,True
936,557,80,True
937,459,66,False
937,543,78,False
939,357,51,False
939,407,59,False
939,536,77,False
940,349,50,False
940,391,56,False
940,412,59,False
940,446,64,False
940,495,71,False
941,353,51,False
941,410,59,False
941,429,62,False
941,482,69,False
941,534,77,False
942,353,51,False
942,417,60,False
942,439,63,False
943,381,55,False
943,401,58,False
943,442,64,False
943,473,68,False
943,508,73,False
944,349,50,False
944,371,53,False
944,484,70,False
944,531,76,False
945,371,53,False
945,437,63,False
945,492,71,False
946,414,60,False
946,461,66,False
946,520,75,False
947,355,51,False
947,384,55,False
947,390,56,False
947,397,57,False
947,423,61,False
947,434,62,False
947,444,64,False
947,461,66,False
947,468,67,False
947,474,68,False
947,488,70,False
947,502,72,False
947,519,75,False
947,534,77,False
947,547,79,False
947,553,79,False
949,349,50,False
949,365,53,False
949,417,60,False
949,471,68,False
949,483,69,False
949,500,72,False
950,362,52,False
950,399,57,False
950,434,62,False
950,458,66,False
950,514,74,False
952,401,58,False
952,418,60,False
952,447,64,False
952,472,68,False
952,487,70,False
954,365,53,False
954,422,61,False
954,553,79,False
955,371,53,False
955,385,55,False
955,404,58,False
955,411,59,False
955,418,60,False
955,431,62,False
955,445,64,False
955,451,65,False
955,485,70,False
955,511,73,False
955,524,75,False
955,535,77,False
955,555,80,False
956,353,51,True
956,358,52,True
956,372,54,True
956,393,57,True
956,414,60,True
956,424,61,True
956,433,62,True
956,442,64,True
956,455,65,True
956,545,78,True
957,377,54,False
957,389,56,False
957,396,57,False
957,406,58,False
957,444,64,False
960,363,52,False
960,377,54,False
960,393,57,False
960,441,63,False
960,464,67,False
960,477,69,False
960,491,71,False
960,507,73,False
960,522,75,False
961,378,54,False
961,467,67,False
961,501,72,False
961,527,76,False
961,557,80,False
964,508,73,False
965,360,52,False
965,385,55,False
965,477,69,False
965,531,76,False
966,362,52,False
966,464,67,False
968,349,50,True
968,372,54,True
968,391,56,True
968,403,58,True
968,428,62,True
968,453,65,True
968,465,67,True
968,481,69,True
968,498,72,True
968,520,75,True
968,547,79,True
971,391,56,False
972,356,51,True
972,367,53,True
972,435,63,True
972,451,65,True
972,477,69,True
972,493,71,True
972,510,73,True
974,366,53,False
974,431,62,False
974,465,67,False
974,545,78,False
975,408,59,False
976,349,50,False
976,416,60,False
976,458,66,False
978,386,56,False
978,420,60,False
978,436,63,False
978,491,71,False
979,354,51,True
979,494,71,True
981,349,50,False
981,385,55,False
981,453,65,False
982,409,59,True
982,415,60,True
982,447,64,True
982,466,67,True
982,480,69,True
982,495,71,True
982,512,74,True
982,533,77,True
982,539,77,True
983,403,58,False
983,432,62,False
983,463,67,False
983,472,68,False
983,512,74,False
983,527,76,False
985,454,65,False
985,539,77,False
986,352,51,False
986,406,58,False
986,435,63,False
987,382,55,False
987,418,60,False
987,426,61,False
987,458,66,False
987,468,67,False
987,506,73,False
987,514,74,False
988,354,51,False
988,512,74,False
989,352,51,False
989,453,65,False
989,472,68,False
989,494,71,False
989,532,76,False
989,545,78,False
993,429,62,False
995,519,75,False
996,349,50,False
996,372,54,False
996,396,57,False
996,458,66,False
996,494,71,False
996,508,73,False
997,459,66,False
997,481,69,False
997,500,72,False
997,552,79,False
998,370,53,True
998,377,54,True
998,401,58,True
998,421,61,True
998,438,63,True
998,475,68,True
998,483,69,True
998,490,70,True
998,517,74,True
998,543,78,True
999,349,50,False
999,444,64,False
999,484,70,False
999,527,76,False
1000,411,59,False
1000,545,78,False
1001,349,50,False
1001,365,53,False
1001,379,55,False
1001,412,59,False
1001,451,65,False
1001,466,67,False
1002,349,50,False
1002,489,70,False
1002,544,78,False
1003,377,54,False
1003,488,70,False
1004,369,53,False
1004,446,64,False
1004,454,65,False
1004,463,67,False
1004,513,74,False
1004,525,75,False
1005,418,60,False
1005,446,64,False
1007,381,55,False
1007,397,57,False
1007,411,59,False
1007,436,63,False
1007,456,66,False
1007,472,68,False
1007,487,70,False
1007,504,72,False
1007,526,76,False
1007,541,78,False
1008,357,51,False
1008,412,59,False
1009,536,77,False
1011,394,57,False
1011,415,60,False
1011,466,67,False
1012,351,51,False
1012,383,55,False
1012,408,59,False
1012,421,61,False
1012,459,66,False
1012,471,68,False
1012,492,71,False
1012,534,77,False
1012,555,80,False
1013,400,58,False
1013,450,65,False
1013,488,70,False
1013,540,78,False
1014,393,57,False
1014,419,60,False
1014,435,63,False
1014,462,66,False
1014,477,69,False
1014,487,70,False
1014,549,79,False
1015,499,72,False
1015,513,74,False
1015,555,80,False
1016,349,50,False
1016,383,55,False
1016,413,59,False
1016,435,63,False
1016,453,65,False
1016,501,72,False
1016,517,74,False
1016,538,77,False
1017,373,54,False
1017,485,70,False
1017,513,74,False
1017,533,77,False
1018,362,52,False
1018,378,54,False
1018,389,56,False
1018,399,57,False
1018,415,60,False
1018,432,62,False
1018,446,64,False
1018,463,67,False
1018,477,69,False
1018,503,72,False
1018,531,76,False
1018,550,79,False
1019,373,54,False
1019,404,58,False
1019,426,61,False
1019,523,75,False
1020,403,58,True
1020,451,65,True
1020,471,68,True
1020,530,76,True
1021,369,53,False
1021,384,55,False
1021,411,59,False
1021,421,61,False
1021,440,63,False
1021,468,67,False
1021,495,71,False
1021,523,75,False
1022,349,50,False
1022,487,70,False
1022,510,73,False
1023,393,57,True
1023,486,70,True
1023,539,77,True
1025,349,50,False
1025,438,63,False
1025,461,66,False
1025,483,69,False
1025,519,75,False
1027,539,77,False
1028,401,58,False
1028,497,71,False
1029,419,60,True
1029,480,69,True
1030,367,53,False
1030,444,64,False
1030,479,69,False
1030,549,79,False
1031,349,50,False
1032,352,51,False
1032,433,62,False
1032,476,68,False
1032,512,74,False
1032,549,79,False
1033,349,50,False
1033,410,59,False
1033,438,63,False
1033,488,70,False
1034,351,51,False
1034,365,53,False
1034,391,56,False
1034,414,60,False
1034,424,61,False
1034,459,66,False
1034,481,69,False
1034,524,75,False
1036,431,62,False
1037,432,62,False
1037,527,76,False
1038,357,51,False
1038,379,55,False
1038,392,56,False
1038,420,60,False
1038,488,70,False
1038,528,76,False
1038,555,80,False
1039,375,54,True
1039,392,56,True
1039,440,63,True
1040,396,57,True
1041,370,53,True
1041,518,74,True
1041,555,80,True
1042,350,50,False
1042,362,52,False
1042,368,53,False
1042,428,62,False
1042,434,62,False
1042,444,64,False
1042,470,68,False
1042,482,69,False
1042,509,73,False
1042,517,74,False
1042,525,75,False
1042,536,77,False
1042,543,78,False
1043,394,57,False
1043,441,63,False
1043,520,75,False
1045,349,50,False
1045,362,52,False
1045,377,54,False
1045,383,55,False
1045,413,59,False
1045,428,62,False
1045,434,62,False
1045,452,65,False
1045,475,68,False
1045,485,70,False
1045,516,74,False
1045,555,80,False
1047,360,52,False
1047,399,57,False
1047,442,64,False
1047,525,75,False
1048,349,50,False
1048,420,60,False
1048,442,64,False
1048,541,78,False
1049,349,50,False
1049,398,57,False
1049,446,64,False
1049,486,70,False
1049,532,76,False
1050,416,60,False
1050,523,75,False
1051,349,50,False
1051,379,55,False
1051,412,59,False
1051,452,65,False
1051,471,68,False
1051,488,70,False
1051,502,72,False
1051,531,76,False
1053,483,69,False
1054,377,54,False
1054,416,60,False
1054,498,72,False
1054,556,80,False
1055,352,51,False
1055,489,70,False
1055,506,73,False
1055,527,76,False
1055,545,78,False
1056,474,68,False
1056,507,73,False
1056,536,77,False
1057,400,58,True
1058,382,55,False
1058,410,59,False
1058,500,72,False
1058,524,75,False
1058,543,78,False
1058,554,80,False
1060,349,50,False
1061,356,51,False
1061,428,62,False
1061,460,66,False
1062,370,53,False
1062,506,73,False
1062,553,79,False
1063,350,50,False
1063,384,55,False
1063,434,62,False
1063,449,65,False
1063,477,69,False
1063,495,71,False
1063,514,74,False
1064,349,50,False
1064,385,55,False
1064,462,66,False
1064,480,69,False
1064,521,75,False
1065,379,55,False
1066,445,64,False
1066,458,66,False
1066,549,79,False
1067,358,52,False
1067,505,73,False
1068,349,50,False
1068,518,74,False
1068,528,76,False
1069,493,71,False
1070,359,52,False
1070,375,54,False
1070,394,57,False
1070,407,59,False
1070,417,60,False
1070,427,61,False
1070,450,65,False
1070,481,69,False
1070,507,73,False
1070,522,75,False
1070,530,76,False
1070,540,78,False
1070,552,79,False
1071,430,62,False
1071,454,65,False
1072,375,54,False
1072,407,59,False
1072,439,63,False
1072,480,69,False
1073,356,51,False
1074,492,71,True
1075,362,52,False
1075,420,60,False
1075,449,65,False
1075,478,69,False
1075,516,74,False
1075,558,80,False
1076,358,52,False
1076,397,57,False
1076,446,64,False
1076,473,68,False
1076,482,69,False
1076,513,74,False
1078,354,51,True
1078,368,53,True
1078,386,56,True
1078,412,59,True
1078,444,64,True
1078,467,67,True
1078,488,70,True
1078,544,78,True
1078,558,80,True
1079,451,65,False
1079,512,74,False
1080,349,50,False
1080,394,57,False
1080,431,62,False
1080,450,65,False
1080,500,72,False
1080,548,79,False
1081,374,54,True
1081,409,59,True
1081,423,61,True
1081,431,62,True
1081,454,65,True
1081,500,72,True
1081,520,75,True
1081,546,78,True
1082,483,69,False
1083,431,62,False
1083,505,73,False
1084,366,53,False
1084,390,56,False
1084,401,58,False
1084,435,63,False
1084,461,66,False
1084,487,70,False
1084,496,71,False
1084,516,74,False
1084,522,75,False
1084,535,77,False
1085,475,68,False
1086,349,50,False
1086,406,58,False
1087,370,53,False
1087,390,56,False
1087,405,58,False
1087,428,62,False
1087,482,69,False
1087,511,73,False
1087,523,75,False
1087,542,78,False
1087,558,80,False
1088,353,51,False
1088,371,53,False
1088,426,61,False
1089,349,50,False
1089,369,53,False
1089,381,55,False
1089,403,58,False
1089,418,60,False
1089,461,66,False
1089,477,69,False
1089,505,73,False
1089,531,76,False
1091,361,52,True
1091,380,55,True
1091,390,56,True
1091,420,60,True
1091,438,63,True
1091,495,71,True
1091,521,75,True
1091,533,77,True
1092,366,53,False
1092,387,56,False
1092,401,58,False
1092,431,62,False
1092,454,65,False
1092,481,69,False
1092,501,72,False
1092,548,79,False
1093,349,50,False
1093,405,58,False
1093,545,78,False
1094,371,53,False
1094,389,56,False
1094,482,69,False
1094,522,75,False
1095,349,50,False
1095,465,67,False
1097,400,58,True
1097,484,70,True
1098,390,56,True
1098,440,63,True
1099,357,51,False
1099,508,73,False
1100,349,50,False
1100,422,61,False
1100,470,68,False
1101,349,50,False
1101,377,54,False
1101,518,74,False
1102,349,50,False
1102,384,55,False
1102,401,58,False
1102,444,64,False
1102,478,69,False
1102,497,71,False
1102,549,79,False
1103,417,60,True
1103,442,64,True
1103,523,75,True
1103,536,77,True
1103,544,78,True
1104,481,69,False
1109,494,71,False
1109,522,75,False
1110,373,54,False
1110,381,55,False
1110,397,57,False
1111,354,51,True
1111,365,53,True
1111,389,56,True
1111,400,58,True
1111,411,59,True
1111,421,61,True
1111,429,62,True
1111,438,63,True
1111,470,68,True
1111,477,69,True
1111,484,70,True
1111,493,71,True
1111,499,72,True
1111,505,73,True
1111,521,75,True
1111,526,76,True
1111,535,77,True
1111,540,78,True
1111,547,79,True
1111,558,80,True
1112,374,54,False
1112,424,61,False
1112,501,72,False
1112,555,80,False
1113,350,50,False
1113,394,57,False
1113,424,61,False
1113,450,65,False
1113,467,67,False
1113,494,71,False
1115,379,55,False
1115,473,68,False
1116,357,51,False
1116,377,54,False
1116,416,60,False
1116,432,62,False
1116,496,71,False
1116,520,75,False
1116,549,79,False
1117,379,55,False
1117,396,57,False
1117,407,59,False
1117,424,61,False
1117,460,66,False
1117,487,70,False
1117,505,73,False
1117,523,75,False
1117,537,77,False
1117,556,80,False
1119,382,55,False
1119,418,60,False
1119,484,70,False
1119,537,77,False
1120,366,53,False
1120,396,57,False
1120,421,61,False
1120,448,64,False
1121,361,52,False
1121,452,65,False
1121,494,71,False
1121,539,77,False
1122,442,64,False
1122,475,68,False
1122,507,73,False
1123,349,50,False
1124,359,52,False
1124,413,59,False
1124,450,65,False
1124,511,73,False
1126,349,50,False
1126,495,71,False
1126,536,77,False
1128,350,50,False
1128,407,59,False
1128,420,60,False
1128,445,64,False
1128,484,70,False
1128,503,72,False
1128,529,76,False
1128,538,77,False
1128,550,79,False
1129,352,51,False
1129,407,59,False
1129,442,64,False
1129,485,70,False
1130,368,53,True
1130,388,56,True
1130,399,57,True
1130,431,62,True
1130,444,64,True
1130,479,69,True
1130,507,73,True
1130,551,79,True
1131,395,57,False
1131,422,61,False
1131,457,66,False
1131,476,68,False
1131,518,74,False
1132,349,50,False
1132,370,53,False
1132,392,56,False
1132,447,64,False
1132,525,75,False
1132,551,79,False
1133,400,58,False
1133,424,61,False
1133,493,71,False
1133,535,77,False
1133,552,79,False
1134,361,52,True
1134,389,56,True
1134,416,60,True
1134,454,65,True
1134,509,73,True
1134,535,77,True
1135,350,50,False
1135,380,55,False
1135,393,57,False
1135,479,69,False
1135,506,73,False
1136,432,62,False
1137,366,53,False
1137,392,56,False
1138,359,52,False
1138,382,55,False
1138,394,57,False
1138,403,58,False
1139,457,66,True
1139,481,69,True
1139,508,73,True
1139,521,75,True
1139,553,79,True
1141,397,57,False
1141,414,60,False
1141,435,63,False
1141,487,70,False
1141,554,80,False
1144,375,54,False
1144,539,77,False
1145,366,53,False
1145,394,57,False
1145,451,65,False
1145,482,69,False
1145,510,73,False
1146,416,60,True
1146,432,62,True
1146,473,68,True
1146,543,78,True
1147,401,58,False
1151,349,50,False
1152,349,50,False
1152,400,58,False
1152,428,62,False
1152,439,63,False
1152,443,64,False
1152,450,65,False
1152,476,68,False
1152,491,71,False
1152,553,79,False
1153,392,56,False
1153,409,59,False
1153,451,65,False
1154,355,51,False
1154,375,54,False
1154,397,57,False
1154,467,67,False
1154,481,69,False
1154,491,71,False
1154,503,72,False
1154,513,74,False
1156,349,50,False
1156,507,73,False
1157,356,51,False
1157,377,54,False
1157,397,57,False
1157,433,62,False
1157,481,69,False
1157,540,78,False
1158,367,53,False
1158,386,56,False
1158,398,57,False
1158,410,59,False
1158,437,63,False
1158,551,79,False
1159,367,53,True
1159,534,77,True
1159,542,78,True
1159,552,79,True
1160,416,60,False
1160,448,64,False
1160,484,70,False
1160,497,71,False
1160,521,75,False
1161,349,50,False
1161,549,79,False
1162,349,50,False
1162,386,56,False
1162,401,58,False
1162,432,62,False
1162,447,64,False
1163,421,61,False
1163,442,64,False
1163,464,67,False
1163,480,69,False
1163,491,71,False
1163,515,74,False
1163,526,76,False
1163,537,77,False
1163,551,79,False
1164,353,51,False
1164,372,54,False
1165,349,50,False
1165,527,76,False
1166,368,53,True
1166,386,56,True
1166,397,57,True
1166,418,60,True
1166,458,66,True
1166,480,69,True
1166,539,77,True
1167,367,53,True
1167,376,54,True
1167,424,61,True
1167,440,63,True
1167,454,65,True
1167,523,75,True
1167,541,78,True
1168,360,52,False
1168,433,62,False
1168,459,66,False
1168,517,74,False
1169,364,52,True
1169,403,58,True
1169,413,59,True
1169,441,63,True
1169,461,66,True
1169,478,69,True
1169,489,70,True
1169,504,72,True
1169,532,76,True
1171,350,50,False
1171,459,66,False
1171,494,71,False
1172,349,50,False
1172,360,52,False
1172,371,53,False
1172,393,57,False
1172,411,59,False
1172,438,63,False
1172,456,66,False
1174,349,50,False
1174,359,52,False
1174,384,55,False
1174,394,57,False
1174,411,59,False
1174,418,60,False
1174,425,61,False
1174,444,64,False
1174,468,67,False
1174,476,68,False
1174,500,72,False
1174,514,74,False
1174,528,76,False
1174,555,80,False
1179,484,70,True
1180,349,50,False
1180,434,62,False
1180,462,66,False
1181,394,57,False
1181,460,66,False
1181,532,76,False
1182,350,50,False
1182,358,52,False
1182,481,69,False
1182,504,72,False
1182,521,75,False
1185,371,53,False
1185,519,75,False
1187,362,52,False
1187,376,54,False
1187,388,56,False
1187,397,57,False
1187,436,63,False
1187,453,65,False
1187,510,73,False
1187,530,76,False
1187,549,79,False
1188,355,51,False
1188,431,62,False
1188,466,67,False
1188,482,69,False
1188,514,74,False
1189,349,50,False
1189,366,53,False
1189,403,58,False
1189,422,61,False
1189,444,64,False
1189,479,69,False
1189,493,71,False
1189,541,78,False
1190,378,54,False
1190,420,60,False
1190,475,68,False
1191,386,56,False
1191,428,62,False
1191,481,69,False
1191,515,74,False
1192,427,61,False
1192,513,74,False
1193,350,50,False
1193,376,54,False
1193,390,56,False
1193,398,57,False
1193,405,58,False
1193,418,60,False
1193,440,63,False
1193,450,65,False
1193,469,67,False
1193,478,69,False
1193,505,73,False
1193,522,75,False
1193,531,76,False
1193,545,78,False
1194,364,52,False
1194,397,57,False
1194,425,61,False
1194,486,70,False
1194,533,77,False
1196,443,64,False
1196,544,78,False
1197,466,67,False
1198,377,54,False
1198,435,63,False
1198,474,68,False
1198,518,74,False
1198,540,78,False
1204,351,51,False
1204,393,57,False
1204,532,76,False
1205,351,51,False
1205,370,53,False
1205,395,57,False
1205,468,67,False
1205,512,74,False
1205,544,78,False
1206,351,51,True
1206,358,52,True
1206,367,53,True
1206,375,54,True
1206,383,55,True
1206,387,56,True
1206,402,58,True
1206,424,61,True
1206,428,62,True
1206,435,63,True
1206,443,64,True
1206,458,66,True
1206,475,68,True
1206,486,70,True
1206,492,71,True
1206,499,72,True
1206,512,74,True
1206,516,74,True
1206,527,76,True
1206,535,77,True
1206,544,78,True
1206,551,79,True
1207,368,53,False
1207,498,72,False
1208,349,50,False
1208,381,55,False
1208,396,57,False
1208,436,63,False
1208,450,65,False
1208,461,66,False
1208,498,72,False
1208,542,78,False
1211,352,51,True
1211,384,55,True
1211,400,58,True
1211,532,76,True
1211,548,79,True
1213,349,50,False
1213,391,56,False
1213,478,69,False
1213,493,71,False
1213,549,79,False
1216,371,53,True
1216,443,64,True
1216,454,65,True
1216,525,75,True
1216,546,78,True
1217,373,54,False
1217,519,75,False
1218,368,53,False
1218,455,65,False
1218,499,72,False
1218,520,75,False
1219,349,50,False
1219,386,56,False
1219,419,60,False
1219,448,64,False
1219,508,73,False
1219,549,79,False
1222,359,52,True
1222,374,54,True
1222,395,57,True
1222,409,59,True
1222,430,62,True
1222,451,65,True
1222,460,66,True
1222,471,68,True
1222,481,69,True
1222,496,71,True
1222,512,74,True
1222,520,75,True
1222,553,79,True
1223,395,57,False
1223,483,69,False
1223,558,80,False
1224,362,52,False
1224,415,60,False
1224,467,67,False
1224,488,70,False
1224,529,76,False
1224,543,78,False
1225,359,52,False
1225,409,59,False
1225,434,62,False
1226,379,55,True
1226,520,75,True
1226,555,80,True
1227,415,60,False
1228,404,58,True
1228,412,59,True
1228,420,60,True
1228,464,67,True
1228,473,68,True
1228,490,70,True
1228,545,78,True
1228,551,79,True
1229,383,55,True
1229,397,57,True
1229,453,65,True
1229,467,67,True
1229,487,70,True
1229,497,71,True
1229,516,74,True
1229,525,75,True
1229,538,77,True
1231,395,57,False
1234,354,51,True
1234,490,70,True
1236,352,51,True
1236,366,53,True
1236,388,56,True
1236,400,58,True
1236,423,61,True
1236,430,62,True
1236,437,63,True
1236,452,65,True
1236,458,66,True
1236,467,67,True
1236,479,69,True
1236,492,71,True
1236,501,72,True
1236,528,76,True
1236,548,79,True
1237,349,50,False
1238,362,52,True
1238,391,56,True
1238,425,61,True
1238,460,66,True
1238,523,75,True
1239,432,62,False
1239,516,74,False
1239,558,80,False
1240,355,51,True
1240,397,57,True
1240,425,61,True
1240,434,62,True
1240,477,69,True
1240,502,72,True
1241,449,65,False
1241,546,78,False
1242,350,50,False
1242,393,57,False
1242,448,64,False
1242,525,75,False
1242,552,79,False
1243,495,71,False
1244,360,52,False
1244,419,60,False
1245,362,52,False
1245,432,62,False
1245,443,64,False
1246,361,52,True
1246,414,60,True
1246,439,63,True
1246,511,73,True
1246,543,78,True
1248,367,53,True
1248,393,57,True
1248,425,61,True
1248,447,64,True
1248,481,69,True
1248,505,73,True
1248,533,77,True
1248,557,80,True
1251,349,50,False
1251,388,56,False
1251,402,58,False
1251,410,59,False
1251,427,61,False
1251,442,64,False
1251,465,67,False
1251,482,69,False
1251,507,73,False
1251,529,76,False
1251,539,77,False
1252,350,50,False
1252,442,64,False
1252,510,73,False
1252,553,79,False
1253,349,50,False
1256,353,51,False
1256,445,64,False
1256,462,66,False
1256,525,75,False
1258,359,52,False
1258,489,70,False
1258,545,78,False
1258,551,79,False
1259,362,52,False
1260,373,54,True
1260,396,57,True
1260,481,69,True
1260,548,79,True
1261,370,53,False
1261,441,63,False
1263,355,51,True
1263,368,53,True
1263,377,54,True
1263,395,57,True
1263,411,59,True
1263,446,64,True
1263,466,67,True
1263,489,70,True
1263,508,73,True
1263,518,74,True
1263,534,77,True
1263,549,79,True
1264,353,51,True
1264,368,53,True
1264,543,78,True
1265,377,54,False
1266,380,55,False
1266,421,61,False
1266,510,73,False
1266,555,80,False
1267,498,72,False
1268,377,54,False
1268,416,60,False
1268,446,64,False
1268,466,67,False
1268,510,73,False
1268,536,77,False
1269,357,51,False
1269,384,55,False
1269,467,67,False
1269,515,74,False
1269,536,77,False
1269,558,80,False
1270,385,55,False
1270,440,63,False
1270,477,69,False
1270,505,73,False
1271,484,70,False
1272,352,51,True
1272,534,77,True
1272,540,78,True
1274,438,63,True
1274,487,70,True
1274,513,74,True
1274,528,76,True
1274,534,77,True
1276,349,50,False
1277,417,60,True
1277,476,68,True
1277,496,71,True
1277,504,72,True
1277,518,74,True
1277,524,75,True
1277,545,78,True
1278,358,52,False
1278,449,65,False
1278,497,71,False
1279,358,52,False
1279,366,53,False
1279,406,58,False
1279,415,60,False
1279,440,63,False
1279,479,69,False
1279,494,71,False
1279,514,74,False
1279,526,76,False
1279,541,78,False
1279,556,80,False
1282,398,57,True
1282,432,62,True
1282,461,66,True
1282,507,73,True
1282,542,78,True
1283,362,52,False
1283,510,73,False
1283,550,79,False
1284,452,65,False
1285,372,54,False
1285,410,59,False
1285,438,63,False
1285,549,79,False
1286,352,51,False
1286,542,78,False
1288,349,50,False
1288,381,55,False
1288,409,59,False
1288,490,70,False
1288,536,77,False
1289,388,56,False
1289,409,59,False
1289,461,66,False
1289,516,74,False
1289,527,76,False
1289,552,79,False
1291,420,60,False
1293,487,70,False
1294,350,50,False
1294,371,53,False
1294,408,59,False
1294,428,62,False
1294,446,64,False
1294,468,67,False
1294,515,74,False
1294,544,78,False
1296,477,69,False
1297,354,51,False
1297,373,54,False
1297,409,59,False
1297,433,62,False
1297,465,67,False
1297,513,74,False
1297,532,76,False
1297,550,79,False
1298,375,54,False
1298,429,62,False
1299,385,55,False
1299,441,63,False
1299,526,76,False
1300,386,56,False
1300,434,62,False
1300,456,66,False
1300,485,70,False
1301,394,57,False
1301,409,59,False
1301,471,68,False
1301,497,71,False
1301,526,76,False
1302,422,61,False
1302,485,70,False
1303,349,50,False
1303,365,53,False
1303,397,57,False
1303,428,62,False
1303,437,63,False
1303,454,65,False
1303,469,67,False
1303,498,72,False
1303,526,76,False
1303,549,79,False
1304,372,54,False
1304,405,58,False
1304,474,68,False
1304,493,71,False
1304,538,77,False
1305,361,52,True
1305,369,53,True
1305,377,54,True
1305,387,56,True
1305,396,57,True
1305,416,60,True
1305,436,63,True
1305,445,64,True
1305,460,66,True
1305,473,68,True
1305,483,69,True
1305,513,74,True
1305,521,75,True
1305,527,76,True
1306,388,56,False
1306,430,62,False
1306,445,64,False
1306,464,67,False
1306,492,71,False
1306,540,78,False
1307,356,51,False
1307,376,54,False
1307,386,56,False
1307,412,59,False
1307,426,61,False
1307,447,64,False
1307,456,66,False
1307,474,68,False
1307,490,70,False
1307,515,74,False
1307,552,79,False
1308,349,50,False
1308,424,61,False
1310,368,53,False
1310,412,59,False
1310,488,70,False
1312,349,50,True
1312,362,52,True
1312,390,56,True
1312,400,58,True
1312,411,59,True
1312,460,66,True
1312,476,68,True
1312,502,72,True
1312,523,75,True
1312,543,78,True
1314,381,55,True
1314,387,56,True
1314,396,57,True
1314,406,58,True
1314,437,63,True
1314,453,65,True
1314,488,70,True
1314,496,71,True
1314,504,72,True
1314,535,77,True
1314,551,79,True
1317,361,52,False
1317,369,53,False
1317,377,54,False
1317,390,56,False
1317,462,66,False
1317,479,69,False
1317,487,70,False
1317,522,75,False
1317,546,78,False
1317,556,80,False
1318,359,52,True
1318,526,76,True
1319,468,67,False
1319,546,78,False
1321,356,51,False
1321,379,55,False
1321,394,57,False
1321,404,58,False
1321,434,62,False
1321,441,63,False
1321,455,65,False
1321,496,71,False
1321,506,73,False
1321,537,77,False
1324,380,55,False
1326,425,61,False
1326,478,69,False
1328,430,62,False
1328,533,77,False
1330,349,50,False
1330,369,53,False
1330,408,59,False
1330,435,63,False
1330,485,70,False
1330,513,74,False
1330,529,76,False
1330,556,80,False
1331,350,50,False
1331,358,52,False
1331,374,54,False
1331,387,56,False
1331,412,59,False
1331,428,62,False
1331,448,64,False
1331,464,67,False
1331,472,68,False
1332,389,56,False
1333,445,64,True
1334,349,50,False
1334,494,71,False
1334,503,72,False
1334,525,75,False
1334,556,80,False
1335,413,59,False
1336,355,51,True
1336,374,54,True
1336,387,56,True
1336,398,57,True
1336,416,60,True
1336,444,64,True
1336,455,65,True
1336,539,77,True
1337,361,52,True
1337,431,62,True
1344,396,57,False
1344,452,65,False
1344,495,71,False
1344,535,77,False
1345,349,50,False
1345,381,55,False
1345,402,58,False
1345,466,67,False
1345,508,73,False
1345,537,77,False
1346,447,64,False
1346,526,76,False
1347,374,54,False
1347,421,61,False
1347,465,67,False
1347,542,78,False
1348,353,51,False
1348,377,54,False
1348,442,64,False
1348,482,69,False
1349,395,57,True
1349,479,69,True
1350,349,50,False
1350,375,54,False
1350,390,56,False
1350,397,57,False
1350,405,58,False
1350,441,63,False
1350,452,65,False
1350,482,69,False
1350,491,71,False
1350,509,73,False
1350,518,74,False
1351,399,57,False
1351,441,63,False
1351,483,69,False
1351,531,76,False
1352,355,51,True
1352,374,54,True
1352,424,61,True
1352,480,69,True
1352,493,71,True
1353,432,62,False
1353,490,70,False
1356,541,78,False
1357,488,70,False
1357,542,78,False
1359,481,69,False
1360,349,50,False
1360,448,64,False
1362,442,64,False
1364,351,51,False
1364,372,54,False
1364,454,65,False
1364,471,68,False
1364,493,71,False
1364,510,73,False
1364,557,80,False
1366,368,53,False
1366,386,56,False
1366,397,57,False
1366,442,64,False
1366,449,65,False
1366,460,66,False
1366,474,68,False
1366,480,69,False
1366,503,72,False
1366,516,74,False
1367,372,54,True
1367,403,58,True
1367,458,66,True
1367,541,78,True
1369,350,50,False
1369,374,54,False
1369,405,58,False
1369,434,62,False
1369,450,65,False
1369,499,72,False
1369,522,75,False
1371,402,58,False
1371,443,64,False
1371,494,71,False
1371,516,74,False
1371,551,79,False
1372,370,53,False
1372,454,65,False
1372,516,74,False
1373,384,55,False
1373,558,80,False
1374,355,51,False
1374,538,77,False
1374,555,80,False
1375,414,60,False
1375,495,71,False
1375,524,75,False
1376,492,71,True
1376,507,73,True
1376,529,76,True
1376,549,79,True
1377,379,55,False
1377,448,64,False
1377,472,68,False
1377,551,79,False
1378,426,61,True
1378,513,74,True
1378,539,77,True
1379,375,54,True
1379,382,55,True
1379,414,60,True
1379,418,60,True
1379,445,64,True
1379,464,67,True
1379,481,69,True
1379,528,76,True
1379,549,79,True
1379,556,80,True
1381,349,50,False
1381,361,52,False
1381,384,55,False
1381,437,63,False
1381,492,71,False
1381,516,74,False
1381,538,77,False
1382,362,52,False
1382,448,64,False
1382,464,67,False
1382,527,76,False
1382,541,78,False
1383,349,50,False
1383,365,53,False
1383,383,55,False
1383,410,59,False
1383,435,63,False
1383,460,66,False
1385,349,50,True
1385,362,52,True
1385,388,56,True
1385,397,57,True
1385,417,60,True
1385,439,63,True
1385,465,67,True
1385,510,73,True
1385,519,75,True
1385,533,77,True
1387,383,55,False
1387,445,64,False
1387,541,78,False
1388,358,52,True
1388,463,67,True
1388,512,74,True
1388,541,78,True
1388,553,79,True
1389,349,50,False
1389,396,57,False
1389,458,66,False
1389,553,79,False
1390,436,63,False
1390,494,71,False
1390,549,79,False
1390,558,80,False
1391,378,54,True
1391,430,62,True
1391,486,70,True
1392,363,52,False
1392,371,53,False
1392,390,56,False
1392,404,58,False
1392,420,60,False
1392,430,62,False
1392,502,72,False
1392,510,73,False
1393,400,58,False
1393,410,59,False
1393,429,62,False
1393,475,68,False
1393,497,71,False
1393,525,75,False
1394,363,52,False
1394,440,63,False
1394,488,70,False
1396,364,52,True
1396,413,59,True
1396,455,65,True
1396,496,71,True
1397,354,51,False
1397,387,56,False
1397,459,66,False
1399,399,57,False
1399,434,62,False
1399,486,70,False
1401,351,51,False
1401,387,56,False
1401,437,63,False
1401,483,69,False
1401,506,73,False
1402,495,71,False
1402,531,76,False
1402,552,79,False
1403,349,50,False
1403,364,52,False
1403,386,56,False
1403,397,57,False
1403,422,61,False
1403,444,64,False
1403,459,66,False
1403,480,69,False
1403,506,73,False
1403,551,79,False
1404,349,50,False
1404,379,55,False
1405,377,54,False
1405,431,62,False
1405,478,69,False
1405,544,78,False
1406,388,56,False
1406,424,61,False
1406,444,64,False
1406,492,71,False
1408,354,51,False
1408,406,58,False
1409,405,58,False
1410,409,59,False
1410,538,77,False
1413,349,50,False
1413,406,58,False
1413,533,77,False
1418,355,51,False
1418,383,55,False
1418,406,58,False
1418,424,61,False
1418,511,73,False
1418,542,78,False
1419,377,54,True
1419,385,55,True
1419,391,56,True
1419,396,57,True
1419,407,59,True
1419,414,60,True
1419,418,60,True
1419,423,61,True
1419,434,62,True
1419,453,65,True
1419,467,67,True
1419,474,68,True
1419,478,69,True
1419,485,70,True
1419,489,70,True
1419,558,80,True
1420,392,56,False
1420,434,62,False
1420,458,66,False
1420,476,68,False
1420,494,71,False
1420,509,73,False
1420,552,79,False
1421,365,53,False
1421,428,62,False
1421,479,69,False
1421,505,73,False
1423,351,51,False
1423,362,52,False
1423,384,55,False
1423,393,57,False
1423,404,58,False
1423,410,59,False
1423,428,62,False
1423,435,63,False
1423,442,64,False
1423,456,66,False
1423,469,67,False
1423,502,72,False
1423,510,73,False
1423,525,75,False
1423,531,76,False
1423,537,77,False
1423,554,80,False
1424,349,50,False
1424,369,53,False
1424,386,56,False
1424,411,59,False
1424,430,62,False
1424,506,73,False
1424,533,77,False
1424,556,80,False
1425,356,51,False
1425,398,57,False
1425,427,61,False
1425,470,68,False
1426,349,50,False
1426,424,61,False
1426,502,72,False
1426,533,77,False
1427,349,50,False
1427,423,61,False
1427,483,69,False
1427,532,76,False
1428,436,63,False
1429,365,53,False
1429,393,57,False
1429,454,65,False
1429,522,75,False
1431,378,54,False
1431,403,58,False
1431,425,61,False
1431,457,66,False
1434,416,60,False
1434,425,61,False
1434,433,62,False
1434,439,63,False
1434,448,64,False
1434,454,65,False
1434,463,67,False
1434,473,68,False
1434,508,73,False
1434,524,75,False
1434,545,78,False
1437,358,52,True
1437,379,55,True
1437,399,57,True
1437,416,60,True
1437,428,62,True
1437,440,63,True
1437,458,66,True
1437,475,68,True
1437,501,72,True
1437,527,76,True
1437,552,79,True
1438,349,50,False
1438,367,53,False
1438,419,60,False
1438,457,66,False
1438,476,68,False
1438,504,72,False
1438,532,76,False
1439,358,52,False
1439,408,59,False
1439,500,72,False
1439,555,80,False
1440,349,50,False
1440,379,55,False
1440,442,64,False
1443,361,52,False
1443,389,56,False
1443,404,58,False
1443,411,59,False
1443,432,62,False
1443,439,63,False
1443,461,66,False
1443,502,72,False
1443,536,77,False
1445,510,73,False
1446,430,62,False
1446,514,74,False
1448,349,50,False
1448,372,54,False
1448,465,67,False
1448,500,72,False
1448,522,75,False
1448,539,77,False
1449,349,50,False
1449,396,57,False
1449,486,70,False
1449,506,73,False
1449,546,78,False
1450,349,50,False
1450,379,55,False
1450,452,65,False
1450,467,67,False
1450,485,70,False
1450,506,73,False
1450,517,74,False
1450,548,79,False
1451,372,54,False
1451,468,67,False
1451,507,73,False
1452,377,54,False
1452,384,55,False
1452,391,56,False
1452,398,57,False
1452,413,59,False
1452,421,61,False
1452,426,61,False
1452,456,66,False
1452,476,68,False
1452,482,69,False
1452,490,70,False
1452,499,72,False
1452,510,73,False
1452,514,74,False
1452,525,75,False
1452,531,76,False
1452,546,78,False
1452,553,79,False
1453,448,64,True
1453,480,69,True
1453,516,74,True
1453,545,78,True
1453,557,80,True
1456,350,50,False
1456,392,56,False
1456,404,58,False
1456,413,59,False
1456,452,65,False
1456,466,67,False
1456,488,70,False
1456,508,73,False
1456,519,75,False
1456,552,79,False
1458,399,57,False
1458,418,60,False
1458,435,63,False
1459,404,58,False
1460,401,58,False
1460,456,66,False
1460,526,76,False
1461,353,51,True
1461,372,54,True
1461,397,57,True
1461,410,59,True
1461,417,60,True
1461,426,61,True
1461,439,63,True
1461,466,67,True
1461,491,71,True
1461,504,72,True
1461,510,73,True
1461,522,75,True
1461,530,76,True
1461,537,77,True
1461,543,78,True
1461,553,79,True
1462,409,59,False
1462,434,62,False
1462,525,75,False
1463,349,50,False
1463,369,53,False
1463,390,56,False
1463,427,61,False
1463,456,66,False
1463,488,70,False
1463,523,75,False
1464,353,51,False
1464,384,55,False
1464,421,61,False
1464,433,62,False
1464,450,65,False
1464,503,72,False
1464,527,76,False
1465,349,50,False
1465,381,55,False
1465,415,60,False
1465,436,63,False
1465,470,68,False
1465,500,72,False
1465,546,78,False
1466,349,50,False
1466,406,58,False
1466,429,62,False
1466,505,73,False
1468,349,50,False
1468,485,70,False
1468,513,74,False
1468,543,78,False
1469,349,50,False
1469,373,54,False
1469,422,61,False
1469,515,74,False
1470,368,53,False
1470,392,56,False
1470,403,58,False
1470,419,60,False
1470,443,64,False
1470,451,65,False
1470,473,68,False
1470,483,69,False
1470,496,71,False
1470,515,74,False
1470,535,77,False
1470,550,79,False
1473,448,64,False
1473,493,71,False
1475,352,51,True
1475,367,53,True
1475,402,58,True
1475,423,61,True
1475,430,62,True
1475,444,64,True
1475,460,66,True
1475,521,75,True
1475,542,78,True
1476,357,51,True
1476,429,62,True
1476,442,64,True
1476,531,76,True
1477,349,50,False
1477,428,62,False
1477,470,68,False
1479,354,51,True
1479,385,55,True
1479,427,61,True
1479,432,62,True
1479,463,67,True
1480,351,51,False
1480,426,61,False
1480,482,69,False
1482,389,56,False
1482,433,62,False
1483,390,56,False
1483,456,66,False
1483,520,75,False
1484,384,55,False
1485,374,54,False
1485,478,69,False
1485,514,74,False
1485,556,80,False
1488,353,51,False
1488,387,56,False
1488,444,64,False
1488,496,71,False
1488,552,79,False
1490,400,58,False
1491,433,62,True
1491,466,67,True
1491,477,69,True
1491,485,70,True
1491,499,72,True
1491,510,73,True
1492,470,68,False
1492,513,74,False
1493,382,55,False
1493,478,69,False
1494,396,57,False
1494,463,67,False
1494,489,70,False
1494,526,76,False
1495,431,62,False
1495,466,67,False
1495,477,69,False
1495,499,72,False
1495,509,73,False
1495,549,79,False
1498,349,50,False
1498,499,72,False
1498,539,77,False
1499,375,54,False
1499,396,57,False
1499,460,66,False
1499,475,68,False
1499,519,75,False
1499,547,79,False
1500,349,50,False
1500,391,56,False
1500,498,72,False
1501,367,53,True
1501,448,64,True
1501,503,72,True
1502,377,54,False
1502,435,63,False
1502,484,70,False
1502,512,74,False
1502,536,77,False
1505,351,51,True
1505,384,55,True
1505,432,62,True
1505,456,66,True
1505,467,67,True
1505,478,69,True
1505,488,70,True
1505,519,75,True
1505,543,78,True
1506,413,59,False
1507,408,59,False
1508,355,51,False
1508,421,61,False
1508,469,67,False
1508,481,69,False
1508,525,75,False
1509,468,67,False
1509,502,72,False
1509,522,75,False
1512,349,50,False
1512,433,62,False
1512,492,71,False
1512,525,75,False
1513,364,52,False
1513,400,58,False
1513,419,60,False
1513,434,62,False
1513,449,65,False
1513,486,70,False
1513,504,72,False
1513,527,76,False
1513,548,79,False
1515,430,62,True
1515,454,65,True
1515,477,69,True
1515,527,76,True
1515,544,78,True
1516,434,62,False
1516,543,78,False
1517,404,58,False
1518,358,52,False
1518,502,72,False
1518,531,76,False
1520,359,52,False
1520,390,56,False
1520,430,62,False
1520,442,64,False
1520,484,70,False
1520,523,75,False
1521,349,50,False
1523,349,50,False
1523,437,63,False
1524,460,66,False
1526,382,55,False
1526,399,57,False
1526,405,58,False
1526,437,63,False
1526,490,70,False
1526,521,75,False
1526,555,80,False
1527,388,56,True
1527,401,58,True
1527,415,60,True
1527,436,63,True
1527,476,68,True
1527,513,74,True
1528,419,60,True
1528,449,65,True
1528,458,66,True
1528,473,68,True
1528,489,70,True
1528,503,72,True
1528,547,79,True
1529,372,54,True
1529,421,61,True
1529,438,63,True
1529,471,68,True
1529,531,76,True
1530,349,50,False
1530,398,57,False
1530,422,61,False
1530,446,64,False
1530,485,70,False
1531,349,50,False
1531,370,53,False
1531,397,57,False
1531,421,61,False
1531,475,68,False
1531,495,71,False
1532,349,50,False
1532,470,68,False
1532,542,78,False
1533,362,52,False
1533,453,65,False
1533,506,73,False
1533,551,79,False
1534,350,50,False
1534,410,59,False
1534,476,68,False
1535,383,55,True
1535,543,78,True
1536,383,55,True
1536,422,61,True
1536,435,63,True
1536,493,71,True
1536,528,76,True
1536,543,78,True
1537,349,50,False
1537,374,54,False
1537,412,59,False
1537,461,66,False
1537,495,71,False
1537,515,74,False
1538,357,51,False
1540,399,57,False
1540,456,66,False
1540,531,76,False
1541,381,55,True
1541,500,72,True
1542,391,56,False
1542,408,59,False
1542,448,64,False
1542,525,75,False
1542,551,79,False
1543,349,50,False
1543,360,52,False
1543,382,55,False
1543,401,58,False
1543,413,59,False
1543,424,61,False
1543,454,65,False
1543,509,73,False
1543,517,74,False
1543,555,80,False
1544,349,50,False
1544,398,57,False
1544,496,71,False
1545,363,52,False
1545,463,67,False
1545,511,73,False
1546,388,56,False
1547,349,50,False
1547,363,52,False
1547,369,53,False
1547,374,54,False
1547,381,55,False
1547,389,56,False
1547,399,57,False
1547,410,59,False
1547,432,62,False
1547,446,64,False
1547,480,69,False
1547,537,77,False
1547,553,79,False
1548,349,50,True
1548,370,53,True
1548,396,57,True
1548,419,60,True
1548,439,63,True
1548,480,69,True
1548,502,72,True
1548,523,75,True
1549,513,74,False
1550,349,50,False
1552,364,52,False
1552,472,68,False
1552,552,79,False
1554,349,50,False
1554,406,58,False
1554,449,65,False
1554,479,69,False
1554,525,75,False
1554,547,79,False
1555,387,56,False
1555,443,64,False
1555,519,75,False
1555,539,77,False
1556,368,53,False
1556,376,54,False
1556,384,55,False
1556,400,58,False
1556,427,61,False
1556,442,64,False
1556,461,66,False
1556,489,70,False
1556,545,78,False
1557,429,62,True
1557,443,64,True
1557,500,72,True
1557,537,77,True
1558,412,59,False
1558,457,66,False
1558,486,70,False
1560,395,57,False
1560,445,64,False
1562,353,51,False
1562,398,57,False
1562,470,68,False
1562,492,71,False
1562,519,75,False
1563,359,52,True
1563,385,55,True
1563,407,59,True
1563,452,65,True
1563,462,66,True
1563,486,70,True
1563,515,74,True
1563,540,78,True
1564,367,53,False
1564,408,59,False
1564,455,65,False
1565,437,63,False
1565,547,79,False
1567,349,50,False
1567,427,61,False
1567,453,65,False
1568,349,50,False
1568,369,53,False
1568,402,58,False
1568,550,79,False
1569,372,54,False
1569,404,58,False
1569,428,62,False
1569,441,63,False
1569,459,66,False
1569,512,74,False
1569,527,76,False
1569,541,78,False
1570,365,53,False
1570,393,57,False
1570,420,60,False
1570,434,62,False
1570,469,67,False
1570,531,76,False
1571,349,50,False
1571,374,54,False
1571,479,69,False
1571,495,71,False
1571,519,75,False
1572,349,50,False
1572,447,64,False
1572,460,66,False
1572,480,69,False
1572,504,72,False
1572,541,78,False
1573,352,51,False
1573,359,52,False
1573,403,58,False
1573,454,65,False
1573,518,74,False
1574,478,69,False
1577,352,51,False
1577,368,53,False
1577,441,63,False
1577,484,70,False
1577,523,75,False
1578,373,54,False
1578,422,61,False
1578,436,63,False
1578,472,68,False
1578,498,72,False
1578,511,73,False
1578,531,76,False
1579,366,53,True
1579,402,58,True
1579,417,60,True
1579,445,64,True
1579,457,66,True
1579,480,69,True
1579,485,70,True
1580,545,78,False
1582,349,50,False
1582,511,73,False
1582,552,79,False
1583,406,58,False
1584,405,58,True
1584,436,63,True
1584,444,64,True
1584,485,70,True
1584,514,74,True
1584,524,75,True
1585,365,53,True
1585,379,55,True
1585,496,71,True
1586,460,66,False
1586,476,68,False
1586,497,71,False
1586,516,74,False
1586,533,77,False
1587,409,59,False
1587,465,67,False
1587,514,74,False
1588,387,56,True
1588,409,59,True
1588,418,60,True
1588,466,67,True
1588,491,71,True
1588,555,80,True
1589,367,53,False
1589,438,63,False
1589,543,78,False
1590,349,50,True
1590,358,52,True
1590,370,53,True
1590,400,58,True
1590,421,61,True
1590,446,64,True
1590,457,66,True
1590,468,67,True
1590,482,69,True
1590,507,73,True
1590,517,74,True
1590,531,76,True
1590,541,78,True
1591,526,76,False
1592,394,57,False
1593,367,53,False
1593,399,57,False
1593,456,66,False
1593,525,75,False
1594,354,51,False
1594,378,54,False
1594,386,56,False
1594,422,61,False
1594,429,62,False
1594,438,63,False
1594,471,68,False
1594,518,74,False
1594,538,77,False
1594,546,78,False
1594,554,80,False
1595,404,58,True
1595,456,66,True
1595,484,70,True
1595,523,75,True
1595,547,79,True
1597,349,50,False
1597,380,55,False
1597,450,65,False
1597,488,70,False
1597,540,78,False
1599,353,51,False
1599,376,54,False
1599,448,64,False
1599,458,66,False
1599,514,74,False
1599,554,80,False
1600,366,53,False
1600,410,59,False
1600,438,63,False
1600,498,72,False
1600,525,75,False
1600,544,78,False
1601,352,51,False
1601,390,56,False
1601,467,67,False
1601,504,72,False
1602,373,54,True
1602,446,64,True
1605,355,51,False
1605,387,56,False
1605,512,74,False
1606,349,50,False
1607,355,51,False
1607,370,53,False
1607,383,55,False
1607,397,57,False
1607,406,58,False
1607,424,61,False
1607,443,64,False
1607,451,65,False
1607,473,68,False
1607,490,70,False
1607,508,73,False
1607,536,77,False
1607,545,78,False
1607,557,80,False
1608,372,54,False
1609,378,54,True
1609,429,62,True
1609,514,74,True
1612,349,50,True
1612,367,53,True
1612,523,75,True
1614,492,71,False
1615,349,50,False
1615,453,65,False
1615,556,80,False
1616,359,52,False
1616,391,56,False
1616,527,76,False
1617,366,53,False
1617,382,55,False
1617,413,59,False
1617,429,62,False
1617,455,65,False
1617,483,69,False
1617,516,74,False
1618,433,62,False
1618,530,76,False
1619,370,53,False
1620,434,62,True
1620,455,65,True
1620,461,66,True
1620,548,79,True
1622,384,55,False
1622,490,70,False
1623,489,70,False
1624,388,56,False
1625,349,50,False
1625,412,59,False
1625,454,65,False
1625,475,68,False
1625,495,71,False
1625,532,76,False
1625,555,80,False
1627,349,50,False
1627,424,61,False
1627,507,73,False
1627,526,76,False
1628,349,50,False
1631,367,53,True
1631,431,62,True
1631,439,63,True
1631,445,64,True
1631,530,76,True
1632,351,51,False
1632,401,58,False
1632,434,62,False
1633,424,61,True
1633,432,62,True
1633,481,69,True
1633,510,73,True
1633,538,77,True
1634,377,54,True
1634,390,56,True
1634,417,60,True
1634,464,67,True
1634,502,72,True
1634,531,76,True
1637,349,50,False
1637,407,59,False
1637,430,62,False
1637,486,70,False
1637,507,73,False
1638,399,57,False
1638,444,64,False
1638,531,76,False
1639,369,53,False
1639,394,57,False
1639,402,58,False
1639,429,62,False
1639,452,65,False
1639,473,68,False
1639,484,70,False
1639,502,72,False
1639,543,78,False
1639,553,79,False
1640,354,51,True
1640,368,53,True
1640,382,55,True
1640,397,57,True
1640,472,68,True
1640,508,73,True
1642,367,53,False
1642,431,62,False
1643,353,51,False
1643,472,68,False
1646,367,53,False
1646,380,55,False
1646,410,59,False
1646,462,66,False
1646,511,73,False
1646,557,80,False
1648,413,59,False
1649,353,51,False
1649,404,58,False
1649,476,68,False
1650,437,63,False
1650,451,65,False
1650,472,68,False
1650,494,71,False
1651,405,58,False
1652,529,76,False
1653,399,57,True
1653,411,59,True
1654,405,58,False
1654,470,68,False
1658,360,52,False
1658,444,64,False
1658,492,71,False
1659,360,52,False
1659,481,69,False
1659,500,72,False
1660,404,58,False
1660,505,73,False
1661,359,52,False
1661,391,56,False
1661,429,62,False
1661,514,74,False
1661,557,80,False
1662,369,53,True
1662,390,56,True
1662,407,59,True
1662,469,67,True
1663,350,50,False
1665,353,51,False
1665,373,54,False
1665,404,58,False
1665,543,78,False
1666,349,50,False
1666,378,54,False
1666,478,69,False
1666,498,72,False
1666,514,74,False
1666,527,76,False
1667,403,58,False
1667,455,65,False
1667,540,78,False
1668,468,67,False
1668,514,74,False
1671,349,50,False
1671,389,56,False
1671,446,64,False
1671,474,68,False
1671,526,76,False
1672,349,50,False
1672,366,53,False
1672,387,56,False
1672,414,60,False
1672,431,62,False
1672,461,66,False
1672,486,70,False
1672,501,72,False
1672,535,77,False
1672,547,79,False
1673,357,51,True
1673,373,54,True
1673,394,57,True
1673,406,58,True
1673,418,60,True
1673,434,62,True
1673,468,67,True
1673,485,70,True
1673,497,71,True
1673,507,73,True
1675,527,76,True
1676,385,55,False
1676,415,60,False
1676,463,67,False
1676,542,78,False
1677,354,51,True
1677,398,57,True
1677,423,61,True
1677,446,64,True
1677,529,76,True
1677,547,79,True
1678,349,50,False
1678,376,54,False
1678,386,56,False
1678,399,57,False
1678,433,62,False
1678,455,65,False
1678,489,70,False
1678,502,72,False
1678,523,75,False
1678,539,77,False
1680,377,54,False
1681,422,61,False
1683,356,51,False
1683,422,61,False
1683,449,65,False
1683,482,69,False
1683,512,74,False
1685,358,52,False
1685,410,59,False
1685,434,62,False
1685,513,74,False
1685,546,78,False
1687,371,53,False
1687,398,57,False
1687,428,62,False
1687,448,64,False
1687,483,69,False
1687,518,74,False
1687,553,79,False
1689,361,52,False
1689,394,57,False
1689,425,61,False
1689,455,65,False
1689,467,67,False
1689,510,73,False
1689,520,75,False
1690,367,53,False
1690,397,57,False
1690,429,62,False
1690,464,67,False
1690,513,74,False
1690,545,78,False
1691,402,58,False
1691,438,63,False
1692,390,56,False
1692,427,61,False
1692,553,79,False
1693,558,80,True
1694,491,71,True
1695,349,50,False
1695,388,56,False
1695,399,57,False
1695,413,59,False
1695,434,62,False
1695,455,65,False
1695,476,68,False
1695,493,71,False
1695,513,74,False
1695,527,76,False
1696,387,56,False
1696,411,59,False
1696,460,66,False
1696,499,72,False
1697,349,50,False
1697,438,63,False
1700,349,50,False
1700,358,52,False
1700,480,69,False
1700,489,70,False
1700,506,73,False
1700,557,80,False
1701,391,56,False
1701,468,67,False
1703,351,51,False
1705,386,56,False
1705,402,58,False
1705,438,63,False
1705,493,71,False
1707,354,51,True
1707,358,52,True
1707,369,53,True
1707,379,55,True
1707,394,57,True
1707,408,59,True
1707,439,63,True
1707,482,69,True
1708,398,57,False
1708,448,64,False
1708,489,70,False
1708,524,75,False
1709,385,55,False
1709,442,64,False
1709,477,69,False
1709,514,74,False
1710,537,77,True
1715,427,61,False
1716,369,53,False
1716,386,56,False
1716,394,57,False
1716,407,59,False
1716,422,61,False
1716,458,66,False
1716,475,68,False
1716,488,70,False
1716,501,72,False
1716,520,75,False
1716,530,76,False
1716,542,78,False
1716,548,79,False
1716,554,80,False
1717,378,54,False
1718,349,50,False
1718,554,80,False
1719,392,56,False
1719,494,71,False
1719,553,79,False
1720,350,50,False
1720,438,63,False
1720,520,75,False
1722,349,50,True
1722,415,60,True
1722,426,61,True
1722,439,63,True
1722,471,68,True
1722,516,74,True
1722,540,78,True
1723,349,50,False
1723,421,61,False
1723,504,72,False
1724,349,50,False
1724,376,54,False
1724,406,58,False
1724,419,60,False
1724,433,62,False
1724,444,64,False
1724,459,66,False
1724,476,68,False
1724,497,71,False
1724,543,78,False
1726,426,61,False
1729,352,51,False
1729,367,53,False
1729,391,56,False
1729,406,58,False
1729,459,66,False
1729,500,72,False
1729,516,74,False
1729,530,76,False
1729,547,79,False
1730,388,56,False
1730,502,72,False
1731,349,50,False
1731,411,59,False
1731,490,70,False
1732,365,53,False
1732,426,61,False
1732,465,67,False
1732,501,72,False
1732,557,80,False
1735,350,50,False
1735,386,56,False
1735,491,71,False
1735,535,77,False
1736,491,71,False
1736,555,80,False
1738,457,66,False
1738,492,71,False
1739,353,51,False
1739,403,58,False
1739,465,67,False
1740,492,71,False
1742,457,66,False
1742,542,78,False
1745,461,66,False
1745,494,71,False
1745,506,73,False
1745,525,75,False
1745,539,77,False
1746,524,75,False
1747,367,53,False
1747,454,65,False
1747,489,70,False
1747,527,76,False
1748,392,56,False
1748,433,62,False
1748,455,65,False
1749,366,53,False
1749,516,74,False
1749,535,77,False
1751,389,56,False
1752,404,58,False
1752,486,70,False
1752,509,73,False
1753,349,50,False
1753,370,53,False
1753,380,55,False
1754,351,51,False
1754,394,57,False
1754,418,60,False
1754,452,65,False
1754,474,68,False
1754,503,72,False
1754,518,74,False
1755,349,50,False
1755,400,58,False
1755,495,71,False
1756,349,50,False
1756,372,54,False
1756,395,57,False
1756,417,60,False
1756,437,63,False
1756,468,67,False
1756,492,71,False
1758,554,80,False
1759,362,52,False
1759,370,53,False
1759,451,65,False
1759,465,67,False
1759,485,70,False
1759,493,71,False
1759,505,73,False
1759,524,75,False
1759,533,77,False
1759,550,79,False
1762,358,52,True
1762,366,53,True
1762,379,55,True
1762,428,62,True
1762,435,63,True
1762,458,66,True
1762,479,69,True
1762,491,71,True
1762,505,73,True
1762,512,74,True
1762,544,78,True
1763,374,54,False
1763,382,55,False
1763,398,57,False
1763,460,66,False
1763,471,68,False
1764,360,52,True
1764,438,63,True
1764,489,70,True
1765,478,69,False
1767,387,56,True
1767,398,57,True
1767,408,59,True
1767,415,60,True
1767,428,62,True
1767,432,62,True
1767,462,66,True
1767,472,68,True
1767,479,69,True
1767,485,70,True
1767,491,71,True
1767,503,72,True
1767,512,74,True
1767,521,75,True
1767,536,77,True
1767,544,78,True
1767,551,79,True
1768,556,80,False
1769,368,53,True
1769,385,55,True
1769,405,58,True
1769,434,62,True
1769,488,70,True
1770,425,61,True
1770,432,62,True
1770,439,63,True
1770,454,65,True
1770,458,66,True
1770,465,67,True
1770,486,70,True
1770,534,77,True
1770,539,77,True
1770,543,78,True
1770,551,79,True
1772,349,50,False
1772,392,56,False
1772,414,60,False
1772,432,62,False
1772,449,65,False
1772,498,72,False
1772,548,79,False
1773,355,51,False
1773,385,55,False
1773,479,69,False
1774,365,53,False
1774,420,60,False
1774,468,67,False
1774,490,70,False
1775,516,74,True
1776,352,51,True
1776,360,52,True
1776,366,53,True
1776,374,54,True
1776,385,55,True
1776,396,57,True
1776,416,60,True
1776,427,61,True
1776,444,64,True
1776,454,65,True
1776,461,66,True
1776,490,70,True
1776,501,72,True
1776,527,76,True
1776,541,78,True
1777,400,58,False
1777,432,62,False
1777,466,67,False
1777,482,69,False
1778,398,57,True
1778,460,66,True
1778,478,69,True
1778,497,71,True
1778,542,78,True
1778,557,80,True
1779,390,56,False
1779,410,59,False
1779,445,64,False
1780,349,50,False
1780,391,56,False
1780,408,59,False
1780,539,77,False
1781,385,55,False
1781,439,63,False
1781,459,66,False
1781,540,78,False
1782,349,50,False
1782,387,56,False
1782,476,68,False
1783,349,50,False
1783,435,63,False
1783,488,70,False
1784,402,58,False
1784,495,71,False
1785,438,63,False
1785,461,66,False
1787,349,50,False
1787,368,53,False
1787,387,56,False
1787,411,59,False
1787,436,63,False
1787,450,65,False
1787,477,69,False
1787,525,75,False
1788,431,62,True
1788,513,74,True
1790,416,60,False
1790,470,68,False
1791,358,52,False
1791,388,56,False
1791,405,58,False
1791,418,60,False
1791,471,68,False
1791,486,70,False
1791,552,79,False
1792,349,50,False
1793,373,54,False
1793,401,58,False
1793,507,73,False
1793,553,79,False
1794,449,65,False
1794,497,71,False
1794,521,75,False
1795,369,53,True
1795,526,76,True
1795,541,78,True
1796,349,50,False
1796,539,77,False
1797,512,74,False
1798,406,58,False
1798,460,66,False
1799,369,53,False
1799,397,57,False
1799,438,63,False
1799,467,67,False
1799,491,71,False
1799,523,75,False
1800,349,50,False
1800,381,55,False
1800,418,60,False
1800,428,62,False
1800,440,63,False
1800,456,66,False
1800,473,68,False
1800,499,72,False
1800,509,73,False
1800,532,76,False
1800,550,79,False
1801,349,50,False
1801,392,56,False
1801,424,61,False
1801,453,65,False
1801,474,68,False
1801,501,72,False
1801,516,74,False
1801,544,78,False
1802,479,69,False
1803,349,50,True
1804,394,57,True
1804,401,58,True
1804,468,67,True
1804,548,79,True
1805,349,50,False
1805,370,53,False
1805,392,56,False
1805,412,59,False
1805,447,64,False
1805,477,69,False
1805,511,73,False
1805,525,75,False
1805,553,79,False
1806,407,59,False
1806,450,65,False
1806,482,69,False
1806,523,75,False
1807,356,51,True
1807,373,54,True
1807,422,61,True
1807,449,65,True
1807,467,67,True
1807,491,71,True
1807,502,72,True
1807,516,74,True
1807,531,76,True
1807,542,78,True
1808,367,53,False
1808,444,64,False
1808,497,71,False
1808,531,76,False
1808,548,79,False
1809,349,50,False
1809,437,63,False
1809,479,69,False
1810,349,50,False
1810,372,54,False
1810,417,60,False
1810,447,64,False
1810,469,67,False
1810,495,71,False
1810,519,75,False
1812,396,57,False
1812,473,68,False
1812,515,74,False
1814,349,50,False
1814,381,55,False
1814,439,63,False
1814,465,67,False
1814,480,69,False
1814,527,76,False
1816,361,52,False
1816,369,53,False
1816,386,56,False
1816,406,58,False
1816,436,63,False
1816,453,65,False
1816,474,68,False
1816,495,71,False
1816,533,77,False
1816,553,79,False
1817,349,50,False
1817,362,52,False
1817,435,63,False
1817,450,65,False
1817,460,66,False
1817,479,69,False
1817,491,71,False
1817,501,72,False
1817,524,75,False
1817,541,78,False
1819,428,62,False
1819,449,65,False
1819,511,73,False
1820,354,51,False
1820,384,55,False
1820,450,65,False
1820,468,67,False
1820,486,70,False
1820,498,72,False
1820,507,73,False
1820,524,75,False
1821,349,50,False
1821,357,51,False
1821,389,56,False
1821,442,64,False
1821,473,68,False
1821,486,70,False
1821,533,77,False
1822,349,50,True
1822,362,52,True
1822,370,53,True
1822,377,54,True
1822,398,57,True
1822,405,58,True
1822,419,60,True
1822,438,63,True
1822,453,65,True
1822,463,67,True
1822,470,68,True
1822,483,69,True
1822,498,72,True
1822,521,75,True
1822,537,77,True
1822,547,79,True
1823,431,62,True
1823,472,68,True
1823,493,71,True
1824,386,56,False
1824,410,59,False
1824,419,60,False
1824,449,65,False
1824,472,68,False
1824,492,71,False
1824,531,76,False
1824,540,78,False
1824,558,80,False
1825,349,50,False
1825,523,75,False
1826,364,52,False
1826,405,58,False
1826,457,66,False
1826,475,68,False
1826,530,76,False
1826,546,78,False
1828,349,50,True
1828,379,55,True
1828,395,57,True
1828,429,62,True
1829,361,52,True
1829,399,57,True
1829,466,67,True
1829,550,79,True
1829,558,80,True
1831,357,51,False
1831,371,53,False
1831,400,58,False
1831,442,64,False
1831,518,74,False
1832,422,61,False
1832,519,75,False
1833,404,58,False
1833,522,75,False
1834,350,50,False
1834,368,53,False
1834,402,58,False
1834,462,66,False
1834,489,70,False
1834,498,72,False
1834,509,73,False
1834,521,75,False
1834,552,79,False
1835,389,56,True
1835,501,72,True
1836,352,51,False
1836,374,54,False
1836,399,57,False
1836,445,64,False
1836,475,68,False
1836,521,75,False
1836,535,77,False
1836,556,80,False
1838,368,53,False
1838,425,61,False
1838,520,75,False
1839,390,56,False
1841,382,55,False
1842,367,53,False
1842,444,64,False
1842,493,71,False
1844,358,52,False
1844,441,63,False
1844,471,68,False
1844,487,70,False
1844,521,75,False
1844,539,77,False
1845,414,60,True
1845,439,63,True
1845,475,68,True
1845,487,70,True
1845,516,74,True
1847,376,54,False
1847,411,59,False
1847,435,63,False
1847,449,65,False
1847,495,71,False
1847,518,74,False
1847,553,79,False
1848,406,58,True
1848,478,69,True
1848,521,75,True
1848,539,77,True
1849,426,61,False
1849,467,67,False
1849,527,76,False
1849,558,80,False
1850,362,52,True
1850,377,54,True
1850,385,55,True
1850,403,58,True
1850,416,60,True
1850,450,65,True
1850,457,66,True
1850,486,70,True
1850,500,72,True
1850,521,75,True
1850,534,77,True
1850,540,78,True
1850,556,80,True
1851,349,50,False
1851,370,53,False
1851,398,57,False
1851,463,67,False
1851,501,72,False
1851,518,74,False
1851,540,78,False
1852,386,56,True
1852,398,57,True
1852,413,59,True
1852,423,61,True
1852,429,62,True
1852,444,64,True
1852,457,66,True
1852,501,72,True
1852,530,76,True
1853,351,51,False
1853,417,60,False
1853,501,72,False
1854,365,53,True
1854,385,55,True
1854,396,57,True
1854,410,59,True
1854,431,62,True
1854,437,63,True
1854,443,64,True
1854,454,65,True
1854,460,66,True
1854,477,69,True
1854,497,71,True
1854,510,73,True
1856,349,50,False
1856,420,60,False
1856,499,72,False
1856,505,73,False
1858,521,75,False
1859,368,53,False
1859,420,60,False
1859,530,76,False
1860,349,50,False
1860,445,64,False
1860,487,70,False
1860,534,77,False
1860,556,80,False
1861,364,52,False
1861,398,57,False
1861,442,64,False
1861,463,67,False
1861,485,70,False
1861,498,72,False
1862,365,53,False
1862,388,56,False
1862,406,58,False
1862,427,61,False
1862,455,65,False
1862,464,67,False
1862,479,69,False
1862,497,71,False
1862,505,73,False
1862,518,74,False
1862,530,76,False
1864,395,57,True
1864,428,62,True
1864,439,63,True
1864,469,67,True
1864,515,74,True
1865,509,73,True
1867,349,50,False
1867,422,61,False
1867,474,68,False
1867,498,72,False
1867,535,77,False
1868,370,53,False
1868,410,59,False
1868,537,77,False
1869,385,55,False
1869,415,60,False
1869,475,68,False
1869,514,74,False
1870,349,50,False
1870,467,67,False
1871,381,55,False
1871,448,64,False
1872,351,51,False
1872,441,63,False
1872,483,69,False
1872,509,73,False
1873,349,50,False
1873,378,54,False
1873,402,58,False
1873,436,63,False
1873,464,67,False
1873,550,79,False
1874,349,50,False
1874,453,65,False
1874,497,71,False
1877,393,57,False
1877,451,65,False
1879,433,62,False
1879,484,70,False
1879,522,75,False
1880,349,50,False
1880,402,58,False
1881,404,58,False
1881,457,66,False
1881,473,68,False
1881,556,80,False
1883,352,51,False
1883,388,56,False
1883,427,61,False
1883,448,64,False
1883,471,68,False
1883,485,70,False
1883,517,74,False
1883,535,77,False
1883,546,78,False
1886,354,51,False
1886,430,62,False
1887,441,63,False
1887,473,68,False
1887,487,70,False
1887,507,73,False
1887,526,76,False
1889,353,51,False
1889,386,56,False
1889,416,60,False
1889,453,65,False
1889,501,72,False
1889,543,78,False
1891,349,50,False
1891,467,67,False
1891,548,79,False
1892,359,52,True
1892,429,62,True
1892,436,63,True
1892,455,65,True
1892,478,69,True
1892,498,72,True
1892,507,73,True
1892,517,74,True
1892,549,79,True
1894,365,53,False
1894,389,56,False
1894,446,64,False
1894,519,75,False
1894,545,78,False
1895,366,53,False
1895,494,71,False
1896,349,50,False
1896,445,64,False
1898,349,50,False
1898,434,62,False
1900,349,50,True
1901,351,51,True
1901,358,52,True
1901,365,53,True
1901,372,54,True
1901,386,56,True
1901,393,57,True
1901,400,58,True
1901,404,58,True
1901,414,60,True
1901,421,61,True
1901,427,61,True
1901,457,66,True
1901,502,72,True
1901,513,74,True
1901,522,75,True
1901,548,79,True
1903,366,53,False
1903,394,57,False
1903,455,65,False
1903,476,68,False
1903,525,75,False
1904,367,53,False
1904,422,61,False
1904,455,65,False
1905,349,50,False
1905,376,54,False
1905,400,58,False
1905,458,66,False
1905,484,70,False
1905,517,74,False
1905,548,79,False
1906,364,52,True
1906,382,55,True
1906,405,58,True
1906,428,62,True
1906,497,71,True
1906,517,74,True
1906,540,78,True
1906,556,80,True
1907,356,51,True
1907,384,55,True
1907,451,65,True
1907,487,70,True
1907,516,74,True
1908,349,50,False
1911,378,54,False
1911,401,58,False
1911,504,72,False
1911,529,76,False
1911,541,78,False
1911,555,80,False
1912,377,54,False
1912,396,57,False
1912,427,61,False
1912,458,66,False
1912,496,71,False
1912,531,76,False
1912,550,79,False
1913,379,55,False
1914,365,53,False
1914,427,61,False
1914,531,76,False
1915,353,51,False
1915,430,62,False
1915,549,79,False
1916,349,50,False
1916,419,60,False
1916,451,65,False
1916,539,77,False
1917,359,52,True
1917,368,53,True
1917,376,54,True
1917,394,57,True
1917,533,77,True
1917,539,77,True
1917,546,78,True
1918,349,50,False
1918,369,53,False
1918,401,58,False
1918,457,66,False
1918,512,74,False
1919,373,54,False
1919,415,60,False
1919,508,73,False
1919,550,79,False
1920,397,57,False
1920,418,60,False
1920,428,62,False
1920,481,69,False
1920,556,80,False
1921,349,50,False
1921,498,72,False
1921,523,75,False
1922,349,50,False
1922,381,55,False
1922,419,60,False
1922,434,62,False
1922,477,69,False
1922,506,73,False
1923,402,58,False
1923,443,64,False
1923,474,68,False
1923,533,77,False
1924,358,52,False
1924,477,69,False
1924,493,71,False
1924,515,74,False
1924,547,79,False
1924,554,80,False
1925,354,51,False
1925,382,55,False
1925,396,57,False
1925,421,61,False
1925,466,67,False
1925,497,71,False
1925,509,73,False
1925,528,76,False
1926,406,58,False
1926,457,66,False
1927,367,53,False
1927,437,63,False
1927,476,68,False
1927,552,79,False
1929,398,57,False
1929,446,64,False
1930,354,51,False
1930,367,53,False
1930,374,54,False
1930,382,55,False
1930,409,59,False
1930,422,61,False
1930,430,62,False
1930,453,65,False
1930,470,68,False
1930,477,69,False
1930,497,71,False
1930,523,75,False
1930,529,76,False
1930,544,78,False
1931,423,61,False
1933,359,52,False
1933,390,56,False
1933,420,60,False
1933,443,64,False
1933,492,71,False
1933,514,74,False
1936,351,51,False
1936,357,51,False
1936,365,53,False
1936,372,54,False
1936,379,55,False
1936,386,56,False
1936,391,56,False
1936,399,57,False
1936,407,59,False
1936,412,59,False
1936,421,61,False
1936,436,63,False
1936,449,65,False
1936,458,66,False
1936,462,66,False
1936,478,69,False
1936,491,71,False
1936,498,72,False
1936,512,74,False
1936,520,75,False
1936,526,76,False
1936,533,77,False
1936,540,78,False
1936,546,78,False
1936,554,80,False
1938,354,51,False
1938,424,61,False
1938,483,69,False
1938,522,75,False
1939,362,52,False
1940,376,54,False
1940,456,66,False
1940,517,74,False
1940,548,79,False
1941,420,60,False
1941,454,65,False
1941,472,68,False
1941,486,70,False
1941,518,74,False
1941,537,77,False
1942,349,50,False
1942,360,52,False
1942,369,53,False
1942,383,55,False
1942,403,58,False
1942,419,60,False
1942,432,62,False
1942,457,66,False
1942,472,68,False
1942,508,73,False
1942,542,78,False
1943,392,56,True
1943,423,61,True
1943,449,65,True
1943,498,72,True
1944,395,57,True
1944,409,59,True
1944,490,70,True
1944,503,72,True
1944,524,75,True
1946,437,63,False
1946,493,71,False
1946,521,75,False
1947,378,54,True
1947,436,63,True
1947,449,65,True
1947,464,67,True
1947,474,68,True
1947,508,73,True
1947,541,78,True
1947,551,79,True
1948,384,55,False
1953,374,54,False
1953,410,59,False
1953,455,65,False
1953,507,73,False
1953,541,78,False
1954,446,64,False
1954,530,76,False
1955,357,51,True
1955,435,63,True
1955,477,69,True
1956,349,50,False
1956,519,75,False
1958,464,67,False
1958,502,72,False
1959,349,50,False
1960,369,53,False
1960,522,75,False
1961,349,50,False
1961,468,67,False
1962,349,50,False
1962,383,55,False
1963,389,56,False
1963,413,59,False
1963,463,67,False
1963,499,72,False
1963,521,75,False
1964,374,54,False
1965,408,59,False
1965,520,75,False
1965,540,78,False
1966,473,68,False
1967,463,67,False
1969,455,65,False
1970,356,51,False
1971,380,55,True
1971,398,57,True
1971,421,61,True
1971,437,63,True
1971,457,66,True
1971,470,68,True
1971,502,72,True
1971,548,79,True
1972,367,53,False
1972,388,56,False
1972,431,62,False
1972,441,63,False
1972,451,65,False
1972,462,66,False
1972,487,70,False
1972,504,72,False
1972,547,79,False
1972,557,80,False
1973,349,50,False
1973,439,63,False
1974,371,53,True
1974,404,58,True
1974,491,71,True
1974,517,74,True
1975,370,53,True
1975,383,55,True
1975,443,64,True
1975,468,67,True
1975,484,70,True
1975,513,74,True
1976,357,51,False
1976,367,53,False
1976,402,58,False
1976,465,67,False
1976,476,68,False
1976,494,71,False
1976,511,73,False
1976,526,76,False
1976,542,78,False
1976,551,79,False
1977,461,66,False
1977,541,78,False
1978,368,53,False
1978,378,54,False
1978,407,59,False
1978,429,62,False
1978,477,69,False
1978,490,70,False
1978,510,73,False
1978,528,76,False
1978,545,78,False
1979,370,53,False
1979,391,56,False
1979,420,60,False
1979,482,69,False
1979,516,74,False
1979,534,77,False
1979,555,80,False
1980,356,51,False
1981,351,51,False
1981,373,54,False
1981,404,58,False
1981,432,62,False
1981,448,64,False
1981,552,79,False
1982,392,56,False
1982,427,61,False
1983,349,50,False
1983,436,63,False
1983,478,69,False
1983,515,74,False
1983,547,79,False
1985,373,54,True
1985,414,60,True
1985,512,74,True
1987,486,70,False
1988,368,53,False
1988,380,55,False
1988,396,57,False
1988,406,58,False
1988,432,62,False
1988,457,66,False
1988,472,68,False
1988,493,71,False
1988,508,73,False
1988,521,75,False
1988,540,78,False
1989,457,66,False
1989,510,73,False
1990,448,64,False
1990,464,67,False
1991,404,58,False
1991,426,61,False
1991,462,66,False
1991,507,73,False
1991,543,78,False
1992,381,55,False
1992,429,62,False
1992,491,71,False
1992,512,74,False
1992,534,77,False
1992,554,80,False
1993,375,54,False
1993,405,58,False
1993,448,64,False
1993,464,67,False
1993,480,69,False
1993,499,72,False
1993,519,75,False
1993,547,79,False
1994,349,50,False
1994,453,65,False
1994,476,68,False
1994,505,73,False
1994,552,79,False
1995,349,50,True
1995,376,54,True
1995,391,56,True
1995,451,65,True
1996,369,53,False
1996,404,58,False
1996,426,61,False
1996,452,65,False
1996,512,74,False
1996,532,76,False
1997,407,59,False
1997,460,66,False
1997,541,78,False
1998,363,52,False
1998,386,56,False
1998,397,57,False
1998,404,58,False
1998,411,59,False
1998,422,61,False
1998,437,63,False
1998,446,64,False
1998,476,68,False
1998,481,69,False
1998,496,71,False
1998,507,73,False
1999,349,50,False
1999,389,56,False
1999,457,66,False
1999,479,69,False
2000,357,51,False
2000,382,55,False
2000,408,59,False
2000,421,61,False
2000,444,64,False
2000,470,68,False
2000,502,72,False
2000,517,74,False
2000,544,78,False
2001,349,50,False
2001,432,62,False
2001,519,75,False
2002,349,50,False
2002,386,56,False
2002,414,60,False
2002,474,68,False
2002,517,74,False
2004,366,53,True
2004,381,55,True
2004,479,69,True
2004,514,74,True
2004,521,75,True
2004,558,80,True
2005,398,57,False
2005,447,64,False
2005,525,75,False
2006,349,50,False
2006,371,53,False
2006,398,57,False
2006,426,61,False
2006,452,65,False
2006,483,69,False
2006,504,72,False
2006,534,77,False
2007,385,55,True
2007,417,60,True
2010,349,50,False
2011,354,51,False
2011,455,65,False
2011,469,67,False
2011,514,74,False
2011,542,78,False
2011,554,80,False
2012,368,53,True
2012,378,54,True
2013,382,55,False
2013,412,59,False
2013,432,62,False
2013,452,65,False
2013,477,69,False
2013,499,72,False
2013,542,78,False
2014,350,50,False
2014,502,72,False
2014,527,76,False
2014,551,79,False
2015,429,62,True
2016,386,56,False
2016,415,60,False
2016,424,61,False
2016,437,63,False
2016,458,66,False
2016,495,71,False
2016,533,77,False
2018,349,50,False
2019,406,58,True
2019,419,60,True
2019,443,64,True
2019,463,67,True
2019,477,69,True
2019,498,72,True
2019,503,72,True
2019,543,78,True
2020,412,59,True
2020,426,61,True
2020,433,62,True
2020,475,68,True
2020,481,69,True
2021,382,55,False
2021,401,58,False
2021,424,61,False
2021,445,64,False
2021,470,68,False
2022,354,51,True
2022,381,55,True
2022,397,57,True
2022,485,70,True
2023,352,51,False
2024,349,50,False
2024,363,52,False
2024,426,61,False
2024,463,67,False
2024,475,68,False
2024,498,72,False
2024,521,75,False
2024,534,77,False
2027,453,65,False
2027,484,70,False
2027,552,79,False
2028,352,51,False
2028,377,54,False
2028,440,63,False
2028,474,68,False
2029,349,50,False
2029,536,77,False
2030,388,56,False
2030,434,62,False
2030,462,66,False
2030,484,70,False
2030,539,77,False
2032,463,67,False
2032,506,73,False
2032,528,76,False
2035,362,52,False
2035,399,57,False
2035,430,62,False
2035,466,67,False
2035,483,69,False
2035,514,74,False
2035,541,78,False
2036,358,52,False
2036,388,56,False
2036,413,59,False
2036,428,62,False
2036,472,68,False
2036,489,70,False
2036,505,73,False
2036,547,79,False
2037,444,64,False
2037,465,67,False
2037,484,70,False
2037,533,77,False
2037,550,79,False
2038,349,50,False
2038,425,61,False
2040,363,52,False
2040,371,53,False
2040,405,58,False
2040,411,59,False
2040,418,60,False
2040,428,62,False
2040,434,62,False
2040,441,63,False
2040,453,65,False
2040,466,67,False
2040,471,68,False
2040,484,70,False
2040,489,70,False
2040,514,74,False
2040,547,79,False
2040,554,80,False
2042,488,70,False
2043,433,62,False
2044,378,54,False
2044,404,58,False
2044,438,63,False
2044,473,68,False
2044,513,74,False
2045,362,52,False
2045,526,76,False
2046,369,53,False
2046,403,58,False
2046,463,67,False
2046,521,75,False
2047,388,56,False
2047,490,70,False
2047,521,75,False
2047,538,77,False
2050,349,50,False
2050,391,56,False
2050,421,61,False
2050,432,62,False
2050,448,64,False
2050,469,67,False
2050,531,76,False
2050,557,80,False
2051,349,50,True
2051,387,56,True
2051,465,67,True
2053,353,51,False
2053,420,60,False
2053,455,65,False
2053,465,67,False
2053,502,72,False
2053,516,74,False
2053,539,77,False
2054,398,57,False
2055,374,54,False
2055,389,56,False
2055,402,58,False
2055,410,59,False
2055,438,63,False
2055,444,64,False
2055,454,65,False
2055,465,67,False
2055,475,68,False
2055,486,70,False
2055,516,74,False
2055,530,76,False
2055,544,78,False
2055,552,79,False
2056,349,50,False
2056,391,56,False
2057,349,50,False
2057,413,59,False
2057,435,63,False
2057,450,65,False
2057,461,66,False
2057,517,74,False
2058,394,57,False
2058,412,59,False
2058,486,70,False
2058,554,80,False
2059,383,55,False
2059,458,66,False
2059,546,78,False
2061,391,56,False
2061,458,66,False
2061,553,79,False
2062,367,53,True
2062,381,55,True
2062,402,58,True
2062,470,68,True
2062,480,69,True
2062,496,71,True
2062,504,72,True
2062,522,75,True
2062,552,79,True
2063,372,54,False
2063,421,61,False
2063,483,69,False
2063,520,75,False
2064,355,51,False
2065,387,56,False
2066,357,51,False
2066,381,55,False
2066,439,63,False
2066,461,66,False
2066,518,74,False
2066,532,76,False
2066,546,78,False
2069,349,50,False
2069,377,54,False
2069,393,57,False
2069,414,60,False
2069,433,62,False
2069,457,66,False
2069,557,80,False
2070,444,64,False
2073,349,50,False
2073,369,53,False
2073,449,65,False
2074,378,54,False
2074,523,75,False
2076,360,52,True
2076,389,56,True
2076,402,58,True
2076,426,61,True
2076,444,64,True
2076,456,66,True
2076,464,67,True
2076,475,68,True
2076,494,71,True
2076,538,77,True
2077,355,51,False
2077,367,53,False
2077,403,58,False
2077,429,62,False
2077,453,65,False
2077,487,70,False
2077,539,77,False
2077,553,79,False
2078,349,50,False
2078,387,56,False
2078,415,60,False
2078,461,66,False
2079,366,53,True
2079,406,58,True
2079,430,62,True
2079,456,66,True
2079,474,68,True
2079,523,75,True
2079,555,80,True
2080,349,50,True
2080,366,53,True
2080,377,54,True
2080,397,57,True
2080,414,60,True
2080,430,62,True
2080,479,69,True
2080,488,70,True
2080,500,72,True
2080,512,74,True
2080,545,78,True
2080,557,80,True
2081,349,50,False
2081,471,68,False
2081,526,76,False
2081,558,80,False
2082,349,50,False
2082,370,53,False
2082,384,55,False
2082,413,59,False
2082,421,61,False
2082,477,69,False
2082,496,71,False
2082,517,74,False
2082,533,77,False
2082,547,79,False
2082,557,80,False
2083,499,72,True
2084,349,50,False
2084,362,52,False
2084,414,60,False
2084,448,64,False
2084,462,66,False
2084,534,77,False
2085,358,52,True
2085,421,61,True
2085,440,63,True
2085,457,66,True
2085,546,78,True
2086,351,51,False
2086,364,52,False
2086,392,56,False
2086,402,58,False
2086,426,61,False
2086,453,65,False
2086,462,66,False
2086,486,70,False
2086,492,71,False
2086,526,76,False
2087,350,50,True
2088,349,50,False
2089,360,52,False
2089,421,61,False
2090,405,58,False
2090,532,76,False
2092,369,53,False
2092,402,58,False
2092,433,62,False
2092,477,69,False
2095,424,61,False
2095,462,66,False
2095,543,78,False
2096,349,50,False
2096,436,63,False
2096,505,73,False
2097,470,68,True
2097,499,72,True
2100,377,54,False
2100,447,64,False
2100,553,79,False
2102,386,56,False
2102,486,70,False
2103,349,50,False
2103,371,53,False
2103,440,63,False
2103,504,72,False
2103,523,75,False
2103,556,80,False
2105,349,50,False
2105,517,74,False
2105,548,79,False
2106,349,50,False
2106,376,54,False
2106,435,63,False
2106,509,73,False
2107,368,53,False
2107,399,57,False
2107,472,68,False
2107,495,71,False
2107,508,73,False
2107,522,75,False
2107,557,80,False
2108,359,52,False
2108,380,55,False
2108,453,65,False
2108,486,70,False
2108,516,74,False
2108,525,75,False
2108,539,77,False
2111,351,51,False
2111,380,55,False
2111,392,56,False
2111,449,65,False
2111,462,66,False
2111,487,70,False
2111,511,73,False
2111,521,75,False
2112,353,51,False
2112,505,73,False
2114,441,63,False
2114,551,79,False
2115,352,51,True
2115,366,53,True
2115,380,55,True
2115,388,56,True
2115,396,57,True
2115,430,62,True
2115,436,63,True
2115,479,69,True
2115,486,70,True
2115,498,72,True
2115,507,73,True
2115,526,76,True
2115,555,80,True
2116,360,52,True
2116,378,54,True
2116,425,61,True
2116,484,70,True
2116,492,71,True
2116,528,76,True
2117,419,60,False
2117,497,71,False
2118,387,56,False
2118,429,62,False
2119,368,53,False
2119,480,69,False
2120,381,55,False
2120,428,62,False
2120,488,70,False
2120,532,76,False
2121,371,53,False
2121,396,57,False
2121,416,60,False
2121,446,64,False
2121,494,71,False
2121,521,75,False
2121,533,77,False
2121,550,79,False
2123,457,66,False
2123,551,79,False
2124,349,50,False
2124,377,54,False
2124,391,56,False
2124,399,57,False
2124,454,65,False
2124,532,76,False
2124,549,79,False
2126,454,65,False
2126,536,77,False
2128,351,51,False
2128,400,58,False
2128,412,59,False
2128,420,60,False
2128,461,66,False
2128,479,69,False
2128,508,73,False
2128,520,75,False
2129,381,55,True
2129,425,61,True
2130,363,52,False
2131,353,51,True
2131,361,52,True
2131,423,61,True
2131,440,63,True
2131,453,65,True
2131,466,67,True
2131,509,73,True
2131,530,76,True
2131,542,78,True
2131,558,80,True
2132,351,51,False
2132,436,63,False
2132,457,66,False
2133,354,51,True
2133,381,55,True
2133,480,69,True
2133,546,78,True
2134,408,59,True
2134,458,66,True
2134,501,72,True
2134,518,74,True
2134,555,80,True
2135,388,56,False
2137,448,64,False
2137,458,66,False
2137,468,67,False
2137,482,69,False
2138,367,53,False
2138,393,57,False
2138,409,59,False
2138,421,61,False
2138,445,64,False
2138,501,72,False
2138,528,76,False
2138,541,78,False
2138,555,80,False
2139,381,55,False
2139,430,62,False
2139,457,66,False
2139,507,73,False
2141,352,51,False
2141,431,62,False
2141,473,68,False
2141,499,72,False
2141,529,76,False
2141,558,80,False
2142,497,71,True
2142,553,79,True
2145,373,54,False
2146,352,51,False
2146,390,56,False
2146,438,63,False
2146,463,67,False
2146,487,70,False
2146,508,73,False
2146,542,78,False
2147,393,57,False
2147,421,61,False
2148,349,50,False
2148,473,68,False
2148,489,70,False
2148,541,78,False
2149,402,58,False
2149,450,65,False
2149,480,69,False
2149,548,79,False
2151,349,50,False
2151,505,73,False
2153,383,55,False
2153,412,59,False
2153,438,63,False
2153,545,78,False
2154,442,64,False
2158,349,50,False
2158,362,52,False
2158,390,56,False
2158,404,58,False
2158,417,60,False
2158,446,64,False
2158,474,68,False
2158,499,72,False
2158,531,76,False
2158,548,79,False
2159,353,51,False
2159,374,54,False
2159,382,55,False
2159,399,57,False
2159,412,59,False
2159,427,61,False
2159,449,65,False
2159,460,66,False
2159,472,68,False
2159,501,72,False
2159,513,74,False
2159,538,77,False
2164,415,60,False
2166,349,50,False
2166,363,52,False
2166,413,59,False
2166,488,70,False
2166,518,74,False
2167,352,51,False
2167,377,54,False
2167,391,56,False
2167,424,61,False
2167,444,64,False
2167,480,69,False
2167,516,74,False
2168,408,59,True
2168,556,80,True
2170,516,74,True
2171,400,58,False
2171,456,66,False
2172,351,51,False
2172,372,54,False
2172,404,58,False
2172,428,62,False
2172,450,65,False
2172,487,70,False
2172,503,72,False
2174,368,53,False
2174,404,58,False
2174,437,63,False
2174,476,68,False
2174,530,76,False
2176,349,50,False
2176,354,51,False
2176,359,52,False
2176,371,53,False
2176,385,55,False
2176,402,58,False
2176,409,59,False
2176,414,60,False
2176,421,61,False
2176,430,62,False
2176,436,63,False
2176,442,64,False
2176,472,68,False
2176,478,69,False
2176,484,70,False
2176,539,77,False
2176,549,79,False
2176,553,79,False
2178,502,72,False
2178,530,76,False
2179,440,63,False
2179,499,72,False
2180,377,54,False
2180,403,58,False
2180,470,68,False
2180,530,76,False
2181,366,53,False
2181,470,68,False
2182,354,51,False
2182,382,55,False
2182,404,58,False
2182,439,63,False
2182,459,66,False
2182,534,77,False
2182,546,78,False
2183,407,59,False
2184,356,51,True
2184,449,65,True
2184,481,69,True
2184,507,73,True
2184,516,74,True
2184,538,77,True
2184,546,78,True
2185,399,57,True
2185,429,62,True
2185,467,67,True
2185,553,79,True
2186,384,55,False
2187,349,50,False
2187,400,58,False
2187,455,65,False
2187,507,73,False
2189,355,51,False
2189,386,56,False
2190,375,54,True
2190,387,56,True
2190,398,57,True
2190,445,64,True
2190,462,66,True
2190,476,68,True
2190,534,77,True
2190,548,79,True
2192,349,50,False
2192,440,63,False
2192,503,72,False
2193,357,51,True
2193,375,54,True
2193,439,63,True
2193,473,68,True
2194,363,52,True
2194,399,57,True
2194,438,63,True
2194,447,64,True
2194,473,68,True
2194,501,72,True
2195,349,50,False
2195,395,57,False
2195,451,65,False
2195,472,68,False
2195,532,76,False
2195,549,79,False
2196,481,69,False
2197,349,50,False
2197,392,56,False
2197,413,59,False
2197,435,63,False
2197,470,68,False
2197,500,72,False
2197,518,74,False
2197,531,76,False
2197,541,78,False
2198,364,52,False
2198,390,56,False
2198,463,67,False
2198,470,68,False
2198,476,68,False
2200,498,72,True
2202,356,51,False
2202,403,58,False
2202,504,72,False
2203,362,52,False
2203,401,58,False
2204,369,53,False
2204,429,62,False
2204,458,66,False
2204,469,67,False
2204,491,71,False
2204,516,74,False
2204,537,77,False
2204,551,79,False
2205,371,53,False
2205,420,60,False
2205,433,62,False
2205,473,68,False
2205,483,69,False
2205,502,72,False
2205,555,80,False
2206,366,53,False
2206,391,56,False
2206,463,67,False
2207,394,57,True
2207,416,60,True
2207,427,61,True
2207,459,66,True
2207,523,75,True
2207,536,77,True
2208,354,51,True
2208,369,53,True
2208,399,57,True
2208,475,68,True
2208,484,70,True
2208,504,72,True
2208,518,74,True
2208,536,77,True
2208,547,79,True
2209,357,51,True
2209,393,57,True
2209,402,58,True
2209,415,60,True
2209,425,61,True
2209,450,65,True
2209,514,74,True
2209,535,77,True
2210,397,57,False
2210,419,60,False
2210,450,65,False
2210,544,78,False
2211,531,76,False
2212,349,50,False
2212,366,53,False
2212,441,63,False
2212,452,65,False
2212,471,68,False
2213,358,52,False
2213,413,59,False
2213,440,63,False
2213,461,66,False
2213,491,71,False
2213,512,74,False
2215,378,54,False
2215,414,60,False
2217,370,53,False
2217,395,57,False
2217,403,58,False
2217,444,64,False
2217,477,69,False
2217,504,72,False
2222,385,55,False
2223,349,50,False
2223,380,55,False
2223,421,61,False
2223,538,77,False
2225,370,53,False
2225,504,72,False
2225,540,78,False
2226,353,51,True
2227,349,50,True
2227,360,52,True
2227,376,54,True
2227,423,61,True
2227,441,63,True
2227,459,66,True
2227,506,73,True
2227,523,75,True
2227,549,79,True
2228,404,58,False
2228,434,62,False
2228,450,65,False
2228,469,67,False
2228,508,73,False
2229,349,50,False
2229,473,68,False
2229,552,79,False
2230,349,50,False
2230,388,56,False
2230,425,61,False
2230,470,68,False
2230,534,77,False
2231,349,50,False
2231,366,53,False
2231,408,59,False
2231,448,64,False
2231,490,70,False
2231,549,79,False
2232,453,65,False
2233,349,50,True
2233,368,53,True
2233,378,54,True
2233,395,57,True
2233,414,60,True
2233,427,61,True
2233,454,65,True
2233,484,70,True
2233,490,70,True
2233,509,73,True
2233,515,74,True
2233,528,76,True
2233,549,79,True
2233,557,80,True
2234,393,57,True
2234,427,61,True
2235,360,52,False
2235,381,55,False
2235,396,57,False
2235,484,70,False
2235,547,79,False
2236,349,50,False
2236,368,53,False
2236,380,55,False
2236,469,67,False
2236,482,69,False
2236,490,70,False
2236,503,72,False
2236,519,75,False
2236,538,77,False
2236,544,78,False
2236,558,80,False
2237,433,62,False
2237,500,72,False
2238,349,50,False
2238,390,56,False
2238,408,59,False
2238,431,62,False
2238,442,64,False
2238,452,65,False
2238,466,67,False
2238,488,70,False
2238,500,72,False
2238,508,73,False
2238,516,74,False
2240,384,55,False
2240,401,58,False
2240,497,71,False
2241,545,78,False
2242,349,50,False
2242,374,54,False
2242,430,62,False
2242,450,65,False
2242,458,66,False
2242,465,67,False
2242,478,69,False
2242,491,71,False
2242,503,72,False
2242,517,74,False
2242,524,75,False
2242,538,77,False
2244,374,54,False
2244,418,60,False
2244,430,62,False
2244,445,64,False
2244,483,69,False
2244,497,71,False
2244,503,72,False
2244,513,74,False
2244,541,78,False
2244,551,79,False
2245,355,51,False
2245,373,54,False
2245,392,56,False
2245,407,59,False
2245,429,62,False
2245,442,64,False
2245,477,69,False
2245,519,75,False
2245,539,77,False
2247,381,55,False
2247,430,62,False
2247,470,68,False
2247,549,79,False
2250,413,59,False
2250,558,80,False
2252,452,65,False
2257,427,61,False
2257,548,79,False
2258,463,67,False
2258,541,78,False
2260,349,50,True
2260,386,56,True
2260,407,59,True
2260,447,64,True
2260,550,79,True
2261,479,69,True
2261,486,70,True
2261,499,72,True
2261,508,73,True
2261,514,74,True
2261,528,76,True
2261,542,78,True
2261,548,79,True
2262,377,54,False
2262,397,57,False
2262,434,62,False
2262,453,65,False
2262,461,66,False
2262,501,72,False
2262,512,74,False
2262,529,76,False
2262,540,78,False
2263,361,52,False
2263,378,54,False
2263,385,55,False
2263,420,60,False
2263,431,62,False
2263,439,63,False
2263,467,67,False
2263,480,69,False
2263,485,70,False
2263,494,71,False
2263,501,72,False
2263,507,73,False
2263,532,76,False
2263,536,77,False
2263,544,78,False
2263,551,79,False
2264,371,53,True
2264,451,65,True
2264,469,67,True
2264,485,70,True
2264,493,71,True
2264,508,73,True
2266,472,68,True
2267,369,53,False
2267,514,74,False
2268,349,50,False
2268,398,57,False
2268,442,64,False
2268,499,72,False
2269,435,63,False
2269,522,75,False
2270,374,54,False
2270,392,56,False
2270,419,60,False
2271,539,77,False
2273,411,59,False
2273,487,70,False
2273,510,73,False
2274,349,50,False
2274,540,78,False
2276,356,51,False
2276,383,55,False
2276,466,67,False
2277,366,53,True
2277,380,55,True
2277,479,69,True
2277,514,74,True
2277,532,76,True
2278,367,53,False
2278,413,59,False
2278,548,79,False
2279,505,73,False
2280,369,53,True
2282,349,50,False
2282,366,53,False
2282,391,56,False
2282,417,60,False
2282,448,64,False
2282,490,70,False
2284,367,53,True
2284,384,55,True
2284,435,63,True
2284,469,67,True
2284,533,77,True
2285,349,50,False
2286,349,50,False
2286,471,68,False
2286,519,75,False
2287,349,50,False
2287,448,64,False
2287,492,71,False
2288,349,50,False
2288,366,53,False
2288,385,55,False
2288,393,57,False
2288,399,57,False
2288,416,60,False
2288,430,62,False
2288,458,66,False
2288,474,68,False
2288,493,71,False
2288,499,72,False
2288,517,74,False
2288,525,75,False
2289,356,51,False
2289,379,55,False
2289,443,64,False
2289,498,72,False
2289,525,75,False
2290,373,54,False
2290,419,60,False
2290,458,66,False
2290,489,70,False
2291,357,51,False
2291,394,57,False
2291,424,61,False
2291,469,67,False
2291,483,69,False
2291,496,71,False
2291,502,72,False
2291,518,74,False
2293,353,51,False
2293,418,60,False
2293,485,70,False
2293,551,79,False
2294,353,51,True
2294,362,52,True
2294,382,55,True
2294,388,56,True
2294,402,58,True
2294,422,61,True
2294,438,63,True
2294,444,64,True
2294,451,65,True
2294,464,67,True
2294,477,69,True
2294,485,70,True
2294,521,75,True
2294,534,77,True
2294,548,79,True
2295,426,61,True
2295,465,67,True
2295,525,75,True
2296,386,56,True
2296,458,66,True
2296,513,74,True
2297,388,56,False
2297,538,77,False
2298,354,51,False
2298,376,54,False
2298,393,57,False
2298,418,60,False
2298,452,65,False
2298,479,69,False
2298,520,75,False
2299,349,50,False
2299,417,60,False
2299,446,64,False
2299,472,68,False
2299,524,75,False
2300,360,52,False
2300,415,60,False
2300,523,75,False
2301,409,59,True
2301,418,60,True
2301,444,64,True
2301,466,67,True
2301,493,71,True
2301,519,75,True
2301,528,76,True
2301,538,77,True
2302,384,55,False
2302,399,57,False
2302,445,64,False
2302,472,68,False
2302,495,71,False
2303,354,51,False
2303,505,73,False
2303,542,78,False
2304,349,50,False
2304,448,64,False
2304,461,66,False
2304,508,73,False
2304,521,75,False
2305,378,54,True
2305,391,56,True
2305,424,61,True
2307,431,62,True
2307,469,67,True
2307,517,74,True
2310,369,53,False
2310,411,59,False
2310,523,75,False
2310,557,80,False
2311,393,57,False
2311,469,67,False
2311,490,70,False
2311,531,76,False
2312,358,52,True
2312,438,63,True
2312,473,68,True
2314,494,71,True
2314,551,79,True
2316,350,50,False
2316,410,59,False
2316,557,80,False
2317,406,58,True
2317,492,71,True
2317,555,80,True
2318,350,50,True
2318,363,52,True
2318,373,54,True
2318,379,55,True
2318,402,58,True
2318,429,62,True
2318,433,62,True
2318,459,66,True
2318,469,67,True
2318,474,68,True
2318,483,69,True
2318,490,70,True
2318,495,71,True
2318,502,72,True
2318,506,73,True
2318,521,75,True
2318,526,76,True
2318,533,77,True
2318,542,78,True
2318,557,80,True
2319,349,50,False
2319,376,54,False
2319,385,55,False
2319,402,58,False
2319,420,60,False
2319,462,66,False
2319,476,68,False
2319,518,74,False
2319,533,77,False
2319,547,79,False
2322,420,60,True
2322,450,65,True
2322,465,67,True
2322,510,73,True
2322,531,76,True
2324,356,51,False
2324,429,62,False
2324,469,67,False
2324,529,76,False
2327,437,63,False
2327,471,68,False
2327,528,76,False
2328,358,52,True
2328,385,55,True
2328,441,63,True
2328,460,66,True
2328,476,68,True
2328,501,72,True
2328,528,76,True
2328,542,78,True
2329,353,51,False
2329,378,54,False
2329,398,57,False
2329,426,61,False
2329,436,63,False
2329,465,67,False
2329,487,70,False
2329,509,73,False
2329,528,76,False
2329,555,80,False
2330,393,57,False
2330,414,60,False
2330,437,63,False
2330,461,66,False
2330,505,73,False
2331,541,78,False
2334,359,52,True
2334,373,54,True
2334,434,62,True
2334,454,65,True
2334,480,69,True
2334,529,76,True
2336,349,50,False
2336,370,53,False
2336,404,58,False
2336,428,62,False
2336,445,64,False
2336,545,78,False
2337,399,57,True
2337,511,73,True
2338,356,51,False
2338,436,63,False
2338,516,74,False
2340,429,62,False
2340,443,64,False
2340,536,77,False
2341,350,50,True
2341,421,61,True
2341,437,63,True
2341,487,70,True
2343,371,53,False
2343,386,56,False
2343,397,57,False
2343,443,64,False
2343,544,78,False
2344,353,51,False
2344,371,53,False
2344,396,57,False
2344,441,63,False
2344,457,66,False
2344,480,69,False
2344,506,73,False
2344,526,76,False
2344,549,79,False
2345,419,60,False
2345,522,75,False
2345,545,78,False
2346,473,68,False
2348,349,50,False
2349,349,50,False
2349,368,53,False
2349,387,56,False
2349,445,64,False
2349,466,67,False
2349,503,72,False
2349,543,78,False
2349,558,80,False
2350,457,66,False
2350,491,71,False
2351,534,77,True
2354,356,51,False
2354,419,60,False
2354,495,71,False
2356,363,52,False
2356,382,55,False
2356,408,59,False
2356,432,62,False
2356,469,67,False
2356,514,74,False
2356,542,78,False
2356,553,79,False
2357,349,50,False
2357,401,58,False
2357,439,63,False
2357,474,68,False
2357,518,74,False
2358,349,50,False
2358,419,60,False
2358,455,65,False
2358,473,68,False
2358,540,78,False
2359,373,54,False
2359,383,55,False
2359,392,56,False
2359,415,60,False
2359,425,61,False
2359,448,64,False
2359,460,66,False
2359,484,70,False
2359,500,72,False
2359,525,75,False
2359,545,78,False
2360,377,54,True
2360,433,62,True
2360,442,64,True
2360,468,67,True
2360,486,70,True
2360,502,72,True
2360,508,73,True
2360,521,75,True
2360,527,76,True
2360,545,78,True
2361,474,68,False
2361,489,70,False
2361,515,74,False
2361,530,76,False
2362,349,50,False
2362,374,54,False
2362,390,56,False
2362,435,63,False
2362,528,76,False
2363,380,55,False
2364,361,52,True
2364,374,54,True
2366,461,66,False
2366,525,75,False
2367,427,61,True
2367,457,66,True
2367,469,67,True
2367,479,69,True
2367,495,71,True
2367,523,75,True
2367,543,78,True
2369,375,54,False
2369,453,65,False
2369,508,73,False
2369,536,77,False
2370,364,52,False
2370,436,63,False
2370,546,78,False
2371,352,51,False
2371,368,53,False
2371,451,65,False
2371,465,67,False
2371,478,69,False
2371,506,73,False
2371,528,76,False
2371,542,78,False
2372,365,53,False
2372,447,64,False
2373,377,54,False
2373,413,59,False
2374,387,56,True
2374,406,58,True
2374,425,61,True
2375,360,52,False
2375,400,58,False
2375,426,61,False
2375,511,73,False
2375,540,78,False
2376,524,75,False
2376,540,78,False
2377,405,58,False
2378,365,53,False
2378,377,54,False
2378,444,64,False
2378,479,69,False
2378,487,70,False
2378,497,71,False
2379,361,52,False
2379,385,55,False
2379,439,63,False
2379,480,69,False
2379,522,75,False
2379,540,78,False
2381,354,51,False
2381,375,54,False
2381,458,66,False
2381,473,68,False
2381,489,70,False
2381,506,73,False
2381,533,77,False
2381,545,78,False
2382,412,59,False
2385,415,60,False
2385,420,60,False
2385,445,64,False
2385,453,65,False
2385,459,66,False
2385,466,67,False
2385,472,68,False
2385,480,69,False
2385,487,70,False
2385,506,73,False
2385,524,75,False
2385,546,78,False
2385,552,79,False
2386,354,51,False
2386,409,59,False
2386,428,62,False
2386,485,70,False
2388,376,54,False
2388,474,68,False
2389,457,66,False
2389,489,70,False
2389,554,80,False
2390,360,52,False
2390,396,57,False
2390,490,70,False
2390,537,77,False
2391,349,50,False
2391,540,78,False
2393,533,77,False
2394,381,55,False
2394,413,59,False
2394,476,68,False
2394,500,72,False
2395,390,56,True
2395,404,58,True
2395,426,61,True
2395,512,74,True
2396,375,54,False
2398,349,50,False
2398,477,69,False
2398,534,77,False
2400,349,50,True
2400,387,56,True
2400,400,58,True
2400,429,62,True
2400,556,80,True
2405,377,54,False
2405,404,58,False
2405,548,79,False
2406,454,65,False
2407,391,56,False
2408,359,52,False
2408,501,72,False
2410,452,65,False
2410,476,68,False
2410,528,76,False
2411,392,56,False
2411,437,63,False
2411,503,72,False
2411,534,77,False
2411,547,79,False
2412,382,55,True
2412,388,56,True
2412,501,72,True
2412,520,75,True
2412,529,76,True
2415,349,50,False
2415,411,59,False
2415,427,61,False
2415,438,63,False
2415,555,80,False
2416,411,59,False
2416,466,67,False
2416,484,70,False
2418,382,55,False
2419,390,56,False
2419,426,61,False
2419,444,64,False
2419,486,70,False
2419,521,75,False
2419,554,80,False
2420,355,51,False
2420,375,54,False
2420,391,56,False
2420,423,61,False
2420,502,72,False
2421,349,50,True
2421,442,64,True
2423,508,73,False
2424,423,61,False
2424,458,66,False
2424,479,69,False
2424,510,73,False
2424,541,78,False
2425,432,62,True
2425,444,64,True
2425,537,77,True
2425,553,79,True
2427,377,54,True
2427,448,64,True
2429,358,52,False
2429,387,56,False
2429,406,58,False
2429,552,79,False
2430,398,57,False
2430,439,63,False
2430,483,69,False
2430,518,74,False
2431,389,56,False
2431,422,61,False
2431,439,63,False
2431,515,74,False
2432,431,62,False
2432,556,80,False
2433,361,52,False
2433,407,59,False
2433,457,66,False
2433,524,75,False
2433,550,79,False
2434,392,56,False
2434,501,72,False
2436,417,60,False
2436,546,78,False
2437,376,54,True
2437,391,56,True
2437,433,62,True
2437,453,65,True
2437,490,70,True
2437,528,76,True
2438,350,50,False
2438,387,56,False
2438,396,57,False
2438,424,61,False
2438,445,64,False
2438,464,67,False
2438,483,69,False
2438,504,72,False
2439,349,50,False
2439,365,53,False
2439,404,58,False
2439,428,62,False
2439,455,65,False
2439,491,71,False
2439,516,74,False
2439,538,77,False
2440,388,56,False
2440,420,60,False
2440,441,63,False
2440,493,71,False
2440,522,75,False
2440,538,77,False
2440,550,79,False
2441,349,50,False
2441,418,60,False
2441,465,67,False
2442,349,50,False
2442,436,63,False
2442,454,65,False
2442,555,80,False
2443,388,56,False
2443,443,64,False
2443,460,66,False
2445,350,50,True
2445,375,54,True
2445,407,59,True
2445,432,62,True
2445,451,65,True
2445,468,67,True
2445,509,73,True
2445,520,75,True
2445,533,77,True
2445,555,80,True
2446,440,63,False
2446,475,68,False
2447,349,50,True
2447,362,52,True
2447,374,54,True
2447,388,56,True
2447,408,59,True
2447,419,60,True
2447,436,63,True
2447,463,67,True
2447,475,68,True
2447,489,70,True
2447,498,72,True
2447,522,75,True
2447,528,76,True
2447,554,80,True
2448,357,51,True
2448,411,59,True
2448,451,65,True
2449,384,55,True
2449,444,64,True
2449,477,69,True
2449,501,72,True
2449,516,74,True
2449,550,79,True
2449,557,80,True
2450,349,50,False
2450,367,53,False
2450,395,57,False
2450,439,63,False
2450,465,67,False
2450,478,69,False
2450,499,72,False
2450,526,76,False
2450,543,78,False
2451,364,52,True
2451,410,59,True
2451,477,69,True
2452,353,51,False
2452,370,53,False
2452,428,62,False
2452,473,68,False
2452,491,71,False
2452,516,74,False
2452,558,80,False
2453,385,55,False
2453,468,67,False
2453,487,70,False
2453,520,75,False
2453,550,79,False
2456,350,50,False
2456,378,54,False
2456,433,62,False
2456,482,69,False
2457,361,52,False
2457,379,55,False
2457,403,58,False
2457,429,62,False
2457,441,63,False
2457,475,68,False
2457,497,71,False
2457,526,76,False
2458,349,50,False
2458,371,53,False
2458,531,76,False
2459,402,58,True
2459,430,62,True
2459,515,74,True
2459,530,76,True
2459,540,78,True
2459,547,79,True
2462,479,69,True
2464,389,56,False
2464,555,80,False
2465,358,52,False
2465,399,57,False
2465,433,62,False
2465,453,65,False
2465,546,78,False
2466,393,57,False
2466,431,62,False
2466,455,65,False
2466,494,71,False
2467,361,52,True
2467,388,56,True
2468,436,63,False
2468,464,67,False
2468,527,76,False
2468,540,78,False
2469,403,58,False
2469,520,75,False
2470,357,51,False
2470,373,54,False
2470,530,76,False
2470,544,78,False
2471,380,55,False
2471,417,60,False
2471,483,69,False
2474,351,51,False
2474,370,53,False
2474,447,64,False
2474,484,70,False
2474,517,74,False
2475,349,50,False
2475,392,56,False
2475,413,59,False
2475,444,64,False
2475,479,69,False
2475,499,72,False
2477,360,52,False
2477,481,69,False
2477,532,76,False
2478,372,54,False
2478,385,55,False
2478,398,57,False
2478,451,65,False
2478,461,66,False
2478,521,75,False
2478,529,76,False
2478,547,79,False
2479,396,57,True
2479,466,67,True
2481,358,52,False
2481,431,62,False
2481,441,63,False
2481,544,78,False
2482,354,51,False
2482,387,56,False
2482,429,62,False
2484,456,66,True
2484,511,73,True
2484,527,76,True
2484,543,78,True
2485,349,50,False
2485,367,53,False
2485,384,55,False
2485,414,60,False
2485,453,65,False
2485,479,69,False
2485,499,72,False
2485,518,74,False
2485,531,76,False
2485,551,79,False
2487,366,53,False
2487,476,68,False
2487,508,73,False
2487,556,80,False
2488,368,53,False
2488,387,56,False
2488,415,60,False
2488,481,69,False
2488,515,74,False
2488,527,76,False
2490,368,53,False
2490,414,60,False
2490,459,66,False
2490,553,79,False
2491,349,50,False
2491,359,52,False
2491,387,56,False
2491,404,58,False
2491,414,60,False
2491,452,65,False
2491,529,76,False
2492,349,50,False
2492,371,53,False
2492,398,57,False
2492,412,59,False
2492,435,63,False
2492,454,65,False
2492,470,68,False
2492,488,70,False
2492,505,73,False
2492,535,77,False
2493,356,51,False
2493,366,53,False
2493,414,60,False
2493,454,65,False
2493,472,68,False
2493,536,77,False
2493,550,79,False
2494,368,53,False
2494,508,73,False
2497,349,50,True
2497,404,58,True
2497,475,68,True
2497,511,73,True
2498,351,51,False
2498,371,53,False
2498,403,58,False
2498,445,64,False
2498,458,66,False
2498,471,68,False
2498,490,70,False
2498,498,72,False
2498,510,73,False
2498,545,78,False
2499,349,50,False
2499,370,53,False
2499,403,58,False
2499,468,67,False
