household_key,is_candidate_analysis,is_primary_analysis,is_primary_eligible1_analysis,is_primary_all_weeks_analysis,is_primary_no_history_filter_analysis,is_home70_analysis,first_observed_week,baseline_baskets,n_baseline_purchase_weeks,baseline_weekly_visit_rate,home_store_id,baseline_home_store_share,outcome_home_store_share,n_eligible_products,n_eligible_products_all_weeks,n_repeated_products_no_history_filter,original_top20_baskets,eligible_original_top20_baskets,excluded_weight_share
1,1,1,1,1,1,1,8,14,14,0.7368421052631579,436,0.9285714285714286,1.0,20,20,20,99,64,0.3535353535353535
2,1,1,1,1,1,0,15,15,9,0.75,401,0.5333333333333333,0.5666666666666667,11,13,14,37,25,0.32432432432432434
3,1,0,0,0,0,0,17,10,6,0.6,401,1.0,0.8108108108108109,15,16,20,52,39,0.25
5,1,0,0,0,0,0,13,11,7,0.5,374,1.0,0.896551724137931,2,4,5,26,4,0.8461538461538461
6,1,1,1,1,1,1,18,30,9,1.0,421,0.9,0.46296296296296297,20,20,20,72,48,0.33333333333333337
7,1,0,0,0,0,0,4,6,5,0.21739130434782608,359,0.6666666666666666,0.9607843137254902,4,4,5,25,8,0.6799999999999999
8,1,1,1,1,1,1,10,18,13,0.7647058823529411,321,0.9444444444444444,0.9361702127659575,20,20,20,48,38,0.20833333333333337
10,1,0,0,0,0,0,17,6,2,0.2,292,0.6666666666666666,0.0,3,3,3,24,7,0.7083333333333333
13,1,1,1,1,1,1,15,39,12,1.0,323,1.0,1.0,20,20,20,79,53,0.3291139240506329
14,1,1,1,1,1,0,1,28,17,0.6538461538461539,441,0.5714285714285714,0.19090909090909092,18,20,20,50,36,0.28
15,1,0,0,0,0,0,4,5,4,0.17391304347826086,402,0.6,0.78,4,5,5,25,8,0.6799999999999999
17,1,1,1,1,1,1,4,40,19,0.8260869565217391,361,0.925,0.8690476190476191,20,20,20,122,78,0.360655737704918
18,1,1,1,1,1,1,14,17,11,0.8461538461538461,414,0.8823529411764706,0.2887323943661972,20,20,20,84,66,0.2142857142857143
19,1,1,1,1,1,0,11,39,16,1.0,422,0.5128205128205128,0.25526315789473686,20,20,20,105,75,0.2857142857142857
20,1,0,0,0,0,0,12,5,3,0.2,355,0.8,0.0,1,1,1,23,4,0.8260869565217391
21,1,0,0,0,0,0,11,7,6,0.375,424,0.2857142857142857,0.0,1,1,1,13,4,0.6923076923076923
22,1,1,1,1,1,0,4,26,20,0.8695652173913043,370,0.5,0.14814814814814814,19,20,20,105,76,0.2761904761904762
23,1,0,0,0,0,0,16,10,7,0.6363636363636364,319,1.0,0.9591836734693877,17,19,20,60,42,0.30000000000000004
24,1,1,1,1,1,1,9,29,11,0.6111111111111112,363,0.9310344827586207,1.0,20,20,20,74,69,0.06756756756756754
25,1,1,1,1,1,1,2,19,13,0.52,298,0.8421052631578947,0.16,20,20,20,89,58,0.348314606741573
26,1,1,1,1,1,1,8,42,15,0.7894736842105263,313,1.0,0.3380281690140845,20,20,20,105,45,0.5714285714285714
27,1,0,0,0,0,0,6,42,20,0.9523809523809523,365,0.19047619047619047,0.027855153203342618,7,8,20,79,28,0.6455696202531646
28,1,1,1,1,1,1,17,21,9,0.9,321,0.8095238095238095,0.9230769230769231,7,9,13,44,21,0.5227272727272727
29,1,1,1,1,1,1,6,14,11,0.5238095238095238,345,1.0,0.5471698113207547,20,20,20,55,39,0.2909090909090909
30,1,0,0,0,0,0,12,10,3,0.2,313,0.9,0.47058823529411764,2,2,2,22,4,0.8181818181818181
33,1,0,0,0,0,0,16,9,7,0.6363636363636364,313,0.4444444444444444,0.15,4,4,5,28,11,0.6071428571428572
35,1,0,0,0,0,0,4,6,5,0.21739130434782608,309,0.8333333333333334,0.7924528301886793,4,4,4,25,9,0.64
36,1,1,1,1,1,1,13,63,12,0.8571428571428571,320,0.9841269841269841,0.5159235668789809,20,20,20,85,48,0.43529411764705883
38,1,0,0,0,0,0,15,8,7,0.5833333333333334,438,0.625,0.5789473684210527,2,2,3,24,5,0.7916666666666666
39,1,1,1,1,1,0,4,20,13,0.5652173913043478,320,0.65,0.36363636363636365,20,20,20,108,69,0.36111111111111116
40,1,1,1,1,1,1,11,46,16,1.0,406,0.9782608695652174,0.9310344827586207,20,20,20,116,42,0.6379310344827587
41,1,0,0,0,0,0,11,10,7,0.4375,330,0.9,0.9838709677419355,12,12,14,43,33,0.2325581395348837
42,1,1,1,1,1,1,15,13,12,1.0,380,1.0,1.0,15,16,20,67,48,0.28358208955223885
43,1,0,0,0,0,0,17,9,7,0.7,345,1.0,0.9893617021276596,2,2,3,27,8,0.7037037037037037
45,1,0,1,0,1,0,15,14,8,0.6666666666666666,300,1.0,0.9767441860465116,2,2,5,39,6,0.8461538461538461
46,1,0,0,0,0,0,3,6,5,0.20833333333333334,333,1.0,0.8914728682170543,2,2,2,22,4,0.8181818181818181
47,1,1,1,1,1,1,16,16,9,0.8181818181818182,445,0.9375,0.7553191489361702,13,15,18,43,27,0.37209302325581395
49,1,1,1,1,1,1,9,14,9,0.5,356,0.7857142857142857,0.6261682242990654,9,9,13,40,21,0.475
51,1,1,1,1,1,1,3,25,13,0.5416666666666666,293,1.0,0.22807017543859648,15,19,20,54,27,0.5
52,1,1,1,1,1,0,3,29,16,0.6666666666666666,401,0.5517241379310345,0.7037037037037037,13,14,18,49,32,0.34693877551020413
53,1,0,0,0,0,0,11,6,6,0.375,367,1.0,0.9791666666666666,4,4,5,25,8,0.6799999999999999
55,1,0,1,1,1,0,10,20,9,0.5294117647058824,362,1.0,0.9752066115702479,4,5,8,35,15,0.5714285714285714
56,1,1,1,1,1,1,14,18,9,0.6923076923076923,439,0.9444444444444444,1.0,10,13,18,47,26,0.44680851063829785
57,1,1,1,1,1,1,8,32,16,0.8421052631578947,298,0.8125,0.4375,12,13,20,70,33,0.5285714285714286
58,1,1,1,1,1,1,12,51,15,1.0,375,0.9411764705882353,0.6883720930232559,20,20,20,103,65,0.3689320388349514
59,1,0,0,0,0,0,10,10,6,0.35294117647058826,352,0.5,0.5294117647058824,2,2,3,23,4,0.8260869565217391
63,1,0,1,0,1,0,13,9,8,0.5714285714285714,311,1.0,1.0,1,1,6,27,3,0.8888888888888888
66,1,0,0,0,0,0,18,12,5,0.5555555555555556,441,0.9166666666666666,0.0,8,9,11,31,16,0.4838709677419355
67,1,1,1,1,1,1,15,27,12,1.0,391,0.8148148148148148,0.6060606060606061,20,20,20,96,81,0.15625
68,1,1,1,1,1,1,1,97,22,0.8461538461538461,32004,0.979381443298969,0.8300220750551877,14,17,20,127,53,0.5826771653543308
69,1,0,0,0,0,0,13,5,3,0.21428571428571427,441,0.4,0.017142857142857144,2,3,3,23,4,0.8260869565217391
71,1,1,1,1,1,1,10,24,14,0.8235294117647058,311,0.9166666666666666,0.953125,12,14,17,63,31,0.5079365079365079
72,1,0,0,0,0,0,11,32,14,0.875,361,0.4375,0.09333333333333334,20,20,20,97,60,0.38144329896907214
73,1,1,1,1,1,1,9,34,14,0.7777777777777778,367,0.8529411764705882,0.9692307692307692,5,5,9,33,10,0.696969696969697
74,1,1,1,1,1,1,5,44,19,0.8636363636363636,299,0.9772727272727273,1.0,20,20,20,125,95,0.24
77,1,1,1,1,1,1,1,31,19,0.7307692307692307,346,0.7096774193548387,0.6727272727272727,20,20,20,167,152,0.08982035928143717
78,1,0,0,0,0,0,13,8,7,0.5,365,0.5,0.09137055837563451,5,5,5,25,10,0.6
79,1,0,0,0,0,0,15,6,6,0.5,406,0.6666666666666666,0.6503496503496503,4,6,9,33,8,0.7575757575757576
80,1,0,0,0,0,0,8,14,11,0.5789473684210527,421,0.42857142857142855,0.5125,20,20,20,48,46,0.04166666666666663
81,1,0,0,0,0,0,8,48,18,0.9473684210526315,381,0.3958333333333333,0.30392156862745096,20,20,20,151,98,0.3509933774834437
82,1,0,1,0,0,0,12,12,10,0.6666666666666666,424,1.0,1.0,4,4,4,26,10,0.6153846153846154
83,1,0,1,0,1,0,6,27,15,0.7142857142857143,381,0.9259259259259259,0.7804878048780488,3,3,9,35,9,0.7428571428571429
84,1,0,0,0,0,0,7,5,4,0.2,311,0.4,0.0425531914893617,4,4,4,24,8,0.6666666666666667
85,1,1,1,1,1,0,3,100,23,0.9583333333333334,432,0.66,0.11602209944751381,20,20,20,111,36,0.6756756756756757
86,1,0,0,0,0,0,10,8,7,0.4117647058823529,388,0.375,0.2631578947368421,4,7,11,39,13,0.6666666666666667
87,1,0,0,0,0,0,13,7,5,0.35714285714285715,403,0.7142857142857143,0.3783783783783784,3,3,5,26,7,0.7307692307692308
88,1,1,1,1,1,1,13,40,14,1.0,404,1.0,0.9202127659574468,20,20,20,150,96,0.36
91,1,0,0,0,0,0,9,40,10,0.5555555555555556,333,0.325,0.007194244604316547,12,16,20,62,36,0.4193548387096774
92,1,0,0,0,0,0,15,7,6,0.5,374,0.8571428571428571,0.94,1,1,2,23,2,0.9130434782608696
93,1,1,1,1,1,1,2,29,23,0.92,32004,1.0,0.961038961038961,20,20,20,132,77,0.41666666666666663
95,1,1,1,1,1,1,13,75,14,1.0,298,0.9466666666666667,0.8070175438596491,20,20,20,75,63,0.16000000000000003
96,1,1,1,1,1,1,4,38,19,0.8260869565217391,445,1.0,0.9473684210526315,8,15,20,56,20,0.6428571428571428
97,1,1,1,1,1,1,7,27,14,0.7,364,0.9629629629629629,0.5562913907284768,20,20,20,59,45,0.23728813559322037
98,1,1,1,1,1,1,1,20,15,0.5769230769230769,337,0.85,0.2967032967032967,7,8,13,36,16,0.5555555555555556
99,1,1,1,1,1,1,13,87,14,1.0,31782,0.8505747126436781,0.4397590361445783,20,20,20,113,76,0.327433628318584
101,1,0,0,0,0,0,17,11,6,0.6,441,0.7272727272727273,0.4778761061946903,3,3,5,28,8,0.7142857142857143
102,1,0,0,0,0,0,8,8,6,0.3157894736842105,333,0.875,,1,5,9,34,4,0.8823529411764706
103,1,0,0,0,0,0,14,7,4,0.3076923076923077,370,1.0,0.8780487804878049,2,2,2,23,5,0.782608695652174
104,1,0,0,0,0,0,17,5,4,0.4,421,1.0,0.9411764705882353,2,2,2,22,4,0.8181818181818181
105,1,1,1,1,1,1,2,32,18,0.72,403,1.0,0.5076923076923077,20,20,20,136,120,0.11764705882352944
106,1,0,0,0,0,0,15,8,4,0.3333333333333333,367,1.0,0.6101694915254238,1,1,2,23,2,0.9130434782608696
107,1,1,1,1,1,1,10,28,11,0.6470588235294118,329,0.9642857142857143,0.38461538461538464,16,19,20,53,35,0.339622641509434
108,1,0,0,0,0,0,13,8,6,0.42857142857142855,313,1.0,0.7407407407407407,4,7,10,37,10,0.7297297297297297
109,1,0,0,0,0,0,17,8,5,0.5,374,1.0,0.8404255319148937,3,4,10,30,6,0.8
110,1,1,1,1,1,0,10,40,15,0.8823529411764706,372,0.5,0.3873239436619718,20,20,20,84,66,0.2142857142857143
111,1,1,1,1,1,0,3,12,9,0.375,289,0.6666666666666666,0.7948717948717948,13,14,15,38,29,0.23684210526315785
113,1,1,1,1,1,1,14,32,13,1.0,375,0.96875,0.6296296296296297,20,20,20,128,77,0.3984375
114,1,1,1,1,1,1,2,34,17,0.68,31401,0.7941176470588235,0.9056603773584906,20,20,20,110,80,0.2727272727272727
115,1,1,1,1,1,1,6,23,15,0.7142857142857143,329,0.9130434782608695,0.8579545454545454,20,20,20,128,96,0.25
116,1,0,1,0,1,0,7,13,11,0.55,389,1.0,0.9850746268656716,2,3,6,27,4,0.8518518518518519
117,1,1,1,1,1,0,5,19,15,0.6818181818181818,286,0.631578947368421,0.7567567567567568,20,20,20,70,43,0.3857142857142857
118,1,1,1,1,1,0,15,15,10,0.8333333333333334,422,0.6,0.6486486486486487,20,20,20,71,61,0.14084507042253525
121,1,0,0,0,0,0,17,12,5,0.5,292,0.6666666666666666,0.21212121212121213,5,6,6,28,12,0.5714285714285714
122,1,1,1,1,1,1,1,68,21,0.8076923076923077,330,1.0,1.0,20,20,20,100,70,0.30000000000000004
123,1,0,0,0,0,0,12,47,14,0.9333333333333333,289,0.44680851063829785,0.4330708661417323,20,20,20,72,58,0.19444444444444442
124,1,1,1,1,1,1,10,17,9,0.5294117647058824,443,0.7058823529411765,0.8837209302325582,13,13,14,36,28,0.2222222222222222
125,1,1,1,1,1,1,2,73,24,0.96,323,0.9863013698630136,0.9929824561403509,20,20,20,102,51,0.5
130,1,1,1,1,1,1,4,12,8,0.34782608695652173,330,1.0,0.875,8,8,13,44,25,0.43181818181818177
131,1,1,1,1,1,1,4,153,23,1.0,333,0.9150326797385621,0.715,20,20,20,88,67,0.23863636363636365
132,1,1,1,1,1,1,6,23,13,0.6190476190476191,363,1.0,1.0,20,20,20,69,50,0.2753623188405797
133,1,1,1,1,1,1,15,11,9,0.75,391,0.8181818181818182,0.9206349206349206,6,7,8,35,19,0.4571428571428572
134,1,1,1,1,1,1,6,22,12,0.5714285714285714,427,0.9090909090909091,0.9516129032258065,20,20,20,52,37,0.28846153846153844
135,1,0,1,0,1,0,11,13,11,0.6875,424,1.0,0.9322033898305084,3,4,5,28,9,0.6785714285714286
136,1,0,0,0,0,0,16,10,7,0.6363636363636364,300,1.0,0.9253731343283582,13,14,16,45,35,0.2222222222222222
137,1,0,0,0,0,0,15,8,6,0.5,422,1.0,0.9333333333333333,6,7,8,31,15,0.5161290322580645
138,1,0,0,0,0,0,11,6,6,0.375,304,1.0,0.55,6,6,7,28,13,0.5357142857142857
139,1,0,0,0,0,0,11,7,5,0.3125,31582,1.0,0.56,4,8,12,39,8,0.7948717948717949
140,1,1,1,1,1,0,6,82,16,0.7619047619047619,330,0.6951219512195121,0.6379310344827587,20,20,20,108,61,0.43518518518518523
142,1,1,1,1,1,1,3,51,24,1.0,436,0.8235294117647058,0.9016393442622951,20,20,20,124,98,0.20967741935483875
143,1,0,0,0,0,0,15,30,9,0.75,324,0.4666666666666667,0.6541554959785523,6,6,18,52,16,0.6923076923076923
144,1,0,0,0,0,0,14,12,6,0.46153846153846156,313,0.5833333333333334,0.4342105263157895,3,3,6,26,6,0.7692307692307692
145,1,0,0,0,0,0,10,10,7,0.4117647058823529,356,1.0,0.9791666666666666,2,2,3,24,5,0.7916666666666666
146,1,0,0,0,0,0,5,16,11,0.5,360,0.375,0.52,8,8,11,36,19,0.4722222222222222
147,1,1,1,1,1,1,10,14,9,0.5294117647058824,341,0.7857142857142857,1.0,16,16,20,53,44,0.16981132075471694
149,1,1,1,1,1,1,7,46,17,0.85,327,0.9782608695652174,0.9585798816568047,20,20,20,169,101,0.4023668639053254
151,1,0,0,0,0,0,17,12,7,0.7,380,1.0,0.7777777777777778,1,1,5,27,3,0.8888888888888888
152,1,0,0,0,0,0,6,9,7,0.3333333333333333,343,0.7777777777777778,0.7142857142857143,11,14,17,38,22,0.42105263157894735
153,1,0,0,0,0,0,12,25,12,0.8,297,0.44,0.417910447761194,20,20,20,109,95,0.12844036697247707
154,1,0,0,0,0,0,17,15,6,0.6,313,1.0,1.0,15,17,20,50,39,0.21999999999999997
155,1,1,1,1,1,1,16,13,8,0.7272727272727273,402,1.0,0.9230769230769231,14,20,20,61,40,0.34426229508196726
156,1,1,1,1,1,1,17,119,10,1.0,361,1.0,0.7903930131004366,20,20,20,114,69,0.39473684210526316
157,1,1,1,1,1,1,4,34,17,0.7391304347826086,446,0.9705882352941176,0.5735294117647058,10,14,17,45,23,0.48888888888888893
158,1,1,1,1,1,1,17,20,9,0.9,292,0.75,0.6625,11,11,13,45,32,0.28888888888888886
159,1,0,0,0,0,0,12,12,8,0.5333333333333333,313,0.4166666666666667,0.7702702702702703,8,8,10,37,22,0.4054054054054054
160,1,0,0,0,0,0,11,10,7,0.4375,380,0.9,0.8936170212765957,5,7,9,30,11,0.6333333333333333
161,1,1,1,1,1,0,15,38,11,0.9166666666666666,319,0.6052631578947368,0.6832579185520362,20,20,20,97,68,0.2989690721649485
162,1,1,1,1,1,1,4,16,13,0.5652173913043478,447,0.75,0.9074074074074074,15,17,20,74,54,0.2702702702702703
164,1,0,1,0,1,0,17,15,9,0.9,404,1.0,0.98989898989899,4,4,8,33,9,0.7272727272727273
165,1,1,1,1,1,1,7,36,16,0.8,321,1.0,1.0,18,20,20,69,48,0.30434782608695654
166,1,1,1,1,1,1,9,21,14,0.7777777777777778,447,1.0,0.95,5,7,10,60,22,0.6333333333333333
169,1,0,0,0,0,0,10,15,6,0.35294117647058826,363,1.0,1.0,1,1,4,26,2,0.9230769230769231
170,1,1,1,1,1,1,6,14,9,0.42857142857142855,391,0.8571428571428571,0.16129032258064516,14,15,16,43,35,0.18604651162790697
172,1,0,1,0,1,0,10,21,12,0.7058823529411765,372,0.8095238095238095,0.9852941176470589,2,4,6,34,6,0.8235294117647058
174,1,1,1,1,1,1,9,11,8,0.4444444444444444,31642,1.0,1.0,9,12,16,46,25,0.4565217391304348
179,1,0,0,0,0,0,11,9,8,0.5,443,0.4444444444444444,0.41379310344827586,4,4,4,26,10,0.6153846153846154
180,1,0,0,0,0,0,15,7,5,0.4166666666666667,334,1.0,0.5409836065573771,3,4,4,24,6,0.75
181,1,1,1,1,1,1,7,17,10,0.5,327,1.0,0.9545454545454546,15,20,20,69,33,0.5217391304347826
182,1,0,0,0,0,0,5,5,5,0.22727272727272727,297,0.4,0.0967741935483871,3,3,5,29,10,0.6551724137931034
183,1,1,1,1,1,1,2,49,18,0.72,289,0.9591836734693877,0.7325581395348837,20,20,20,77,42,0.4545454545454546
184,1,1,1,1,1,0,15,33,12,1.0,410,0.5151515151515151,0.3438914027149321,20,20,20,57,34,0.4035087719298246
185,1,0,0,0,0,0,6,10,5,0.23809523809523808,335,1.0,1.0,1,2,2,22,2,0.9090909090909091
187,1,0,0,0,0,0,6,22,14,0.6666666666666666,443,0.4090909090909091,0.4594594594594595,16,17,20,47,30,0.36170212765957444
188,1,1,1,1,1,1,9,11,8,0.4444444444444444,360,0.7272727272727273,0.1875,5,5,5,25,10,0.6
192,1,1,1,1,1,1,7,19,16,0.8,321,1.0,1.0,20,20,20,101,65,0.3564356435643564
193,1,1,1,1,1,1,5,38,17,0.7727272727272727,310,0.7894736842105263,0.7731958762886598,16,19,20,72,39,0.45833333333333337
194,1,1,1,1,1,1,6,20,11,0.5238095238095238,313,0.85,0.11764705882352941,9,9,12,36,20,0.4444444444444444
195,1,1,1,1,1,1,7,34,18,0.9,384,0.9411764705882353,0.875,20,20,20,115,85,0.26086956521739135
196,1,1,1,1,1,1,10,38,17,1.0,346,1.0,0.8758620689655172,20,20,20,74,61,0.17567567567567566
198,1,1,1,1,1,1,12,74,15,1.0,420,0.9594594594594594,0.9921671018276762,20,20,20,77,53,0.3116883116883117
199,1,0,1,0,1,0,11,19,15,0.9375,363,1.0,1.0,1,4,10,33,2,0.9393939393939394
200,1,0,1,0,0,0,4,9,8,0.34782608695652173,365,1.0,1.0,1,1,1,21,2,0.9047619047619048
202,1,0,0,0,0,0,9,10,7,0.3888888888888889,345,0.9,0.9615384615384616,4,4,5,25,8,0.6799999999999999
204,1,0,0,0,0,0,14,11,7,0.5384615384615384,429,0.8181818181818182,0.5111111111111111,3,4,9,31,6,0.8064516129032258
205,1,0,1,0,1,0,10,15,11,0.6470588235294118,367,0.6,0.6292134831460674,3,4,5,27,7,0.7407407407407407
206,1,0,0,0,0,0,9,13,7,0.3888888888888889,364,0.7692307692307693,1.0,11,11,14,43,31,0.2790697674418605
207,1,0,0,0,0,0,10,7,7,0.4117647058823529,375,0.2857142857142857,0.0,8,9,13,34,16,0.5294117647058824
208,1,1,1,1,1,1,8,33,18,0.9473684210526315,327,0.9090909090909091,0.9532710280373832,20,20,20,124,62,0.5
209,1,1,1,1,1,0,14,27,13,1.0,422,0.6296296296296297,0.8383233532934131,9,9,13,54,23,0.5740740740740741
210,1,1,1,1,1,1,3,18,13,0.5416666666666666,389,1.0,0.625,20,20,20,67,45,0.32835820895522383
211,1,1,1,1,1,1,14,17,13,1.0,424,0.8823529411764706,0.5760869565217391,20,20,20,105,74,0.2952380952380952
212,1,1,1,1,1,1,1,25,18,0.6923076923076923,288,1.0,0.8452380952380952,20,20,20,72,62,0.13888888888888884
214,1,1,1,1,1,1,17,9,8,0.8,401,1.0,0.935064935064935,12,12,15,42,31,0.26190476190476186
215,1,0,0,0,0,0,10,19,11,0.6470588235294118,335,0.21052631578947367,0.0423728813559322,2,2,7,31,4,0.8709677419354839
216,1,0,1,1,1,0,1,16,12,0.46153846153846156,427,0.75,0.7766990291262136,4,6,16,43,11,0.7441860465116279
217,1,0,0,0,0,0,9,11,7,0.3888888888888889,406,1.0,0.9433962264150944,6,6,10,37,15,0.5945945945945945
218,1,1,1,1,1,1,16,24,11,1.0,321,0.875,0.8489208633093526,19,20,20,85,33,0.611764705882353
219,1,1,1,1,1,1,9,30,15,0.8333333333333334,355,0.7666666666666667,0.6785714285714286,20,20,20,147,90,0.3877551020408163
220,1,1,1,1,1,1,6,26,18,0.8571428571428571,382,1.0,0.9076923076923077,20,20,20,102,93,0.08823529411764708
221,1,1,1,1,1,0,15,10,9,0.75,422,0.6,0.8985507246376812,20,20,20,58,40,0.31034482758620685
222,1,1,1,1,1,0,7,45,20,1.0,304,0.6888888888888889,0.7469879518072289,20,20,20,172,98,0.43023255813953487
223,1,0,0,0,0,0,2,51,19,0.76,445,0.2549019607843137,0.34328358208955223,15,18,20,53,38,0.28301886792452835
225,1,0,1,0,1,0,8,15,10,0.5263157894736842,31642,0.6,0.6551724137931034,3,4,5,35,11,0.6857142857142857
226,1,1,1,1,1,1,3,24,16,0.6666666666666666,422,0.8333333333333334,0.8846153846153846,13,16,19,55,32,0.4181818181818182
227,1,1,1,1,1,1,9,25,16,0.8888888888888888,298,1.0,0.8,20,20,20,162,158,0.024691358024691357
228,1,1,1,1,1,1,12,25,12,0.8,375,0.8,0.22950819672131148,16,17,20,52,37,0.28846153846153844
229,1,0,0,0,0,0,6,7,6,0.2857142857142857,306,0.7142857142857143,0.9696969696969697,6,7,11,36,13,0.6388888888888888
230,1,0,0,0,0,0,15,20,11,0.9166666666666666,436,0.35,0.0896551724137931,19,20,20,56,39,0.3035714285714286
231,1,0,0,0,0,0,5,8,6,0.2727272727272727,346,0.25,0.0,8,8,11,33,18,0.4545454545454546
232,1,1,1,1,1,1,11,223,16,1.0,361,1.0,0.9506172839506173,20,20,20,193,112,0.4196891191709845
235,1,0,0,0,0,0,2,64,24,0.96,315,0.46875,0.41044776119402987,20,20,20,154,125,0.18831168831168832
236,1,1,1,1,1,0,8,16,11,0.5789473684210527,401,0.625,0.2,20,20,20,73,66,0.09589041095890416
238,1,1,1,1,1,1,5,10,8,0.36363636363636365,361,0.9,0.7777777777777778,6,6,7,33,14,0.5757575757575757
239,1,1,1,1,1,1,5,62,22,1.0,388,1.0,1.0,20,20,20,115,95,0.17391304347826086
240,1,0,0,0,0,0,1,12,8,0.3076923076923077,363,0.25,0.0,1,1,1,22,3,0.8636363636363636
242,1,1,1,1,1,1,11,21,15,0.9375,400,0.9523809523809523,0.1875,20,20,20,92,37,0.5978260869565217
243,1,1,1,1,1,0,9,44,17,0.9444444444444444,323,0.6136363636363636,0.8195121951219512,18,20,20,81,48,0.40740740740740744
244,1,1,1,1,1,1,8,11,10,0.5263157894736842,310,1.0,0.8333333333333334,20,20,20,65,55,0.15384615384615385
245,1,0,1,0,0,0,1,12,9,0.34615384615384615,408,0.8333333333333334,0.75,1,1,3,25,2,0.92
246,1,0,1,1,1,0,5,13,9,0.4090909090909091,424,0.6153846153846154,0.4411764705882353,2,5,7,30,4,0.8666666666666667
247,1,0,0,0,0,0,11,9,5,0.3125,360,0.3333333333333333,0.061224489795918366,6,7,7,28,13,0.5357142857142857
249,1,1,1,1,1,0,12,23,12,0.8,289,0.5652173913043478,0.7192982456140351,12,13,19,50,31,0.38
250,1,1,1,1,1,1,16,10,8,0.7272727272727273,339,0.7,0.2,20,20,20,96,78,0.1875
251,1,1,1,1,1,1,4,21,14,0.6086956521739131,296,0.8571428571428571,0.6612903225806451,12,16,19,39,24,0.3846153846153846
253,1,1,1,1,1,0,3,117,24,1.0,441,0.6324786324786325,0.34980988593155893,20,20,20,245,169,0.310204081632653
254,1,0,1,0,0,0,3,10,10,0.4166666666666667,422,0.9,0.4375,2,2,2,23,5,0.782608695652174
256,1,1,1,1,1,0,5,36,20,0.9090909090909091,424,0.6666666666666666,0.7272727272727273,20,20,20,212,186,0.12264150943396224
257,1,1,1,1,1,0,9,22,12,0.6666666666666666,445,0.5909090909090909,0.6326530612244898,8,12,17,45,20,0.5555555555555556
258,1,0,0,0,0,0,7,46,19,0.95,293,0.34782608695652173,0.24074074074074073,20,20,20,91,65,0.2857142857142857
259,1,0,1,0,0,0,2,10,9,0.36,304,1.0,1.0,2,2,4,25,5,0.8
261,1,0,1,0,1,0,16,13,9,0.8181818181818182,323,1.0,1.0,3,4,6,32,6,0.8125
262,1,1,1,1,1,1,15,18,10,0.8333333333333334,443,0.9444444444444444,0.9796954314720813,12,12,15,41,25,0.3902439024390244
263,1,1,1,1,1,1,14,40,13,1.0,319,0.925,0.1595744680851064,20,20,20,94,84,0.1063829787234043
264,1,0,1,1,1,0,9,13,11,0.6111111111111112,443,0.9230769230769231,0.9166666666666666,4,5,9,34,8,0.7647058823529411
266,1,1,1,1,1,0,12,19,14,0.9333333333333333,367,0.631578947368421,0.825,20,20,20,78,72,0.07692307692307687
267,1,0,0,0,0,0,7,10,7,0.35,343,0.6,0.0,2,2,3,18,4,0.7777777777777778
269,1,1,1,1,1,1,15,16,11,0.9166666666666666,299,1.0,1.0,6,6,9,37,19,0.4864864864864865
270,1,0,0,0,0,0,15,9,7,0.5833333333333334,295,0.4444444444444444,0.16666666666666666,2,2,2,22,4,0.8181818181818181
271,1,1,1,1,1,1,1,45,19,0.7307692307692307,329,1.0,0.9622641509433962,10,10,16,71,49,0.3098591549295775
273,1,1,1,1,1,1,3,15,8,0.3333333333333333,338,1.0,0.9357798165137615,7,9,13,37,18,0.5135135135135135
275,1,1,1,1,1,1,15,40,12,1.0,313,0.975,0.8763636363636363,20,20,20,115,92,0.19999999999999996
276,1,0,0,0,0,0,11,27,13,0.8125,362,0.48148148148148145,0.20833333333333334,20,20,20,68,48,0.2941176470588235
277,1,1,1,1,1,1,6,17,8,0.38095238095238093,374,0.9411764705882353,0.7142857142857143,5,6,6,33,17,0.48484848484848486
278,1,1,1,1,1,1,7,20,16,0.8,288,1.0,1.0,20,20,20,61,44,0.2786885245901639
280,1,1,1,1,1,1,2,14,11,0.44,370,1.0,0.9888888888888889,7,7,11,37,16,0.5675675675675675
281,1,1,1,1,1,1,3,23,17,0.7083333333333334,429,0.8695652173913043,0.9090909090909091,20,20,20,64,58,0.09375
282,1,1,1,1,1,1,9,18,13,0.7222222222222222,367,0.9444444444444444,0.9545454545454546,17,20,20,46,24,0.4782608695652174
283,1,0,0,0,0,0,6,6,5,0.23809523809523808,443,0.8333333333333334,0.1388888888888889,7,7,9,29,14,0.5172413793103448
284,1,0,0,0,0,0,14,6,5,0.38461538461538464,31762,0.5,0.13333333333333333,4,5,6,26,8,0.6923076923076923
285,1,1,1,1,1,1,12,24,14,0.9333333333333333,289,0.8333333333333334,0.05747126436781609,14,16,20,79,27,0.6582278481012658
287,1,0,0,0,0,0,2,33,19,0.76,450,0.42424242424242425,0.1794871794871795,6,8,11,36,17,0.5277777777777778
288,1,1,1,1,1,0,16,13,9,0.8181818181818182,432,0.5384615384615384,0.5641025641025641,9,10,16,39,20,0.4871794871794872
289,1,0,0,0,0,0,17,17,7,0.7,334,0.7058823529411765,0.01818181818181818,16,18,20,61,42,0.3114754098360656
290,1,0,0,0,0,0,12,11,6,0.4,367,0.7272727272727273,0.8088235294117647,8,12,16,49,25,0.4897959183673469
292,1,1,1,1,1,1,17,28,9,0.9,445,0.9642857142857143,0.8703703703703703,8,9,14,46,18,0.6086956521739131
293,1,1,1,1,1,0,1,17,9,0.34615384615384615,296,0.6470588235294118,0.0,10,13,14,40,25,0.375
294,1,1,1,1,1,1,2,86,24,0.96,420,1.0,0.9723756906077348,20,20,20,204,161,0.21078431372549022
297,1,0,1,0,0,0,12,15,11,0.7333333333333333,421,0.8666666666666667,0.5656565656565656,3,3,4,29,7,0.7586206896551724
300,1,1,1,1,1,1,11,17,11,0.6875,424,0.7058823529411765,0.550561797752809,20,20,20,70,63,0.09999999999999998
301,1,1,1,1,1,0,4,12,10,0.43478260869565216,432,0.6666666666666666,0.4117647058823529,20,20,20,92,63,0.3152173913043478
302,1,1,1,1,1,1,15,16,8,0.6666666666666666,389,0.8125,0.8860759493670886,7,7,11,34,17,0.5
303,1,0,0,0,0,0,17,14,7,0.7,343,0.5,0.7049180327868853,4,6,7,31,8,0.7419354838709677
304,1,1,1,1,1,0,1,51,22,0.8461538461538461,322,0.5882352941176471,0.408,20,20,20,104,76,0.2692307692307693
305,1,1,1,1,1,1,5,31,15,0.6818181818181818,319,0.9032258064516129,0.5779816513761468,10,16,20,66,18,0.7272727272727273
306,1,1,1,1,1,1,15,20,11,0.9166666666666666,382,0.95,0.7329192546583851,20,20,20,89,66,0.2584269662921348
307,1,0,0,0,0,0,6,74,21,1.0,450,0.3108108108108108,0.20058997050147492,9,10,18,93,27,0.7096774193548387
308,1,0,0,0,0,0,3,7,5,0.20833333333333334,367,0.7142857142857143,0.7432432432432432,1,1,2,22,2,0.9090909090909091
309,1,0,0,0,0,0,5,6,5,0.22727272727272727,367,0.8333333333333334,0.875,20,20,20,60,54,0.09999999999999998
311,1,0,0,0,0,0,5,9,7,0.3181818181818182,321,1.0,1.0,6,7,9,35,16,0.5428571428571429
312,1,0,0,0,0,0,13,6,5,0.35714285714285715,402,1.0,0.7352941176470589,9,10,11,31,18,0.4193548387096774
314,1,0,0,0,0,0,2,13,7,0.28,334,0.6923076923076923,0.8518518518518519,20,20,20,72,49,0.3194444444444444
316,1,0,0,0,0,0,11,5,4,0.25,31642,0.8,0.10638297872340426,5,6,6,28,12,0.5714285714285714
317,1,1,1,1,1,1,6,14,12,0.5714285714285714,356,0.8571428571428571,0.7608695652173914,20,20,20,78,47,0.39743589743589747
318,1,0,0,0,0,0,10,21,12,0.7058823529411765,360,0.42857142857142855,0.37681159420289856,14,14,19,48,34,0.29166666666666663
319,1,1,1,1,1,1,4,34,19,0.8260869565217391,408,0.8529411764705882,0.8933333333333333,20,20,20,61,42,0.3114754098360656
321,1,1,1,1,1,1,9,22,15,0.8333333333333334,450,0.8636363636363636,0.9166666666666666,20,20,20,97,77,0.20618556701030932
322,1,0,0,0,0,0,15,8,5,0.4166666666666667,421,0.75,0.6065573770491803,5,5,5,25,10,0.6
324,1,1,1,1,1,1,8,26,16,0.8421052631578947,367,1.0,0.6260162601626016,20,20,20,97,58,0.4020618556701031
325,1,1,1,1,1,1,11,13,9,0.5625,427,0.9230769230769231,0.639344262295082,13,16,17,42,29,0.30952380952380953
326,1,0,0,0,0,0,16,6,4,0.36363636363636365,427,1.0,1.0,4,4,4,24,8,0.6666666666666667
327,1,1,1,1,1,1,10,14,9,0.5294117647058824,297,0.7857142857142857,0.46153846153846156,5,6,7,28,11,0.6071428571428572
328,1,1,1,1,1,1,10,49,17,1.0,361,1.0,0.8864864864864865,20,20,20,146,73,0.5
329,1,1,1,1,1,1,12,17,12,0.8,450,0.9411764705882353,0.3671875,12,14,20,69,30,0.5652173913043479
330,1,0,1,0,0,0,13,11,9,0.6428571428571429,362,0.8181818181818182,0.8764044943820225,1,2,3,19,2,0.8947368421052632
332,1,0,0,0,0,0,2,31,18,0.72,333,0.41935483870967744,0.4117647058823529,20,20,20,55,43,0.21818181818181814
333,1,0,0,0,0,0,8,10,7,0.3684210526315789,318,1.0,0.9285714285714286,4,5,12,39,8,0.7948717948717949
334,1,1,1,1,1,1,5,101,20,0.9090909090909091,359,0.7821782178217822,0.6908077994428969,20,20,20,113,89,0.21238938053097345
335,1,0,0,0,0,0,5,41,16,0.7272727272727273,450,0.4634146341463415,0.33980582524271846,17,19,20,60,45,0.25
336,1,0,0,0,0,0,17,11,7,0.7,343,0.9090909090909091,0.5688073394495413,9,11,11,42,29,0.30952380952380953
337,1,1,1,1,1,1,12,9,8,0.5333333333333333,341,1.0,0.9230769230769231,11,12,14,40,26,0.35
339,1,1,1,1,1,1,14,12,8,0.6153846153846154,288,1.0,1.0,11,13,20,53,23,0.5660377358490566
340,1,0,0,0,0,0,2,8,4,0.16,403,0.875,0.9523809523809523,2,2,2,23,5,0.782608695652174
344,1,1,1,1,1,1,14,13,9,0.6923076923076923,362,0.8461538461538461,0.2647058823529412,14,16,20,50,24,0.52
345,1,1,1,1,1,1,5,33,19,0.8636363636363636,396,0.7878787878787878,0.4689655172413793,20,20,20,78,57,0.2692307692307693
346,1,0,0,0,0,0,13,5,5,0.35714285714285715,354,1.0,0.7966101694915254,1,1,1,22,3,0.8636363636363636
347,1,0,0,0,0,0,1,8,4,0.15384615384615385,367,0.625,0.5714285714285714,1,1,1,21,2,0.9047619047619048
349,1,0,0,0,0,0,15,10,7,0.5833333333333334,324,0.3,0.17391304347826086,5,5,6,26,10,0.6153846153846154
350,1,1,1,1,1,1,4,42,19,0.8260869565217391,363,1.0,0.9,10,15,20,66,19,0.7121212121212122
351,1,1,1,1,1,1,14,35,12,0.9230769230769231,311,0.9428571428571428,0.8923076923076924,15,19,20,100,59,0.41000000000000003
354,1,1,1,1,1,1,13,33,13,0.9285714285714286,346,0.9393939393939394,0.8943089430894309,20,20,20,113,88,0.22123893805309736
356,1,1,1,1,1,1,13,96,14,1.0,382,0.9791666666666666,0.9708029197080292,20,20,20,129,83,0.3565891472868217
358,1,1,1,1,1,1,13,36,9,0.6428571428571429,439,1.0,0.9939024390243902,20,20,20,95,51,0.4631578947368421
361,1,1,1,1,1,1,1,72,24,0.9230769230769231,443,0.9444444444444444,0.9513888888888888,20,20,20,192,133,0.30729166666666663
362,1,1,1,1,1,1,3,29,22,0.9166666666666666,309,0.8620689655172413,0.9836065573770492,20,20,20,99,51,0.48484848484848486
365,1,1,1,1,1,0,2,53,23,0.92,381,0.5660377358490566,0.646551724137931,20,20,20,105,43,0.5904761904761905
366,1,0,0,0,0,0,12,10,6,0.4,310,1.0,0.9736842105263158,2,3,4,25,5,0.8
367,1,1,1,1,1,1,5,27,21,0.9545454545454546,368,0.8888888888888888,0.8765432098765432,20,20,20,133,116,0.1278195488721805
368,1,0,0,0,0,0,4,24,15,0.6521739130434783,443,0.4166666666666667,0.1724137931034483,20,20,20,72,65,0.09722222222222221
370,1,1,1,1,1,1,12,51,15,1.0,329,0.9803921568627451,0.9382716049382716,20,20,20,126,60,0.5238095238095238
371,1,1,1,1,1,1,10,24,14,0.8235294117647058,427,0.8333333333333334,0.7313432835820896,20,20,20,130,101,0.22307692307692306
372,1,0,0,0,0,0,2,6,6,0.24,445,0.6666666666666666,0.25,7,8,9,29,14,0.5172413793103448
374,1,1,1,1,1,0,5,24,16,0.7272727272727273,361,0.5,0.8260869565217391,20,20,20,72,38,0.4722222222222222
376,1,1,1,1,1,1,10,116,17,1.0,298,0.9913793103448276,1.0,20,20,20,257,67,0.7392996108949417
377,1,1,1,1,1,1,15,34,12,1.0,403,0.8235294117647058,0.21428571428571427,20,20,20,104,74,0.28846153846153844
378,1,1,1,1,1,0,9,75,18,1.0,299,0.6933333333333334,0.27235772357723576,20,20,20,107,51,0.5233644859813085
380,1,1,1,1,1,1,14,14,13,1.0,427,1.0,1.0,20,20,20,155,114,0.2645161290322581
381,1,1,1,1,1,1,1,32,17,0.6538461538461539,32004,0.96875,0.22950819672131148,20,20,20,78,55,0.2948717948717948
382,1,0,1,0,1,0,9,15,8,0.4444444444444444,372,0.7333333333333333,0.5263157894736842,3,3,5,29,8,0.7241379310344828
383,1,1,1,1,1,0,11,30,14,0.875,31782,0.5666666666666667,0.475,20,20,20,128,67,0.4765625
384,1,0,0,0,0,0,16,5,5,0.45454545454545453,329,0.6,0.2972972972972973,11,13,16,42,28,0.33333333333333337
385,1,0,0,0,0,0,6,6,5,0.23809523809523808,384,0.5,0.2571428571428571,20,20,20,46,35,0.23913043478260865
386,1,0,0,0,0,0,6,26,14,0.6666666666666666,424,0.34615384615384615,0.188,20,20,20,53,46,0.13207547169811318
387,1,0,0,0,0,0,15,10,8,0.6666666666666666,306,0.2,0.0,5,5,7,30,12,0.6
388,1,1,1,1,1,1,15,11,8,0.6666666666666666,427,0.7272727272727273,0.6956521739130435,8,9,9,35,21,0.4
389,1,1,1,1,1,1,16,32,11,1.0,406,1.0,0.9051724137931034,20,20,20,114,86,0.24561403508771928
390,1,1,1,1,1,1,12,24,15,1.0,447,1.0,0.963855421686747,6,8,15,43,13,0.6976744186046512
392,1,1,1,1,1,1,11,13,9,0.5625,31782,1.0,0.9444444444444444,20,20,20,95,51,0.4631578947368421
393,1,1,1,1,1,1,9,27,15,0.8333333333333334,427,1.0,0.9932432432432432,18,20,20,57,44,0.22807017543859653
395,1,0,0,0,0,0,7,15,12,0.6,410,0.3333333333333333,0.19230769230769232,5,7,9,29,10,0.6551724137931034
396,1,0,0,0,0,0,16,9,7,0.6363636363636364,389,0.8888888888888888,0.030612244897959183,2,5,6,28,4,0.8571428571428572
397,1,1,1,1,1,1,16,41,11,1.0,367,0.8536585365853658,0.7766990291262136,20,20,20,71,37,0.47887323943661975
398,1,0,0,0,0,0,16,6,5,0.45454545454545453,427,0.5,0.01680672268907563,7,7,7,27,14,0.4814814814814815
400,1,1,1,1,1,0,16,31,9,0.8181818181818182,388,0.6129032258064516,0.6223021582733813,20,20,20,84,61,0.27380952380952384
401,1,0,0,0,0,0,2,10,7,0.28,367,0.3,0.25882352941176473,3,3,5,25,6,0.76
403,1,0,1,0,0,0,6,13,11,0.5238095238095238,402,0.6153846153846154,0.7272727272727273,3,4,4,25,6,0.76
404,1,1,1,1,1,1,2,63,24,0.96,396,0.8095238095238095,0.6971428571428572,20,20,20,115,51,0.5565217391304348
405,1,1,1,1,1,1,5,20,16,0.7272727272727273,361,0.7,0.4805194805194805,20,20,20,88,47,0.46590909090909094
406,1,0,0,0,0,0,13,6,5,0.35714285714285715,367,0.6666666666666666,0.05405405405405406,2,3,5,27,4,0.8518518518518519
407,1,0,1,0,0,0,14,23,9,0.6923076923076923,438,0.8260869565217391,0.46153846153846156,3,3,3,32,15,0.53125
408,1,0,0,0,0,0,12,12,7,0.4666666666666667,31782,1.0,0.9545454545454546,5,6,8,31,13,0.5806451612903225
409,1,1,1,1,1,0,4,27,14,0.6086956521739131,367,0.6666666666666666,0.37142857142857144,18,20,20,51,43,0.1568627450980392
410,1,0,0,0,0,0,3,9,7,0.2916666666666667,370,1.0,1.0,1,1,2,22,2,0.9090909090909091
411,1,1,1,1,1,1,13,30,11,0.7857142857142857,382,0.9666666666666667,0.8359375,12,13,17,54,32,0.40740740740740744
412,1,1,1,1,1,1,13,19,11,0.7857142857142857,313,1.0,0.9444444444444444,20,20,20,67,44,0.34328358208955223
413,1,0,0,0,0,0,6,44,19,0.9047619047619048,448,0.4318181818181818,0.45,18,20,20,93,59,0.3655913978494624
414,1,1,1,1,1,1,5,21,11,0.5,310,0.9523809523809523,0.5606060606060606,5,6,6,28,12,0.5714285714285714
416,1,0,0,0,0,0,10,11,7,0.4117647058823529,400,1.0,1.0,20,20,20,65,50,0.23076923076923073
417,1,1,1,1,1,0,16,16,9,0.8181818181818182,421,0.5,0.5671641791044776,19,20,20,54,37,0.31481481481481477
418,1,0,0,0,0,0,14,38,13,1.0,384,0.4473684210526316,0.511520737327189,16,19,20,52,34,0.34615384615384615
419,1,0,0,0,0,0,12,13,9,0.6,327,0.46153846153846156,0.24242424242424243,12,12,15,37,25,0.32432432432432434
420,1,0,0,0,0,0,4,48,21,0.9130434782608695,31642,0.4375,0.02,20,20,20,48,37,0.22916666666666663
421,1,0,0,0,0,0,12,47,14,0.9333333333333333,329,0.46808510638297873,0.5510204081632653,20,20,20,68,47,0.3088235294117647
425,1,1,1,1,1,1,5,42,19,0.8636363636363636,288,0.9761904761904762,1.0,20,20,20,127,111,0.12598425196850394
426,1,1,1,1,1,1,15,24,12,1.0,406,1.0,0.9900990099009901,20,20,20,90,71,0.21111111111111114
427,1,0,1,1,1,0,2,16,9,0.36,445,0.75,0.6285714285714286,4,5,9,33,11,0.6666666666666667
428,1,1,1,1,1,1,10,25,14,0.8235294117647058,443,0.92,0.9,20,20,20,88,79,0.10227272727272729
429,1,0,0,0,0,0,16,10,7,0.6363636363636364,439,0.8,0.875,3,3,3,24,7,0.7083333333333333
430,1,0,1,0,1,0,15,23,10,0.8333333333333334,433,0.5217391304347826,0.7073170731707317,3,3,5,30,11,0.6333333333333333
432,1,0,0,0,0,0,1,39,16,0.6153846153846154,391,0.46153846153846156,0.06132075471698113,6,6,10,35,13,0.6285714285714286
433,1,1,1,1,1,0,2,20,15,0.6,445,0.55,0.8035714285714286,10,12,15,52,34,0.34615384615384615
434,1,1,1,1,1,1,11,18,13,0.8125,381,0.8888888888888888,0.7653061224489796,20,20,20,84,72,0.1428571428571429
436,1,0,0,0,0,0,17,6,5,0.5,420,1.0,1.0,15,20,20,50,33,0.33999999999999997
437,1,1,1,1,1,1,2,22,15,0.6,361,0.9545454545454546,0.44776119402985076,20,20,20,99,46,0.5353535353535354
439,1,0,0,0,0,0,15,15,7,0.5833333333333334,340,1.0,1.0,1,3,6,29,3,0.896551724137931
441,1,0,0,0,0,0,17,6,6,0.6,315,1.0,0.9855072463768116,17,20,20,61,32,0.47540983606557374
442,1,0,0,0,0,0,12,5,4,0.26666666666666666,365,0.8,0.065,5,6,8,28,10,0.6428571428571428
444,1,0,1,0,1,0,10,13,9,0.5294117647058824,427,0.8461538461538461,0.25806451612903225,2,3,6,27,4,0.8518518518518519
445,1,1,1,1,1,1,11,56,16,1.0,293,0.9821428571428571,0.8125,20,20,20,71,50,0.295774647887324
447,1,1,1,1,1,1,8,46,17,0.8947368421052632,286,0.9782608695652174,0.8735632183908046,19,20,20,72,45,0.375
449,1,0,0,0,0,0,15,6,5,0.4166666666666667,367,0.5,0.10714285714285714,3,3,3,23,6,0.7391304347826086
450,1,0,0,0,0,0,16,11,8,0.7272727272727273,400,0.45454545454545453,0.7962962962962963,9,10,15,56,28,0.5
451,1,1,1,1,1,0,2,29,17,0.68,414,0.6896551724137931,0.31451612903225806,7,9,15,42,19,0.5476190476190477
453,1,0,0,0,0,0,12,8,6,0.4,339,0.5,0.25,1,1,2,22,2,0.9090909090909091
454,1,1,1,1,1,1,2,87,25,1.0,295,0.8735632183908046,0.6641509433962264,20,20,20,154,113,0.26623376623376627
455,1,0,0,0,0,0,10,12,5,0.29411764705882354,450,1.0,0.8333333333333334,2,2,3,24,5,0.7916666666666666
456,1,1,1,1,1,1,4,21,15,0.6521739130434783,438,0.9047619047619048,0.6164383561643836,20,20,20,73,60,0.17808219178082196
458,1,0,0,0,0,0,17,13,8,0.8,310,0.38461538461538464,0.8141592920353983,9,10,10,33,21,0.36363636363636365
459,1,1,1,1,1,1,6,12,11,0.5238095238095238,31762,1.0,0.9090909090909091,5,6,8,33,15,0.5454545454545454
460,1,0,0,0,0,0,12,20,12,0.8,396,0.4,0.21978021978021978,4,4,4,33,17,0.48484848484848486
461,1,0,1,0,1,0,12,12,8,0.5333333333333333,370,0.5,0.4074074074074074,3,4,5,25,6,0.76
462,1,1,1,1,1,1,8,31,18,0.9473684210526315,304,0.967741935483871,0.9846153846153847,6,6,8,35,17,0.5142857142857142
463,1,1,1,1,1,1,14,107,13,1.0,361,1.0,0.8469601677148847,20,20,20,85,55,0.3529411764705882
464,1,1,1,1,1,0,10,27,15,0.8823529411764706,306,0.5555555555555556,0.4154929577464789,16,18,20,52,27,0.4807692307692307
465,1,0,1,0,0,0,12,11,8,0.5333333333333333,318,0.8181818181818182,0.5454545454545454,1,2,3,25,2,0.92
467,1,1,1,1,1,1,2,18,12,0.48,296,0.7777777777777778,0.07936507936507936,11,13,20,48,29,0.39583333333333337
468,1,1,1,1,1,1,8,58,17,0.8947368421052632,338,0.9137931034482759,0.8029197080291971,14,17,20,62,34,0.4516129032258065
469,1,1,1,1,1,0,7,38,15,0.75,368,0.5789473684210527,0.5433070866141733,20,20,20,154,110,0.2857142857142857
470,1,0,1,0,1,0,2,34,22,0.88,388,1.0,0.9917355371900827,2,2,7,55,10,0.8181818181818181
471,1,0,0,0,0,0,9,8,6,0.3333333333333333,420,1.0,0.6829268292682927,7,7,9,31,16,0.4838709677419355
472,1,1,1,1,1,1,8,19,14,0.7368421052631579,389,0.8947368421052632,0.92,20,20,20,96,61,0.36458333333333337
473,1,1,1,1,1,1,12,14,9,0.6,327,1.0,1.0,13,14,20,49,27,0.44897959183673475
474,1,0,0,0,0,0,1,8,4,0.15384615384615385,352,1.0,0.46153846153846156,13,14,19,44,30,0.31818181818181823
476,1,0,0,0,0,0,5,7,5,0.22727272727272727,356,1.0,0.9545454545454546,13,16,20,49,33,0.326530612244898
477,1,0,0,0,0,0,8,22,11,0.5789473684210527,335,0.4090909090909091,0.32558139534883723,6,6,7,34,14,0.5882352941176471
478,1,0,0,0,0,0,17,7,4,0.4,313,1.0,0.8461538461538461,1,3,4,24,2,0.9166666666666666
479,1,1,1,1,1,1,14,71,13,1.0,320,0.9859154929577465,0.9557522123893806,13,14,18,81,33,0.5925925925925926
480,1,1,1,1,1,1,1,41,22,0.8461538461538461,433,0.7073170731707317,0.48,20,20,20,80,58,0.275
481,1,1,1,1,1,1,5,22,11,0.5,32004,0.9545454545454546,0.8518518518518519,20,20,20,56,36,0.3571428571428571
482,1,0,0,0,0,0,11,14,8,0.5,381,0.35714285714285715,0.2608695652173913,4,5,5,25,8,0.6799999999999999
483,1,1,1,1,1,1,5,15,13,0.5909090909090909,31782,0.8,0.3170731707317073,6,8,9,34,16,0.5294117647058824
484,1,0,1,0,1,0,5,17,13,0.5909090909090909,424,0.5882352941176471,0.453781512605042,3,3,6,27,6,0.7777777777777778
485,1,1,1,1,1,1,17,17,9,0.9,330,0.8823529411764706,0.9583333333333334,20,20,20,54,38,0.2962962962962963
489,1,1,1,1,1,1,13,11,8,0.5714285714285714,367,0.8181818181818182,0.38974358974358975,13,15,20,48,26,0.45833333333333337
490,1,1,1,1,1,1,6,18,12,0.5714285714285714,427,0.7777777777777778,0.8548387096774194,20,20,20,64,60,0.0625
491,1,1,1,1,1,1,10,25,13,0.7647058823529411,375,0.84,0.9693877551020408,6,8,10,35,14,0.6
492,1,0,0,0,0,0,18,8,6,0.6666666666666666,382,0.75,0.9724770642201835,16,19,20,50,24,0.52
493,1,1,1,1,1,1,11,15,9,0.5625,422,1.0,0.9776536312849162,14,19,20,55,30,0.4545454545454546
495,1,1,1,1,1,1,9,12,12,0.6666666666666666,420,1.0,0.8360655737704918,20,20,20,47,43,0.08510638297872342
499,1,1,1,1,1,1,6,66,16,0.7619047619047619,299,1.0,1.0,20,20,20,60,35,0.41666666666666663
502,1,0,0,0,0,0,17,15,7,0.7,381,0.8,0.1951219512195122,20,20,20,50,33,0.33999999999999997
503,1,1,1,1,1,0,14,21,11,0.8461538461538461,358,0.5714285714285714,0.5396825396825397,20,20,20,57,27,0.5263157894736843
507,1,1,1,1,1,0,11,16,9,0.5625,432,0.6875,0.5,13,15,17,46,34,0.26086956521739135
508,1,0,1,0,0,0,17,15,10,1.0,421,0.6666666666666666,0.825,3,3,3,23,6,0.7391304347826086
510,1,1,1,1,1,0,13,47,13,0.9285714285714286,31862,0.6595744680851063,0.6722972972972973,20,20,20,83,64,0.22891566265060237
511,1,1,1,1,1,1,4,74,22,0.9565217391304348,316,0.8918918918918919,0.7815699658703071,20,20,20,127,82,0.35433070866141736
512,1,1,1,1,1,1,14,11,9,0.6923076923076923,354,1.0,0.38461538461538464,20,20,20,82,62,0.24390243902439024
513,1,1,1,1,1,0,4,42,21,0.9130434782608695,447,0.6428571428571429,0.7563025210084033,20,20,20,137,88,0.35766423357664234
514,1,0,0,0,0,0,14,7,6,0.46153846153846156,334,0.8571428571428571,0.6271186440677966,10,15,20,53,28,0.4716981132075472
517,1,1,1,1,1,1,11,24,12,0.75,367,0.7083333333333334,0.2962962962962963,13,19,20,47,25,0.46808510638297873
518,1,1,1,1,1,1,14,13,11,0.8461538461538461,324,0.7692307692307693,0.5652173913043478,5,6,7,30,13,0.5666666666666667
519,1,0,1,0,1,0,2,10,8,0.32,309,0.9,0.6363636363636364,2,4,9,30,4,0.8666666666666667
520,1,0,0,0,0,0,10,34,16,0.9411764705882353,427,0.4411764705882353,0.24675324675324675,20,20,20,78,55,0.2948717948717948
523,1,1,1,1,1,1,12,76,15,1.0,406,0.9605263157894737,0.845,17,20,20,254,92,0.6377952755905512
524,1,1,1,1,1,1,17,13,9,0.9,450,0.8461538461538461,0.711864406779661,20,20,20,85,63,0.2588235294117647
525,1,1,1,1,1,1,16,12,9,0.8181818181818182,361,0.75,0.5714285714285714,18,20,20,55,39,0.2909090909090909
526,1,1,1,1,1,1,15,25,10,0.8333333333333334,31782,0.88,0.7307692307692307,5,6,8,30,11,0.6333333333333333
527,1,1,1,1,1,1,16,16,11,1.0,32004,0.875,0.7946428571428571,9,13,16,70,40,0.4285714285714286
529,1,1,1,1,1,0,2,13,13,0.52,298,0.6923076923076923,0.4186046511627907,10,13,18,45,25,0.4444444444444444
530,1,1,1,1,1,1,7,18,11,0.55,363,1.0,1.0,5,5,6,27,10,0.6296296296296297
531,1,0,0,0,0,0,17,11,7,0.7,306,1.0,1.0,12,14,16,46,28,0.3913043478260869
533,1,1,1,1,1,1,8,11,8,0.42105263157894735,288,1.0,1.0,15,17,20,57,30,0.4736842105263158
534,1,0,0,0,0,0,17,47,10,1.0,388,0.23404255319148937,0.031630170316301706,6,9,12,39,18,0.5384615384615384
535,1,0,0,0,0,0,8,6,4,0.21052631578947367,296,0.6666666666666666,0.14285714285714285,2,2,2,22,4,0.8181818181818181
536,1,1,1,1,1,0,2,22,13,0.52,422,0.5454545454545454,0.703125,19,20,20,51,42,0.17647058823529416
537,1,0,0,0,0,0,17,13,7,0.7,401,0.8461538461538461,0.8064516129032258,5,5,7,30,13,0.5666666666666667
538,1,0,0,0,0,0,8,8,7,0.3684210526315789,396,0.375,0.13114754098360656,8,9,9,29,16,0.4482758620689655
540,1,0,0,0,0,0,19,7,5,0.625,299,1.0,0.8,5,5,7,31,13,0.5806451612903225
541,1,1,1,1,1,0,8,9,8,0.42105263157894735,335,0.5555555555555556,0.21052631578947367,16,18,19,42,35,0.16666666666666663
542,1,1,1,1,1,1,9,29,16,0.8888888888888888,31582,0.896551724137931,0.9361702127659575,20,20,20,68,47,0.3088235294117647
543,1,1,1,1,1,1,10,16,13,0.7647058823529411,356,0.875,0.813953488372093,20,20,20,72,72,0.0
545,1,1,1,1,1,1,14,9,9,0.6923076923076923,346,0.8888888888888888,0.4782608695652174,20,20,20,77,32,0.5844155844155844
546,1,1,1,1,1,1,16,19,11,1.0,327,0.7368421052631579,0.6699029126213593,15,20,20,76,51,0.32894736842105265
547,1,1,1,1,1,0,14,23,11,0.8461538461538461,330,0.5652173913043478,0.09375,14,15,17,49,32,0.34693877551020413
548,1,1,1,1,1,1,13,16,12,0.8571428571428571,381,0.9375,0.7922077922077922,16,19,20,50,31,0.38
549,1,1,1,1,1,1,17,64,10,1.0,352,1.0,0.30303030303030304,20,20,20,100,70,0.30000000000000004
550,1,1,1,1,1,0,7,9,8,0.4,296,0.5555555555555556,0.21428571428571427,8,9,10,37,22,0.4054054054054054
551,1,0,1,1,1,0,2,10,8,0.32,443,0.9,0.8571428571428571,3,5,5,25,6,0.76
553,1,1,1,1,1,1,14,46,13,1.0,447,0.8478260869565217,0.9357798165137615,20,20,20,103,74,0.2815533980582524
555,1,0,0,0,0,0,7,10,6,0.3,296,0.5,0.2727272727272727,3,5,8,35,9,0.7428571428571429
556,1,0,1,0,0,0,5,10,8,0.36363636363636365,341,0.6,0.0,1,1,2,24,2,0.9166666666666666
558,1,0,0,0,0,0,16,10,7,0.6363636363636364,300,1.0,1.0,7,9,13,36,16,0.5555555555555556
559,1,0,0,0,0,0,12,10,4,0.26666666666666666,297,1.0,0.125,2,2,2,22,4,0.8181818181818181
560,1,1,1,1,1,1,3,86,24,1.0,382,0.9767441860465116,0.9576271186440678,20,20,20,94,78,0.17021276595744683
562,1,1,1,1,1,1,6,15,12,0.5714285714285714,356,1.0,0.9206349206349206,14,17,20,45,30,0.33333333333333337
563,1,0,0,0,0,0,10,16,11,0.6470588235294118,404,0.4375,0.4727272727272727,12,14,17,43,29,0.32558139534883723
565,1,0,0,0,0,0,12,5,4,0.26666666666666666,356,0.8,1.0,4,4,5,25,8,0.6799999999999999
566,1,1,1,1,1,1,12,98,15,1.0,362,0.8775510204081632,0.574468085106383,18,20,20,87,32,0.632183908045977
567,1,0,1,1,1,0,5,20,17,0.7727272727272727,292,1.0,0.9267241379310345,4,5,9,40,10,0.75
568,1,0,0,0,0,0,1,18,9,0.34615384615384615,340,0.3333333333333333,0.05625,19,20,20,54,46,0.14814814814814814
569,1,0,0,0,0,0,10,25,14,0.8235294117647058,412,0.48,0.30666666666666664,20,20,20,104,64,0.3846153846153846
570,1,0,0,0,0,0,14,8,7,0.5384615384615384,359,0.625,0.0,7,7,7,28,15,0.4642857142857143
571,1,0,0,0,0,0,5,5,4,0.18181818181818182,439,0.6,0.09090909090909091,7,8,9,30,15,0.5
573,1,1,1,1,1,0,14,19,12,0.9230769230769231,32004,0.5263157894736842,0.13414634146341464,17,19,20,60,47,0.21666666666666667
574,1,1,1,1,1,1,13,16,10,0.7142857142857143,427,0.9375,0.8640776699029126,20,20,20,95,73,0.2315789473684211
575,1,0,0,0,0,0,1,74,24,0.9230769230769231,388,0.44594594594594594,0.22939068100358423,20,20,20,178,128,0.2808988764044944
576,1,1,1,1,1,1,7,57,18,0.9,298,0.7368421052631579,0.7363636363636363,16,20,20,71,31,0.5633802816901409
577,1,0,0,0,0,0,17,7,6,0.6,309,0.42857142857142855,0.43333333333333335,20,20,20,58,44,0.24137931034482762
579,1,0,1,0,0,0,9,9,8,0.4444444444444444,333,0.6666666666666666,0.42857142857142855,2,2,3,26,4,0.8461538461538461
580,1,1,1,1,1,1,7,16,12,0.6,359,0.75,0.8148148148148148,9,9,11,44,31,0.2954545454545454
582,1,1,1,1,1,1,15,29,12,1.0,439,0.9655172413793104,0.8558558558558559,19,20,20,54,33,0.38888888888888884
583,1,1,1,1,1,1,5,15,8,0.36363636363636365,427,0.9333333333333333,1.0,10,11,15,39,23,0.41025641025641024
585,1,1,1,1,1,1,1,15,11,0.4230769230769231,306,0.8,0.7777777777777778,7,9,9,32,17,0.46875
586,1,1,1,1,1,1,8,41,15,0.7894736842105263,410,0.8048780487804879,0.030303030303030304,15,18,20,57,42,0.26315789473684215
588,1,1,1,1,1,0,5,27,13,0.5909090909090909,388,0.6666666666666666,0.721030042918455,14,20,20,52,25,0.5192307692307692
590,1,1,1,1,1,1,5,45,22,1.0,296,0.8888888888888888,0.36363636363636365,20,20,20,180,136,0.24444444444444446
591,1,1,1,1,1,0,8,54,17,0.8947368421052632,391,0.6111111111111112,0.43283582089552236,20,20,20,159,142,0.10691823899371067
592,1,0,0,0,0,0,5,8,7,0.3181818181818182,404,0.625,0.8076923076923077,4,4,4,24,8,0.6666666666666667
594,1,1,1,1,1,1,15,28,12,1.0,427,0.75,0.38666666666666666,7,9,11,36,18,0.5
595,1,1,1,1,1,1,10,22,12,0.7058823529411765,352,1.0,0.9512195121951219,8,11,11,41,22,0.46341463414634143
596,1,1,1,1,1,1,8,21,13,0.6842105263157895,297,0.7142857142857143,0.8131868131868132,8,9,18,49,25,0.4897959183673469
597,1,0,0,0,0,0,6,23,16,0.7619047619047619,381,0.4782608695652174,0.4266666666666667,20,20,20,64,53,0.171875
598,1,1,1,1,1,1,9,43,15,0.8333333333333334,360,0.7674418604651163,0.5059523809523809,13,17,20,67,45,0.32835820895522383
600,1,0,0,0,0,0,9,9,3,0.16666666666666666,382,0.6666666666666666,0.032467532467532464,5,6,7,29,11,0.6206896551724138
601,1,1,1,1,1,0,7,12,10,0.5,306,0.5,0.2923076923076923,20,20,20,68,57,0.16176470588235292
603,1,1,1,1,1,1,5,80,19,0.8636363636363636,297,0.7625,0.2268041237113402,20,20,20,152,47,0.6907894736842105
604,1,1,1,1,1,1,2,16,15,0.6,359,1.0,0.9743589743589743,20,20,20,101,81,0.19801980198019797
605,1,0,0,0,0,0,8,8,6,0.3157894736842105,304,0.25,0.008403361344537815,3,6,7,28,6,0.7857142857142857
606,1,1,1,1,1,1,6,24,15,0.7142857142857143,446,0.7083333333333334,0.8055555555555556,18,20,20,57,36,0.368421052631579
607,1,0,0,0,0,0,7,104,19,0.95,372,0.4230769230769231,0.4,20,20,20,173,147,0.1502890173410405
608,1,1,1,1,1,1,14,40,13,1.0,297,0.825,0.32386363636363635,20,20,20,94,46,0.5106382978723405
609,1,1,1,1,1,1,4,34,18,0.782608695652174,388,1.0,0.29133858267716534,9,11,17,52,31,0.40384615384615385
612,1,1,1,1,1,0,13,12,9,0.6428571428571429,422,0.6666666666666666,0.9618320610687023,17,17,19,48,43,0.10416666666666663
614,1,0,0,0,0,0,1,6,6,0.23076923076923078,288,1.0,0.991304347826087,8,11,12,33,17,0.48484848484848486
618,1,1,1,1,1,1,17,76,10,1.0,316,0.9736842105263158,0.5353319057815846,16,18,20,75,35,0.5333333333333333
622,1,0,0,0,0,0,18,7,4,0.4444444444444444,356,0.42857142857142855,0.29927007299270075,1,1,1,22,3,0.8636363636363636
623,1,1,1,1,1,1,16,20,9,0.8181818181818182,381,0.75,0.9029126213592233,20,20,20,71,54,0.23943661971830987
624,1,1,1,1,1,1,4,44,21,0.9130434782608695,370,0.7954545454545454,0.9568965517241379,20,20,20,129,102,0.2093023255813954
627,1,0,0,0,0,0,13,12,6,0.42857142857142855,414,1.0,0.34375,5,6,13,40,14,0.65
628,1,1,1,1,1,1,4,9,8,0.34782608695652173,356,1.0,1.0,6,8,10,32,14,0.5625
629,1,0,1,0,0,0,3,9,8,0.3333333333333333,358,0.8888888888888888,0.6666666666666666,4,4,4,26,10,0.6153846153846154
630,1,1,1,1,1,1,1,60,25,0.9615384615384616,306,0.7333333333333333,0.6853146853146853,20,20,20,113,100,0.11504424778761058
631,1,1,1,1,1,1,5,111,22,1.0,389,0.8468468468468469,0.7989130434782609,20,20,20,261,167,0.3601532567049809
632,1,0,0,0,0,0,15,9,7,0.5833333333333334,422,0.6666666666666666,0.44047619047619047,5,5,7,28,11,0.6071428571428572
633,1,1,1,1,1,1,16,31,11,1.0,321,1.0,0.9925925925925926,20,20,20,92,48,0.4782608695652174
635,1,1,1,1,1,1,5,14,11,0.5,31742,0.7857142857142857,0.4,8,10,10,41,22,0.46341463414634143
636,1,1,1,1,1,1,10,28,16,0.9411764705882353,300,0.9285714285714286,0.9438775510204082,20,20,20,84,44,0.47619047619047616
638,1,1,1,1,1,1,17,11,8,0.8,361,1.0,0.8026315789473685,20,20,20,49,39,0.20408163265306123
640,1,1,1,1,1,1,10,41,16,0.9411764705882353,356,0.7317073170731707,0.7450980392156863,20,20,20,93,66,0.29032258064516125
641,1,1,1,1,1,1,5,92,21,0.9545454545454546,374,0.9891304347826086,0.9922178988326849,20,20,20,167,109,0.34730538922155685
642,1,1,1,1,1,1,6,24,15,0.7142857142857143,391,0.875,0.925,15,18,20,56,39,0.3035714285714286
643,1,0,0,0,0,0,13,7,6,0.42857142857142855,322,0.5714285714285714,0.5416666666666666,9,9,9,31,20,0.3548387096774194
644,1,1,1,1,1,1,14,32,11,0.8461538461538461,335,1.0,0.9337016574585635,20,20,20,80,28,0.65
645,1,0,1,0,0,0,13,10,8,0.5714285714285714,445,1.0,0.868421052631579,1,1,1,21,2,0.9047619047619048
646,1,1,1,1,1,1,3,16,9,0.375,408,0.9375,0.92,19,20,20,50,32,0.36
647,1,0,0,0,0,0,10,20,11,0.6470588235294118,343,0.45,0.6132075471698113,19,20,20,58,39,0.3275862068965517
649,1,0,0,0,0,0,17,31,5,0.5,295,1.0,0.9166666666666666,13,15,16,38,28,0.26315789473684215
651,1,0,0,0,0,0,11,5,4,0.25,403,1.0,1.0,9,9,11,33,19,0.4242424242424242
652,1,1,1,1,1,1,11,11,10,0.625,424,1.0,1.0,20,20,20,84,55,0.34523809523809523
653,1,0,0,0,0,0,14,55,13,1.0,31742,0.4727272727272727,0.3352601156069364,20,20,20,123,79,0.3577235772357723
654,1,1,1,1,1,1,6,19,12,0.5714285714285714,304,0.8421052631578947,0.9682539682539683,17,20,20,46,34,0.26086956521739135
655,1,0,0,0,0,0,3,14,9,0.375,400,0.42857142857142855,0.06521739130434782,7,9,12,37,16,0.5675675675675675
656,1,1,1,1,1,1,8,30,15,0.7894736842105263,354,0.9333333333333333,0.5384615384615384,20,20,20,83,58,0.3012048192771084
659,1,1,1,1,1,1,3,19,16,0.6666666666666666,400,1.0,0.5384615384615384,8,10,17,57,19,0.6666666666666667
660,1,1,1,1,1,1,17,20,9,0.9,380,1.0,0.7724137931034483,19,20,20,56,38,0.3214285714285714
661,1,1,1,1,1,1,15,25,12,1.0,427,0.8,0.4049586776859504,20,20,20,74,36,0.5135135135135135
662,1,1,1,1,1,1,11,13,12,0.75,356,1.0,0.9615384615384616,18,20,20,55,36,0.34545454545454546
663,1,0,0,0,0,0,17,15,6,0.6,427,1.0,0.8522727272727273,9,9,12,34,20,0.4117647058823529
664,1,0,0,0,0,0,17,6,5,0.5,424,1.0,0.96,9,9,9,30,19,0.3666666666666667
665,1,0,1,1,1,0,5,16,10,0.45454545454545453,297,0.9375,1.0,4,7,10,53,10,0.8113207547169812
668,1,1,1,1,1,0,13,14,8,0.5714285714285714,289,0.5,0.42857142857142855,7,7,7,27,14,0.4814814814814815
669,1,1,1,1,1,1,4,21,16,0.6956521739130435,450,0.8095238095238095,0.8041237113402062,20,20,20,132,124,0.06060606060606055
670,1,0,0,0,0,0,5,38,19,0.8636363636363636,304,0.34210526315789475,0.19607843137254902,20,20,20,75,49,0.3466666666666667
671,1,1,1,1,1,0,12,39,15,1.0,362,0.6666666666666666,0.7954545454545454,20,20,20,90,56,0.37777777777777777
672,1,1,1,1,1,1,10,18,11,0.6470588235294118,403,1.0,0.9313725490196079,17,20,20,48,40,0.16666666666666663
673,1,0,0,0,0,0,4,9,5,0.21739130434782608,360,1.0,0.425,1,2,2,17,3,0.8235294117647058
674,1,1,1,1,1,0,5,34,15,0.6818181818181818,340,0.5588235294117647,0.009900990099009901,17,20,20,56,36,0.3571428571428571
675,1,1,1,1,1,1,15,15,8,0.6666666666666666,372,1.0,0.896551724137931,12,13,16,42,30,0.2857142857142857
676,1,1,1,1,1,1,2,24,12,0.48,364,1.0,0.9202279202279202,20,20,20,64,40,0.375
677,1,0,1,1,1,0,14,12,8,0.6153846153846154,380,0.5833333333333334,0.65625,4,6,7,29,10,0.6551724137931034
678,1,1,1,1,1,1,13,28,12,0.8571428571428571,391,0.7142857142857143,0.0,7,8,9,33,16,0.5151515151515151
679,1,1,1,1,1,1,3,64,20,0.8333333333333334,447,1.0,0.9226804123711341,20,20,20,165,55,0.6666666666666667
681,1,0,0,0,0,0,1,17,15,0.5769230769230769,443,0.47058823529411764,0.5957446808510638,18,20,20,109,71,0.3486238532110092
682,1,1,1,1,1,1,5,89,20,0.9090909090909091,432,0.8764044943820225,0.8515625,20,20,20,102,73,0.28431372549019607
684,1,1,1,1,1,1,6,21,15,0.7142857142857143,300,0.8095238095238095,0.6470588235294118,7,9,11,35,17,0.5142857142857142
685,1,1,1,1,1,0,15,17,10,0.8333333333333334,343,0.5294117647058824,0.07142857142857142,20,20,20,62,30,0.5161290322580645
686,1,0,0,0,0,0,16,8,5,0.45454545454545453,360,0.5,0.3076923076923077,1,1,1,21,2,0.9047619047619048
687,1,1,1,1,1,1,2,19,12,0.48,403,0.7368421052631579,0.8571428571428571,16,18,20,68,49,0.27941176470588236
690,1,1,1,1,1,1,4,59,20,0.8695652173913043,318,0.9491525423728814,0.9619047619047619,19,20,20,75,47,0.3733333333333333
691,1,1,1,1,1,1,6,17,14,0.6666666666666666,439,0.7647058823529411,0.8918918918918919,20,20,20,75,60,0.19999999999999996
692,1,1,1,1,1,1,12,14,11,0.7333333333333333,335,1.0,0.8055555555555556,12,18,20,82,49,0.4024390243902439
693,1,1,1,1,1,1,2,35,19,0.76,359,0.7428571428571429,0.3735632183908046,20,20,20,69,47,0.3188405797101449
694,1,1,1,1,1,1,12,72,15,1.0,297,0.9166666666666666,0.5432098765432098,20,20,20,168,106,0.36904761904761907
695,1,0,0,0,0,0,17,10,6,0.6,396,0.8,0.7216981132075472,3,4,5,29,8,0.7241379310344828
696,1,1,1,1,1,0,17,37,9,0.9,31742,0.6756756756756757,0.7142857142857143,20,20,20,92,56,0.3913043478260869
697,1,1,1,1,1,0,9,13,11,0.6111111111111112,334,0.6153846153846154,0.24489795918367346,20,20,20,79,53,0.3291139240506329
698,1,1,1,1,1,0,1,49,21,0.8076923076923077,433,0.673469387755102,0.5454545454545454,13,14,15,46,29,0.3695652173913043
699,1,1,1,1,1,1,9,29,17,0.9444444444444444,408,0.8275862068965517,0.8833333333333333,20,20,20,99,51,0.48484848484848486
700,1,0,0,0,0,0,3,10,7,0.2916666666666667,408,0.8,0.4827586206896552,7,9,12,36,18,0.5
702,1,1,1,1,1,1,12,30,13,0.8666666666666667,306,0.7666666666666667,0.5368852459016393,15,16,20,86,55,0.36046511627906974
703,1,1,1,1,1,1,11,27,14,0.875,422,0.8518518518518519,0.19786096256684493,20,20,20,84,37,0.5595238095238095
705,1,1,1,1,1,1,12,16,11,0.7333333333333333,402,1.0,1.0,12,13,14,50,38,0.24
706,1,0,0,0,0,0,4,25,14,0.6086956521739131,384,0.32,0.0970873786407767,5,5,6,30,14,0.5333333333333333
707,1,1,1,1,1,1,15,48,12,1.0,429,0.8125,0.9616252821670429,20,20,20,125,86,0.31200000000000006
708,1,1,1,1,1,1,3,16,13,0.5416666666666666,402,1.0,0.8823529411764706,18,18,18,59,57,0.03389830508474578
709,1,1,1,1,1,1,7,26,13,0.65,427,1.0,0.49612403100775193,20,20,20,87,57,0.3448275862068966
710,1,1,1,1,1,1,4,46,22,0.9565217391304348,401,0.9782608695652174,0.7833333333333333,20,20,20,70,42,0.4
712,1,1,1,1,1,0,6,55,21,1.0,448,0.6,0.6565656565656566,20,20,20,169,118,0.30177514792899407
714,1,1,1,1,1,1,8,54,19,1.0,403,1.0,0.9662447257383966,20,20,20,94,82,0.12765957446808507
715,1,1,1,1,1,0,7,35,16,0.8,354,0.5142857142857142,0.4028776978417266,20,20,20,63,43,0.31746031746031744
716,1,1,1,1,1,0,12,14,11,0.7333333333333333,400,0.5714285714285714,0.7377049180327869,8,11,14,37,19,0.4864864864864865
718,1,1,1,1,1,1,1,160,26,1.0,324,0.86875,0.8242009132420092,20,20,20,219,132,0.3972602739726028
719,1,1,1,1,1,0,4,9,9,0.391304347826087,32004,0.6666666666666666,0.64,16,16,19,61,53,0.1311475409836066
720,1,0,1,1,1,0,7,19,13,0.65,31862,0.7894736842105263,1.0,3,5,8,36,14,0.6111111111111112
721,1,0,0,0,0,0,16,10,6,0.5454545454545454,31642,0.8,1.0,4,4,4,24,8,0.6666666666666667
722,1,1,1,1,1,1,15,15,9,0.75,359,1.0,0.8416666666666667,20,20,20,71,58,0.18309859154929575
724,1,1,1,1,1,1,11,13,10,0.625,367,0.8461538461538461,0.9230769230769231,8,12,20,63,29,0.5396825396825398
725,1,1,1,1,1,1,13,25,10,0.7142857142857143,400,1.0,0.9906542056074766,20,20,20,78,59,0.2435897435897436
726,1,0,0,0,0,0,11,7,5,0.3125,343,0.7142857142857143,0.5806451612903226,2,4,6,27,4,0.8518518518518519
727,1,0,0,0,0,0,10,31,14,0.8235294117647058,366,0.4838709677419355,0.3953488372093023,20,20,20,80,68,0.15000000000000002
728,1,1,1,1,1,1,7,138,20,1.0,329,0.8623188405797102,0.8895522388059701,20,20,20,268,66,0.7537313432835822
730,1,1,1,1,1,1,3,17,16,0.6666666666666666,400,1.0,0.8,10,16,17,62,39,0.3709677419354839
731,1,0,0,0,0,0,13,53,14,1.0,329,0.33962264150943394,0.28888888888888886,3,5,12,44,6,0.8636363636363636
732,1,0,0,0,0,0,18,11,7,0.7777777777777778,293,0.9090909090909091,0.6593406593406593,14,17,20,43,28,0.34883720930232553
733,1,1,1,1,1,1,13,12,10,0.7142857142857143,356,0.75,0.9375,20,20,20,74,47,0.3648648648648649
734,1,0,1,0,1,0,4,13,12,0.5217391304347826,372,0.8461538461538461,0.07936507936507936,3,3,6,27,7,0.7407407407407407
735,1,1,1,1,1,1,9,29,13,0.7222222222222222,317,0.8275862068965517,0.7301587301587301,7,9,20,50,18,0.64
736,1,1,1,1,1,1,4,10,10,0.43478260869565216,432,1.0,0.86,6,6,8,30,14,0.5333333333333333
737,1,1,1,1,1,1,5,16,13,0.5909090909090909,309,0.875,0.8888888888888888,12,13,15,40,28,0.30000000000000004
738,1,1,1,1,1,0,15,24,8,0.6666666666666666,318,0.5833333333333334,0.631578947368421,20,20,20,56,46,0.1785714285714286
740,1,0,0,0,0,0,17,5,4,0.4,370,0.8,0.09433962264150944,1,2,4,24,2,0.9166666666666666
742,1,1,1,1,1,0,11,87,16,1.0,445,0.6091954022988506,0.5975103734439834,20,20,20,193,160,0.17098445595854928
745,1,1,1,1,1,1,10,37,17,1.0,427,1.0,0.9859154929577465,20,20,20,135,59,0.5629629629629629
746,1,0,0,0,0,0,16,20,8,0.7272727272727273,375,0.4,0.7368421052631579,4,5,6,27,9,0.6666666666666667
747,1,0,1,0,1,0,17,17,9,0.9,410,1.0,0.7155172413793104,3,4,9,34,8,0.7647058823529411
748,1,0,0,0,0,0,10,25,9,0.5294117647058824,32004,0.32,0.23728813559322035,20,20,20,70,42,0.4
750,1,0,0,0,0,0,13,8,1,0.07142857142857142,396,1.0,0.0,1,1,1,21,2,0.9047619047619048
752,1,1,1,1,1,1,9,31,15,0.8333333333333334,356,0.8064516129032258,0.7123287671232876,20,20,20,58,33,0.43103448275862066
756,1,0,0,0,0,0,9,8,5,0.2777777777777778,364,0.875,0.5,2,2,2,22,4,0.8181818181818181
757,1,0,0,0,0,0,17,7,5,0.5,384,1.0,1.0,5,6,9,30,11,0.6333333333333333
759,1,0,0,0,0,0,5,18,11,0.5,31401,0.4444444444444444,0.0,8,12,20,59,24,0.5932203389830508
760,1,1,1,1,1,1,6,18,13,0.6190476190476191,401,0.7222222222222222,0.9423076923076923,9,10,15,43,26,0.39534883720930236
761,1,1,1,1,1,1,13,21,12,0.8571428571428571,343,0.7142857142857143,0.8525641025641025,9,9,11,35,22,0.37142857142857144
762,1,1,1,1,1,1,13,99,14,1.0,31862,0.8686868686868687,0.8629961587708067,11,13,20,101,32,0.6831683168316831
763,1,1,1,1,1,1,11,16,11,0.6875,31782,0.875,0.7916666666666666,20,20,20,54,47,0.12962962962962965
764,1,0,0,0,0,0,18,8,4,0.4444444444444444,346,0.5,0.08653846153846154,10,11,13,34,21,0.38235294117647056
765,1,0,0,0,0,0,13,10,7,0.5,370,0.8,0.8888888888888888,3,3,4,28,8,0.7142857142857143
766,1,1,1,1,1,1,17,10,8,0.8,322,1.0,0.026785714285714284,20,20,20,74,57,0.22972972972972971
768,1,1,1,1,1,1,16,56,11,1.0,323,0.7857142857142857,0.9282178217821783,20,20,20,86,58,0.32558139534883723
769,1,0,0,0,0,0,7,6,6,0.3,404,1.0,0.975,8,8,16,39,17,0.5641025641025641
771,1,1,1,1,1,1,17,19,8,0.8,424,0.8421052631578947,0.1518987341772152,13,16,20,48,31,0.35416666666666663
775,1,0,0,0,0,0,7,7,6,0.3,320,0.8571428571428571,0.9615384615384616,3,3,4,24,6,0.75
776,1,1,1,1,1,1,7,16,11,0.55,368,1.0,0.36363636363636365,20,20,20,65,46,0.29230769230769227
778,1,1,1,1,1,1,1,85,25,0.9615384615384616,310,0.9058823529411765,0.24324324324324326,20,20,20,195,129,0.3384615384615385
780,1,1,1,1,1,1,15,24,11,0.9166666666666666,424,0.875,0.6511627906976745,9,11,18,47,24,0.4893617021276596
781,1,0,0,0,0,0,14,7,6,0.46153846153846156,365,0.42857142857142855,0.56,4,5,6,26,8,0.6923076923076923
782,1,0,0,0,0,0,11,13,10,0.625,310,0.38461538461538464,0.24561403508771928,4,5,6,28,10,0.6428571428571428
783,1,0,0,0,0,0,5,7,6,0.2727272727272727,439,1.0,0.6,4,5,6,29,10,0.6551724137931034
784,1,0,0,0,0,0,3,39,22,0.9166666666666666,408,0.41025641025641024,0.26595744680851063,14,15,20,98,36,0.6326530612244898
785,1,1,1,1,1,1,7,28,11,0.55,363,0.8571428571428571,0.9594594594594594,14,16,20,70,46,0.34285714285714286
786,1,1,1,1,1,1,16,36,10,0.9090909090909091,339,0.9444444444444444,0.8922155688622755,20,20,20,83,51,0.3855421686746988
787,1,1,1,1,1,1,15,29,12,1.0,443,0.7586206896551724,0.81875,11,15,20,82,23,0.7195121951219512
788,1,1,1,1,1,0,10,39,15,0.8823529411764706,360,0.6666666666666666,0.39763779527559057,20,20,20,70,64,0.08571428571428574
789,1,0,0,0,0,0,2,7,7,0.28,424,0.7142857142857143,0.3333333333333333,1,1,2,18,2,0.8888888888888888
792,1,0,0,0,0,0,16,9,3,0.2727272727272727,379,0.8888888888888888,0.75,6,6,6,29,15,0.48275862068965514
793,1,0,0,0,0,0,13,19,9,0.6428571428571429,445,0.3684210526315789,0.625,8,8,10,33,16,0.5151515151515151
795,1,1,1,1,1,1,7,13,9,0.45,311,0.7692307692307693,1.0,16,19,20,53,42,0.2075471698113207
796,1,1,1,1,1,0,2,17,14,0.56,380,0.5294117647058824,0.8484848484848485,8,8,9,32,19,0.40625
797,1,0,0,0,0,0,17,8,6,0.6,450,1.0,0.963855421686747,1,1,2,22,2,0.9090909090909091
799,1,1,1,1,1,1,5,14,9,0.4090909090909091,327,0.7857142857142857,0.8490566037735849,18,20,20,47,42,0.1063829787234043
800,1,1,1,1,1,1,9,88,18,1.0,298,0.7386363636363636,0.3333333333333333,20,20,20,176,85,0.5170454545454546
802,1,1,1,1,1,1,8,16,11,0.5789473684210527,404,0.9375,0.9069767441860465,20,20,20,85,60,0.2941176470588235
803,1,1,1,1,1,1,4,10,8,0.34782608695652173,327,1.0,0.9814814814814815,13,16,20,48,33,0.3125
804,1,1,1,1,1,1,12,29,13,0.8666666666666667,400,1.0,0.3385416666666667,20,20,20,143,109,0.23776223776223782
805,1,1,1,1,1,1,2,61,24,0.96,306,0.9672131147540983,0.8368200836820083,20,20,20,143,124,0.13286713286713292
806,1,1,1,1,1,0,8,13,11,0.5789473684210527,333,0.6153846153846154,0.7567567567567568,15,17,20,48,38,0.20833333333333337
807,1,1,1,1,1,1,4,35,18,0.782608695652174,335,0.9714285714285714,0.9431818181818182,20,20,20,104,81,0.22115384615384615
808,1,1,1,1,1,1,15,43,12,1.0,361,1.0,0.8385093167701864,10,14,17,45,24,0.4666666666666667
810,1,0,0,0,0,0,11,7,7,0.4375,295,1.0,1.0,3,4,4,22,7,0.6818181818181819
811,1,0,0,0,0,0,7,6,4,0.2,446,1.0,1.0,1,1,1,21,2,0.9047619047619048
812,1,1,1,1,1,1,5,62,17,0.7727272727272727,412,0.9354838709677419,0.12903225806451613,15,19,20,95,46,0.5157894736842106
813,1,0,0,0,0,0,3,6,6,0.25,420,0.8333333333333334,0.5384615384615384,3,3,5,25,6,0.76
814,1,0,0,0,0,0,17,13,8,0.8,31401,0.46153846153846156,0.0,8,8,12,33,16,0.5151515151515151
815,1,1,1,1,1,1,15,27,10,0.8333333333333334,410,1.0,0.95,20,20,20,84,63,0.25
816,1,0,0,0,0,0,4,30,17,0.7391304347826086,421,0.4,0.28378378378378377,20,20,20,69,49,0.28985507246376807
817,1,0,0,0,0,0,15,13,7,0.5833333333333334,333,0.6923076923076923,0.8045112781954887,20,20,20,55,40,0.2727272727272727
820,1,1,1,1,1,1,10,96,17,1.0,381,0.7604166666666666,0.11214953271028037,20,20,20,86,35,0.5930232558139534
822,1,1,1,1,1,0,9,17,11,0.6111111111111112,380,0.5294117647058824,0.48,16,16,19,59,48,0.18644067796610164
823,1,0,1,0,0,0,14,27,10,0.7692307692307693,422,0.9259259259259259,0.7444444444444445,1,2,4,26,2,0.9230769230769231
824,1,0,0,0,0,0,14,7,5,0.38461538461538464,286,0.5714285714285714,0.6458333333333334,1,1,1,21,2,0.9047619047619048
825,1,1,1,1,1,1,11,60,16,1.0,375,0.9333333333333333,0.5359116022099447,20,20,20,108,40,0.6296296296296297
826,1,0,0,0,0,0,4,7,5,0.21739130434782608,396,1.0,0.8947368421052632,2,2,4,25,4,0.84
828,1,0,0,0,0,0,9,5,5,0.2777777777777778,292,0.6,0.125,6,7,7,30,15,0.5
830,1,1,1,1,1,1,11,96,16,1.0,450,0.9375,0.7894736842105263,20,20,20,100,91,0.08999999999999997
831,1,1,1,1,1,1,10,24,12,0.7058823529411765,450,0.9166666666666666,0.7214285714285714,20,20,20,79,60,0.240506329113924
833,1,1,1,1,1,1,16,11,8,0.7272727272727273,443,0.8181818181818182,0.8260869565217391,18,20,20,49,43,0.12244897959183676
834,1,1,1,1,1,1,8,19,12,0.631578947368421,433,0.7368421052631579,0.5,18,20,20,56,36,0.3571428571428571
836,1,0,0,0,0,0,14,8,6,0.46153846153846156,443,0.75,0.5230769230769231,7,7,8,29,15,0.48275862068965514
840,1,1,1,1,1,1,12,18,10,0.6666666666666666,400,0.8888888888888888,0.796875,20,20,20,88,56,0.36363636363636365
841,1,0,0,0,0,0,10,15,7,0.4117647058823529,408,0.8,0.9929078014184397,3,3,4,27,7,0.7407407407407407
842,1,1,1,1,1,1,17,50,10,1.0,318,0.96,0.9713024282560706,14,14,18,61,38,0.3770491803278688
843,1,1,1,1,1,0,4,16,11,0.4782608695652174,354,0.6875,0.44642857142857145,12,14,16,40,28,0.30000000000000004
844,1,0,0,0,0,0,12,17,13,0.8666666666666667,31862,0.4117647058823529,0.6147540983606558,20,20,20,86,52,0.39534883720930236
845,1,1,1,1,1,0,12,18,12,0.8,343,0.5,0.5454545454545454,20,20,20,66,30,0.5454545454545454
846,1,0,0,0,0,0,13,5,4,0.2857142857142857,31642,1.0,0.8620689655172413,2,2,2,24,6,0.75
847,1,0,0,0,0,0,16,9,6,0.5454545454545454,319,0.4444444444444444,0.046511627906976744,1,1,2,17,4,0.7647058823529411
849,1,0,0,0,0,0,13,7,6,0.42857142857142855,402,0.5714285714285714,0.05555555555555555,3,5,8,28,6,0.7857142857142857
850,1,0,0,0,0,0,7,22,12,0.6,297,0.3181818181818182,0.14666666666666667,7,7,8,30,15,0.5
851,1,1,1,1,1,1,2,12,12,0.48,341,0.9166666666666666,1.0,5,5,6,38,22,0.42105263157894735
852,1,0,0,0,0,0,15,11,7,0.5833333333333334,333,0.8181818181818182,0.9518072289156626,2,2,3,25,6,0.76
853,1,1,1,1,1,1,10,109,17,1.0,367,1.0,0.9629629629629629,17,20,20,285,70,0.7543859649122807
854,1,0,1,0,0,0,17,10,8,0.8,420,1.0,1.0,1,2,3,24,2,0.9166666666666666
855,1,1,1,1,1,1,17,16,9,0.9,382,1.0,1.0,20,20,20,81,56,0.308641975308642
856,1,1,1,1,1,1,15,21,10,0.8333333333333334,372,0.7619047619047619,0.575,20,20,20,59,37,0.3728813559322034
858,1,0,0,0,0,0,11,7,7,0.4375,322,1.0,0.696969696969697,2,3,3,23,4,0.8260869565217391
859,1,0,0,0,0,0,11,54,16,1.0,429,0.4444444444444444,0.2733812949640288,20,20,20,144,74,0.48611111111111116
860,1,1,1,1,1,1,12,50,12,0.8,31642,0.74,0.5,11,13,14,70,34,0.5142857142857142
861,1,0,0,0,0,0,6,9,6,0.2857142857142857,410,0.8888888888888888,0.7916666666666666,9,11,18,42,20,0.5238095238095238
864,1,1,1,1,1,1,4,19,15,0.6521739130434783,410,0.8947368421052632,0.9887640449438202,20,20,20,115,105,0.08695652173913049
865,1,0,0,0,0,0,16,9,5,0.45454545454545453,341,1.0,1.0,13,14,17,41,30,0.2682926829268293
866,1,1,1,1,1,1,5,25,11,0.5,345,1.0,0.9545454545454546,17,19,20,64,45,0.296875
867,1,1,1,1,1,0,5,53,20,0.9090909090909091,369,0.5283018867924528,0.7903225806451613,20,20,20,113,65,0.4247787610619469
868,1,1,1,1,1,1,14,36,13,1.0,323,0.8888888888888888,0.9016393442622951,20,20,20,84,42,0.5
869,1,0,0,0,0,0,10,12,7,0.4117647058823529,370,0.75,0.5478260869565217,1,2,4,25,2,0.92
870,1,0,0,0,0,0,14,5,4,0.3076923076923077,298,1.0,0.5714285714285714,1,1,2,22,2,0.9090909090909091
871,1,1,1,1,1,1,16,16,9,0.8181818181818182,31862,0.9375,0.3739130434782609,20,20,20,102,62,0.3921568627450981
872,1,0,0,0,0,0,7,7,1,0.05,450,1.0,1.0,1,1,1,21,2,0.9047619047619048
873,1,1,1,1,1,1,12,30,13,0.8666666666666667,318,0.9666666666666667,0.42168674698795183,20,20,20,105,57,0.4571428571428572
875,1,1,1,1,1,1,7,10,9,0.45,356,1.0,0.9310344827586207,5,6,7,28,11,0.6071428571428572
876,1,1,1,1,1,1,16,20,10,0.9090909090909091,323,1.0,0.9776536312849162,8,9,14,37,19,0.4864864864864865
877,1,0,0,0,0,0,13,9,7,0.5,406,1.0,0.9629629629629629,18,20,20,53,37,0.30188679245283023
878,1,0,0,0,0,0,14,38,13,1.0,366,0.39473684210526316,0.0,20,20,20,99,63,0.36363636363636365
879,1,1,1,1,1,1,12,9,8,0.5333333333333333,341,1.0,1.0,8,10,13,37,18,0.5135135135135135
880,1,0,0,0,0,0,13,7,2,0.14285714285714285,343,1.0,0.8,2,3,3,24,5,0.7916666666666666
881,1,1,1,1,1,1,14,23,13,1.0,445,1.0,0.9646017699115044,20,20,20,130,126,0.03076923076923077
882,1,1,1,1,1,1,15,50,12,1.0,31782,0.92,0.851063829787234,20,20,20,91,81,0.10989010989010994
883,1,1,1,1,1,1,6,76,19,0.9047619047619048,367,0.8552631578947368,0.8759124087591241,20,20,20,92,53,0.42391304347826086
884,1,1,1,1,1,1,3,39,8,0.3333333333333333,297,0.9743589743589743,0.0,12,14,18,55,29,0.4727272727272728
885,1,0,0,0,0,0,10,10,5,0.29411764705882354,382,0.9,0.28378378378378377,3,3,6,28,8,0.7142857142857143
886,1,0,0,0,0,0,3,13,5,0.20833333333333334,375,0.6923076923076923,0.7142857142857143,11,11,14,37,24,0.3513513513513513
887,1,1,1,1,1,1,1,12,11,0.4230769230769231,298,1.0,0.1111111111111111,11,12,20,46,23,0.5
888,1,1,1,1,1,1,2,11,9,0.36,401,0.9090909090909091,0.8955223880597015,20,20,20,85,49,0.42352941176470593
889,1,0,0,0,0,0,6,50,20,0.9523809523809523,433,0.4,0.5521472392638037,20,20,20,181,125,0.30939226519337015
890,1,0,0,0,0,0,10,10,7,0.4117647058823529,403,0.8,0.9047619047619048,7,7,9,36,21,0.41666666666666663
891,1,1,1,1,1,1,12,18,10,0.6666666666666666,450,0.9444444444444444,0.7934782608695652,20,20,20,83,80,0.03614457831325302
894,1,0,0,0,0,0,8,7,5,0.2631578947368421,446,0.5714285714285714,0.375,5,6,8,29,11,0.6206896551724138
895,1,1,1,1,1,0,4,45,22,0.9565217391304348,315,0.5777777777777777,0.463855421686747,20,20,20,150,56,0.6266666666666667
896,1,1,1,1,1,0,8,26,14,0.7368421052631579,402,0.5,0.4823529411764706,20,20,20,68,44,0.3529411764705882
897,1,0,1,0,0,0,11,12,8,0.5,396,0.9166666666666666,0.7959183673469388,1,1,3,23,2,0.9130434782608696
898,1,1,1,1,1,0,16,39,10,0.9090909090909091,388,0.6923076923076923,0.6789667896678967,20,20,20,73,39,0.4657534246575342
899,1,0,0,0,0,0,7,5,4,0.2,361,1.0,0.7142857142857143,1,1,1,21,2,0.9047619047619048
900,1,1,1,1,1,1,10,184,17,1.0,330,0.9510869565217391,0.9912280701754386,20,20,20,172,48,0.7209302325581395
901,1,0,0,0,0,0,16,7,5,0.45454545454545453,410,1.0,0.9117647058823529,3,3,4,24,6,0.75
903,1,1,1,1,1,1,10,14,11,0.6470588235294118,333,1.0,0.6551724137931034,9,10,13,48,28,0.41666666666666663
904,1,0,0,0,0,0,4,8,6,0.2608695652173913,365,0.625,0.2727272727272727,1,1,1,21,2,0.9047619047619048
905,1,0,1,0,0,0,3,12,10,0.4166666666666667,367,0.6666666666666666,0.6842105263157895,2,3,3,24,5,0.7916666666666666
906,1,1,1,1,1,1,8,70,19,1.0,319,0.9857142857142858,0.9448051948051948,15,20,20,194,68,0.6494845360824743
907,1,1,1,1,1,0,2,28,19,0.76,313,0.5714285714285714,0.6984126984126984,20,20,20,67,57,0.14925373134328357
908,1,1,1,1,1,0,14,34,13,1.0,406,0.6764705882352942,0.3780487804878049,20,20,20,74,41,0.44594594594594594
909,1,1,1,1,1,1,10,197,17,1.0,321,0.9035532994923858,0.849802371541502,20,20,20,119,81,0.31932773109243695
910,1,0,0,0,0,0,9,9,8,0.4444444444444444,429,0.4444444444444444,0.44,3,5,6,27,6,0.7777777777777778
911,1,0,0,0,0,0,13,11,7,0.5,421,0.45454545454545453,0.859375,3,3,4,27,9,0.6666666666666667
912,1,0,0,0,0,0,14,11,5,0.38461538461538464,358,1.0,0.8888888888888888,5,6,6,26,10,0.6153846153846154
913,1,1,1,1,1,0,4,19,11,0.4782608695652174,436,0.5789473684210527,0.88,14,17,20,57,41,0.2807017543859649
914,1,0,1,0,1,0,12,10,8,0.5333333333333333,403,0.7,0.22916666666666666,2,4,8,28,4,0.8571428571428572
915,1,1,1,1,1,1,11,14,8,0.5,337,1.0,0.9807692307692307,7,10,10,35,19,0.4571428571428572
916,1,0,0,0,0,0,14,45,13,1.0,436,0.3111111111111111,0.05660377358490566,20,20,20,56,40,0.2857142857142857
918,1,1,1,1,1,1,3,105,24,1.0,340,0.8,0.5957446808510638,20,20,20,197,67,0.6598984771573604
919,1,1,1,1,1,1,17,37,8,0.8,345,1.0,1.0,15,17,20,47,35,0.25531914893617025
920,1,1,1,1,1,1,8,22,12,0.631578947368421,388,1.0,0.9766355140186916,6,6,9,39,22,0.4358974358974359
922,1,1,1,1,1,1,6,29,14,0.6666666666666666,315,0.8275862068965517,0.256198347107438,5,13,20,59,20,0.6610169491525424
923,1,1,1,1,1,1,7,30,11,0.55,352,0.7666666666666667,0.007751937984496124,10,10,15,42,26,0.38095238095238093
924,1,1,1,1,1,1,1,32,23,0.8846153846153846,400,1.0,0.9838709677419355,20,20,20,92,48,0.4782608695652174
925,1,1,1,1,1,1,7,26,8,0.4,298,0.7692307692307693,0.6981132075471698,10,11,15,50,29,0.42000000000000004
926,1,1,1,1,1,1,1,58,22,0.8461538461538461,319,0.7931034482758621,0.5879120879120879,20,20,20,151,93,0.3841059602649006
928,1,1,1,1,1,0,9,47,16,0.8888888888888888,382,0.574468085106383,0.033707865168539325,20,20,20,56,33,0.4107142857142857
929,1,1,1,1,1,0,12,39,12,0.8,388,0.5128205128205128,0.16666666666666666,20,20,20,84,53,0.36904761904761907
930,1,0,0,0,0,0,10,8,4,0.23529411764705882,414,0.5,0.18181818181818182,5,5,6,33,17,0.48484848484848486
931,1,0,0,0,0,0,14,9,7,0.5384615384615384,372,0.6666666666666666,0.15151515151515152,20,20,20,53,44,0.16981132075471694
932,1,1,1,1,1,1,2,50,23,0.92,300,0.9,0.5833333333333334,20,20,20,111,80,0.2792792792792793
933,1,0,0,0,0,0,9,14,7,0.3888888888888889,422,0.6428571428571429,0.546875,7,9,13,38,17,0.5526315789473684
934,1,0,0,0,0,0,6,26,15,0.7142857142857143,422,0.38461538461538464,0.7450980392156863,20,20,20,97,70,0.27835051546391754
935,1,1,1,1,1,1,7,28,14,0.7,361,0.9642857142857143,0.6551724137931034,15,17,20,70,48,0.3142857142857143
936,1,1,1,1,1,1,10,56,15,0.8823529411764706,321,1.0,0.9818181818181818,10,10,15,41,22,0.46341463414634143
937,1,1,1,1,1,1,12,11,11,0.7333333333333333,32004,0.7272727272727273,0.3888888888888889,13,15,16,55,43,0.21818181818181814
938,1,1,1,1,1,1,8,10,8,0.42105263157894735,369,0.7,0.3125,20,20,20,66,42,0.36363636363636365
939,1,1,1,1,1,0,13,39,13,0.9285714285714286,396,0.6923076923076923,0.2831858407079646,20,20,20,96,76,0.20833333333333337
940,1,1,1,1,1,1,15,12,10,0.8333333333333334,402,0.75,0.7358490566037735,14,20,20,54,31,0.42592592592592593
941,1,1,1,1,1,1,15,15,9,0.75,367,0.9333333333333333,0.09523809523809523,6,8,8,31,15,0.5161290322580645
942,1,0,0,0,0,0,13,15,6,0.42857142857142855,289,0.7333333333333333,0.96,20,20,20,54,46,0.14814814814814814
943,1,1,1,1,1,1,8,17,9,0.47368421052631576,295,0.8823529411764706,0.08661417322834646,16,17,20,50,37,0.26
944,1,1,1,1,1,1,11,24,11,0.6875,429,0.7916666666666666,0.9,7,10,13,44,17,0.6136363636363636
945,1,0,0,0,0,0,10,7,6,0.35294117647058826,295,0.8571428571428571,0.75,6,7,8,31,14,0.5483870967741935
946,1,0,0,0,0,0,4,25,11,0.4782608695652174,297,0.4,0.4818181818181818,8,9,13,38,20,0.4736842105263158
947,1,1,1,1,1,1,2,57,24,0.96,337,0.7368421052631579,0.8881987577639752,10,13,20,93,27,0.7096774193548387
949,1,1,1,1,1,0,17,16,9,0.9,31782,0.5,0.23076923076923078,20,20,20,51,36,0.2941176470588235
950,1,1,1,1,1,0,13,16,10,0.7142857142857143,346,0.6875,0.5238095238095238,16,18,20,58,45,0.22413793103448276
952,1,0,0,0,0,0,15,10,7,0.5833333333333334,446,0.7,0.41,15,19,20,52,35,0.32692307692307687
953,1,1,1,1,1,1,4,33,17,0.7391304347826086,324,0.7272727272727273,0.18518518518518517,20,20,20,73,53,0.273972602739726
955,1,0,0,0,0,0,9,28,17,0.9444444444444444,315,0.39285714285714285,0.18410041841004185,17,19,20,44,35,0.20454545454545459
956,1,1,1,1,1,1,8,123,19,1.0,370,0.7398373983739838,0.8594704684317719,20,20,20,155,80,0.4838709677419355
957,1,1,1,1,1,1,5,175,22,1.0,340,0.8571428571428571,0.8236775818639799,20,20,20,125,72,0.42400000000000004
960,1,1,1,1,1,0,5,36,19,0.8636363636363636,333,0.5555555555555556,0.36231884057971014,18,20,20,82,58,0.29268292682926833
961,1,1,1,1,1,1,16,19,9,0.8181818181818182,389,0.7368421052631579,0.7547169811320755,15,19,20,54,22,0.5925925925925926
962,1,0,0,0,0,0,17,8,6,0.6,333,0.75,0.28888888888888886,11,13,18,54,37,0.31481481481481477
963,1,1,1,1,1,1,5,15,12,0.5454545454545454,363,1.0,0.9642857142857143,20,20,20,51,43,0.1568627450980392
965,1,1,1,1,1,1,2,17,8,0.32,379,0.9411764705882353,0.6571428571428571,11,11,11,37,28,0.2432432432432432
966,1,0,0,0,0,0,14,6,6,0.46153846153846156,382,1.0,0.7,2,2,5,18,5,0.7222222222222222
967,1,0,0,0,0,0,13,6,4,0.2857142857142857,324,0.5,0.0,3,3,5,26,6,0.7692307692307692
968,1,1,1,1,1,1,6,43,20,0.9523809523809523,299,0.7209302325581395,0.33884297520661155,20,20,20,163,123,0.245398773006135
969,1,0,0,0,0,0,9,5,5,0.2777777777777778,315,1.0,1.0,12,12,13,44,32,0.2727272727272727
971,1,1,1,1,1,1,8,16,11,0.5789473684210527,389,1.0,0.9814814814814815,7,9,12,36,17,0.5277777777777778
973,1,1,1,1,1,0,14,10,8,0.6153846153846154,338,0.5,0.2465753424657534,11,20,20,71,27,0.619718309859155
974,1,0,0,0,0,0,10,7,6,0.35294117647058826,354,0.7142857142857143,0.125,20,20,20,44,35,0.20454545454545459
975,1,1,1,1,1,1,16,14,9,0.8181818181818182,319,0.7857142857142857,0.9939393939393939,12,14,18,62,44,0.29032258064516125
976,1,1,1,1,1,0,10,12,8,0.47058823529411764,404,0.6666666666666666,0.782608695652174,9,9,15,38,21,0.4473684210526315
978,1,1,1,1,1,1,16,10,9,0.8181818181818182,433,0.7,0.2,20,20,20,61,44,0.2786885245901639
979,1,0,0,0,0,0,4,49,20,0.8695652173913043,368,0.46938775510204084,0.6,20,20,20,119,75,0.3697478991596639
981,1,0,0,0,0,0,12,7,6,0.4,372,0.5714285714285714,0.3793103448275862,5,5,7,29,12,0.5862068965517242
982,1,1,1,1,1,1,10,79,17,1.0,382,0.9493670886075949,0.8470948012232415,20,20,20,276,94,0.6594202898550725
983,1,1,1,1,1,1,10,23,14,0.8235294117647058,356,0.9565217391304348,1.0,17,20,20,46,36,0.21739130434782605
986,1,1,1,1,1,0,5,22,15,0.6818181818181818,401,0.5909090909090909,0.7941176470588235,12,14,18,48,34,0.29166666666666663
987,1,1,1,1,1,0,5,13,10,0.45454545454545453,389,0.6153846153846154,0.46774193548387094,16,19,20,46,35,0.23913043478260865
988,1,1,1,1,1,1,2,67,21,0.84,408,0.8805970149253731,0.859375,20,20,20,150,86,0.42666666666666664
989,1,1,1,1,1,1,7,38,11,0.55,356,0.7894736842105263,0.725925925925926,15,18,20,58,32,0.4482758620689655
991,1,0,0,0,0,0,7,5,5,0.25,319,0.8,0.11538461538461539,1,1,1,19,2,0.8947368421052632
993,1,1,1,1,1,1,15,13,8,0.6666666666666666,32004,0.8461538461538461,0.8828828828828829,11,13,15,43,28,0.34883720930232553
994,1,0,0,0,0,0,3,5,5,0.20833333333333334,374,0.6,0.1875,1,1,2,12,2,0.8333333333333334
995,1,0,0,0,0,0,11,7,7,0.4375,320,1.0,1.0,6,7,8,28,12,0.5714285714285714
996,1,1,1,1,1,0,3,33,22,0.9166666666666666,31762,0.5757575757575758,0.9705882352941176,17,18,20,64,40,0.375
998,1,1,1,1,1,0,14,36,11,0.8461538461538461,422,0.5555555555555556,0.5981308411214953,20,20,20,76,52,0.3157894736842105
999,1,1,1,1,1,0,2,21,12,0.48,364,0.5714285714285714,0.4722222222222222,20,20,20,49,44,0.10204081632653061
1000,1,1,1,1,1,1,8,33,15,0.7894736842105263,372,0.8787878787878788,1.0,20,20,20,155,84,0.4580645161290322
1001,1,1,1,1,1,1,3,19,11,0.4583333333333333,31782,1.0,0.8208955223880597,8,16,20,63,20,0.6825396825396826
1002,1,0,0,0,0,0,11,7,7,0.4375,424,0.42857142857142855,0.22727272727272727,10,11,11,32,21,0.34375
1003,1,1,1,1,1,1,5,19,12,0.5454545454545454,295,1.0,0.9318181818181818,19,19,20,50,43,0.14
1004,1,1,1,1,1,1,13,31,10,0.7142857142857143,316,0.7096774193548387,0.34841628959276016,13,17,20,54,37,0.31481481481481477
1005,1,1,1,1,1,1,17,17,9,0.9,400,1.0,0.9935897435897436,13,15,20,60,33,0.44999999999999996
1007,1,1,1,1,1,0,11,19,12,0.75,293,0.5789473684210527,0.696078431372549,14,16,19,45,34,0.24444444444444446
1008,1,0,0,0,0,0,12,5,5,0.3333333333333333,292,0.8,0.2,1,1,1,15,2,0.8666666666666667
1010,1,0,1,1,1,0,13,12,8,0.5714285714285714,341,1.0,0.9871794871794872,4,7,10,36,10,0.7222222222222222
1011,1,1,1,1,1,1,7,22,16,0.8,334,0.8181818181818182,0.8305084745762712,9,10,19,43,19,0.5581395348837209
1012,1,1,1,1,1,1,9,22,13,0.7222222222222222,361,1.0,0.8877551020408163,17,19,20,57,40,0.29824561403508776
1013,1,1,1,1,1,1,8,11,9,0.47368421052631576,313,0.7272727272727273,0.125,16,18,19,49,41,0.16326530612244894
1014,1,0,1,0,1,0,10,16,12,0.7058823529411765,318,0.6875,0.041379310344827586,3,4,7,28,7,0.75
1015,1,1,1,1,1,1,7,29,20,1.0,403,0.9655172413793104,0.961038961038961,20,20,20,130,99,0.2384615384615385
1017,1,1,1,1,1,1,5,14,14,0.6363636363636364,295,1.0,0.6666666666666666,20,20,20,91,52,0.4285714285714286
1018,1,1,1,1,1,0,6,76,20,0.9523809523809523,296,0.6052631578947368,0.9666666666666667,5,5,8,38,15,0.6052631578947368
1019,1,1,1,1,1,1,2,12,9,0.36,361,0.8333333333333334,0.43902439024390244,13,13,14,37,29,0.21621621621621623
1020,1,1,1,1,1,1,13,29,13,0.9285714285714286,319,0.9655172413793104,0.9148936170212766,20,20,20,96,74,0.22916666666666663
1021,1,0,0,0,0,0,15,17,6,0.5,368,0.5882352941176471,0.5,15,15,20,44,32,0.2727272727272727
1022,1,1,1,1,1,1,7,22,9,0.45,375,0.7727272727272727,0.5,5,5,11,39,11,0.717948717948718
1023,1,1,1,1,1,1,16,70,9,0.8181818181818182,429,0.8714285714285714,0.8349146110056926,20,20,20,117,36,0.6923076923076923
1024,1,1,1,1,1,0,11,26,12,0.75,334,0.5,0.11206896551724138,20,20,20,98,77,0.2142857142857143
1025,1,0,0,0,0,0,7,10,6,0.3,288,1.0,0.971830985915493,8,8,10,31,17,0.4516129032258065
1026,1,1,1,1,1,1,2,18,12,0.48,410,1.0,0.25,10,10,13,51,35,0.3137254901960784
1027,1,0,0,0,0,0,8,7,6,0.3157894736842105,354,0.7142857142857143,0.46875,1,1,2,22,2,0.9090909090909091
1028,1,0,0,0,0,0,6,5,5,0.23809523809523808,420,1.0,0.8571428571428571,3,3,6,28,8,0.7142857142857143
1029,1,1,1,1,1,0,14,42,12,0.9230769230769231,329,0.5952380952380952,0.4892703862660944,20,20,20,158,91,0.42405063291139244
1030,1,0,0,0,0,0,12,7,7,0.4666666666666667,445,0.8571428571428571,0.7391304347826086,8,13,15,50,27,0.45999999999999996
1031,1,1,1,1,1,1,11,43,16,1.0,375,0.813953488372093,0.9223300970873787,20,20,20,103,82,0.2038834951456311
1033,1,0,0,0,0,0,12,7,6,0.4,374,0.7142857142857143,0.5789473684210527,12,14,14,38,28,0.26315789473684215
1034,1,1,1,1,1,1,8,14,8,0.42105263157894735,380,1.0,0.9090909090909091,6,7,11,35,14,0.6
1036,1,0,0,0,0,0,15,7,6,0.5,298,1.0,0.9,8,11,16,45,22,0.5111111111111111
1038,1,1,1,1,1,1,12,58,15,1.0,340,0.9655172413793104,0.8976744186046511,19,20,20,92,77,0.1630434782608695
1039,1,1,1,1,1,1,16,11,9,0.8181818181818182,401,0.8181818181818182,0.9710144927536232,14,17,20,49,33,0.326530612244898
1040,1,1,1,1,1,1,8,54,19,1.0,304,0.7037037037037037,0.5664739884393064,20,20,20,133,105,0.21052631578947367
1041,1,1,1,1,1,1,11,18,9,0.5625,445,0.7222222222222222,0.35074626865671643,6,6,8,29,12,0.5862068965517242
1042,1,1,1,1,1,0,6,50,20,0.9523809523809523,368,0.66,0.3553299492385787,20,20,20,104,64,0.3846153846153846
1044,1,0,0,0,0,0,8,8,5,0.2631578947368421,380,0.625,0.0,5,5,5,25,10,0.6
1045,1,1,1,1,1,1,11,67,15,0.9375,408,0.8656716417910447,0.7168141592920354,20,20,20,88,53,0.3977272727272727
1046,1,1,1,1,1,1,8,21,11,0.5789473684210527,406,0.9523809523809523,0.9848484848484849,16,20,20,54,27,0.5
1047,1,0,0,0,0,0,16,7,7,0.6363636363636364,295,0.5714285714285714,0.7123287671232876,2,2,2,22,4,0.8181818181818181
1048,1,1,1,1,1,1,9,33,14,0.7777777777777778,436,0.7272727272727273,0.855072463768116,6,7,9,36,19,0.4722222222222222
1049,1,0,1,0,1,0,15,18,10,0.8333333333333334,360,0.5555555555555556,0.13513513513513514,2,2,7,31,4,0.8709677419354839
1050,1,1,1,1,1,1,17,10,8,0.8,384,1.0,0.9919354838709677,15,18,20,49,31,0.36734693877551017
1053,1,0,0,0,0,0,16,9,6,0.5454545454545454,356,1.0,0.9418604651162791,15,18,20,62,37,0.4032258064516129
1054,1,0,0,0,0,0,15,9,7,0.5833333333333334,334,1.0,0.96875,6,7,10,32,14,0.5625
1055,1,1,1,1,1,1,9,19,15,0.8333333333333334,339,0.8421052631578947,0.7580645161290323,13,17,20,70,33,0.5285714285714286
1056,1,0,0,0,0,0,4,13,9,0.391304347826087,446,0.46153846153846156,0.3584905660377358,20,20,20,78,46,0.41025641025641024
1057,1,0,0,0,0,0,8,31,17,0.8947368421052632,427,0.41935483870967744,0.3355263157894737,20,20,20,176,93,0.47159090909090906
1058,1,1,1,1,1,1,10,97,17,1.0,381,1.0,0.9739130434782609,11,11,20,94,36,0.6170212765957447
1060,1,1,1,1,1,1,1,18,17,0.6538461538461539,315,1.0,0.8695652173913043,20,20,20,214,92,0.5700934579439252
1061,1,0,0,0,0,0,13,13,9,0.6428571428571429,297,0.46153846153846156,0.5263157894736842,9,9,10,30,18,0.4
1062,1,1,1,1,1,1,11,36,15,0.9375,320,1.0,0.9367816091954023,20,20,20,70,53,0.24285714285714288
1063,1,1,1,1,1,1,13,27,12,0.8571428571428571,421,0.7777777777777778,0.8666666666666667,19,20,20,72,45,0.375
1065,1,1,1,1,1,1,6,12,8,0.38095238095238093,311,1.0,0.9736842105263158,20,20,20,59,46,0.22033898305084743
1066,1,1,1,1,1,1,15,43,12,1.0,364,0.9767441860465116,0.9353233830845771,18,20,20,103,51,0.5048543689320388
1067,1,1,1,1,1,1,5,13,11,0.5,372,0.8461538461538461,0.7551020408163265,12,13,18,39,25,0.3589743589743589
1068,1,0,1,1,1,0,13,33,11,0.7857142857142857,366,0.6666666666666666,0.6883116883116883,4,5,9,36,12,0.6666666666666667
1069,1,1,1,1,1,1,11,9,8,0.5,31782,1.0,0.9347826086956522,11,11,14,45,30,0.33333333333333337
1070,1,1,1,1,1,0,6,42,19,0.9047619047619048,401,0.5,0.7175572519083969,20,20,20,93,58,0.3763440860215054
1071,1,0,0,0,0,0,16,10,6,0.5454545454545454,324,0.9,0.918918918918919,11,11,14,44,32,0.2727272727272727
1072,1,0,0,0,0,0,16,5,5,0.45454545454545453,318,1.0,0.5714285714285714,13,16,20,47,32,0.3191489361702128
1073,1,1,1,1,1,1,16,13,8,0.7272727272727273,367,1.0,0.11320754716981132,5,6,9,46,19,0.5869565217391304
1074,1,0,0,0,0,0,18,16,9,1.0,292,0.375,0.43478260869565216,20,20,20,61,47,0.2295081967213115
1075,1,1,1,1,1,1,8,14,9,0.47368421052631576,300,0.9285714285714286,0.7169811320754716,6,6,9,30,12,0.6
1076,1,1,1,1,1,1,15,32,12,1.0,31401,0.75,0.07692307692307693,20,20,20,63,48,0.23809523809523814
1078,1,1,1,1,1,1,17,35,10,1.0,375,0.9714285714285714,0.9014084507042254,19,20,20,73,42,0.4246575342465754
1079,1,1,1,1,1,1,12,21,12,0.8,318,0.8571428571428571,0.7931034482758621,7,8,10,41,20,0.5121951219512195
1080,1,1,1,1,1,1,4,30,12,0.5217391304347826,410,0.9333333333333333,0.5555555555555556,11,13,20,54,29,0.4629629629629629
1081,1,1,1,1,1,1,11,28,14,0.875,31742,0.8928571428571429,0.7837837837837838,20,20,20,94,49,0.4787234042553191
1082,1,1,1,1,1,1,4,23,16,0.6956521739130435,370,0.9130434782608695,0.9572649572649573,20,20,20,70,50,0.2857142857142857
1084,1,0,0,0,0,0,8,43,17,0.8947368421052632,367,0.23255813953488372,0.4606741573033708,11,15,20,64,26,0.59375
1085,1,1,1,1,1,0,16,11,9,0.8181818181818182,400,0.6363636363636364,0.15789473684210525,20,20,20,57,43,0.24561403508771928
1086,1,0,0,0,0,0,12,6,4,0.26666666666666666,404,0.3333333333333333,0.3333333333333333,5,6,8,29,10,0.6551724137931034
1087,1,1,1,1,1,1,17,25,10,1.0,358,1.0,0.7661290322580645,14,15,19,50,32,0.36
1088,1,1,1,1,1,0,7,18,12,0.6,381,0.5,0.5774647887323944,15,20,20,69,45,0.34782608695652173
1089,1,1,1,1,1,1,7,32,12,0.6,370,0.9375,0.2857142857142857,20,20,20,61,49,0.19672131147540983
1091,1,1,1,1,1,1,13,25,12,0.8571428571428571,406,1.0,0.967032967032967,14,17,20,56,32,0.4285714285714286
1093,1,0,0,0,0,0,12,13,5,0.3333333333333333,298,0.6153846153846154,0.3684210526315789,5,5,7,29,12,0.5862068965517242
1094,1,0,1,0,1,0,3,11,8,0.3333333333333333,31742,0.8181818181818182,0.8674698795180723,3,3,5,25,6,0.76
1096,1,1,1,1,1,1,2,36,11,0.44,321,0.8333333333333334,0.9090909090909091,13,19,20,99,39,0.6060606060606061
1097,1,1,1,1,1,1,6,35,16,0.7619047619047619,335,0.9714285714285714,0.9689922480620154,20,20,20,99,40,0.595959595959596
1098,1,1,1,1,1,0,8,54,19,1.0,343,0.5555555555555556,0.5063938618925832,20,20,20,148,101,0.31756756756756754
1099,1,1,1,1,1,0,15,13,8,0.6666666666666666,31782,0.6153846153846154,0.4666666666666667,10,12,18,54,34,0.37037037037037035
1102,1,1,1,1,1,1,3,21,18,0.75,311,1.0,0.9833333333333333,20,20,20,60,55,0.08333333333333337
1103,1,1,1,1,1,1,17,25,9,0.9,412,0.84,0.8820224719101124,17,20,20,73,39,0.4657534246575342
1104,1,1,1,1,1,1,7,22,14,0.7,421,1.0,0.8229166666666666,6,10,15,44,20,0.5454545454545454
1107,1,0,0,0,0,0,2,6,6,0.24,403,0.6666666666666666,0.5625,8,9,9,33,20,0.3939393939393939
1108,1,0,0,0,0,0,11,9,6,0.375,363,0.8888888888888888,0.9230769230769231,1,1,1,21,2,0.9047619047619048
1109,1,1,1,1,1,1,10,17,12,0.7058823529411765,356,0.7058823529411765,0.6231884057971014,20,20,20,65,47,0.27692307692307694
1111,1,1,1,1,1,1,5,55,22,1.0,298,0.7454545454545455,0.6415094339622641,20,20,20,157,90,0.4267515923566879
1112,1,1,1,1,1,1,14,16,11,0.8461538461538461,367,0.875,0.8611111111111112,6,6,10,37,13,0.6486486486486487
1113,1,1,1,1,1,1,11,33,14,0.875,400,0.7575757575757576,0.624113475177305,20,20,20,80,50,0.375
1114,1,0,0,0,0,0,4,7,5,0.21739130434782608,356,0.8571428571428571,0.19444444444444445,4,4,5,26,9,0.6538461538461539
1115,1,0,0,0,0,0,8,21,7,0.3684210526315789,429,0.5238095238095238,0.7931034482758621,6,7,13,37,15,0.5945945945945945
1116,1,1,1,1,1,1,1,32,15,0.5769230769230769,345,1.0,0.90625,20,20,20,108,78,0.2777777777777778
1117,1,1,1,1,1,1,3,39,19,0.7916666666666666,31642,0.8717948717948718,0.6301369863013698,12,16,19,62,38,0.3870967741935484
1119,1,1,1,1,1,1,16,10,10,0.9090909090909091,372,0.9,0.6491228070175439,18,18,20,55,47,0.1454545454545455
1120,1,1,1,1,1,1,11,29,14,0.875,31582,1.0,0.38596491228070173,13,16,17,51,38,0.2549019607843137
1121,1,1,1,1,1,1,8,15,10,0.5263157894736842,379,1.0,0.9565217391304348,10,12,20,49,26,0.4693877551020408
1122,1,1,1,1,1,1,17,26,10,1.0,372,0.8076923076923077,0.49019607843137253,14,17,20,64,36,0.4375
1123,1,1,1,1,1,1,1,22,16,0.6153846153846154,356,0.9545454545454546,0.6078431372549019,20,20,20,98,58,0.40816326530612246
1124,1,1,1,1,1,0,7,13,9,0.45,310,0.6153846153846154,0.5384615384615384,5,7,7,30,12,0.6
1125,1,0,1,0,0,0,4,19,8,0.34782608695652173,367,1.0,0.26865671641791045,1,2,2,23,3,0.8695652173913043
1128,1,1,1,1,1,1,3,55,16,0.6666666666666666,414,0.7636363636363637,0.4463276836158192,13,13,19,53,38,0.28301886792452835
1129,1,1,1,1,1,1,13,16,11,0.7857142857142857,361,1.0,0.6964285714285714,20,20,20,92,48,0.4782608695652174
1130,1,1,1,1,1,1,1,101,26,1.0,31642,0.7326732673267327,0.6705426356589147,20,20,20,77,47,0.38961038961038963
1131,1,0,1,1,1,0,3,11,9,0.375,389,0.7272727272727273,0.5333333333333333,4,6,6,26,8,0.6923076923076923
1132,1,0,0,0,0,0,4,17,12,0.5217391304347826,441,0.47058823529411764,0.21951219512195122,15,16,18,49,40,0.18367346938775508
1133,1,1,1,1,1,0,5,13,10,0.45454545454545453,317,0.6923076923076923,0.49504950495049505,8,8,8,35,23,0.34285714285714286
1135,1,0,0,0,0,0,5,7,3,0.13636363636363635,367,1.0,0.5892857142857143,1,2,2,22,2,0.9090909090909091
1136,1,1,1,1,1,1,3,12,10,0.4166666666666667,389,0.9166666666666666,0.9347826086956522,19,20,20,56,45,0.1964285714285714
1137,1,1,1,1,1,1,9,31,17,0.9444444444444444,412,0.9032258064516129,0.9509803921568627,15,18,20,85,49,0.42352941176470593
1138,1,1,1,1,1,0,2,43,19,0.76,289,0.5116279069767442,0.6727272727272727,19,20,20,109,78,0.2844036697247706
1139,1,1,1,1,1,1,9,25,17,0.9444444444444444,333,0.84,0.34328358208955223,20,20,20,133,65,0.5112781954887218
1141,1,0,0,0,0,0,13,7,6,0.42857142857142855,364,0.5714285714285714,0.5384615384615384,2,2,3,24,4,0.8333333333333334
1142,1,1,1,1,1,1,6,58,21,1.0,335,1.0,0.9821428571428571,20,20,20,178,107,0.398876404494382
1145,1,0,0,0,0,0,2,11,9,0.36,313,0.45454545454545453,0.22058823529411764,8,8,9,30,17,0.43333333333333335
1146,1,0,0,0,0,0,14,38,12,0.9230769230769231,304,0.4473684210526316,0.49508196721311476,20,20,20,76,29,0.618421052631579
1147,1,0,0,0,0,0,12,7,5,0.3333333333333333,363,1.0,1.0,6,9,10,31,13,0.5806451612903225
1148,1,0,0,0,0,0,6,5,5,0.23809523809523808,361,0.6,0.1,1,1,1,22,3,0.8636363636363636
1151,1,0,1,0,1,0,6,13,9,0.42857142857142855,381,0.6923076923076923,0.32413793103448274,4,4,7,27,8,0.7037037037037037
1152,1,1,1,1,1,1,17,42,9,0.9,323,1.0,0.9714285714285714,15,17,20,51,32,0.37254901960784315
1153,1,1,1,1,1,1,9,19,12,0.6666666666666666,380,0.8947368421052632,0.5652173913043478,15,16,18,47,38,0.19148936170212771
1154,1,1,1,1,1,1,10,17,12,0.7058823529411765,346,0.8823529411764706,0.8878504672897196,17,17,20,63,48,0.23809523809523814
1157,1,0,0,0,0,0,6,26,18,0.8571428571428571,396,0.34615384615384615,0.2,20,20,20,58,30,0.48275862068965514
1158,1,1,1,1,1,1,12,20,10,0.6666666666666666,410,0.9,0.6051282051282051,9,9,9,38,27,0.2894736842105263
1159,1,0,0,0,0,0,16,50,11,1.0,313,0.44,0.29120879120879123,11,17,20,69,28,0.5942028985507246
1160,1,0,0,0,0,0,10,30,11,0.6470588235294118,367,0.3333333333333333,0.02654867256637168,20,20,20,76,69,0.09210526315789469
1161,1,1,1,1,1,0,3,29,20,0.8333333333333334,367,0.5517241379310345,0.09090909090909091,12,14,19,43,27,0.37209302325581395
1162,1,1,1,1,1,1,16,13,8,0.7272727272727273,341,1.0,0.95,7,7,15,37,16,0.5675675675675675
1163,1,1,1,1,1,0,3,31,19,0.7916666666666666,363,0.6129032258064516,0.5163934426229508,20,20,20,73,53,0.273972602739726
1164,1,1,1,1,1,1,6,24,14,0.6666666666666666,410,1.0,1.0,20,20,20,114,84,0.26315789473684215
1165,1,1,1,1,1,0,13,13,9,0.6428571428571429,343,0.6923076923076923,0.6511627906976745,9,12,17,41,21,0.4878048780487805
1166,1,1,1,1,1,1,12,76,15,1.0,408,1.0,0.9787234042553191,20,20,20,109,61,0.44036697247706424
1167,1,1,1,1,1,1,9,19,12,0.6666666666666666,309,0.8947368421052632,0.859375,20,20,20,70,49,0.30000000000000004
1169,1,0,0,0,0,0,12,27,13,0.8666666666666667,445,0.4074074074074074,0.3465346534653465,20,20,20,96,78,0.1875
1172,1,0,0,0,0,0,1,19,13,0.5,396,0.47368421052631576,0.9115646258503401,4,5,7,27,8,0.7037037037037037
1173,1,0,1,0,1,0,1,17,8,0.3076923076923077,412,1.0,0.75,3,3,5,25,6,0.76
1175,1,1,1,1,1,1,14,21,13,1.0,388,0.8095238095238095,0.7946428571428571,15,20,20,86,29,0.6627906976744187
1178,1,0,0,0,0,0,6,40,21,1.0,343,0.475,0.25443786982248523,20,20,20,79,55,0.30379746835443033
1179,1,0,0,0,0,0,13,11,9,0.6428571428571429,346,0.45454545454545453,0.109375,17,18,20,59,44,0.2542372881355932
1180,1,1,1,1,1,1,14,13,8,0.6153846153846154,380,0.8461538461538461,0.7647058823529411,13,13,14,36,28,0.2222222222222222
1181,1,1,1,1,1,1,7,27,14,0.7,406,0.8518518518518519,0.08196721311475409,20,20,20,54,32,0.40740740740740744
1183,1,0,0,0,0,0,13,7,4,0.2857142857142857,292,0.5714285714285714,0.5,5,5,6,27,11,0.5925925925925926
1184,1,1,1,1,1,1,2,12,10,0.4,311,0.9166666666666666,1.0,18,19,20,43,35,0.18604651162790697
1185,1,0,0,0,0,0,2,11,6,0.24,319,0.5454545454545454,0.7346938775510204,2,4,4,25,5,0.8
1186,1,0,0,0,0,0,5,8,6,0.2727272727272727,321,1.0,0.9565217391304348,5,6,7,27,10,0.6296296296296297
1188,1,1,1,1,1,1,16,25,11,1.0,341,0.96,1.0,20,20,20,100,64,0.36
1189,1,1,1,1,1,1,9,15,11,0.6111111111111112,410,0.7333333333333333,0.25,5,6,9,31,12,0.6129032258064516
1190,1,1,1,1,1,1,10,44,16,0.9411764705882353,370,0.8636363636363636,0.8682926829268293,11,13,17,54,30,0.4444444444444444
1191,1,0,0,0,0,0,14,12,7,0.5384615384615384,438,0.5833333333333334,0.6823529411764706,6,6,7,29,14,0.5172413793103448
1193,1,0,0,0,0,0,8,113,17,0.8947368421052632,334,0.48672566371681414,0.2830188679245283,20,20,20,272,124,0.5441176470588236
1194,1,1,1,1,1,0,13,17,11,0.7857142857142857,381,0.6470588235294118,0.7333333333333333,5,6,12,32,10,0.6875
1195,1,0,0,0,0,0,6,14,8,0.38095238095238093,343,0.42857142857142855,0.3333333333333333,6,6,11,40,14,0.65
1196,1,0,0,0,0,0,9,5,5,0.2777777777777778,321,1.0,0.9545454545454546,7,9,10,33,16,0.5151515151515151
1197,1,1,1,1,1,1,8,21,12,0.631578947368421,384,1.0,0.8633093525179856,20,20,20,67,29,0.5671641791044777
1198,1,1,1,1,1,1,16,9,9,0.8181818181818182,320,0.7777777777777778,0.6857142857142857,6,6,6,31,17,0.4516129032258065
1199,1,0,0,0,0,0,16,5,4,0.36363636363636365,429,1.0,1.0,2,2,2,23,5,0.782608695652174
1200,1,0,0,0,0,0,10,6,5,0.29411764705882354,408,0.8333333333333334,0.9130434782608695,5,5,6,27,10,0.6296296296296297
1201,1,0,1,0,0,0,6,11,8,0.38095238095238093,321,1.0,0.9629629629629629,1,1,1,21,2,0.9047619047619048
1202,1,0,0,0,0,0,5,6,6,0.2727272727272727,292,0.8333333333333334,0.47368421052631576,8,8,8,30,18,0.4
1203,1,1,1,1,1,1,13,17,11,0.7857142857142857,32004,0.8235294117647058,0.7532467532467533,20,20,20,75,64,0.1466666666666666
1204,1,1,1,1,1,1,12,22,9,0.6,391,0.7272727272727273,0.0,11,12,18,41,24,0.41463414634146345
1205,1,1,1,1,1,1,7,51,16,0.8,31782,0.9215686274509803,0.8518518518518519,20,20,20,71,42,0.4084507042253521
1206,1,1,1,1,1,1,8,178,19,1.0,410,1.0,0.8620689655172413,20,20,20,172,93,0.4593023255813954
1207,1,1,1,1,1,1,12,25,11,0.7333333333333333,427,0.96,0.9759036144578314,6,6,12,37,13,0.6486486486486487
1211,1,0,0,0,0,0,8,31,18,0.9473684210526315,421,0.4838709677419355,0.7481481481481481,20,20,20,114,40,0.6491228070175439
1213,1,1,1,1,1,1,5,26,17,0.7727272727272727,408,1.0,0.95,6,6,11,38,12,0.6842105263157895
1216,1,1,1,1,1,1,14,19,10,0.7692307692307693,401,1.0,0.8508771929824561,20,20,20,56,41,0.2678571428571429
1217,1,0,0,0,0,0,15,9,6,0.5,370,0.8888888888888888,0.9767441860465116,13,14,16,38,27,0.2894736842105263
1218,1,1,1,1,1,0,15,16,10,0.8333333333333334,321,0.5,0.4177215189873418,11,16,20,52,23,0.5576923076923077
1219,1,0,1,0,0,0,12,11,8,0.5333333333333333,446,0.9090909090909091,0.5420560747663551,1,1,1,21,2,0.9047619047619048
1222,1,1,1,1,1,0,5,32,14,0.6363636363636364,400,0.6875,0.5602836879432624,20,20,20,80,55,0.3125
1223,1,0,0,0,0,0,16,7,5,0.45454545454545453,410,1.0,0.72,3,4,4,25,7,0.72
1224,1,1,1,1,1,1,17,14,10,1.0,446,1.0,0.881578947368421,20,20,20,47,23,0.5106382978723405
1225,1,0,0,0,0,0,7,24,12,0.6,424,0.375,0.0,7,9,13,38,17,0.5526315789473684
1226,1,0,0,0,0,0,17,9,6,0.6,368,0.5555555555555556,0.34328358208955223,10,11,12,35,22,0.37142857142857144
1228,1,1,1,1,1,1,2,180,25,1.0,406,0.9277777777777778,0.8374384236453202,20,20,20,230,150,0.34782608695652173
1229,1,1,1,1,1,0,5,77,21,0.9545454545454546,384,0.6493506493506493,0.47840531561461797,20,20,20,147,42,0.7142857142857143
1231,1,0,0,0,0,0,13,6,6,0.42857142857142855,396,1.0,1.0,20,20,20,55,40,0.2727272727272727
1233,1,1,1,1,1,1,7,17,10,0.5,382,0.9411764705882353,0.6666666666666666,20,20,20,68,53,0.22058823529411764
1234,1,0,0,0,0,0,11,5,5,0.3125,359,0.6,0.48863636363636365,2,2,6,29,6,0.7931034482758621
1236,1,1,1,1,1,1,15,44,12,1.0,448,0.9772727272727273,0.9261744966442953,20,20,20,145,80,0.4482758620689655
1237,1,0,0,0,0,0,17,6,5,0.5,443,1.0,0.8571428571428571,5,8,11,36,14,0.6111111111111112
1238,1,1,1,1,1,1,1,22,20,0.7692307692307693,358,0.9090909090909091,0.8620689655172413,20,20,20,151,112,0.2582781456953642
1239,1,1,1,1,1,1,14,9,8,0.6153846153846154,404,0.7777777777777778,0.875,20,20,20,66,55,0.16666666666666663
1240,1,1,1,1,1,1,15,25,10,0.8333333333333334,375,0.96,0.5526315789473685,20,20,20,96,66,0.3125
1241,1,0,1,0,0,0,2,16,8,0.32,368,1.0,0.8783783783783784,2,2,3,25,4,0.84
1242,1,0,0,0,0,0,17,9,7,0.7,318,0.5555555555555556,0.6538461538461539,6,6,6,31,17,0.4516129032258065
1245,1,1,1,1,1,1,11,27,13,0.8125,296,0.7777777777777778,0.7085201793721974,18,20,20,62,22,0.6451612903225806
1246,1,1,1,1,1,1,6,30,17,0.8095238095238095,406,0.9,0.9104477611940298,20,20,20,107,38,0.6448598130841121
1247,1,1,1,1,1,1,16,15,9,0.8181818181818182,374,0.9333333333333333,0.8932038834951457,20,20,20,87,60,0.31034482758620685
1248,1,1,1,1,1,1,8,40,18,0.9473684210526315,447,0.75,0.9322033898305084,20,20,20,129,58,0.5503875968992248
1252,1,0,1,0,0,0,6,10,10,0.47619047619047616,433,1.0,0.6666666666666666,2,2,4,25,4,0.84
1253,1,0,0,0,0,0,15,11,2,0.16666666666666666,320,1.0,1.0,2,2,2,22,4,0.8181818181818181
1255,1,0,0,0,0,0,9,6,5,0.2777777777777778,343,0.5,0.7727272727272727,3,3,3,23,6,0.7391304347826086
1256,1,1,1,1,1,1,4,34,16,0.6956521739130435,439,0.8823529411764706,0.8444444444444444,13,20,20,98,23,0.7653061224489796
1258,1,1,1,1,1,0,2,42,19,0.76,432,0.5714285714285714,0.8108108108108109,17,17,20,79,63,0.20253164556962022
1260,1,1,1,1,1,1,4,49,19,0.8260869565217391,367,0.9387755102040817,0.7758620689655172,20,20,20,248,129,0.4798387096774194
1261,1,1,1,1,1,1,8,34,15,0.7894736842105263,363,1.0,0.9845360824742269,20,20,20,111,99,0.10810810810810811
1262,1,1,1,1,1,1,7,17,8,0.4,432,0.7058823529411765,0.0,20,20,20,46,36,0.21739130434782605
1263,1,1,1,1,1,1,3,33,19,0.7916666666666666,354,0.8787878787878788,0.8817204301075269,16,20,20,65,46,0.29230769230769227
1264,1,1,1,1,1,0,8,19,11,0.5789473684210527,330,0.631578947368421,0.04424778761061947,15,17,20,48,29,0.39583333333333337
1266,1,1,1,1,1,0,3,26,17,0.7083333333333334,381,0.5769230769230769,0.6629213483146067,5,5,8,34,15,0.5588235294117647
1267,1,1,1,1,1,1,12,8,8,0.5333333333333333,343,0.75,0.6666666666666666,10,10,12,43,26,0.39534883720930236
1268,1,1,1,1,1,1,12,19,11,0.7333333333333333,31742,0.7894736842105263,0.8235294117647058,20,20,20,63,46,0.2698412698412699
1269,1,0,0,0,0,0,11,7,6,0.375,389,0.5714285714285714,0.010101010101010102,2,2,2,22,4,0.8181818181818181
1270,1,0,0,0,0,0,14,5,3,0.23076923076923078,31642,0.6,0.8088235294117647,2,3,3,24,5,0.7916666666666666
1271,1,0,0,0,0,0,17,11,7,0.7,364,1.0,0.8220338983050848,9,12,14,39,22,0.4358974358974359
1272,1,0,0,0,0,0,5,48,20,0.9090909090909091,448,0.4791666666666667,0.6859903381642513,20,20,20,158,55,0.6518987341772151
1273,1,0,0,0,0,0,15,8,5,0.4166666666666667,446,0.25,0.125,1,2,2,18,2,0.8888888888888888
1274,1,1,1,1,1,0,9,53,18,1.0,317,0.6037735849056604,0.5694444444444444,20,20,20,190,115,0.39473684210526316
1276,1,0,0,0,0,0,16,5,3,0.2727272727272727,358,0.6,0.0,1,1,1,21,2,0.9047619047619048
1277,1,1,1,1,1,1,14,109,13,1.0,356,0.8990825688073395,0.5509259259259259,20,20,20,95,38,0.6
1279,1,0,0,0,0,0,13,29,12,0.8571428571428571,340,0.27586206896551724,0.42011834319526625,11,18,20,49,18,0.6326530612244898
1281,1,0,0,0,0,0,14,5,5,0.38461538461538464,318,0.6,0.15151515151515152,1,1,1,21,2,0.9047619047619048
1282,1,0,0,0,0,0,11,21,7,0.4375,337,0.42857142857142855,0.2388888888888889,20,20,20,56,40,0.2857142857142857
1283,1,0,0,0,0,0,18,5,4,0.4444444444444444,374,1.0,1.0,1,1,1,21,2,0.9047619047619048
1284,1,1,1,1,1,1,2,20,10,0.4,339,0.75,0.08823529411764706,6,7,8,28,12,0.5714285714285714
1285,1,1,1,1,1,0,12,12,9,0.6,330,0.5833333333333334,0.13709677419354838,20,20,20,56,44,0.2142857142857143
1287,1,1,1,1,1,1,1,59,21,0.8076923076923077,396,0.9830508474576272,0.98989898989899,20,20,20,164,108,0.3414634146341463
1288,1,1,1,1,1,0,9,25,11,0.6111111111111112,446,0.6,0.48148148148148145,13,14,15,40,31,0.22499999999999998
1289,1,1,1,1,1,1,1,56,21,0.8076923076923077,31782,0.9285714285714286,0.9935064935064936,10,14,20,58,20,0.6551724137931034
1290,1,0,0,0,0,0,8,10,6,0.3157894736842105,313,0.7,0.9583333333333334,4,5,5,26,8,0.6923076923076923
1291,1,1,1,1,1,1,5,16,11,0.5,447,1.0,0.9883720930232558,5,6,8,32,11,0.65625
1292,1,0,1,1,1,0,3,15,13,0.5416666666666666,427,1.0,1.0,3,5,13,47,11,0.7659574468085106
1293,1,0,0,0,0,0,11,28,11,0.6875,340,0.42857142857142855,0.993006993006993,19,20,20,56,28,0.5
1294,1,0,0,0,0,0,16,10,6,0.5454545454545454,356,1.0,0.8444444444444444,12,15,15,42,31,0.26190476190476186
1295,1,0,1,0,1,0,8,14,8,0.42105263157894735,32004,0.7857142857142857,0.4339622641509434,3,4,20,50,7,0.86
1296,1,1,1,1,1,1,12,15,14,0.9333333333333333,304,0.9333333333333333,0.984375,20,20,20,84,66,0.2142857142857143
1297,1,0,0,0,0,0,4,6,6,0.2608695652173913,31862,0.6666666666666666,0.058823529411764705,1,1,1,21,2,0.9047619047619048
1299,1,1,1,1,1,1,7,34,19,0.95,345,0.8235294117647058,0.9403973509933775,20,20,20,102,86,0.1568627450980392
1300,1,0,0,0,0,0,5,7,5,0.22727272727272727,346,1.0,0.6621621621621622,2,3,3,27,8,0.7037037037037037
1301,1,1,1,1,1,1,6,24,12,0.5714285714285714,391,0.9166666666666666,0.6851851851851852,10,16,20,42,19,0.5476190476190477
1303,1,1,1,1,1,1,15,23,8,0.6666666666666666,323,1.0,0.9679144385026738,7,7,9,38,17,0.5526315789473684
1304,1,0,1,0,1,0,9,16,12,0.6666666666666666,289,0.6875,0.8055555555555556,3,3,6,30,7,0.7666666666666666
1305,1,0,0,0,0,0,14,111,13,1.0,295,0.4774774774774775,0.2099236641221374,20,20,20,163,81,0.5030674846625767
1306,1,0,0,0,0,0,13,6,5,0.35714285714285715,381,0.6666666666666666,0.7300613496932515,2,2,3,23,4,0.8260869565217391
1307,1,1,1,1,1,1,15,40,11,0.9166666666666666,422,0.775,0.6363636363636364,5,7,12,67,16,0.7611940298507462
1308,1,1,1,1,1,1,3,16,12,0.5,367,0.8125,0.0,10,12,12,50,37,0.26
1311,1,0,0,0,0,0,12,8,7,0.4666666666666667,320,1.0,1.0,5,6,8,30,12,0.6
1312,1,1,1,1,1,1,10,35,16,0.9411764705882353,391,0.9428571428571428,0.7777777777777778,20,20,20,87,81,0.06896551724137934
1314,1,1,1,1,1,1,7,94,20,1.0,429,0.925531914893617,0.9046153846153846,20,20,20,104,48,0.5384615384615384
1316,1,1,1,1,1,1,2,11,10,0.4,306,1.0,0.717391304347826,20,20,20,57,49,0.14035087719298245
1317,1,1,1,1,1,1,4,59,21,0.9130434782608695,359,0.9322033898305084,0.9558823529411765,20,20,20,122,117,0.040983606557377095
1318,1,0,0,0,0,0,14,8,7,0.5384615384615384,359,0.375,0.3787878787878788,6,16,20,54,18,0.6666666666666667
1319,1,1,1,1,1,0,6,14,12,0.5714285714285714,439,0.6428571428571429,0.5882352941176471,6,6,9,29,12,0.5862068965517242
1321,1,0,0,0,0,0,11,6,4,0.25,364,1.0,1.0,4,4,4,26,10,0.6153846153846154
1324,1,0,0,0,0,0,12,7,7,0.4666666666666667,421,0.2857142857142857,0.45714285714285713,2,2,2,22,4,0.8181818181818181
1326,1,1,1,1,1,1,12,42,15,1.0,318,0.9523809523809523,0.836676217765043,5,5,9,52,25,0.5192307692307692
1327,1,0,0,0,0,0,17,5,5,0.5,31742,0.4,0.25,9,10,11,31,18,0.4193548387096774
1328,1,0,0,0,0,0,9,12,7,0.3888888888888889,297,0.75,0.7073170731707317,12,13,14,43,32,0.2558139534883721
1329,1,0,0,0,0,0,7,6,5,0.25,327,0.6666666666666666,0.96,4,7,10,30,8,0.7333333333333334
1330,1,1,1,1,1,1,6,26,13,0.6190476190476191,408,0.7692307692307693,0.9322033898305084,16,19,20,46,32,0.30434782608695654
1331,1,1,1,1,1,1,3,42,18,0.75,420,1.0,1.0,10,13,20,89,24,0.7303370786516854
1332,1,1,1,1,1,1,9,12,10,0.5555555555555556,304,0.75,0.7659574468085106,5,8,10,34,11,0.6764705882352942
1333,1,1,1,1,1,1,11,16,11,0.6875,317,0.8125,0.9026548672566371,17,20,20,51,26,0.4901960784313726
1334,1,0,0,0,0,0,14,12,7,0.5384615384615384,300,1.0,0.6666666666666666,1,2,2,22,2,0.9090909090909091
1336,1,1,1,1,1,1,7,27,17,0.85,443,0.9629629629629629,0.9473684210526315,20,20,20,88,73,0.17045454545454541
1337,1,0,0,0,0,0,16,23,11,1.0,364,0.391304347826087,0.35909090909090907,20,20,20,80,52,0.35
1344,1,0,0,0,0,0,13,8,7,0.5,346,1.0,1.0,11,18,20,53,32,0.39622641509433965
1345,1,1,1,1,1,1,1,21,15,0.5769230769230769,32004,0.8571428571428571,0.9142857142857143,10,12,17,47,26,0.44680851063829785
1346,1,0,0,0,0,0,14,8,6,0.46153846153846156,322,0.875,0.6901408450704225,3,3,3,22,6,0.7272727272727273
1348,1,0,0,0,0,0,13,6,5,0.35714285714285715,403,1.0,1.0,4,5,5,28,10,0.6428571428571428
1349,1,1,1,1,1,1,7,61,17,0.85,330,1.0,1.0,20,20,20,94,62,0.34042553191489366
1350,1,1,1,1,1,1,7,57,17,0.85,367,0.9649122807017544,0.5555555555555556,20,20,20,78,60,0.23076923076923073
1351,1,1,1,1,1,0,1,31,22,0.8461538461538461,447,0.5806451612903226,0.08333333333333333,8,9,12,47,27,0.42553191489361697
1352,1,1,1,1,1,1,17,21,10,1.0,406,0.9523809523809523,0.8245614035087719,19,20,20,67,44,0.34328358208955223
1353,1,1,1,1,1,0,3,16,13,0.5416666666666666,319,0.6875,0.3448275862068966,11,15,20,48,21,0.5625
1354,1,0,0,0,0,0,11,7,6,0.375,406,1.0,0.43037974683544306,6,6,9,31,14,0.5483870967741935
1356,1,1,1,1,1,1,2,19,14,0.56,333,0.9473684210526315,0.9850746268656716,20,20,20,88,68,0.2272727272727273
1357,1,1,1,1,1,1,9,18,16,0.8888888888888888,365,1.0,0.9264705882352942,12,12,12,89,81,0.0898876404494382
1358,1,1,1,1,1,0,12,23,10,0.6666666666666666,289,0.6521739130434783,0.9789473684210527,20,20,20,49,35,0.2857142857142857
1359,1,0,1,1,1,0,9,13,9,0.5,359,0.9230769230769231,0.8387096774193549,4,7,9,34,13,0.6176470588235294
1360,1,0,0,0,0,0,9,7,7,0.3888888888888889,316,1.0,0.9375,5,11,15,51,16,0.6862745098039216
1362,1,0,0,0,0,0,16,5,5,0.45454545454545453,402,0.8,0.9107142857142857,1,1,3,23,2,0.9130434782608696
1363,1,0,0,0,0,0,11,5,5,0.3125,318,1.0,0.9803921568627451,8,9,11,33,17,0.48484848484848486
1364,1,1,1,1,1,1,1,44,22,0.8461538461538461,31742,0.7954545454545454,0.74,15,20,20,67,36,0.4626865671641791
1366,1,0,0,0,0,0,11,42,15,0.9375,367,0.4523809523809524,0.677570093457944,20,20,20,57,40,0.29824561403508776
1367,1,1,1,1,1,1,4,64,21,0.9130434782608695,384,0.859375,0.9068100358422939,20,20,20,116,74,0.3620689655172413
1369,1,1,1,1,1,1,3,59,23,0.9583333333333334,446,1.0,0.975609756097561,20,20,20,157,84,0.46496815286624205
1370,1,1,1,1,1,1,13,12,12,0.8571428571428571,318,0.9166666666666666,0.9714285714285714,20,20,20,154,58,0.6233766233766234
1371,1,0,0,0,0,0,2,7,5,0.2,330,0.42857142857142855,0.631578947368421,6,7,7,29,14,0.5172413793103448
1372,1,1,1,1,1,1,3,10,9,0.375,381,0.7,0.13333333333333333,19,19,20,50,48,0.040000000000000036
1374,1,0,0,0,0,0,11,11,8,0.5,343,0.36363636363636365,0.13793103448275862,13,17,20,49,31,0.36734693877551017
1375,1,1,1,1,1,1,17,14,8,0.8,334,1.0,0.5728155339805825,20,20,20,51,28,0.4509803921568627
1376,1,1,1,1,1,1,15,34,12,1.0,310,0.7647058823529411,0.8040201005025126,20,20,20,65,34,0.4769230769230769
1377,1,0,1,0,1,0,1,12,8,0.3076923076923077,306,0.9166666666666666,0.17391304347826086,3,3,7,29,6,0.7931034482758621
1378,1,1,1,1,1,0,6,29,17,0.8095238095238095,381,0.5862068965517241,0.7472527472527473,20,20,20,172,164,0.046511627906976716
1379,1,1,1,1,1,1,12,63,15,1.0,330,0.9841269841269841,0.995475113122172,20,20,20,155,116,0.25161290322580643
1381,1,0,0,0,0,0,17,12,5,0.5,334,0.6666666666666666,0.0,2,2,2,17,6,0.6470588235294117
1382,1,1,1,1,1,1,4,32,17,0.7391304347826086,288,0.96875,1.0,20,20,20,77,58,0.24675324675324672
1383,1,1,1,1,1,1,13,26,12,0.8571428571428571,439,0.9615384615384616,0.7843137254901961,5,6,7,37,15,0.5945945945945945
1385,1,1,1,1,1,1,9,41,16,0.8888888888888888,337,0.9512195121951219,0.9014084507042254,20,20,20,129,96,0.2558139534883721
1387,1,1,1,1,1,0,6,15,11,0.5238095238095238,289,0.6,0.9803921568627451,9,11,13,60,38,0.3666666666666667
1388,1,1,1,1,1,1,3,53,19,0.7916666666666666,375,0.9811320754716981,0.5729166666666666,20,20,20,130,89,0.3153846153846154
1389,1,0,0,0,0,0,17,8,6,0.6,368,1.0,1.0,10,14,17,40,22,0.44999999999999996
1391,1,1,1,1,1,1,4,36,18,0.782608695652174,310,0.8333333333333334,0.8625954198473282,20,20,20,84,47,0.44047619047619047
1392,1,1,1,1,1,1,11,30,14,0.875,445,0.7666666666666667,0.6582278481012658,14,20,20,60,39,0.35
1393,1,1,1,1,1,0,9,30,17,0.9444444444444444,317,0.5666666666666667,0.6395348837209303,20,20,20,99,70,0.29292929292929293
1394,1,0,0,0,0,0,18,17,7,0.7777777777777778,442,0.8823529411764706,0.9473684210526315,14,20,20,50,25,0.5
1396,1,1,1,1,1,1,9,56,17,0.9444444444444444,441,0.7857142857142857,0.7341040462427746,20,20,20,96,77,0.19791666666666663
1397,1,0,0,0,0,0,15,39,12,1.0,441,0.41025641025641024,0.43388429752066116,20,20,20,116,72,0.3793103448275862
1399,1,0,0,0,0,0,17,7,5,0.5,359,0.7142857142857143,0.36,2,7,7,30,4,0.8666666666666667
1402,1,1,1,1,1,1,9,27,16,0.8888888888888888,298,1.0,0.9117647058823529,16,19,20,58,36,0.3793103448275862
1403,1,1,1,1,1,1,11,42,15,0.9375,406,0.9523809523809523,0.9724770642201835,8,8,17,69,23,0.6666666666666667
1404,1,1,1,1,1,1,9,10,9,0.5,389,0.7,0.8787878787878788,16,18,20,54,34,0.37037037037037035
1405,1,1,1,1,1,1,10,17,9,0.5294117647058824,296,0.7058823529411765,0.16216216216216217,8,9,12,33,17,0.48484848484848486
1406,1,1,1,1,1,1,12,22,9,0.6,327,0.9545454545454546,0.8461538461538461,7,8,10,31,14,0.5483870967741935
1408,1,1,1,1,1,1,13,12,11,0.7857142857142857,324,1.0,0.9111111111111111,15,17,18,55,45,0.18181818181818177
1410,1,1,1,1,1,0,6,29,13,0.6190476190476191,31582,0.5172413793103449,0.8125,20,20,20,60,50,0.16666666666666663
1417,1,0,0,0,0,0,11,6,4,0.25,408,0.8333333333333334,0.9852941176470589,1,1,1,21,2,0.9047619047619048
1418,1,1,1,1,1,0,8,19,15,0.7894736842105263,402,0.5263157894736842,0.5862068965517241,10,11,20,56,26,0.5357142857142857
1419,1,1,1,1,1,0,10,116,17,1.0,32004,0.6551724137931034,0.369727047146402,20,20,20,143,67,0.5314685314685315
1420,1,1,1,1,1,1,7,24,14,0.7,391,0.9166666666666666,0.07407407407407407,20,20,20,63,57,0.09523809523809523
1421,1,1,1,1,1,0,3,44,21,0.875,31742,0.5,0.45348837209302323,20,20,20,107,82,0.23364485981308414
1423,1,1,1,1,1,1,16,53,11,1.0,408,0.9811320754716981,0.9407407407407408,9,11,13,55,35,0.36363636363636365
1424,1,0,0,0,0,0,18,8,6,0.6666666666666666,436,0.875,0.8979591836734694,3,3,3,23,6,0.7391304347826086
1425,1,1,1,1,1,1,16,17,8,0.7272727272727273,339,1.0,0.9,20,20,20,76,61,0.19736842105263153
1426,1,1,1,1,1,1,2,34,20,0.8,358,0.8235294117647058,0.8064516129032258,20,20,20,108,80,0.2592592592592593
1427,1,1,1,1,1,1,8,14,9,0.47368421052631576,448,0.7142857142857143,0.3880597014925373,11,11,14,40,28,0.30000000000000004
1428,1,0,0,0,0,0,14,6,5,0.38461538461538464,422,0.5,0.6687898089171974,6,6,7,29,14,0.5172413793103448
1429,1,1,1,1,1,1,17,12,8,0.8,445,1.0,0.9710144927536232,7,8,9,36,21,0.41666666666666663
1430,1,1,1,1,1,0,12,57,15,1.0,358,0.5263157894736842,0.4574468085106383,20,20,20,174,52,0.7011494252873562
1431,1,1,1,1,1,0,16,22,10,0.9090909090909091,381,0.5909090909090909,0.7022900763358778,7,10,15,51,15,0.7058823529411764
1434,1,1,1,1,1,1,16,20,8,0.7272727272727273,296,1.0,0.601010101010101,6,10,13,35,14,0.6
1437,1,1,1,1,1,0,4,31,19,0.8260869565217391,443,0.6774193548387096,0.6764705882352942,20,20,20,91,56,0.3846153846153846
1440,1,1,1,1,1,0,14,17,10,0.7692307692307693,31742,0.5882352941176471,0.3048780487804878,6,7,8,31,13,0.5806451612903225
1441,1,0,0,0,0,0,4,7,6,0.2608695652173913,334,0.7142857142857143,0.8333333333333334,7,8,9,33,17,0.48484848484848486
1443,1,1,1,1,1,1,13,48,14,1.0,367,1.0,0.9846153846153847,17,20,20,86,64,0.2558139534883721
1447,1,0,1,0,0,0,6,10,9,0.42857142857142855,286,1.0,0.3103448275862069,2,3,3,21,6,0.7142857142857143
1448,1,0,0,0,0,0,15,8,6,0.5,361,1.0,0.9861111111111112,7,8,10,34,18,0.47058823529411764
1449,1,0,0,0,0,0,16,9,6,0.5454545454545454,422,1.0,0.6,1,1,2,17,2,0.8823529411764706
1450,1,1,1,1,1,0,14,22,8,0.6153846153846154,313,0.5909090909090909,0.4925373134328358,9,9,13,42,25,0.40476190476190477
1451,1,0,0,0,0,0,17,23,8,0.8,432,0.4782608695652174,0.6781115879828327,8,8,11,37,21,0.43243243243243246
1452,1,1,1,1,1,1,8,57,19,1.0,339,0.7368421052631579,0.6971608832807571,5,9,18,76,25,0.6710526315789473
1453,1,1,1,1,1,1,15,29,11,0.9166666666666666,31862,0.9310344827586207,0.9335180055401662,20,20,20,93,47,0.4946236559139785
1455,1,0,0,0,0,0,3,8,7,0.2916666666666667,341,1.0,1.0,2,2,3,27,4,0.8518518518518519
1456,1,0,0,0,0,0,17,17,7,0.7,31642,1.0,0.9803921568627451,18,19,20,57,40,0.29824561403508776
1458,1,0,0,0,0,0,14,18,10,0.7692307692307693,292,0.2777777777777778,0.2777777777777778,9,10,12,37,21,0.43243243243243246
1460,1,1,1,1,1,1,11,10,8,0.5,330,0.9,0.9574468085106383,9,10,13,38,23,0.39473684210526316
1461,1,1,1,1,1,1,5,80,22,1.0,316,0.725,0.5922330097087378,13,14,18,91,53,0.41758241758241754
1462,1,1,1,1,1,1,13,19,12,0.8571428571428571,31862,0.9473684210526315,0.9603960396039604,20,20,20,71,41,0.4225352112676056
1463,1,0,0,0,0,0,5,48,20,0.9090909090909091,372,0.3541666666666667,0.4,19,20,20,80,58,0.275
1464,1,0,0,0,0,0,13,12,9,0.6428571428571429,295,0.3333333333333333,0.12698412698412698,12,12,14,39,29,0.2564102564102564
1465,1,1,1,1,1,1,4,18,14,0.6086956521739131,391,0.9444444444444444,0.8421052631578947,5,6,9,34,12,0.6470588235294117
1467,1,0,0,0,0,0,2,5,5,0.2,362,0.8,0.015815085158150853,2,3,3,24,5,0.7916666666666666
1468,1,1,1,1,1,1,7,34,18,0.9,403,0.8235294117647058,0.7111111111111111,20,20,20,122,75,0.38524590163934425
1469,1,0,0,0,0,0,4,5,5,0.21739130434782608,364,1.0,0.9230769230769231,2,3,4,24,4,0.8333333333333334
1470,1,0,1,0,0,0,16,12,8,0.7272727272727273,31782,0.75,0.20833333333333334,3,3,4,24,6,0.75
1473,1,0,0,0,0,0,16,10,7,0.6363636363636364,374,1.0,0.8962264150943396,9,13,18,39,19,0.5128205128205128
1475,1,1,1,1,1,0,16,47,11,1.0,361,0.6595744680851063,0.627177700348432,20,20,20,120,105,0.125
1476,1,0,0,0,0,0,6,66,16,0.7619047619047619,412,0.3939393939393939,0.36713286713286714,20,20,20,131,94,0.2824427480916031
1479,1,1,1,1,1,1,4,146,23,1.0,410,1.0,0.8690265486725663,20,20,20,160,69,0.56875
1481,1,0,0,0,0,0,13,9,7,0.5,355,0.8888888888888888,0.058823529411764705,2,3,3,25,4,0.84
1482,1,0,0,0,0,0,6,7,6,0.2857142857142857,292,1.0,0.18181818181818182,20,20,20,59,38,0.35593220338983056
1483,1,1,1,1,1,1,1,23,15,0.5769230769230769,370,0.9565217391304348,0.9659090909090909,20,20,20,51,41,0.196078431372549
1484,1,0,0,0,0,0,16,7,6,0.5454545454545454,424,0.8571428571428571,0.41836734693877553,14,19,20,50,32,0.36
1485,1,1,1,1,1,1,4,17,14,0.6086956521739131,32004,0.8823529411764706,0.8367346938775511,14,17,20,52,34,0.34615384615384615
1487,1,0,0,0,0,0,16,8,1,0.09090909090909091,433,1.0,0.06666666666666667,1,1,1,21,2,0.9047619047619048
1489,1,1,1,1,1,1,10,57,15,0.8823529411764706,432,0.8421052631578947,0.9665271966527197,20,20,20,128,118,0.078125
1490,1,1,1,1,1,1,1,41,22,0.8461538461538461,367,0.8048780487804879,0.7090909090909091,20,20,20,78,46,0.41025641025641024
1491,1,1,1,1,1,1,12,54,15,1.0,296,1.0,0.9913793103448276,20,20,20,134,110,0.17910447761194026
1492,1,0,1,1,1,0,3,17,14,0.5833333333333334,401,1.0,0.922077922077922,4,5,7,31,9,0.7096774193548387
1494,1,1,1,1,1,1,11,13,8,0.5,313,0.9230769230769231,0.9722222222222222,15,20,20,54,27,0.5
1495,1,1,1,1,1,0,12,33,15,1.0,31642,0.5454545454545454,0.7727272727272727,7,14,20,55,11,0.8
1496,1,0,0,0,0,0,15,5,4,0.3333333333333333,311,0.8,0.42857142857142855,10,14,18,39,21,0.46153846153846156
1498,1,0,0,0,0,0,12,7,7,0.4666666666666667,443,1.0,1.0,7,9,9,34,19,0.4411764705882353
1499,1,0,0,0,0,0,16,14,6,0.5454545454545454,304,0.6428571428571429,0.75,4,5,7,30,11,0.6333333333333333
1500,1,0,0,0,0,0,17,13,7,0.7,365,0.7692307692307693,0.04878048780487805,3,3,6,32,12,0.625
1501,1,0,0,0,0,0,14,13,8,0.6153846153846154,356,0.38461538461538464,0.0,20,20,20,64,36,0.4375
1502,1,1,1,1,1,0,5,17,13,0.5909090909090909,338,0.5294117647058824,0.7931034482758621,20,20,20,52,37,0.28846153846153844
1505,1,0,0,0,0,0,17,16,7,0.7,330,0.6875,0.7093023255813954,12,16,20,63,32,0.4920634920634921
1506,1,1,1,1,1,1,7,23,15,0.75,289,1.0,0.9243697478991597,20,20,20,74,67,0.09459459459459463
1508,1,1,1,1,1,1,7,25,14,0.7,292,0.72,0.8214285714285714,19,19,20,57,48,0.1578947368421053
1509,1,0,0,0,0,0,9,42,18,1.0,309,0.4523809523809524,0.2546583850931677,18,20,20,92,59,0.3586956521739131
1510,1,1,1,1,1,1,12,243,15,1.0,414,0.9876543209876543,0.525911708253359,20,20,20,230,92,0.6
1511,1,1,1,1,1,1,11,20,14,0.875,421,1.0,0.8682170542635659,20,20,20,59,55,0.06779661016949157
1512,1,1,1,1,1,0,4,39,18,0.782608695652174,422,0.6153846153846154,0.3076923076923077,9,11,13,45,21,0.5333333333333333
1513,1,0,1,0,0,0,9,17,11,0.6111111111111112,402,0.6470588235294118,0.37777777777777777,2,2,3,23,4,0.8260869565217391
1514,1,0,0,0,0,0,14,7,6,0.46153846153846156,321,0.8571428571428571,0.84,8,8,8,29,17,0.4137931034482759
1515,1,0,0,0,0,0,8,26,13,0.6842105263157895,318,0.2692307692307692,0.013888888888888888,20,20,20,60,44,0.2666666666666667
1517,1,1,1,1,1,0,11,22,11,0.6875,304,0.6818181818181818,0.7767857142857143,15,15,18,41,33,0.19512195121951215
1518,1,0,0,0,0,0,9,14,10,0.5555555555555556,365,0.2857142857142857,0.25,14,16,17,43,34,0.2093023255813954
1519,1,0,0,0,0,0,6,6,6,0.2857142857142857,356,0.8333333333333334,0.7083333333333334,6,7,8,31,15,0.5161290322580645
1520,1,1,1,1,1,1,15,26,11,0.9166666666666666,335,0.7307692307692307,0.8521739130434782,15,17,18,46,33,0.28260869565217395
1521,1,0,0,0,0,0,13,18,5,0.35714285714285715,31762,0.4444444444444444,0.0,2,3,3,24,5,0.7916666666666666
1523,1,1,1,1,1,1,13,42,14,1.0,323,1.0,1.0,20,20,20,78,46,0.41025641025641024
1524,1,0,0,0,0,0,13,6,5,0.35714285714285715,346,0.6666666666666666,0.1509433962264151,9,9,10,33,21,0.36363636363636365
1526,1,1,1,1,1,0,11,28,14,0.875,324,0.6428571428571429,0.863905325443787,13,15,20,67,38,0.4328358208955224
1527,1,1,1,1,1,1,5,52,21,0.9545454545454546,361,0.9423076923076923,0.7137404580152672,20,20,20,155,130,0.16129032258064513
1528,1,1,1,1,1,0,8,39,17,0.8947368421052632,316,0.5128205128205128,0.6887755102040817,20,20,20,89,61,0.3146067415730337
1529,1,0,0,0,0,0,14,30,12,0.9230769230769231,333,0.4666666666666667,0.4855769230769231,20,20,20,86,21,0.7558139534883721
1530,1,0,0,0,0,0,16,9,8,0.7272727272727273,396,0.3333333333333333,0.10526315789473684,5,5,7,33,15,0.5454545454545454
1531,1,0,0,0,0,0,11,6,5,0.3125,289,0.8333333333333334,0.39473684210526316,4,4,6,26,8,0.6923076923076923
1532,1,1,1,1,1,1,8,48,16,0.8421052631578947,369,0.9583333333333334,1.0,12,15,20,100,30,0.7
1534,1,1,1,1,1,1,16,33,11,1.0,375,1.0,0.9782608695652174,20,20,20,89,49,0.449438202247191
1535,1,0,0,0,0,0,12,8,6,0.4,360,0.625,0.5720338983050848,8,9,11,31,16,0.4838709677419355
1536,1,1,1,1,1,1,7,35,17,0.85,406,0.8571428571428571,0.8359375,20,20,20,66,48,0.2727272727272727
1537,1,1,1,1,1,0,8,48,15,0.7894736842105263,404,0.5833333333333334,0.6363636363636364,12,20,20,60,26,0.5666666666666667
1538,1,0,1,0,0,0,10,19,11,0.6470588235294118,343,0.9473684210526315,0.5,2,2,2,22,4,0.8181818181818181
1540,1,0,0,0,0,0,15,11,6,0.5,380,0.9090909090909091,0.06153846153846154,19,19,20,43,37,0.13953488372093026
1541,1,1,1,1,1,1,17,12,9,0.9,304,0.9166666666666666,0.6292134831460674,20,20,20,87,33,0.6206896551724138
1542,1,1,1,1,1,1,4,29,19,0.8260869565217391,313,0.9655172413793104,0.9425287356321839,5,7,12,54,11,0.7962962962962963
1543,1,1,1,1,1,1,16,34,11,1.0,296,0.8823529411764706,0.5714285714285714,11,15,20,65,22,0.6615384615384615
1544,1,0,0,0,0,0,4,22,16,0.6956521739130435,438,0.36363636363636365,0.125,20,20,20,90,45,0.5
1545,1,0,0,0,0,0,10,21,11,0.6470588235294118,410,0.2857142857142857,0.2214765100671141,11,13,19,55,35,0.36363636363636365
1546,1,0,0,0,0,0,17,12,7,0.7,446,0.5,0.0297029702970297,20,20,20,58,54,0.06896551724137934
1547,1,1,1,1,1,1,7,73,19,0.95,319,1.0,0.9619047619047619,6,6,13,85,24,0.7176470588235294
1548,1,1,1,1,1,1,5,25,16,0.7272727272727273,32004,0.92,0.7647058823529411,20,20,20,97,73,0.24742268041237114
1549,1,1,1,1,1,0,2,38,19,0.76,318,0.5526315789473685,0.4740740740740741,16,17,20,53,31,0.41509433962264153
1550,1,0,0,0,0,0,9,143,18,1.0,343,0.22377622377622378,0.005291005291005291,20,20,20,183,89,0.5136612021857924
1551,1,1,1,1,1,1,2,16,11,0.44,355,0.75,1.0,20,20,20,67,32,0.5223880597014925
1553,1,0,0,0,0,0,3,9,4,0.16666666666666666,446,0.5555555555555556,0.0,1,1,2,22,2,0.9090909090909091
1554,1,0,1,0,1,0,4,17,8,0.34782608695652173,360,0.7058823529411765,0.13793103448275862,2,2,7,35,4,0.8857142857142857
1555,1,0,1,0,0,0,9,15,10,0.5555555555555556,354,0.6666666666666666,0.6621621621621622,3,3,4,24,6,0.75
1556,1,1,1,1,1,1,14,33,13,1.0,436,1.0,0.9807692307692307,20,20,20,92,52,0.4347826086956522
1557,1,1,1,1,1,1,14,39,13,1.0,375,0.9230769230769231,0.8451612903225807,20,20,20,146,70,0.5205479452054795
1558,1,1,1,1,1,0,1,44,23,0.8846153846153846,424,0.6363636363636364,0.5714285714285714,20,20,20,78,39,0.5
1559,1,0,0,0,0,0,3,8,7,0.2916666666666667,296,0.75,0.058823529411764705,2,4,6,28,4,0.8571428571428572
1560,1,0,0,0,0,0,16,5,4,0.36363636363636365,31782,0.4,0.6923076923076923,1,1,1,21,2,0.9047619047619048
1562,1,0,0,0,0,0,14,8,6,0.46153846153846156,370,0.625,0.6333333333333333,5,5,6,28,11,0.6071428571428572
1563,1,0,0,0,0,0,16,14,7,0.6363636363636364,421,0.9285714285714286,0.8484848484848485,4,5,9,29,8,0.7241379310344828
1564,1,0,0,0,0,0,7,9,5,0.25,439,1.0,1.0,1,1,2,22,2,0.9090909090909091
1567,1,1,1,1,1,0,17,15,8,0.8,441,0.6666666666666666,0.4460431654676259,10,18,20,63,30,0.5238095238095238
1568,1,0,0,0,0,0,16,7,6,0.5454545454545454,364,0.8571428571428571,0.9178082191780822,8,11,13,35,17,0.5142857142857142
1569,1,1,1,1,1,1,3,52,17,0.7083333333333334,297,0.9807692307692307,0.8627450980392157,20,20,20,82,55,0.3292682926829268
1570,1,0,0,0,0,0,16,8,6,0.5454545454545454,355,0.875,0.9302325581395349,4,4,8,29,9,0.6896551724137931
1571,1,0,0,0,0,0,9,11,8,0.4444444444444444,343,0.36363636363636365,0.918918918918919,1,1,2,22,2,0.9090909090909091
1572,1,0,0,0,0,0,16,8,6,0.5454545454545454,375,0.75,0.11904761904761904,2,3,5,25,4,0.84
1573,1,1,1,1,1,1,14,47,13,1.0,315,1.0,0.9375,5,5,7,34,16,0.5294117647058824
1576,1,0,0,0,0,0,3,7,7,0.2916666666666667,337,0.7142857142857143,0.5454545454545454,12,13,15,38,25,0.3421052631578947
1577,1,1,1,1,1,0,11,17,9,0.5625,436,0.5882352941176471,0.8153846153846154,17,20,20,50,32,0.36
1578,1,1,1,1,1,1,17,13,8,0.8,321,0.8461538461538461,0.8148148148148148,8,8,11,35,19,0.4571428571428572
1579,1,1,1,1,1,1,3,126,24,1.0,388,1.0,0.9936034115138592,20,20,20,174,74,0.5747126436781609
1582,1,1,1,1,1,0,15,12,10,0.8333333333333334,31642,0.5833333333333334,0.56,13,19,20,49,17,0.653061224489796
1584,1,1,1,1,1,0,2,45,17,0.68,324,0.6444444444444445,0.26765799256505574,11,17,20,69,42,0.3913043478260869
1585,1,1,1,1,1,1,10,14,10,0.5882352941176471,406,0.8571428571428571,0.7555555555555555,14,20,20,50,27,0.45999999999999996
1586,1,0,1,0,1,0,14,17,10,0.7692307692307693,354,1.0,0.8679245283018868,2,4,15,63,4,0.9365079365079365
1587,1,0,1,0,0,0,13,16,9,0.6428571428571429,341,1.0,1.0,1,2,3,32,2,0.9375
1588,1,1,1,1,1,1,15,59,12,1.0,304,0.9491525423728814,0.8070175438596491,20,20,20,107,53,0.5046728971962617
1590,1,0,0,0,0,0,1,60,24,0.9230769230769231,439,0.45,0.8152173913043478,20,20,20,122,101,0.17213114754098358
1591,1,0,0,0,0,0,4,7,7,0.30434782608695654,445,0.42857142857142855,0.07,13,13,14,42,34,0.19047619047619047
1593,1,0,0,0,0,0,11,8,7,0.4375,368,0.625,0.4117647058823529,15,18,19,41,32,0.2195121951219512
1595,1,0,0,0,0,0,7,33,16,0.8,384,0.42424242424242425,0.4666666666666667,20,20,20,86,80,0.06976744186046513
1597,1,0,1,0,1,0,13,19,12,0.8571428571428571,319,1.0,0.7142857142857143,4,4,5,25,8,0.6799999999999999
1598,1,0,1,0,0,0,16,22,9,0.8181818181818182,311,1.0,0.8660287081339713,1,1,4,25,2,0.92
1599,1,1,1,1,1,1,4,60,22,0.9565217391304348,340,0.9833333333333333,0.8907563025210085,20,20,20,133,68,0.4887218045112782
1601,1,0,0,0,0,0,2,6,5,0.2,31401,0.8333333333333334,0.5333333333333333,8,10,12,34,18,0.47058823529411764
1602,1,1,1,1,1,1,11,30,14,0.875,334,0.8,0.796875,20,20,20,82,50,0.3902439024390244
1604,1,0,0,0,0,0,16,11,7,0.6363636363636364,288,1.0,1.0,1,1,2,22,4,0.8181818181818181
1607,1,1,1,1,1,1,10,42,17,1.0,439,1.0,0.8602150537634409,20,20,20,70,55,0.2142857142857143
1608,1,0,0,0,0,0,12,5,5,0.3333333333333333,412,0.4,0.8,4,4,5,26,9,0.6538461538461539
1609,1,0,0,0,0,0,7,71,20,1.0,412,0.4647887323943662,0.5357142857142857,20,20,20,303,130,0.570957095709571
1612,1,0,0,0,0,0,5,37,15,0.6818181818181818,329,0.43243243243243246,0.6814159292035398,20,20,20,78,59,0.2435897435897436
1613,1,1,1,1,1,1,6,28,16,0.7619047619047619,374,1.0,0.8785046728971962,20,20,20,62,49,0.20967741935483875
1614,1,0,0,0,0,0,13,8,7,0.5,445,0.5,0.4925373134328358,1,1,1,16,3,0.8125
1616,1,0,1,0,0,0,3,12,8,0.3333333333333333,374,0.5833333333333334,0.6538461538461539,3,3,3,24,7,0.7083333333333333
1617,1,1,1,1,1,0,1,35,17,0.6538461538461539,297,0.5142857142857142,0.14705882352941177,20,20,20,67,47,0.29850746268656714
1618,1,0,0,0,0,0,18,11,7,0.7777777777777778,406,0.5454545454545454,0.7931034482758621,10,11,13,43,27,0.37209302325581395
1619,1,1,1,1,1,1,14,19,10,0.7692307692307693,422,1.0,0.9325153374233128,9,11,16,42,20,0.5238095238095238
1620,1,1,1,1,1,0,10,24,13,0.7647058823529411,310,0.5416666666666666,0.10897435897435898,20,20,20,49,40,0.18367346938775508
1621,1,0,0,0,0,0,14,6,6,0.46153846153846156,443,0.6666666666666666,0.06097560975609756,2,2,3,23,4,0.8260869565217391
1622,1,1,1,1,1,0,5,27,18,0.8181818181818182,31742,0.5925925925925926,0.37662337662337664,20,20,20,91,72,0.20879120879120883
1623,1,0,0,0,0,0,17,10,6,0.6,340,0.8,0.07878787878787878,6,6,7,28,13,0.5357142857142857
1624,1,0,0,0,0,0,16,6,6,0.5454545454545454,297,1.0,0.3815789473684211,1,1,3,17,3,0.8235294117647058
1625,1,0,0,0,0,0,16,8,5,0.45454545454545453,298,0.875,0.5151515151515151,1,1,1,17,2,0.8823529411764706
1627,1,0,0,0,0,0,10,14,8,0.47058823529411764,330,0.42857142857142855,0.3939393939393939,1,2,3,23,2,0.9130434782608696
1628,1,0,1,0,0,0,10,10,8,0.47058823529411764,352,0.6,0.625,1,1,2,22,2,0.9090909090909091
1630,1,1,1,1,1,1,15,30,12,1.0,292,1.0,0.9358974358974359,20,20,20,114,72,0.368421052631579
1631,1,1,1,1,1,1,15,40,12,1.0,293,0.85,0.8798701298701299,20,20,20,97,79,0.18556701030927836
1632,1,0,0,0,0,0,11,15,11,0.6875,367,0.26666666666666666,0.24489795918367346,13,19,20,55,39,0.2909090909090909
1633,1,1,1,1,1,1,2,46,21,0.84,32004,0.7391304347826086,0.6511627906976745,20,20,20,76,47,0.381578947368421
1634,1,0,0,0,0,0,6,27,16,0.7619047619047619,372,0.48148148148148145,0.6140350877192983,20,20,20,104,87,0.16346153846153844
1637,1,0,0,0,0,0,11,11,9,0.5625,367,0.45454545454545453,0.17647058823529413,2,2,2,14,10,0.2857142857142857
1639,1,0,0,0,0,0,12,7,4,0.26666666666666666,441,1.0,0.9081632653061225,3,4,5,25,6,0.76
1640,1,1,1,1,1,1,11,31,14,0.875,406,1.0,0.8571428571428571,10,11,20,80,42,0.475
1641,1,0,0,0,0,0,13,16,5,0.35714285714285715,356,0.875,0.7666666666666667,1,1,2,22,2,0.9090909090909091
1642,1,1,1,1,1,1,4,33,20,0.8695652173913043,292,1.0,0.9565217391304348,20,20,20,141,96,0.3191489361702128
1648,1,0,0,0,0,0,9,10,6,0.3333333333333333,443,0.5,0.018867924528301886,11,11,15,45,32,0.28888888888888886
1649,1,0,0,0,0,0,16,6,5,0.45454545454545453,367,0.6666666666666666,0.24390243902439024,2,2,3,23,4,0.8260869565217391
1651,1,0,0,0,0,0,5,8,7,0.3181818181818182,32004,1.0,1.0,5,5,5,25,10,0.6
1652,1,1,1,1,1,1,2,9,9,0.36,438,0.7777777777777778,0.8148148148148148,5,5,6,27,10,0.6296296296296297
1653,1,1,1,1,1,1,14,70,13,1.0,381,0.8,0.6038961038961039,20,20,20,153,99,0.3529411764705882
1654,1,0,0,0,0,0,8,9,3,0.15789473684210525,31762,0.7777777777777778,0.2,2,4,5,25,4,0.84
1655,1,0,1,0,1,0,2,36,11,0.44,391,0.9722222222222222,0.6666666666666666,2,4,8,31,4,0.8709677419354839
1657,1,0,0,0,0,0,16,10,4,0.36363636363636365,433,0.2,0.0,2,2,4,27,4,0.8518518518518519
1658,1,0,0,0,0,0,14,10,7,0.5384615384615384,292,0.6,0.43859649122807015,14,14,15,36,29,0.19444444444444442
1659,1,0,0,0,0,0,14,5,4,0.3076923076923077,354,0.6,0.0,2,2,3,25,4,0.84
1660,1,1,1,1,1,0,9,22,12,0.6666666666666666,381,0.5454545454545454,0.725,19,20,20,44,30,0.31818181818181823
1661,1,0,0,0,0,0,8,10,6,0.3157894736842105,388,0.4,0.5625,5,5,6,26,10,0.6153846153846154
1662,1,1,1,1,1,1,13,10,8,0.5714285714285714,400,0.9,0.7123287671232876,20,20,20,65,42,0.3538461538461538
1665,1,1,1,1,1,0,7,34,16,0.8,380,0.5294117647058824,0.0958904109589041,9,10,12,44,25,0.43181818181818177
1666,1,0,0,0,0,0,17,6,6,0.6,31582,1.0,0.881578947368421,1,3,4,25,2,0.92
1667,1,0,0,0,0,0,7,17,4,0.2,327,1.0,0.76,7,7,7,28,15,0.4642857142857143
1671,1,1,1,1,1,0,11,13,10,0.625,31401,0.6923076923076923,0.3333333333333333,10,16,20,45,22,0.5111111111111111
1672,1,1,1,1,1,1,5,15,10,0.45454545454545453,360,1.0,0.46551724137931033,10,12,15,39,24,0.3846153846153846
1673,1,1,1,1,1,1,15,24,9,0.75,343,0.75,0.5930232558139535,20,20,20,71,49,0.3098591549295775
1676,1,1,1,1,1,1,17,13,8,0.8,321,1.0,0.5662650602409639,15,20,20,57,35,0.38596491228070173
1677,1,1,1,1,1,1,3,40,20,0.8333333333333334,32004,0.95,0.869281045751634,20,20,20,126,77,0.38888888888888884
1678,1,0,0,0,0,0,18,14,7,0.7777777777777778,370,1.0,0.9076923076923077,3,3,5,27,8,0.7037037037037037
1679,1,1,1,1,1,1,5,36,9,0.4090909090909091,356,0.8611111111111112,0.0,5,6,12,49,16,0.6734693877551021
1681,1,0,0,0,0,0,9,39,14,0.7777777777777778,316,0.46153846153846156,0.09803921568627451,20,20,20,97,71,0.2680412371134021
1683,1,1,1,1,1,0,4,26,18,0.782608695652174,296,0.6538461538461539,0.6,6,8,11,38,18,0.5263157894736843
1686,1,0,0,0,0,0,16,6,5,0.45454545454545453,410,0.8333333333333334,0.4482758620689655,2,2,2,22,4,0.8181818181818181
1687,1,1,1,1,1,1,14,23,13,1.0,439,1.0,0.9879518072289156,19,20,20,65,39,0.4
1689,1,0,0,0,0,0,2,20,10,0.4,436,0.3,0.0,2,4,5,27,4,0.8518518518518519
1690,1,1,1,1,1,1,14,16,8,0.6153846153846154,319,0.8125,0.6046511627906976,9,10,12,39,22,0.4358974358974359
1691,1,0,0,0,0,0,14,10,5,0.38461538461538464,363,0.9,0.8421052631578947,1,2,3,24,2,0.9166666666666666
1692,1,1,1,1,1,0,3,13,8,0.3333333333333333,330,0.5384615384615384,0.6444444444444445,7,8,9,30,14,0.5333333333333333
1693,1,1,1,1,1,0,16,24,11,1.0,356,0.6666666666666666,0.427536231884058,19,20,20,58,32,0.4482758620689655
1694,1,1,1,1,1,0,16,27,10,0.9090909090909091,396,0.6666666666666666,0.16972477064220184,20,20,20,79,34,0.5696202531645569
1695,1,0,0,0,0,0,5,59,19,0.8636363636363636,289,0.23728813559322035,0.29292929292929293,6,9,14,53,14,0.7358490566037736
1703,1,0,0,0,0,0,17,15,7,0.7,297,0.6666666666666666,0.7638888888888888,12,16,17,53,36,0.3207547169811321
1704,1,0,0,0,0,0,2,15,5,0.2,297,0.9333333333333333,0.16666666666666666,5,7,7,29,12,0.5862068965517242
1705,1,0,0,0,0,0,6,15,10,0.47619047619047616,445,0.4666666666666667,0.23270440251572327,5,6,9,29,10,0.6551724137931034
1707,1,1,1,1,1,1,3,207,24,1.0,320,1.0,0.9905482041587902,20,20,20,226,117,0.4823008849557522
1708,1,1,1,1,1,1,14,10,9,0.6923076923076923,327,0.9,0.875,18,20,20,50,37,0.26
1710,1,1,1,1,1,0,3,58,18,0.75,367,0.5517241379310345,0.6153846153846154,20,20,20,164,139,0.15243902439024393
1711,1,0,0,0,0,0,10,7,6,0.35294117647058826,338,0.7142857142857143,0.5,4,6,10,30,8,0.7333333333333334
1712,1,0,0,0,0,0,17,16,2,0.2,296,1.0,0.058823529411764705,2,3,3,23,4,0.8260869565217391
1715,1,0,1,0,0,0,4,13,11,0.4782608695652174,396,0.7692307692307693,0.9743589743589743,1,1,2,22,2,0.9090909090909091
1716,1,1,1,1,1,1,14,86,10,0.7692307692307693,367,0.9534883720930233,0.0,18,20,20,75,29,0.6133333333333333
1717,1,1,1,1,1,1,9,14,12,0.6666666666666666,320,0.7857142857142857,0.6197183098591549,15,15,16,54,46,0.14814814814814814
1718,1,0,1,0,1,0,6,11,8,0.38095238095238093,356,1.0,0.9,4,4,5,27,10,0.6296296296296297
1719,1,1,1,1,1,1,11,14,9,0.5625,293,1.0,0.11940298507462686,20,20,20,56,40,0.2857142857142857
1720,1,1,1,1,1,1,12,22,11,0.7333333333333333,324,0.8181818181818182,0.48333333333333334,19,20,20,58,48,0.1724137931034483
1722,1,1,1,1,1,1,4,29,16,0.6956521739130435,296,0.7931034482758621,0.49333333333333335,20,20,20,103,57,0.44660194174757284
1723,1,1,1,1,1,0,2,12,8,0.32,412,0.5,0.20833333333333334,8,12,19,49,19,0.6122448979591837
1724,1,1,1,1,1,1,11,24,12,0.75,317,0.875,0.9285714285714286,18,20,20,71,43,0.3943661971830986
1726,1,1,1,1,1,1,8,31,18,0.9473684210526315,380,0.967741935483871,0.88,20,20,20,88,47,0.46590909090909094
1729,1,1,1,1,1,1,6,32,16,0.7619047619047619,356,1.0,0.7884615384615384,20,20,20,70,44,0.37142857142857144
1730,1,0,1,0,0,0,6,41,20,0.9523809523809523,335,1.0,0.983739837398374,3,3,4,51,7,0.8627450980392157
1731,1,1,1,1,1,1,10,17,11,0.6470588235294118,321,0.8823529411764706,0.9454545454545454,11,14,20,49,24,0.5102040816326531
1732,1,0,1,1,1,0,16,17,8,0.7272727272727273,359,0.8235294117647058,0.4444444444444444,2,5,19,47,6,0.8723404255319149
1735,1,0,0,0,0,0,16,6,5,0.45454545454545453,388,0.6666666666666666,0.20930232558139536,2,2,4,24,4,0.8333333333333334
1736,1,0,0,0,0,0,15,5,4,0.3333333333333333,318,0.4,0.8235294117647058,1,1,2,22,2,0.9090909090909091
1738,1,1,1,1,1,1,4,12,11,0.4782608695652174,401,0.9166666666666666,0.98,8,8,8,35,23,0.34285714285714286
1742,1,0,0,0,0,0,11,53,16,1.0,304,0.4528301886792453,0.34497816593886466,6,7,18,68,28,0.5882352941176471
1743,1,0,0,0,0,0,11,8,7,0.4375,310,0.75,0.6285714285714286,4,5,7,29,8,0.7241379310344828
1745,1,1,1,1,1,1,2,31,21,0.84,292,0.8064516129032258,0.925531914893617,20,20,20,101,79,0.2178217821782178
1746,1,0,0,0,0,0,4,9,5,0.21739130434782608,31782,0.8888888888888888,0.5128205128205128,5,7,11,32,11,0.65625
1747,1,0,0,0,0,0,7,21,13,0.65,358,0.47619047619047616,0.056338028169014086,15,18,20,52,29,0.4423076923076923
1748,1,1,1,1,1,1,17,20,10,1.0,436,0.8,0.5900900900900901,9,12,13,37,22,0.4054054054054054
1749,1,1,1,1,1,0,14,17,9,0.6923076923076923,32004,0.6470588235294118,0.6,20,20,20,71,56,0.21126760563380287
1750,1,0,0,0,0,0,13,6,5,0.35714285714285715,406,0.5,0.07142857142857142,2,2,2,22,4,0.8181818181818181
1752,1,1,1,1,1,0,9,33,16,0.8888888888888888,297,0.5757575757575758,0.13664596273291926,20,20,20,90,80,0.11111111111111116
1753,1,1,1,1,1,1,14,47,13,1.0,345,1.0,0.995085995085995,8,9,10,36,17,0.5277777777777778
1754,1,1,1,1,1,1,6,23,13,0.6190476190476191,343,0.782608695652174,0.8118279569892473,20,20,20,54,52,0.03703703703703709
1755,1,0,0,0,0,0,11,6,3,0.1875,401,1.0,0.8,5,5,8,31,11,0.6451612903225806
1756,1,1,1,1,1,0,9,20,12,0.6666666666666666,361,0.6,0.717391304347826,20,20,20,64,41,0.359375
1758,1,0,0,0,0,0,4,7,6,0.2608695652173913,288,1.0,1.0,1,1,1,21,2,0.9047619047619048
1762,1,1,1,1,1,0,14,33,13,1.0,286,0.6060606060606061,0.32792207792207795,20,20,20,114,86,0.24561403508771928
1764,1,0,0,0,0,0,16,5,4,0.36363636363636365,327,1.0,0.9448818897637795,2,3,3,23,4,0.8260869565217391
1767,1,1,1,1,1,0,3,49,13,0.5416666666666666,410,0.6326530612244898,0.6296296296296297,20,20,20,69,44,0.3623188405797102
1769,1,1,1,1,1,1,3,25,13,0.5416666666666666,319,0.96,0.9692307692307692,20,20,20,64,36,0.4375
1770,1,1,1,1,1,1,8,128,19,1.0,432,0.8359375,0.6445086705202312,20,20,20,187,56,0.7005347593582888
1772,1,1,1,1,1,1,5,42,21,0.9545454545454546,372,0.8809523809523809,0.9814814814814815,20,20,20,198,157,0.20707070707070707
1773,1,0,0,0,0,0,11,16,10,0.625,367,0.4375,0.4533333333333333,10,12,17,48,27,0.4375
1774,1,1,1,1,1,1,12,10,9,0.6,356,1.0,0.9642857142857143,13,20,20,45,29,0.3555555555555555
1775,1,1,1,1,1,0,17,15,8,0.8,31862,0.5333333333333333,0.375,18,20,20,52,35,0.32692307692307687
1776,1,1,1,1,1,0,17,41,10,1.0,324,0.6829268292682927,0.6736842105263158,20,20,20,91,60,0.34065934065934067
1777,1,1,1,1,1,1,15,12,9,0.75,374,0.9166666666666666,0.8360655737704918,6,7,10,37,17,0.5405405405405406
1778,1,1,1,1,1,0,13,47,13,0.9285714285714286,429,0.5531914893617021,0.4880382775119617,20,20,20,106,35,0.6698113207547169
1779,1,1,1,1,1,0,6,28,17,0.8095238095238095,421,0.5714285714285714,0.8024691358024691,20,20,20,63,58,0.07936507936507942
1780,1,1,1,1,1,1,4,9,8,0.34782608695652173,319,0.7777777777777778,0.7352941176470589,15,18,20,51,36,0.2941176470588235
1781,1,1,1,1,1,1,11,19,12,0.75,367,0.9473684210526315,0.8783783783783784,13,18,20,62,29,0.532258064516129
1782,1,0,0,0,0,0,10,6,6,0.35294117647058826,327,0.5,0.0,2,2,3,23,4,0.8260869565217391
1783,1,1,1,1,1,0,8,24,13,0.6842105263157895,367,0.625,0.208955223880597,20,20,20,79,56,0.2911392405063291
1784,1,1,1,1,1,1,5,13,12,0.5454545454545454,404,0.8461538461538461,0.6296296296296297,7,7,12,36,17,0.5277777777777778
1785,1,0,0,0,0,0,11,10,7,0.4375,339,1.0,0.9523809523809523,8,8,9,30,17,0.43333333333333335
1787,1,1,1,1,1,1,6,14,8,0.38095238095238093,403,1.0,1.0,10,12,17,46,26,0.4347826086956522
1788,1,1,1,1,1,1,15,15,9,0.75,367,0.8666666666666667,0.9852941176470589,20,20,20,90,50,0.4444444444444444
1790,1,1,1,1,1,1,11,8,8,0.5,427,1.0,0.9473684210526315,8,14,17,44,20,0.5454545454545454
1791,1,0,0,0,0,0,15,9,6,0.5,391,0.5555555555555556,0.5703125,2,2,5,26,5,0.8076923076923077
1792,1,1,1,1,1,1,11,33,9,0.5625,372,0.9696969696969697,0.9333333333333333,20,20,20,91,62,0.31868131868131866
1793,1,1,1,1,1,0,4,19,10,0.43478260869565216,360,0.6842105263157895,0.6744186046511628,12,14,15,38,27,0.2894736842105263
1794,1,1,1,1,1,0,2,11,9,0.36,367,0.6363636363636364,0.0,20,20,20,49,39,0.20408163265306123
1795,1,1,1,1,1,1,13,140,14,1.0,31782,0.9785714285714285,0.9858156028368794,20,20,20,138,119,0.1376811594202898
1797,1,1,1,1,1,1,11,20,11,0.6875,322,0.95,0.9782608695652174,20,20,20,52,44,0.15384615384615385
1798,1,0,0,0,0,0,15,7,5,0.4166666666666667,333,0.5714285714285714,0.8857142857142857,9,13,14,35,19,0.4571428571428572
1799,1,0,0,0,0,0,9,7,6,0.3333333333333333,391,1.0,0.9555555555555556,1,1,1,16,2,0.875
1800,1,0,0,0,0,0,8,8,6,0.3157894736842105,429,1.0,0.9868421052631579,2,2,4,24,4,0.8333333333333334
1802,1,0,0,0,0,0,16,5,5,0.45454545454545453,401,1.0,0.5957446808510638,3,5,10,31,7,0.7741935483870968
1803,1,1,1,1,1,1,3,57,23,0.9583333333333334,338,0.9298245614035088,0.732484076433121,20,20,20,264,75,0.7159090909090908
1804,1,1,1,1,1,0,15,53,12,1.0,362,0.5094339622641509,0.5748031496062992,20,20,20,92,65,0.2934782608695652
1805,1,1,1,1,1,1,11,18,11,0.6875,309,1.0,0.43103448275862066,6,6,9,39,17,0.5641025641025641
1806,1,0,0,0,0,0,7,30,15,0.75,424,0.4666666666666667,0.5514018691588785,20,20,20,77,71,0.07792207792207795
1807,1,0,0,0,0,0,18,24,7,0.7777777777777778,401,1.0,0.9095744680851063,20,20,20,60,42,0.30000000000000004
1808,1,1,1,1,1,1,5,30,18,0.8181818181818182,421,0.7,0.25757575757575757,7,7,20,73,17,0.7671232876712328
1809,1,0,0,0,0,0,3,10,5,0.20833333333333334,296,0.7,0.11764705882352941,1,1,1,21,2,0.9047619047619048
1810,1,1,1,1,1,1,14,44,12,0.9230769230769231,299,0.9545454545454546,0.6891891891891891,5,7,11,53,29,0.4528301886792453
1811,1,0,0,0,0,0,14,5,3,0.23076923076923078,318,0.6,0.45454545454545453,2,3,4,24,4,0.8333333333333334
1816,1,1,1,1,1,0,10,31,15,0.8823529411764706,432,0.6129032258064516,0.71875,10,13,18,45,22,0.5111111111111111
1817,1,0,0,0,0,0,16,8,4,0.36363636363636365,295,0.875,0.7368421052631579,1,2,3,24,3,0.875
1818,1,1,1,1,1,1,3,35,13,0.5416666666666666,313,0.9714285714285714,0.030303030303030304,20,20,20,96,62,0.35416666666666663
1819,1,0,1,1,1,0,17,12,8,0.8,412,0.6666666666666666,0.2909090909090909,4,5,6,27,9,0.6666666666666667
1820,1,0,0,0,0,0,17,6,2,0.2,439,1.0,0.6285714285714286,4,5,6,27,8,0.7037037037037037
1822,1,1,1,1,1,0,11,62,15,0.9375,31862,0.6935483870967742,0.49333333333333335,20,20,20,62,33,0.467741935483871
1823,1,1,1,1,1,1,17,27,10,1.0,402,0.9259259259259259,0.8284883720930233,20,20,20,80,49,0.38749999999999996
1824,1,1,1,1,1,1,10,27,13,0.7647058823529411,318,0.9629629629629629,0.8074074074074075,11,14,19,64,39,0.390625
1825,1,1,1,1,1,1,10,11,9,0.5294117647058824,384,0.8181818181818182,0.96875,6,7,9,31,13,0.5806451612903225
1826,1,1,1,1,1,1,12,19,9,0.6,427,0.8947368421052632,0.9666666666666667,20,20,20,59,44,0.2542372881355932
1828,1,1,1,1,1,0,1,53,22,0.8461538461538461,317,0.6037735849056604,0.30303030303030304,20,20,20,169,91,0.46153846153846156
1829,1,1,1,1,1,1,13,42,14,1.0,445,0.8333333333333334,0.6970802919708029,17,20,20,80,38,0.525
1831,1,1,1,1,1,0,16,21,9,0.8181818181818182,438,0.6666666666666666,0.6689655172413793,20,20,20,53,41,0.2264150943396226
1832,1,1,1,1,1,1,14,12,9,0.6923076923076923,438,1.0,1.0,18,20,20,75,46,0.3866666666666667
1833,1,1,1,1,1,0,3,9,9,0.375,298,0.6666666666666666,0.589041095890411,19,20,20,47,38,0.19148936170212771
1834,1,1,1,1,1,1,13,13,8,0.5714285714285714,324,0.8461538461538461,0.7459016393442623,13,14,14,45,37,0.1777777777777778
1835,1,1,1,1,1,1,2,74,25,1.0,375,0.7702702702702703,0.33191489361702126,20,20,20,209,155,0.2583732057416268
1836,1,1,1,1,1,0,10,23,16,0.9411764705882353,299,0.6521739130434783,0.5285714285714286,14,20,20,73,34,0.5342465753424658
1837,1,0,0,0,0,0,11,7,7,0.4375,372,0.5714285714285714,0.6052631578947368,5,6,7,30,12,0.6
1838,1,0,0,0,0,0,16,7,6,0.5454545454545454,427,1.0,0.9615384615384616,9,9,9,31,20,0.3548387096774194
1839,1,0,0,0,0,0,17,9,7,0.7,420,1.0,0.9550561797752809,11,12,14,40,26,0.35
1841,1,0,0,0,0,0,15,5,5,0.4166666666666667,293,0.8,0.9259259259259259,7,9,18,49,18,0.6326530612244898
1842,1,0,0,0,0,0,17,8,7,0.7,346,1.0,0.45454545454545453,15,18,20,64,34,0.46875
1843,1,0,0,0,0,0,1,8,6,0.23076923076923078,401,0.25,0.17647058823529413,1,1,1,21,2,0.9047619047619048
1844,1,0,1,0,1,0,14,13,10,0.7692307692307693,320,0.6153846153846154,0.29411764705882354,3,4,7,29,7,0.7586206896551724
1845,1,1,1,1,1,1,8,31,17,0.8947368421052632,406,0.8064516129032258,0.6864406779661016,20,20,20,234,179,0.2350427350427351
1847,1,0,0,0,0,0,15,8,6,0.5,315,1.0,0.7872340425531915,4,5,5,31,13,0.5806451612903225
1848,1,1,1,1,1,1,16,20,10,0.9090909090909091,406,1.0,0.9775280898876404,20,20,20,142,48,0.6619718309859155
1849,1,1,1,1,1,1,7,30,16,0.8,339,0.7333333333333333,1.0,20,20,20,65,47,0.27692307692307694
1850,1,1,1,1,1,1,17,17,8,0.8,375,1.0,0.3431372549019608,7,9,11,32,14,0.5625
1851,1,0,0,0,0,0,4,8,6,0.2608695652173913,355,0.5,0.030303030303030304,1,1,1,21,2,0.9047619047619048
1852,1,1,1,1,1,1,2,114,25,1.0,367,0.8070175438596491,0.8719211822660099,20,20,20,125,47,0.624
1854,1,1,1,1,1,1,7,83,20,1.0,367,0.9879518072289156,0.9782608695652174,20,20,20,99,44,0.5555555555555556
1856,1,1,1,1,1,1,3,113,24,1.0,420,1.0,0.9883040935672515,20,20,20,86,48,0.4418604651162791
1858,1,0,0,0,0,0,14,9,7,0.5384615384615384,391,0.8888888888888888,1.0,15,17,20,59,34,0.423728813559322
1859,1,1,1,1,1,0,16,12,8,0.7272727272727273,31862,0.6666666666666666,0.14285714285714285,8,15,16,43,20,0.5348837209302326
1860,1,1,1,1,1,1,14,15,8,0.6153846153846154,293,0.8666666666666667,0.813953488372093,5,5,6,27,11,0.5925925925925926
1861,1,0,0,0,0,0,2,25,14,0.56,292,0.48,0.35789473684210527,9,9,11,37,24,0.3513513513513513
1862,1,1,1,1,1,1,11,33,16,1.0,388,0.7272727272727273,0.5648148148148148,9,14,20,60,25,0.5833333333333333
1863,1,0,0,0,0,0,2,12,8,0.32,330,0.3333333333333333,0.0,5,5,6,28,12,0.5714285714285714
1864,1,0,0,0,0,0,15,20,11,0.9166666666666666,319,0.45,0.5633802816901409,20,20,20,86,58,0.32558139534883723
1865,1,1,1,1,1,1,4,36,20,0.8695652173913043,433,0.8888888888888888,0.6532258064516129,20,20,20,169,70,0.5857988165680473
1867,1,1,1,1,1,1,11,61,12,0.75,341,0.9836065573770492,0.8571428571428571,8,9,15,62,39,0.3709677419354839
1868,1,0,0,0,0,0,5,9,7,0.3181818181818182,366,0.2222222222222222,0.3793103448275862,1,1,1,21,2,0.9047619047619048
1869,1,1,1,1,1,0,11,24,14,0.875,438,0.5833333333333334,0.4838709677419355,20,20,20,64,48,0.25
1870,1,0,0,0,0,0,8,8,8,0.42105263157894735,367,0.375,0.10344827586206896,2,2,2,17,8,0.5294117647058824
1871,1,0,0,0,0,0,13,6,6,0.42857142857142855,324,0.5,0.7142857142857143,1,1,6,29,4,0.8620689655172413
1872,1,1,1,1,1,1,8,35,15,0.7894736842105263,375,1.0,0.512,17,20,20,77,49,0.36363636363636365
1873,1,1,1,1,1,0,4,77,22,0.9565217391304348,361,0.6623376623376623,0.4117647058823529,20,20,20,129,77,0.4031007751937985
1874,1,0,0,0,0,0,17,8,5,0.5,363,1.0,0.92,2,2,2,22,4,0.8181818181818181
1877,1,0,1,0,1,0,5,20,12,0.5454545454545454,335,0.9,0.9069767441860465,2,2,6,30,4,0.8666666666666667
1878,1,0,1,0,0,0,2,17,9,0.36,313,0.9411764705882353,0.8333333333333334,3,3,4,25,7,0.72
1879,1,1,1,1,1,1,15,47,12,1.0,315,1.0,1.0,20,20,20,248,144,0.4193548387096774
1880,1,0,1,0,1,0,10,14,11,0.6470588235294118,31401,0.6428571428571429,0.0,4,4,5,25,8,0.6799999999999999
1881,1,1,1,1,1,1,16,12,9,0.8181818181818182,367,0.8333333333333334,0.9906542056074766,9,11,16,50,28,0.43999999999999995
1882,1,0,0,0,0,0,10,14,6,0.35294117647058826,367,0.35714285714285715,0.08333333333333333,4,5,6,28,10,0.6428571428571428
1883,1,1,1,1,1,0,7,35,17,0.85,401,0.6285714285714286,0.6153846153846154,9,12,13,35,20,0.4285714285714286
1886,1,0,0,0,0,0,3,17,6,0.25,317,1.0,0.5384615384615384,6,7,7,30,15,0.5
1887,1,0,0,0,0,0,5,5,5,0.22727272727272727,292,0.8,0.6097560975609756,1,1,1,22,3,0.8636363636363636
1888,1,0,0,0,0,0,11,8,4,0.25,31782,0.625,1.0,2,2,2,22,4,0.8181818181818181
1889,1,0,1,0,0,0,15,11,8,0.6666666666666666,369,0.5454545454545454,0.9428571428571428,1,1,1,22,3,0.8636363636363636
1890,1,0,0,0,0,0,12,8,6,0.4,367,0.75,0.9523809523809523,12,12,16,47,34,0.276595744680851
1891,1,0,0,0,0,0,14,6,5,0.38461538461538464,361,0.6666666666666666,0.6666666666666666,7,10,13,36,16,0.5555555555555556
1892,1,1,1,1,1,0,16,41,9,0.8181818181818182,421,0.6341463414634146,0.4389312977099237,10,11,16,49,26,0.4693877551020408
1895,1,0,1,0,1,0,7,21,10,0.5,368,0.6190476190476191,0.0,2,2,6,28,4,0.8571428571428572
1896,1,0,1,0,0,0,11,25,10,0.625,369,0.52,0.01,1,2,4,27,2,0.9259259259259259
1898,1,1,1,1,1,0,14,12,8,0.6153846153846154,384,0.5833333333333334,0.22857142857142856,5,6,9,32,10,0.6875
1899,1,0,0,0,0,0,4,17,13,0.5652173913043478,31782,0.47058823529411764,0.9807692307692307,20,20,20,110,100,0.09090909090909094
1900,1,0,0,0,0,0,17,5,5,0.5,329,0.8,0.92,10,12,20,46,20,0.5652173913043479
1901,1,1,1,1,1,1,9,213,18,1.0,319,0.9953051643192489,0.9564516129032258,20,20,20,152,63,0.5855263157894737
1902,1,0,0,0,0,0,9,5,4,0.2222222222222222,320,0.8,0.5625,2,2,2,22,4,0.8181818181818181
1903,1,0,0,0,0,0,11,6,4,0.25,363,1.0,0.7647058823529411,3,5,5,25,6,0.76
1904,1,0,1,0,1,0,9,13,11,0.6111111111111112,364,0.6923076923076923,0.2857142857142857,4,4,5,26,9,0.6538461538461539
1905,1,1,1,1,1,0,2,25,15,0.6,375,0.64,0.0,9,11,17,47,23,0.5106382978723405
1906,1,1,1,1,1,0,16,26,10,0.9090909090909091,412,0.6538461538461539,0.23529411764705882,20,20,20,76,49,0.35526315789473684
1907,1,1,1,1,1,0,16,45,10,0.9090909090909091,31762,0.6,0.256797583081571,20,20,20,84,46,0.45238095238095233
1908,1,0,0,0,0,0,10,7,7,0.4117647058823529,359,1.0,0.9354838709677419,7,7,7,29,16,0.4482758620689655
1910,1,1,1,1,1,1,4,12,9,0.391304347826087,401,0.9166666666666666,0.0,7,12,16,49,21,0.5714285714285714
1911,1,0,1,0,0,0,16,14,9,0.8181818181818182,436,0.9285714285714286,0.7363636363636363,3,3,3,26,9,0.6538461538461539
1912,1,1,1,1,1,1,12,20,14,0.9333333333333333,424,1.0,0.9342105263157895,18,20,20,76,38,0.5
1913,1,0,0,0,0,0,1,10,7,0.2692307692307692,427,1.0,0.9210526315789473,3,4,5,25,6,0.76
1914,1,1,1,1,1,0,6,47,20,0.9523809523809523,448,0.5531914893617021,0.5462962962962963,20,20,20,190,72,0.6210526315789473
1916,1,0,0,0,0,0,1,32,16,0.6153846153846154,446,0.375,0.22033898305084745,13,19,20,47,21,0.5531914893617021
1917,1,1,1,1,1,1,2,84,25,1.0,32004,1.0,1.0,20,20,20,171,142,0.16959064327485385
1918,1,1,1,1,1,1,13,26,13,0.9285714285714286,361,1.0,0.6046511627906976,20,20,20,83,73,0.12048192771084343
1919,1,1,1,1,1,1,8,16,11,0.5789473684210527,384,0.8125,0.9397590361445783,20,20,20,62,45,0.27419354838709675
1920,1,0,0,0,0,0,16,12,5,0.45454545454545453,299,1.0,0.8846153846153846,7,7,9,29,14,0.5172413793103448
1921,1,0,0,0,0,0,16,11,6,0.5454545454545454,358,0.6363636363636364,0.4891304347826087,3,4,7,29,7,0.7586206896551724
1922,1,1,1,1,1,1,9,26,13,0.7222222222222222,334,0.9230769230769231,0.9069767441860465,13,14,17,44,31,0.2954545454545454
1923,1,1,1,1,1,0,8,30,15,0.7894736842105263,448,0.6,0.125,20,20,20,66,41,0.3787878787878788
1924,1,1,1,1,1,1,16,21,11,1.0,31642,0.9523809523809523,0.9390862944162437,16,17,20,68,51,0.25
1925,1,1,1,1,1,1,10,53,17,1.0,327,0.7169811320754716,0.38461538461538464,20,20,20,116,86,0.2586206896551724
1926,1,0,0,0,0,0,15,7,6,0.5,412,0.2857142857142857,0.21875,8,8,8,28,16,0.4285714285714286
1927,1,0,0,0,0,0,13,7,3,0.21428571428571427,381,0.5714285714285714,0.7472527472527473,6,6,8,29,13,0.5517241379310345
1928,1,1,1,1,1,0,5,29,18,0.8181818181818182,447,0.6206896551724138,0.7349397590361446,20,20,20,78,63,0.1923076923076923
1929,1,1,1,1,1,1,1,16,12,0.46153846153846156,441,0.875,0.8695652173913043,20,20,20,120,71,0.4083333333333333
1930,1,1,1,1,1,0,14,67,12,0.9230769230769231,346,0.6417910447761194,0.22608695652173913,18,20,20,56,26,0.5357142857142857
1931,1,1,1,1,1,1,9,24,14,0.7777777777777778,313,0.875,0.8701298701298701,9,10,16,53,30,0.4339622641509434
1932,1,0,1,0,1,0,5,10,9,0.4090909090909091,327,0.8,0.6451612903225806,3,3,6,29,9,0.6896551724137931
1933,1,1,1,1,1,1,6,27,12,0.5714285714285714,322,0.7777777777777778,0.0,11,14,20,57,27,0.5263157894736843
1934,1,0,0,0,0,0,5,7,6,0.2727272727272727,323,0.8571428571428571,0.75,5,6,11,32,10,0.6875
1935,1,1,1,1,1,1,17,20,9,0.9,367,1.0,0.9935064935064936,18,20,20,78,42,0.46153846153846156
1936,1,1,1,1,1,1,5,104,20,0.9090909090909091,361,0.9038461538461539,0.876750700280112,20,20,20,127,68,0.4645669291338582
1937,1,0,0,0,0,0,6,32,17,0.8095238095238095,337,0.4375,0.31746031746031744,20,20,20,162,76,0.5308641975308642
1938,1,1,1,1,1,1,10,10,9,0.5294117647058824,338,0.8,0.5,8,9,9,38,25,0.3421052631578947
1939,1,1,1,1,1,1,3,15,8,0.3333333333333333,408,0.9333333333333333,0.9491525423728814,20,20,20,61,43,0.29508196721311475
1940,1,1,1,1,1,1,7,22,17,0.85,340,0.7272727272727273,0.8679245283018868,20,20,20,110,78,0.2909090909090909
1941,1,1,1,1,1,1,14,21,10,0.7692307692307693,321,1.0,0.45045045045045046,8,10,12,45,29,0.3555555555555555
1942,1,1,1,1,1,0,15,26,11,0.9166666666666666,448,0.5769230769230769,0.10569105691056911,5,5,6,32,12,0.625
1943,1,1,1,1,1,1,2,62,24,0.96,306,0.8064516129032258,0.006666666666666667,20,20,20,99,76,0.23232323232323238
1944,1,1,1,1,1,1,13,25,13,0.9285714285714286,361,0.88,0.6558441558441559,20,20,20,105,73,0.3047619047619048
1946,1,0,0,0,0,0,4,7,7,0.30434782608695654,400,0.7142857142857143,0.8809523809523809,13,14,18,45,33,0.2666666666666667
1950,1,0,0,0,0,0,9,7,2,0.1111111111111111,295,1.0,0.125,2,2,2,22,4,0.8181818181818181
1952,1,0,0,0,0,0,12,5,4,0.26666666666666666,354,1.0,0.03225806451612903,1,1,1,21,2,0.9047619047619048
1953,1,0,0,0,0,0,11,13,8,0.5,381,0.38461538461538464,0.04040404040404041,7,9,10,30,14,0.5333333333333333
1954,1,1,1,1,1,1,5,21,14,0.6363636363636364,339,0.9047619047619048,0.5737704918032787,6,7,12,49,18,0.6326530612244898
1955,1,1,1,1,1,1,3,27,15,0.625,408,0.8888888888888888,0.3488372093023256,20,20,20,81,51,0.37037037037037035
1956,1,1,1,1,1,1,7,10,8,0.4,330,0.8,0.22,15,17,18,39,30,0.23076923076923073
1959,1,1,1,1,1,0,11,22,11,0.6875,323,0.5454545454545454,0.6097560975609756,18,20,20,71,56,0.21126760563380287
1960,1,1,1,1,1,1,12,18,10,0.6666666666666666,341,1.0,0.958904109589041,6,8,9,31,13,0.5806451612903225
1961,1,1,1,1,1,1,5,35,16,0.7272727272727273,364,0.8857142857142857,0.7857142857142857,20,20,20,60,29,0.5166666666666666
1962,1,0,0,0,0,0,11,12,7,0.4375,401,0.8333333333333334,0.4789915966386555,8,12,17,44,22,0.5
1963,1,1,1,1,1,1,11,10,8,0.5,427,0.7,0.275,13,13,14,46,38,0.17391304347826086
1964,1,1,1,1,1,1,17,9,9,0.9,424,0.7777777777777778,0.9137931034482759,7,9,12,36,17,0.5277777777777778
1965,1,0,1,0,1,0,16,19,9,0.8181818181818182,323,1.0,0.993006993006993,4,4,8,35,13,0.6285714285714286
1966,1,1,1,1,1,1,17,14,8,0.8,320,0.7857142857142857,0.5181818181818182,20,20,20,58,43,0.2586206896551724
1967,1,0,0,0,0,0,3,8,6,0.25,445,0.625,0.5538461538461539,9,10,11,32,19,0.40625
1968,1,1,1,1,1,1,10,13,11,0.6470588235294118,321,1.0,1.0,18,20,20,59,50,0.15254237288135597
1969,1,1,1,1,1,1,12,40,15,1.0,356,0.95,0.946524064171123,20,20,20,76,63,0.17105263157894735
1970,1,0,1,1,1,0,10,14,9,0.5294117647058824,297,0.5714285714285714,0.018518518518518517,2,7,7,28,5,0.8214285714285714
1971,1,1,1,1,1,0,4,58,21,0.9130434782608695,310,0.5,0.5625,20,20,20,157,95,0.39490445859872614
1972,1,0,0,0,0,0,17,12,7,0.7,31642,0.5,0.4537037037037037,6,8,10,32,13,0.59375
1973,1,1,1,1,1,1,9,81,18,1.0,402,1.0,1.0,18,20,20,112,88,0.2142857142857143
1974,1,1,1,1,1,0,4,70,22,0.9565217391304348,317,0.6714285714285714,0.5859375,20,20,20,143,128,0.1048951048951049
1975,1,1,1,1,1,0,7,62,20,1.0,369,0.5161290322580645,0.27181208053691275,20,20,20,120,69,0.42500000000000004
1976,1,1,1,1,1,0,11,38,16,1.0,441,0.5789473684210527,0.7142857142857143,20,20,20,73,34,0.5342465753424658
1978,1,1,1,1,1,1,5,22,14,0.6363636363636364,321,0.8636363636363636,0.7272727272727273,11,12,13,45,34,0.24444444444444446
1979,1,1,1,1,1,1,7,24,13,0.65,31862,0.875,0.7368421052631579,7,9,9,32,17,0.46875
1980,1,1,1,1,1,0,7,10,9,0.45,438,0.6,0.75,15,20,20,50,28,0.43999999999999995
1981,1,1,1,1,1,0,12,18,12,0.8,424,0.6666666666666666,0.225,12,19,20,52,32,0.3846153846153846
1982,1,1,1,1,1,1,16,37,11,1.0,319,1.0,0.9836065573770492,20,20,20,135,112,0.1703703703703704
1983,1,0,0,0,0,0,12,13,7,0.4666666666666667,327,1.0,0.68,18,20,20,50,32,0.36
1985,1,1,1,1,1,0,7,25,15,0.75,359,0.6,0.7421875,16,19,20,61,53,0.1311475409836066
1988,1,1,1,1,1,0,11,36,15,0.9375,384,0.5555555555555556,0.8918918918918919,11,12,18,56,37,0.3392857142857143
1989,1,1,1,1,1,1,12,13,12,0.8,343,1.0,0.9637681159420289,18,20,20,59,43,0.27118644067796616
1990,1,1,1,1,1,1,13,18,10,0.7142857142857143,321,1.0,0.9292035398230089,19,20,20,61,46,0.24590163934426235
1993,1,1,1,1,1,1,14,23,11,0.8461538461538461,391,0.7391304347826086,0.6271186440677966,14,16,19,48,37,0.22916666666666663
1994,1,1,1,1,1,1,7,10,8,0.4,401,0.8,0.26666666666666666,10,10,10,37,27,0.2702702702702703
1995,1,0,0,0,0,0,18,13,7,0.7777777777777778,292,0.8461538461538461,0.7426470588235294,20,20,20,90,56,0.37777777777777777
1996,1,0,0,0,0,0,7,22,17,0.85,396,0.36363636363636365,0.25,11,15,16,41,25,0.3902439024390244
1997,1,0,0,0,0,0,11,6,5,0.3125,367,1.0,0.9661016949152542,4,4,5,25,8,0.6799999999999999
1998,1,1,1,1,1,1,10,75,17,1.0,288,1.0,0.996078431372549,20,20,20,200,116,0.42000000000000004
1999,1,0,0,0,0,0,17,11,5,0.5,360,0.8181818181818182,0.525,2,2,4,25,5,0.8
2000,1,1,1,1,1,1,8,21,14,0.7368421052631579,402,0.7619047619047619,0.1794871794871795,7,7,10,42,25,0.40476190476190477
2001,1,1,1,1,1,0,5,12,10,0.45454545454545453,384,0.6666666666666666,0.21739130434782608,8,8,9,37,24,0.3513513513513513
2002,1,1,1,1,1,0,3,18,13,0.5416666666666666,320,0.6111111111111112,0.37777777777777777,20,20,20,72,56,0.2222222222222222
2004,1,1,1,1,1,1,11,36,16,1.0,31782,1.0,0.8653846153846154,20,20,20,136,101,0.25735294117647056
2005,1,0,0,0,0,0,10,6,6,0.35294117647058826,298,1.0,0.41304347826086957,2,2,5,25,4,0.84
2006,1,1,1,1,1,1,4,21,15,0.6521739130434783,31582,1.0,0.6547619047619048,20,20,20,121,113,0.06611570247933884
2007,1,0,0,0,0,0,10,30,16,0.9411764705882353,335,0.36666666666666664,0.23717948717948717,20,20,20,101,64,0.36633663366336633
2010,1,1,1,1,1,1,16,20,10,0.9090909090909091,300,0.7,0.5714285714285714,18,19,20,48,42,0.125
2011,1,0,1,0,0,0,9,12,9,0.5,447,0.8333333333333334,0.7142857142857143,1,1,3,28,2,0.9285714285714286
2012,1,1,1,1,1,1,11,53,14,0.875,306,0.8490566037735849,0.21285140562248997,20,20,20,111,42,0.6216216216216216
2013,1,0,1,0,0,0,8,19,12,0.631578947368421,293,0.5789473684210527,0.6081081081081081,1,2,3,23,2,0.9130434782608696
2014,1,1,1,1,1,1,16,12,8,0.7272727272727273,292,1.0,0.875,9,11,16,41,21,0.4878048780487805
2015,1,1,1,1,1,1,11,20,14,0.875,296,0.8,0.9607843137254902,20,20,20,119,86,0.2773109243697479
2016,1,1,1,1,1,1,7,60,16,0.8,339,0.95,0.6923076923076923,20,20,20,93,54,0.4193548387096774
2017,1,1,1,1,1,1,11,20,13,0.8125,321,0.85,1.0,6,8,13,42,21,0.5
2018,1,1,1,1,1,1,1,15,12,0.46153846153846156,402,0.8666666666666667,0.6923076923076923,9,13,19,46,25,0.4565217391304348
2019,1,0,1,0,0,0,15,13,8,0.6666666666666666,442,1.0,0.14779874213836477,1,2,3,23,2,0.9130434782608696
2020,1,1,1,1,1,1,9,36,16,0.8888888888888888,396,0.8611111111111112,0.9490740740740741,20,20,20,66,42,0.36363636363636365
2021,1,1,1,1,1,1,7,20,11,0.55,443,1.0,1.0,6,6,7,33,18,0.4545454545454546
2022,1,0,0,0,0,0,14,9,6,0.46153846153846156,438,0.7777777777777778,0.8441558441558441,14,17,20,56,38,0.3214285714285714
2023,1,0,0,0,0,0,14,6,6,0.46153846153846156,404,0.6666666666666666,0.4752475247524752,5,7,7,26,13,0.5
2024,1,0,0,0,0,0,9,23,12,0.6666666666666666,317,0.43478260869565216,0.24324324324324326,17,20,20,51,34,0.33333333333333337
2025,1,0,1,0,0,0,9,11,10,0.5555555555555556,345,0.9090909090909091,0.9545454545454546,1,1,3,27,2,0.9259259259259259
2027,1,1,1,1,1,0,4,17,11,0.4782608695652174,445,0.5882352941176471,0.2,6,6,10,32,14,0.5625
2028,1,1,1,1,1,1,3,23,16,0.6666666666666666,424,0.9565217391304348,0.5,20,20,20,59,47,0.2033898305084746
2030,1,0,0,0,0,0,16,6,5,0.45454545454545453,404,1.0,0.9,2,2,3,23,4,0.8260869565217391
2031,1,0,0,0,0,0,17,5,2,0.2,337,0.6,0.5,1,1,1,20,2,0.9
2032,1,0,1,0,1,0,10,16,11,0.6470588235294118,306,0.9375,0.46,4,4,5,29,12,0.5862068965517242
2033,1,0,0,0,0,0,11,14,10,0.625,391,0.42857142857142855,0.12087912087912088,8,13,13,38,18,0.5263157894736843
2035,1,1,1,1,1,0,7,16,12,0.6,359,0.5,0.09615384615384616,13,15,17,39,28,0.28205128205128205
2037,1,1,1,1,1,1,15,23,11,0.9166666666666666,389,0.9565217391304348,0.7837837837837838,20,20,20,73,66,0.09589041095890416
2038,1,0,0,0,0,0,5,5,5,0.22727272727272727,352,0.6,0.3148148148148148,1,1,1,21,2,0.9047619047619048
2039,1,1,1,1,1,1,2,41,11,0.44,329,0.975609756097561,0.9666666666666667,20,20,20,74,52,0.29729729729729726
2040,1,1,1,1,1,1,10,69,10,0.5882352941176471,408,1.0,0.9943342776203966,10,20,20,102,17,0.8333333333333334
2041,1,0,0,0,0,0,17,12,7,0.7,361,0.8333333333333334,0.2846715328467153,2,4,7,28,4,0.8571428571428572
2042,1,0,0,0,0,0,8,5,5,0.2631578947368421,31782,0.6,0.625,20,20,20,56,38,0.3214285714285714
2043,1,0,0,0,0,0,14,7,7,0.5384615384615384,295,1.0,0.9482758620689655,12,14,20,50,30,0.4
2044,1,1,1,1,1,0,1,18,15,0.5769230769230769,356,0.5,0.5333333333333333,9,10,12,34,18,0.47058823529411764
2046,1,0,1,0,0,0,9,14,12,0.6666666666666666,321,0.5,0.14705882352941177,1,1,1,22,3,0.8636363636363636
2047,1,0,0,0,0,0,16,10,7,0.6363636363636364,436,0.8,0.24770642201834864,3,9,17,42,6,0.8571428571428572
2049,1,0,0,0,0,0,7,6,6,0.3,389,1.0,0.9310344827586207,13,13,17,39,27,0.3076923076923077
2050,1,1,1,1,1,1,3,37,18,0.75,432,1.0,0.9917355371900827,20,20,20,56,44,0.2142857142857143
2051,1,1,1,1,1,1,3,188,24,1.0,358,0.9148936170212766,0.88,20,20,20,292,151,0.48287671232876717
2053,1,1,1,1,1,0,15,27,11,0.9166666666666666,321,0.6666666666666666,0.7681159420289855,20,20,20,79,46,0.4177215189873418
2054,1,0,0,0,0,0,7,8,7,0.35,296,1.0,0.9411764705882353,1,1,1,20,3,0.85
2056,1,0,1,0,1,0,14,20,9,0.6923076923076923,341,1.0,1.0,4,4,7,34,13,0.6176470588235294
2058,1,1,1,1,1,1,2,44,22,0.88,367,0.8863636363636364,0.9669421487603306,20,20,20,124,79,0.3629032258064516
2059,1,0,0,0,0,0,14,10,5,0.38461538461538464,448,0.8,0.3902439024390244,5,5,12,34,11,0.6764705882352942
2062,1,1,1,1,1,0,6,84,21,1.0,372,0.6666666666666666,0.3208955223880597,20,20,20,136,109,0.19852941176470584
2063,1,1,1,1,1,1,7,30,19,0.95,333,1.0,1.0,20,20,20,117,82,0.2991452991452992
2064,1,0,1,0,0,0,3,30,14,0.5833333333333334,367,0.6,0.05063291139240506,2,3,4,24,4,0.8333333333333334
2065,1,1,1,1,1,0,10,16,11,0.6470588235294118,410,0.6875,0.0,9,9,9,37,26,0.29729729729729726
2066,1,1,1,1,1,1,10,21,12,0.7058823529411765,295,0.7619047619047619,0.26666666666666666,7,8,11,36,19,0.4722222222222222
2067,1,0,0,0,0,0,15,5,3,0.25,340,0.8,1.0,2,3,5,26,4,0.8461538461538461
2068,1,1,1,1,1,1,12,11,10,0.6666666666666666,324,1.0,0.9381443298969072,15,17,18,51,42,0.17647058823529416
2069,1,0,0,0,0,0,6,22,11,0.5238095238095238,313,0.45454545454545453,0.3880597014925373,9,9,11,34,21,0.38235294117647056
2070,1,1,1,1,1,1,14,41,13,1.0,311,0.926829268292683,0.9570446735395189,12,15,20,55,33,0.4
2071,1,0,0,0,0,0,17,9,6,0.6,340,1.0,0.9444444444444444,1,1,1,17,2,0.8823529411764706
2072,1,0,0,0,0,0,14,11,6,0.46153846153846156,379,0.8181818181818182,1.0,5,7,10,35,15,0.5714285714285714
2073,1,1,1,1,1,0,10,50,17,1.0,403,0.6,0.5,20,20,20,87,67,0.22988505747126442
2075,1,0,0,0,0,0,5,10,7,0.3181818181818182,370,1.0,0.09090909090909091,9,11,14,38,22,0.42105263157894735
2076,1,1,1,1,1,1,7,59,19,0.95,429,0.7796610169491526,0.7409326424870466,20,20,20,131,106,0.19083969465648853
2077,1,0,0,0,0,0,13,30,12,0.8571428571428571,365,0.4666666666666667,0.5063291139240507,10,17,20,64,29,0.546875
2078,1,1,1,1,1,0,5,39,22,1.0,343,0.6923076923076923,0.9423076923076923,5,6,11,57,11,0.8070175438596492
2079,1,1,1,1,1,1,10,35,15,0.8823529411764706,438,0.7142857142857143,0.6071428571428571,20,20,20,93,60,0.3548387096774194
2080,1,1,1,1,1,1,10,62,17,1.0,343,1.0,0.5671641791044776,20,20,20,182,127,0.30219780219780223
2081,1,0,0,0,0,0,14,15,9,0.6923076923076923,358,0.3333333333333333,0.45,6,8,9,32,14,0.5625
2082,1,1,1,1,1,0,15,22,9,0.75,361,0.5,0.5575757575757576,20,20,20,46,27,0.4130434782608695
2083,1,1,1,1,1,0,12,76,15,1.0,315,0.618421052631579,0.7557755775577558,20,20,20,113,59,0.47787610619469023
2084,1,0,0,0,0,0,15,11,7,0.5833333333333334,354,0.7272727272727273,0.4583333333333333,4,4,5,21,9,0.5714285714285714
2085,1,1,1,1,1,1,8,41,16,0.8421052631578947,335,0.8536585365853658,0.9201277955271565,20,20,20,112,81,0.2767857142857143
2086,1,1,1,1,1,1,12,92,13,0.8666666666666667,436,0.8478260869565217,0.7803347280334728,12,17,20,111,26,0.7657657657657657
2087,1,1,1,1,1,1,5,49,21,0.9545454545454546,345,1.0,0.9887640449438202,20,20,20,98,67,0.3163265306122449
2088,1,1,1,1,1,1,4,22,16,0.6956521739130435,304,0.9090909090909091,0.8352941176470589,20,20,20,99,82,0.1717171717171717
2090,1,0,1,0,0,0,6,11,9,0.42857142857142855,319,1.0,1.0,2,2,3,24,5,0.7916666666666666
2092,1,1,1,1,1,1,15,19,9,0.75,310,0.7368421052631579,0.6116504854368932,7,9,14,38,17,0.5526315789473684
2094,1,1,1,1,1,1,9,13,9,0.5,333,1.0,0.9672131147540983,13,16,20,56,39,0.3035714285714286
2095,1,0,0,0,0,0,1,22,16,0.6153846153846154,292,0.3181818181818182,0.22857142857142856,20,20,20,73,30,0.589041095890411
2096,1,0,0,0,0,0,14,10,5,0.38461538461538464,311,1.0,1.0,4,4,4,24,8,0.6666666666666667
2097,1,1,1,1,1,1,4,54,21,0.9130434782608695,403,0.7962962962962963,0.722972972972973,20,20,20,97,80,0.17525773195876293
2099,1,0,0,0,0,0,4,5,5,0.21739130434782608,335,0.4,0.2916666666666667,1,1,3,21,2,0.9047619047619048
2100,1,0,0,0,0,0,16,8,6,0.5454545454545454,311,1.0,0.8064516129032258,20,20,20,57,53,0.07017543859649122
2102,1,1,1,1,1,1,2,15,11,0.44,450,0.9333333333333333,0.6966292134831461,7,8,13,39,16,0.5897435897435898
2105,1,1,1,1,1,1,1,19,9,0.34615384615384615,446,0.7894736842105263,0.8125,20,20,20,65,41,0.36923076923076925
2106,1,1,1,1,1,1,6,33,16,0.7619047619047619,367,0.7878787878787878,0.5789473684210527,20,20,20,89,65,0.2696629213483146
2107,1,1,1,1,1,1,11,12,10,0.625,317,0.8333333333333334,0.41333333333333333,17,18,20,50,44,0.12
2108,1,1,1,1,1,1,15,17,11,0.9166666666666666,427,1.0,0.9823008849557522,8,8,8,33,21,0.36363636363636365
2110,1,1,1,1,1,0,1,76,25,0.9615384615384616,375,0.5394736842105263,0.2671232876712329,20,20,20,185,101,0.4540540540540541
2111,1,1,1,1,1,1,3,41,19,0.7916666666666666,403,0.8536585365853658,0.8271604938271605,10,11,15,53,34,0.3584905660377359
2112,1,0,0,0,0,0,4,21,15,0.6521739130434783,321,0.42857142857142855,0.4636363636363636,16,20,20,64,34,0.46875
2113,1,0,0,0,0,0,9,5,4,0.2222222222222222,406,0.4,0.01818181818181818,13,13,14,35,27,0.22857142857142854
2114,1,1,1,1,1,1,5,43,20,0.9090909090909091,343,0.8837209302325582,0.9557522123893806,20,20,20,145,103,0.2896551724137931
2115,1,1,1,1,1,1,11,59,16,1.0,406,0.9661016949152542,0.9073359073359073,20,20,20,149,100,0.32885906040268453
2116,1,0,0,0,0,0,2,54,22,0.88,333,0.4444444444444444,0.2874251497005988,20,20,20,112,60,0.4642857142857143
2117,1,1,1,1,1,1,17,10,9,0.9,355,1.0,1.0,6,6,11,40,17,0.575
2121,1,1,1,1,1,1,17,18,9,0.9,343,1.0,0.860655737704918,18,20,20,57,30,0.4736842105263158
2124,1,1,1,1,1,1,3,45,16,0.6666666666666666,318,1.0,0.9791666666666666,20,20,20,119,78,0.3445378151260504
2126,1,1,1,1,1,0,14,23,11,0.8461538461538461,334,0.6956521739130435,0.7549019607843137,10,13,20,54,26,0.5185185185185186
2128,1,1,1,1,1,0,13,42,14,1.0,31762,0.5238095238095238,0.7,8,9,12,40,17,0.575
2129,1,1,1,1,1,0,16,23,11,1.0,329,0.5217391304347826,0.302158273381295,20,20,20,49,38,0.22448979591836737
2130,1,1,1,1,1,1,16,14,9,0.8181818181818182,429,0.8571428571428571,0.7108433734939759,8,10,14,42,23,0.45238095238095233
2131,1,1,1,1,1,1,17,24,9,0.9,368,0.9583333333333334,0.6608695652173913,7,11,14,46,25,0.4565217391304348
2133,1,0,0,0,0,0,12,22,7,0.4666666666666667,362,0.9545454545454546,0.7796610169491526,19,20,20,66,44,0.33333333333333337
2134,1,1,1,1,1,1,5,17,16,0.7272727272727273,320,1.0,0.9701492537313433,20,20,20,109,58,0.4678899082568807
2135,1,0,0,0,0,0,14,11,6,0.46153846153846156,32004,0.7272727272727273,0.5882352941176471,6,6,7,28,13,0.5357142857142857
2138,1,0,0,0,0,0,16,10,6,0.5454545454545454,427,1.0,0.9285714285714286,2,2,2,22,4,0.8181818181818181
2139,1,0,1,0,1,0,9,49,18,1.0,421,0.9591836734693877,0.9254658385093167,4,4,6,31,8,0.7419354838709677
2141,1,1,1,1,1,1,1,13,10,0.38461538461538464,402,0.8461538461538461,0.4605263157894737,17,20,20,55,43,0.21818181818181814
2142,1,1,1,1,1,0,10,16,10,0.5882352941176471,335,0.625,0.9058823529411765,20,20,20,76,53,0.3026315789473685
2145,1,0,0,0,0,0,14,7,5,0.38461538461538464,31582,0.7142857142857143,0.7419354838709677,3,4,7,28,7,0.75
2146,1,0,0,0,0,0,2,18,16,0.64,389,0.4444444444444444,0.3333333333333333,8,12,19,55,26,0.5272727272727273
2147,1,0,0,0,0,0,18,8,7,0.7777777777777778,356,0.75,0.6976744186046512,20,20,20,58,43,0.2586206896551724
2148,1,1,1,1,1,1,8,33,17,0.8947368421052632,311,1.0,0.9777777777777777,20,20,20,124,92,0.25806451612903225
2151,1,0,0,0,0,0,7,29,12,0.6,446,0.3448275862068966,0.0,12,12,20,52,32,0.3846153846153846
2152,1,0,0,0,0,0,5,5,4,0.18181818181818182,439,0.8,0.85,1,1,1,10,2,0.8
2156,1,1,1,1,1,1,11,21,13,0.8125,327,1.0,0.9651162790697675,20,20,20,114,43,0.6228070175438596
2158,1,1,1,1,1,0,14,24,12,0.9230769230769231,367,0.5,0.6634615384615384,16,19,20,58,31,0.4655172413793104
2159,1,0,0,0,0,0,17,9,5,0.5,337,0.7777777777777778,0.43119266055045874,4,4,6,30,11,0.6333333333333333
2160,1,0,0,0,0,0,9,8,6,0.3333333333333333,439,1.0,1.0,1,2,3,19,3,0.8421052631578947
2161,1,1,1,1,1,0,6,11,10,0.47619047619047616,367,0.5454545454545454,0.3448275862068966,7,7,13,35,15,0.5714285714285714
2162,1,1,1,1,1,1,15,15,11,0.9166666666666666,432,1.0,0.8780487804878049,15,16,20,69,37,0.46376811594202894
2164,1,1,1,1,1,1,17,11,9,0.9,402,0.7272727272727273,0.896551724137931,20,20,20,51,38,0.2549019607843137
2167,1,0,0,0,0,0,18,9,5,0.5555555555555556,356,0.7777777777777778,0.9242424242424242,4,7,7,30,11,0.6333333333333333
2168,1,1,1,1,1,1,4,42,22,0.9565217391304348,306,0.9761904761904762,1.0,20,20,20,180,116,0.3555555555555555
2170,1,1,1,1,1,1,10,44,17,1.0,421,0.9090909090909091,0.6175115207373272,20,20,20,108,77,0.2870370370370371
2171,1,1,1,1,1,1,16,14,10,0.9090909090909091,316,1.0,0.75,11,16,20,56,19,0.6607142857142857
2172,1,0,0,0,0,0,17,6,5,0.5,439,1.0,0.9354838709677419,1,1,1,21,2,0.9047619047619048
2174,1,0,0,0,0,0,15,8,5,0.4166666666666667,420,0.75,0.9354838709677419,3,3,3,23,6,0.7391304347826086
2176,1,1,1,1,1,0,15,15,9,0.75,403,0.6,0.28888888888888886,5,5,8,28,10,0.6428571428571428
2178,1,1,1,1,1,0,12,17,11,0.7333333333333333,427,0.5294117647058824,0.014925373134328358,20,20,20,61,44,0.2786885245901639
2179,1,0,1,0,0,0,10,10,8,0.47058823529411764,365,0.5,0.5428571428571428,2,2,4,24,4,0.8333333333333334
2180,1,0,0,0,0,0,5,12,6,0.2727272727272727,32004,0.4166666666666667,0.0625,7,7,8,30,15,0.5
2183,1,1,1,1,1,1,15,15,11,0.9166666666666666,370,1.0,0.7006369426751592,8,8,8,33,21,0.36363636363636365
2184,1,0,0,0,0,0,9,98,18,1.0,362,0.41836734693877553,0.6770186335403726,15,18,20,82,41,0.5
2185,1,1,1,1,1,1,2,47,24,0.96,327,0.9148936170212766,0.875,20,20,20,149,99,0.3355704697986577
2186,1,0,0,0,0,0,5,7,7,0.3181818181818182,433,0.7142857142857143,0.6476190476190476,13,13,15,41,31,0.24390243902439024
2187,1,1,1,1,1,1,10,14,9,0.5294117647058824,443,0.8571428571428571,0.6875,17,20,20,51,32,0.37254901960784315
2188,1,1,1,1,1,1,17,11,8,0.8,391,1.0,0.8793103448275862,7,7,10,41,24,0.41463414634146345
2190,1,1,1,1,1,1,12,32,13,0.8666666666666667,323,1.0,1.0,20,20,20,73,52,0.28767123287671237
2192,1,0,0,0,0,0,1,10,7,0.2692307692307692,401,0.9,0.9444444444444444,2,3,3,24,5,0.7916666666666666
2193,1,1,1,1,1,0,2,27,17,0.68,292,0.6296296296296297,0.5393258426966292,20,20,20,91,66,0.27472527472527475
2194,1,1,1,1,1,0,4,89,22,0.9565217391304348,32004,0.5393258426966292,0.6245954692556634,20,20,20,104,67,0.3557692307692307
2195,1,1,1,1,1,0,16,17,9,0.8181818181818182,334,0.5882352941176471,0.417910447761194,6,7,7,30,15,0.5
2196,1,1,1,1,1,1,15,10,9,0.75,361,1.0,0.8490566037735849,9,9,9,35,24,0.3142857142857143
2197,1,1,1,1,1,1,11,18,10,0.625,401,0.7777777777777778,0.5,6,10,13,34,13,0.6176470588235294
2198,1,1,1,1,1,1,8,53,18,0.9473684210526315,372,0.9811320754716981,0.13953488372093023,20,20,20,152,73,0.5197368421052632
2199,1,1,1,1,1,0,16,26,11,1.0,439,0.6923076923076923,0.5390625,20,20,20,98,75,0.23469387755102045
2200,1,1,1,1,1,0,2,51,24,0.96,334,0.6078431372549019,0.7291666666666666,20,20,20,178,77,0.5674157303370786
2203,1,1,1,1,1,1,7,26,11,0.55,367,0.8846153846153846,0.9605263157894737,14,20,20,49,29,0.40816326530612246
2204,1,0,0,0,0,0,15,37,11,0.9166666666666666,367,0.3783783783783784,0.5163398692810458,19,20,20,76,27,0.6447368421052632
2205,1,1,1,1,1,0,2,44,23,0.92,31642,0.6136363636363636,0.3870967741935484,18,20,20,104,74,0.28846153846153844
2207,1,1,1,1,1,1,3,90,15,0.625,337,0.9222222222222223,0.608540925266904,20,20,20,81,59,0.2716049382716049
2208,1,1,1,1,1,0,4,63,21,0.9130434782608695,441,0.5079365079365079,0.2846153846153846,20,20,20,184,97,0.47282608695652173
2209,1,1,1,1,1,1,12,29,13,0.8666666666666667,369,0.8620689655172413,0.905940594059406,16,18,20,56,34,0.3928571428571429
2211,1,0,0,0,0,0,15,12,2,0.16666666666666666,450,1.0,0.20634920634920634,4,4,5,25,8,0.6799999999999999
2212,1,1,1,1,1,1,17,14,8,0.8,340,1.0,0.375,8,9,9,40,25,0.375
2213,1,1,1,1,1,1,4,19,13,0.5652173913043478,439,0.9473684210526315,0.8611111111111112,20,20,20,103,59,0.4271844660194175
2217,1,1,1,1,1,1,12,24,10,0.6666666666666666,330,0.7916666666666666,0.8802395209580839,14,16,20,43,23,0.4651162790697675
2221,1,1,1,1,1,1,16,13,10,0.9090909090909091,288,1.0,1.0,20,20,20,61,50,0.180327868852459
2223,1,1,1,1,1,1,2,185,25,1.0,381,0.9945945945945946,1.0,20,20,20,174,54,0.6896551724137931
2224,1,1,1,1,1,1,2,23,20,0.8,315,0.782608695652174,1.0,20,20,20,91,81,0.10989010989010994
2225,1,0,1,1,1,0,8,13,9,0.47368421052631576,446,0.6923076923076923,0.8571428571428571,3,6,12,32,6,0.8125
2226,1,1,1,1,1,1,17,41,10,1.0,369,0.975609756097561,0.8913043478260869,9,10,17,47,27,0.42553191489361697
2227,1,1,1,1,1,1,14,39,13,1.0,391,0.9487179487179487,0.9402985074626866,20,20,20,67,55,0.17910447761194026
2228,1,1,1,1,1,1,7,67,17,0.85,362,0.8059701492537313,0.8666666666666667,17,20,20,77,45,0.4155844155844156
2230,1,0,0,0,0,0,17,6,4,0.4,374,0.5,0.1875,2,2,3,23,4,0.8260869565217391
2231,1,1,1,1,1,1,3,33,17,0.7083333333333334,367,0.9090909090909091,0.9166666666666666,20,20,20,74,50,0.32432432432432434
2233,1,1,1,1,1,0,10,62,15,0.8823529411764706,369,0.5645161290322581,0.780952380952381,20,20,20,77,40,0.48051948051948057
2234,1,1,1,1,1,1,9,23,13,0.7222222222222222,316,0.8695652173913043,0.8902439024390244,20,20,20,88,41,0.5340909090909092
2235,1,0,0,0,0,0,16,10,7,0.6363636363636364,375,0.7,0.24050632911392406,9,10,16,41,20,0.5121951219512195
2236,1,1,1,1,1,0,17,41,10,1.0,369,0.5121951219512195,0.4157303370786517,12,15,18,50,33,0.33999999999999997
2237,1,1,1,1,1,1,10,22,12,0.7058823529411765,429,0.9090909090909091,0.9779411764705882,20,20,20,84,64,0.23809523809523814
2238,1,0,0,0,0,0,16,21,8,0.7272727272727273,367,0.47619047619047616,0.0,6,7,10,35,16,0.5428571428571429
2239,1,0,0,0,0,0,13,6,3,0.21428571428571427,288,0.8333333333333334,0.8648648648648649,5,5,6,29,12,0.5862068965517242
2240,1,1,1,1,1,1,5,54,17,0.7727272727272727,410,0.9074074074074074,0.9874213836477987,20,20,20,100,51,0.49
2241,1,1,1,1,1,1,8,11,9,0.47368421052631576,296,0.8181818181818182,0.7575757575757576,12,12,15,46,30,0.34782608695652173
2242,1,0,1,0,1,0,11,61,16,1.0,327,0.9016393442622951,0.3333333333333333,3,4,9,39,6,0.8461538461538461
2244,1,0,0,0,0,0,6,44,18,0.8571428571428571,292,0.36363636363636365,0.18081180811808117,20,20,20,81,64,0.2098765432098766
2245,1,1,1,1,1,0,12,14,9,0.6,380,0.5714285714285714,0.8037974683544303,15,17,20,49,39,0.20408163265306123
2247,1,0,0,0,0,0,2,7,6,0.24,364,0.8571428571428571,0.9024390243902439,6,6,7,27,12,0.5555555555555556
2250,1,0,0,0,0,0,15,11,8,0.6666666666666666,381,0.36363636363636365,0.4909090909090909,8,8,9,34,20,0.4117647058823529
2251,1,1,1,1,1,1,5,10,8,0.36363636363636365,288,1.0,0.625,20,20,20,53,31,0.41509433962264153
2252,1,1,1,1,1,1,2,33,21,0.84,323,0.7575757575757576,0.9545454545454546,20,20,20,78,55,0.2948717948717948
2253,1,0,0,0,0,0,10,13,8,0.47058823529411764,370,0.3076923076923077,0.06666666666666667,2,2,4,27,5,0.8148148148148149
2254,1,0,1,0,0,0,9,12,9,0.5,31582,1.0,0.25,2,3,4,27,6,0.7777777777777778
2257,1,1,1,1,1,1,2,23,19,0.76,315,0.9130434782608695,0.39215686274509803,6,6,10,59,41,0.30508474576271183
2258,1,1,1,1,1,1,5,15,10,0.45454545454545453,433,0.8,0.7741935483870968,5,7,7,28,11,0.6071428571428572
2260,1,1,1,1,1,1,8,38,17,0.8947368421052632,372,0.868421052631579,0.8404255319148937,20,20,20,178,103,0.4213483146067416
2261,1,1,1,1,1,1,16,60,10,0.9090909090909091,429,0.85,0.7377049180327869,20,20,20,140,80,0.4285714285714286
2262,1,0,0,0,0,0,7,37,18,0.9,446,0.40540540540540543,0.4864864864864865,9,14,16,61,33,0.4590163934426229
2263,1,1,1,1,1,1,2,213,25,1.0,31401,0.7511737089201878,0.2708333333333333,20,20,20,187,114,0.39037433155080214
2264,1,1,1,1,1,1,17,34,10,1.0,442,0.7941176470588235,0.841726618705036,20,20,20,105,99,0.05714285714285716
2266,1,1,1,1,1,0,11,19,12,0.75,381,0.5263157894736842,0.29457364341085274,20,20,20,72,36,0.5
2267,1,0,0,0,0,0,13,11,7,0.5,293,0.5454545454545454,0.0,6,6,7,33,18,0.4545454545454546
2268,1,0,0,0,0,0,16,8,6,0.5454545454545454,335,1.0,0.8666666666666667,4,4,5,26,8,0.6923076923076923
2269,1,1,1,1,1,1,16,19,10,0.9090909090909091,356,0.9473684210526315,0.9786096256684492,15,18,20,59,48,0.18644067796610164
2270,1,0,0,0,0,0,12,59,15,1.0,372,0.4745762711864407,0.450199203187251,20,20,20,99,69,0.303030303030303
2273,1,1,1,1,1,1,14,10,8,0.6153846153846154,402,0.9,0.30952380952380953,6,9,9,41,18,0.5609756097560976
2274,1,1,1,1,1,0,5,18,16,0.7272727272727273,329,0.5555555555555556,0.8,20,20,20,76,55,0.2763157894736842
2275,1,0,1,1,1,0,11,18,13,0.8125,298,0.9444444444444444,0.9304347826086956,4,5,6,28,10,0.6428571428571428
2279,1,0,0,0,0,0,14,10,7,0.5384615384615384,367,0.9,0.3673469387755102,4,4,5,29,12,0.5862068965517242
2280,1,1,1,1,1,1,8,28,17,0.8947368421052632,438,0.7142857142857143,0.7386934673366834,20,20,20,121,91,0.2479338842975206
2281,1,0,0,0,0,0,13,5,5,0.35714285714285715,427,1.0,0.11458333333333333,4,5,7,30,10,0.6666666666666667
2282,1,1,1,1,1,1,17,14,9,0.9,333,0.8571428571428571,0.9032258064516129,6,8,16,44,15,0.6590909090909092
2284,1,0,0,0,0,0,16,23,8,0.7272727272727273,442,0.43478260869565216,0.2489451476793249,20,20,20,66,33,0.5
2285,1,1,1,1,1,1,12,16,10,0.6666666666666666,367,0.9375,0.8947368421052632,6,8,11,31,12,0.6129032258064516
2286,1,1,1,1,1,1,9,8,8,0.4444444444444444,443,1.0,0.7777777777777778,10,10,12,35,23,0.34285714285714286
2287,1,1,1,1,1,1,16,9,8,0.7272727272727273,403,1.0,0.5833333333333334,7,8,9,32,16,0.5
2288,1,1,1,1,1,1,12,82,15,1.0,414,0.9146341463414634,0.6027397260273972,20,20,20,62,51,0.17741935483870963
2289,1,0,0,0,0,0,17,11,7,0.7,31742,1.0,0.7894736842105263,4,6,7,28,9,0.6785714285714286
2290,1,0,0,0,0,0,12,13,5,0.3333333333333333,345,1.0,1.0,5,5,5,25,10,0.6
2291,1,0,0,0,0,0,11,7,3,0.1875,402,0.42857142857142855,0.8333333333333334,3,4,7,29,8,0.7241379310344828
2292,1,0,0,0,0,0,9,5,4,0.2222222222222222,429,0.8,0.7870370370370371,6,6,7,27,12,0.5555555555555556
2294,1,1,1,1,1,1,7,38,12,0.6,362,0.7105263157894737,0.4797297297297297,10,12,16,55,30,0.4545454545454546
2295,1,1,1,1,1,1,7,21,14,0.7,403,0.8571428571428571,0.7402597402597403,20,20,20,100,80,0.19999999999999996
2296,1,1,1,1,1,1,16,21,10,0.9090909090909091,368,0.9047619047619048,0.7038834951456311,20,20,20,93,54,0.4193548387096774
2298,1,0,0,0,0,0,11,12,10,0.625,372,0.4166666666666667,0.2571428571428571,9,9,12,36,22,0.38888888888888884
2299,1,0,0,0,0,0,17,9,6,0.6,381,0.5555555555555556,0.38461538461538464,13,15,18,43,30,0.3023255813953488
2300,1,1,1,1,1,1,13,17,11,0.7857142857142857,362,0.8235294117647058,0.86,12,15,18,60,36,0.4
2301,1,0,0,0,0,0,5,11,7,0.3181818181818182,333,0.45454545454545453,0.0,3,3,3,23,6,0.7391304347826086
2302,1,0,0,0,0,0,14,14,7,0.5384615384615384,404,0.6428571428571429,0.8333333333333334,13,14,18,41,27,0.3414634146341463
2303,1,0,0,0,0,0,11,9,7,0.4375,32004,0.7777777777777778,0.6785714285714286,5,7,7,28,11,0.6071428571428572
2304,1,1,1,1,1,1,12,53,14,0.9333333333333333,433,1.0,0.9428571428571428,11,12,14,47,33,0.2978723404255319
2305,1,1,1,1,1,1,1,37,21,0.8076923076923077,414,0.9459459459459459,0.4235294117647059,20,20,20,144,111,0.22916666666666663
2306,1,0,0,0,0,0,4,7,7,0.30434782608695654,384,0.7142857142857143,1.0,3,3,4,25,7,0.72
2307,1,1,1,1,1,0,2,38,23,0.92,402,0.5,0.0,20,20,20,105,98,0.06666666666666665
2308,1,0,0,0,0,0,5,7,5,0.22727272727272727,447,1.0,0.9166666666666666,1,1,1,19,2,0.8947368421052632
2310,1,1,1,1,1,0,6,12,9,0.42857142857142855,297,0.5833333333333334,0.5967741935483871,8,9,11,38,19,0.5
2311,1,1,1,1,1,1,14,15,9,0.6923076923076923,323,1.0,1.0,15,17,20,54,40,0.2592592592592593
2312,1,1,1,1,1,1,14,50,13,1.0,442,0.94,0.9736842105263158,20,20,20,140,87,0.37857142857142856
2314,1,1,1,1,1,1,15,19,11,0.9166666666666666,450,0.8947368421052632,0.9253731343283582,20,20,20,85,57,0.3294117647058824
2316,1,1,1,1,1,0,6,17,11,0.5238095238095238,322,0.5294117647058824,0.0,7,8,10,38,22,0.42105263157894735
2317,1,1,1,1,1,1,2,42,22,0.88,372,0.8333333333333334,0.7129629629629629,20,20,20,226,195,0.13716814159292035
2318,1,1,1,1,1,0,7,133,20,1.0,381,0.6090225563909775,0.6266094420600858,20,20,20,153,98,0.3594771241830066
2319,1,1,1,1,1,1,2,87,17,0.68,427,0.9770114942528736,1.0,20,20,20,122,73,0.4016393442622951
2322,1,1,1,1,1,1,10,60,16,0.9411764705882353,369,0.9666666666666667,0.5977011494252874,20,20,20,172,73,0.5755813953488372
2324,1,1,1,1,1,1,1,27,19,0.7307692307692307,32004,0.7407407407407407,0.2542372881355932,7,8,13,34,15,0.5588235294117647
2327,1,0,1,1,1,0,2,14,9,0.36,341,1.0,1.0,4,5,6,28,8,0.7142857142857143
2328,1,1,1,1,1,1,2,33,17,0.68,406,0.9696969696969697,0.8846153846153846,20,20,20,139,59,0.5755395683453237
2329,1,1,1,1,1,0,10,31,16,0.9411764705882353,427,0.6774193548387096,0.782608695652174,20,20,20,75,66,0.12
2330,1,0,0,0,0,0,10,7,6,0.35294117647058826,327,1.0,0.921875,10,15,16,39,23,0.41025641025641024
2331,1,1,1,1,1,1,3,29,17,0.7083333333333334,341,0.7931034482758621,0.9027777777777778,20,20,20,101,85,0.15841584158415845
2334,1,1,1,1,1,1,2,84,23,0.92,356,1.0,1.0,20,20,20,122,90,0.2622950819672131
2336,1,1,1,1,1,0,1,14,11,0.4230769230769231,359,0.5,0.5,20,20,20,57,41,0.2807017543859649
2337,1,1,1,1,1,1,17,184,10,1.0,354,0.9945652173913043,0.9422135161606269,20,20,20,244,125,0.4877049180327869
2338,1,0,0,0,0,0,18,10,6,0.6666666666666666,380,1.0,0.8448275862068966,3,3,5,25,6,0.76
2340,1,1,1,1,1,1,4,21,13,0.5652173913043478,345,1.0,0.9921259842519685,11,13,16,46,26,0.4347826086956522
2341,1,1,1,1,1,1,7,81,20,1.0,439,0.7654320987654321,0.72,20,20,20,134,123,0.08208955223880599
2342,1,1,1,1,1,1,15,25,10,0.8333333333333334,363,0.8,0.9523809523809523,11,13,15,57,30,0.4736842105263158
2343,1,0,0,0,0,0,17,31,10,1.0,369,0.3870967741935484,0.3106796116504854,12,14,17,49,32,0.34693877551020413
2344,1,0,0,0,0,0,15,7,5,0.4166666666666667,410,0.5714285714285714,0.5625,7,8,12,38,16,0.5789473684210527
2345,1,1,1,1,1,1,4,23,11,0.4782608695652174,374,0.8260869565217391,0.5116279069767442,20,20,20,54,49,0.09259259259259256
2346,1,0,0,0,0,0,5,6,5,0.22727272727272727,341,0.6666666666666666,1.0,2,3,4,25,4,0.84
2347,1,0,0,0,0,0,13,7,5,0.35714285714285715,438,0.5714285714285714,0.4578313253012048,3,3,3,24,7,0.7083333333333333
2348,1,1,1,1,1,1,14,53,9,0.6923076923076923,439,1.0,1.0,6,7,11,65,43,0.3384615384615385
2349,1,0,0,0,0,0,13,9,6,0.42857142857142855,380,0.6666666666666666,0.3333333333333333,3,3,4,24,6,0.75
2351,1,1,1,1,1,1,15,45,12,1.0,406,0.8444444444444444,0.9163636363636364,20,20,20,127,26,0.7952755905511811
2354,1,1,1,1,1,1,14,15,10,0.7692307692307693,361,1.0,0.8153846153846154,20,20,20,74,54,0.2702702702702703
2356,1,1,1,1,1,1,3,49,21,0.875,356,0.9795918367346939,1.0,20,20,20,120,86,0.2833333333333333
2358,1,1,1,1,1,1,9,16,10,0.5555555555555556,306,0.75,0.6610169491525424,9,9,11,44,31,0.2954545454545454
2359,1,0,0,0,0,0,17,19,6,0.6,422,0.42105263157894735,0.3181818181818182,5,5,7,28,10,0.6428571428571428
2360,1,1,1,1,1,1,8,72,17,0.8947368421052632,323,1.0,1.0,20,20,20,123,88,0.2845528455284553
2361,1,1,1,1,1,1,17,10,9,0.9,333,0.9,0.9125,19,20,20,51,40,0.21568627450980393
2362,1,0,1,0,1,0,1,19,10,0.38461538461538464,436,0.7368421052631579,0.18181818181818182,2,2,6,30,6,0.8
2365,1,0,0,0,0,0,16,5,5,0.45454545454545453,401,0.4,0.5,5,6,11,33,12,0.6363636363636364
2366,1,1,1,1,1,0,16,16,9,0.8181818181818182,422,0.6875,0.3618421052631579,16,20,20,52,33,0.3653846153846154
2367,1,0,0,0,0,0,6,19,7,0.3333333333333333,422,0.8421052631578947,0.4049586776859504,15,15,20,48,36,0.25
2369,1,0,0,0,0,0,16,7,5,0.45454545454545453,406,0.8571428571428571,0.8970588235294118,1,1,2,22,2,0.9090909090909091
2370,1,1,1,1,1,1,14,19,11,0.8461538461538461,406,0.8421052631578947,0.8733333333333333,20,20,20,49,35,0.2857142857142857
2371,1,1,1,1,1,0,1,28,21,0.8076923076923077,317,0.5714285714285714,0.07246376811594203,8,11,20,70,27,0.6142857142857143
2374,1,1,1,1,1,1,2,17,13,0.52,381,0.8235294117647058,0.265625,20,20,20,55,44,0.19999999999999996
2376,1,1,1,1,1,1,11,18,12,0.75,341,1.0,0.9874213836477987,20,20,20,51,36,0.2941176470588235
2377,1,1,1,1,1,1,5,20,17,0.7727272727272727,361,1.0,0.7540983606557377,13,14,18,64,48,0.25
2378,1,1,1,1,1,1,7,17,15,0.75,401,1.0,0.9624060150375939,16,17,20,50,42,0.16000000000000003
2379,1,0,0,0,0,0,12,12,6,0.4,367,0.9166666666666666,0.9318181818181818,2,2,2,22,4,0.8181818181818181
2380,1,0,0,0,0,0,12,6,5,0.3333333333333333,422,0.8333333333333334,0.7941176470588235,2,2,2,22,4,0.8181818181818181
2381,1,1,1,1,1,0,15,15,9,0.75,367,0.6,0.6842105263157895,13,19,20,61,41,0.3278688524590164
2382,1,0,0,0,0,0,6,6,6,0.2857142857142857,375,0.6666666666666666,0.7666666666666667,5,5,6,26,10,0.6153846153846154
2384,1,1,1,1,1,1,6,11,9,0.42857142857142855,389,1.0,1.0,18,18,20,55,30,0.4545454545454546
2385,1,0,0,0,0,0,14,8,4,0.3076923076923077,31401,0.5,0.12121212121212122,7,9,12,34,15,0.5588235294117647
2387,1,0,0,0,0,0,7,12,4,0.2,320,1.0,0.95,7,9,10,32,16,0.5
2388,1,0,0,0,0,0,17,10,4,0.4,382,0.8,0.07692307692307693,2,2,3,24,4,0.8333333333333334
2389,1,0,0,0,0,0,5,7,5,0.22727272727272727,296,0.5714285714285714,0.4909090909090909,4,5,5,26,8,0.6923076923076923
2391,1,1,1,1,1,1,4,20,16,0.6956521739130435,341,0.9,0.8823529411764706,9,9,11,53,35,0.339622641509434
2392,1,0,0,0,0,0,2,7,5,0.2,313,0.5714285714285714,0.45161290322580644,4,5,6,26,8,0.6923076923076923
2395,1,1,1,1,1,1,10,46,16,0.9411764705882353,31782,0.9347826086956522,0.9834254143646409,20,20,20,114,88,0.22807017543859653
2398,1,1,1,1,1,0,15,15,8,0.6666666666666666,304,0.6,0.75,10,11,15,44,26,0.40909090909090906
2399,1,0,0,0,0,0,3,5,5,0.20833333333333334,295,1.0,1.0,3,3,3,23,6,0.7391304347826086
2400,1,0,0,0,0,0,15,32,11,0.9166666666666666,318,0.40625,0.5397727272727273,20,20,20,64,37,0.421875
2401,1,0,0,0,0,0,6,9,7,0.3333333333333333,292,0.8888888888888888,0.8070175438596491,1,1,2,19,2,0.8947368421052632
2405,1,1,1,1,1,1,7,21,15,0.75,318,0.7142857142857143,0.671875,8,11,13,35,18,0.48571428571428577
2406,1,1,1,1,1,1,3,23,16,0.6666666666666666,402,0.8695652173913043,0.8782608695652174,17,20,20,48,40,0.16666666666666663
2407,1,1,1,1,1,0,13,33,13,0.9285714285714286,429,0.6060606060606061,0.6805555555555556,20,20,20,71,54,0.23943661971830987
2410,1,1,1,1,1,0,6,11,10,0.47619047619047616,315,0.6363636363636364,0.9038461538461539,6,6,7,30,12,0.6
2411,1,0,0,0,0,0,7,10,6,0.3,363,1.0,0.9545454545454546,3,5,6,30,9,0.7
2412,1,0,0,0,0,0,15,27,7,0.5833333333333334,292,0.8518518518518519,0.8104838709677419,20,20,20,64,50,0.21875
2415,1,1,1,1,1,1,13,45,14,1.0,446,1.0,0.7875,10,11,20,109,51,0.5321100917431192
2416,1,0,0,0,0,0,7,7,7,0.35,370,0.7142857142857143,0.049019607843137254,1,1,2,22,2,0.9090909090909091
2418,1,0,0,0,0,0,13,10,7,0.5,298,1.0,1.0,7,9,9,34,16,0.5294117647058824
2419,1,1,1,1,1,1,12,17,10,0.6666666666666666,335,0.7058823529411765,0.7083333333333334,15,17,20,52,41,0.21153846153846156
2420,1,1,1,1,1,1,6,32,19,0.9047619047619048,319,0.875,0.8285714285714286,20,20,20,115,57,0.5043478260869565
2421,1,1,1,1,1,0,7,17,17,0.85,400,0.5882352941176471,0.703125,20,20,20,127,108,0.14960629921259838
2423,1,1,1,1,1,1,11,17,8,0.5,355,0.8235294117647058,0.6585365853658537,14,17,20,52,34,0.34615384615384615
2424,1,1,1,1,1,1,8,18,13,0.6842105263157895,31742,1.0,0.9042553191489362,20,20,20,77,64,0.16883116883116878
2425,1,1,1,1,1,0,15,24,11,0.9166666666666666,380,0.5833333333333334,0.18085106382978725,9,11,19,53,22,0.5849056603773585
2426,1,1,1,1,1,0,16,12,10,0.9090909090909091,310,0.5833333333333334,0.6796116504854369,10,12,15,63,41,0.3492063492063492
2427,1,1,1,1,1,1,1,45,21,0.8076923076923077,292,0.7777777777777778,0.41216216216216217,20,20,20,104,80,0.23076923076923073
2429,1,0,1,0,1,0,3,22,13,0.5416666666666666,356,0.9090909090909091,1.0,4,4,5,27,10,0.6296296296296297
2430,1,1,1,1,1,1,9,16,12,0.6666666666666666,334,0.75,0.75,13,16,20,52,34,0.34615384615384615
2431,1,1,1,1,1,1,11,16,11,0.6875,340,0.8125,0.5925925925925926,20,20,20,52,41,0.21153846153846156
2432,1,0,0,0,0,0,17,11,5,0.5,356,0.6363636363636364,0.30973451327433627,5,6,6,26,10,0.6153846153846154
2435,1,0,0,0,0,0,3,6,5,0.20833333333333334,341,0.6666666666666666,0.2564102564102564,7,9,9,29,14,0.5172413793103448
2437,1,1,1,1,1,1,8,15,8,0.42105263157894735,32004,0.9333333333333333,0.8305084745762712,11,12,15,40,26,0.35
2439,1,1,1,1,1,1,8,17,13,0.6842105263157895,446,0.7058823529411765,0.6111111111111112,9,10,11,38,23,0.39473684210526316
2440,1,1,1,1,1,1,13,20,11,0.7857142857142857,300,0.8,0.5384615384615384,7,8,9,36,20,0.4444444444444444
2441,1,1,1,1,1,1,6,23,16,0.7619047619047619,356,1.0,1.0,11,11,14,51,39,0.23529411764705888
2443,1,1,1,1,1,1,7,46,20,1.0,432,0.9130434782608695,0.8301886792452831,20,20,20,119,60,0.4957983193277311
2445,1,1,1,1,1,1,5,79,20,0.9090909090909091,315,0.8607594936708861,0.5514705882352942,20,20,20,63,46,0.2698412698412699
2447,1,1,1,1,1,1,13,37,14,1.0,359,0.8648648648648649,0.8586956521739131,20,20,20,159,93,0.41509433962264153
2448,1,1,1,1,1,1,2,61,25,1.0,362,0.9672131147540983,0.9436619718309859,20,20,20,239,154,0.35564853556485354
2449,1,1,1,1,1,1,5,65,19,0.8636363636363636,315,0.9230769230769231,0.8949771689497716,20,20,20,145,87,0.4
2450,1,1,1,1,1,0,14,17,8,0.6153846153846154,375,0.6470588235294118,0.6716417910447762,17,20,20,51,35,0.3137254901960784
2451,1,1,1,1,1,1,4,45,20,0.8695652173913043,299,0.8888888888888888,0.7328767123287672,20,20,20,114,105,0.07894736842105265
2452,1,1,1,1,1,0,6,42,18,0.8571428571428571,297,0.5238095238095238,0.24509803921568626,20,20,20,63,37,0.4126984126984127
2453,1,1,1,1,1,1,15,14,9,0.75,442,0.7142857142857143,0.0,10,16,20,57,31,0.45614035087719296
2454,1,0,0,0,0,0,13,5,4,0.2857142857142857,346,0.6,0.76,4,4,5,25,8,0.6799999999999999
2455,1,1,1,1,1,0,12,14,12,0.8,382,0.5,0.34408602150537637,7,7,11,44,19,0.5681818181818181
2456,1,1,1,1,1,1,12,15,8,0.5333333333333333,289,0.8666666666666667,0.9016393442622951,14,16,17,41,30,0.2682926829268293
2457,1,1,1,1,1,1,10,21,13,0.7647058823529411,32004,0.8095238095238095,0.7678571428571429,15,18,20,63,45,0.2857142857142857
2458,1,0,1,0,0,0,3,13,9,0.375,446,0.5384615384615384,0.4146341463414634,3,3,4,25,7,0.72
2459,1,1,1,1,1,0,6,266,21,1.0,343,0.5939849624060151,0.45738636363636365,20,20,20,267,197,0.26217228464419473
2461,1,0,0,0,0,0,5,9,6,0.2727272727272727,367,0.7777777777777778,1.0,17,19,19,46,40,0.13043478260869568
2462,1,0,0,0,0,0,8,30,17,0.8947368421052632,403,0.43333333333333335,0.3419354838709677,20,20,20,98,65,0.33673469387755106
2465,1,1,1,1,1,1,5,41,21,0.9545454545454546,297,0.7073170731707317,0.7419354838709677,13,15,20,64,34,0.46875
2467,1,1,1,1,1,1,13,46,14,1.0,436,0.8478260869565217,0.7369942196531792,20,20,20,99,83,0.16161616161616166
2468,1,0,0,0,0,0,11,7,6,0.375,310,0.5714285714285714,0.6385542168674698,1,1,1,21,2,0.9047619047619048
2469,1,1,1,1,1,1,4,15,10,0.43478260869565216,324,1.0,0.5454545454545454,11,12,17,44,27,0.38636363636363635
2470,1,1,1,1,1,1,12,22,10,0.6666666666666666,304,0.9090909090909091,0.9411764705882353,8,8,16,44,23,0.4772727272727273
2471,1,0,0,0,0,0,2,10,6,0.24,374,1.0,0.8974358974358975,3,3,4,24,6,0.75
2474,1,1,1,1,1,0,18,11,9,1.0,309,0.6363636363636364,0.7631578947368421,6,6,8,31,12,0.6129032258064516
2475,1,1,1,1,1,1,13,14,10,0.7142857142857143,450,1.0,0.8454545454545455,15,16,19,46,36,0.21739130434782605
2477,1,1,1,1,1,0,3,19,14,0.5833333333333334,375,0.631578947368421,0.38095238095238093,5,7,9,35,11,0.6857142857142857
2478,1,1,1,1,1,1,2,41,20,0.8,356,0.9024390243902439,0.8846153846153846,20,20,20,136,74,0.4558823529411765
2479,1,1,1,1,1,1,17,19,10,1.0,406,1.0,0.9655172413793104,20,20,20,108,43,0.6018518518518519
2481,1,1,1,1,1,0,17,13,9,0.9,310,0.5384615384615384,0.16417910447761194,10,12,14,40,25,0.375
2482,1,1,1,1,1,1,2,27,14,0.56,379,0.9629629629629629,0.6363636363636364,20,20,20,75,63,0.16000000000000003
2484,1,1,1,1,1,1,12,27,12,0.8,382,0.7777777777777778,0.5736434108527132,20,20,20,79,53,0.3291139240506329
2486,1,0,0,0,0,0,6,5,4,0.19047619047619047,321,1.0,0.8552631578947368,5,5,5,25,10,0.6
2488,1,1,1,1,1,1,10,18,13,0.7647058823529411,324,0.7777777777777778,0.5445544554455446,20,20,20,85,53,0.3764705882352941
2489,1,1,1,1,1,1,11,20,11,0.6875,362,0.8,0.8487394957983193,16,16,20,47,38,0.19148936170212771
2492,1,1,1,1,1,0,3,43,19,0.7916666666666666,358,0.6511627906976745,0.0,10,11,18,53,31,0.41509433962264153
2493,1,1,1,1,1,0,3,34,17,0.7083333333333334,382,0.5588235294117647,0.8831168831168831,20,20,20,71,60,0.15492957746478875
2496,1,0,0,0,0,0,17,8,6,0.6,370,1.0,0.9636363636363636,12,12,15,37,26,0.29729729729729726
2497,1,1,1,1,1,0,12,43,15,1.0,31762,0.6744186046511628,0.0056179775280898875,20,20,20,85,47,0.44705882352941173
2499,1,0,0,0,0,0,11,22,11,0.6875,31782,0.36363636363636365,0.22388059701492538,10,12,14,42,26,0.38095238095238093
2500,1,0,0,0,0,0,12,12,7,0.4666666666666667,447,0.5,0.7070707070707071,6,9,10,33,15,0.5454545454545454
