household_key,sales,baskets,active_weeks,products,category_diversity,first_day,last_day,discount_amount,avg_basket_value
1,4330.160000000002,86,68,677,128,51,706,803.7499999999999,50.350697674418626
2,1954.3399999999997,45,35,546,141,103,668,343.99,43.42977777777777
3,2653.2100000000005,47,37,516,110,113,703,756.15,56.451276595744694
4,1200.1100000000001,30,26,164,63,104,627,118.15,40.00366666666667
5,779.0599999999998,40,27,199,76,85,703,118.33,19.476499999999994
6,5996.1600000000035,250,84,811,154,118,707,832.3399999999999,23.984640000000013
7,3400.050000000002,59,50,829,157,23,709,518.0600000000001,57.62796610169495
8,5534.970000000002,113,72,1288,180,65,706,1108.4999999999998,48.98203539823011
9,797.4200000000001,20,19,185,72,104,689,183.09999999999997,39.871
10,234.34,9,5,65,40,114,685,24.840000000000003,26.037777777777777
11,33.39,5,5,17,14,110,412,10.98,6.678
12,266.21000000000004,7,7,75,48,72,504,32.7,38.03000000000001
13,13190.92000000001,275,87,1008,162,101,709,2013.3099999999997,47.96698181818185
14,2761.1899999999996,140,66,574,115,4,704,611.3099999999998,19.72278571428571
15,972.53,55,30,235,91,22,705,161.09,17.682363636363636
16,1512.0199999999998,98,58,282,109,98,690,172.29,15.42877551020408
17,5139.630000000001,124,65,444,122,24,689,1186.06,41.448629032258076
18,7118.9100000000035,163,81,691,144,94,711,1031.34,43.67429447852763
19,11299.610000000011,421,92,1786,177,73,711,3069.7400000000002,26.839928741092663
20,7486.110000000006,387,77,477,116,81,711,842.3199999999997,19.343953488372108
21,870.1099999999999,27,19,228,87,72,682,166.66,32.22629629629629
22,6256.040000000002,136,86,722,145,25,711,880.52,46.00029411764707
23,3158.5800000000004,110,63,450,129,109,711,278.97999999999996,28.71436363636364
24,1911.1100000000004,74,36,370,95,59,709,442.64000000000004,25.825810810810815
25,3149.65,94,64,452,115,11,705,567.3199999999998,33.50691489361702
26,1937.3900000000003,113,50,481,118,50,705,321.6400000000001,17.145044247787613
27,5736.240000000006,405,90,546,89,35,711,497.85,14.16355555555557
28,2119.6200000000003,125,67,370,114,115,702,311.19,16.956960000000002
29,1343.03,69,44,341,89,34,709,301.99,19.464202898550724
30,622.8000000000001,28,21,133,68,77,711,103.89,22.242857142857144
31,4396.9000000000015,69,43,686,137,99,710,1285.88,63.723188405797124
32,3381.820000000001,116,65,714,153,49,711,394.98,29.15362068965518
33,1200.74,52,34,257,76,110,711,274.93000000000006,23.091153846153848
34,407.38,36,27,120,58,4,709,70.83999999999999,11.31611111111111
35,1119.5099999999998,60,34,240,80,21,707,154.35999999999999,18.658499999999997
36,4898.250000000002,221,77,681,129,88,708,869.0099999999999,22.164027149321274
37,2976.66,63,46,206,82,87,710,547.44,47.248571428571424
38,706.1300000000001,27,22,133,68,102,551,61.660000000000004,26.152962962962967
39,5033.660000000004,64,50,1244,172,26,685,833.55,78.65093750000007
40,12907.890000000018,400,90,1525,195,75,710,1320.8600000000001,32.269725000000044
41,3107.1300000000006,73,58,355,89,71,707,613.9499999999999,42.563424657534256
42,1985.86,89,77,305,77,100,710,567.3199999999999,22.313033707865166
43,884.84,106,57,245,72,115,710,95.59,8.347547169811321
44,877.76,32,26,278,92,81,628,133.74,27.43
45,807.09,57,37,158,65,100,587,66.5,14.159473684210527
46,8433.430000000006,137,70,1308,197,14,711,1543.42,61.55788321167888
47,2329.13,111,61,450,135,109,708,293.54999999999995,20.983153153153154
48,1172.83,50,33,253,87,112,709,216.7,23.456599999999998
49,6445.030000000003,121,65,1044,163,61,702,1467.6399999999999,53.26471074380168
50,351.38999999999993,15,13,116,53,113,675,38.3,23.425999999999995
51,3046.86,83,58,450,112,14,710,352.69,36.70915662650602
52,5487.280000000003,139,78,1015,178,13,711,566.3,39.47683453237413
53,1962.2600000000004,56,44,332,101,73,706,382.34000000000003,35.040357142857154
54,103.09,11,11,33,19,34,495,18.529999999999998,9.371818181818183
55,1072.7900000000002,141,74,240,83,67,703,194.33999999999995,7.608439716312058
56,6691.530000000006,201,80,1107,181,96,709,1281.7300000000002,33.29119402985078
57,3105.870000000001,194,76,514,146,52,709,506.65000000000003,16.009639175257735
58,10367.080000000007,268,90,1386,184,81,711,1613.9999999999995,38.683134328358236
59,1688.33,44,29,384,123,67,684,404.48,38.37113636363636
60,400.94000000000005,8,7,98,57,91,697,216.36999999999998,50.11750000000001
61,183.79999999999998,11,11,40,23,78,695,52.91,16.709090909090907
62,359.28999999999996,33,23,184,86,66,669,75.33999999999999,10.887575757575757
63,589.6,33,30,65,34,85,710,72.64,17.866666666666667
64,3917.8100000000013,264,75,760,147,10,711,566.9,14.840189393939399
65,2042.17,122,64,423,121,36,671,239.94,16.73909836065574
66,395.95,29,18,163,70,118,685,82.78,13.653448275862068
67,9618.900000000009,227,82,1322,196,103,709,2761.7400000000016,42.374008810572725
68,4960.770000000001,553,98,962,167,5,706,1014.7900000000002,8.970650994575047
69,5704.340000000004,183,69,1190,155,86,711,1042.1299999999999,31.171256830601113
70,76.39999999999999,32,21,21,12,8,705,10.709999999999999,2.3874999999999997
71,3376.0300000000007,90,63,407,109,63,711,571.38,37.51144444444445
72,6473.430000000004,107,71,1030,171,74,694,1018.7499999999998,60.49934579439256
73,2864.1800000000007,164,56,515,115,59,662,243.29000000000002,17.464512195121955
74,2047.64,131,68,412,110,33,656,884.8300000000002,15.630839694656489
75,1167.09,64,48,148,54,89,709,189.82000000000002,18.23578125
76,315.93999999999994,16,14,103,61,44,711,76.57,19.746249999999996
77,6227.100000000004,87,66,1313,170,5,710,1293.2799999999995,71.57586206896556
78,2505.140000000001,210,81,390,94,88,709,400.63,11.929238095238098
79,3950.1200000000017,154,74,761,173,102,708,841.2200000000001,25.65012987012988
80,3002.09,94,57,824,146,53,694,873.91,31.937127659574468
81,5553.700000000002,152,73,1013,161,48,706,1231.6699999999998,36.53750000000001
82,566.51,51,46,70,30,81,708,90.53999999999999,11.108039215686274
83,1183.7400000000002,110,63,290,94,40,710,183.92000000000002,10.761272727272729
84,1208.0899999999997,52,36,336,105,45,696,152.84999999999997,23.232499999999995
85,4696.4900000000025,282,91,963,164,17,710,953.31,16.654219858156036
86,4019.4400000000023,46,33,757,153,68,673,518.88,87.37913043478265
87,1202.2999999999997,45,39,197,71,85,707,85.0,26.717777777777773
88,11615.660000000014,229,87,1994,187,87,708,2386.67,50.72340611353718
89,177.56,11,11,46,21,110,638,9.93,16.14181818181818
90,490.41,10,9,109,45,89,677,57.20999999999999,49.041000000000004
91,2899.6599999999994,181,60,463,125,56,710,302.99,16.020220994475135
92,1587.38,57,48,553,133,101,705,441.19,27.848771929824565
93,3346.7200000000007,106,71,485,107,8,551,738.3699999999999,31.57283018867925
94,442.64,36,30,119,57,87,698,110.77,12.295555555555556
95,6500.179999999999,308,87,1192,163,88,709,1979.6700000000005,21.104480519480518
96,1182.4300000000003,59,35,254,83,21,708,169.06,20.041186440677972
97,5323.950000000002,180,81,968,140,43,706,983.19,29.577500000000008
98,2547.2999999999997,205,72,683,137,1,710,528.1200000000001,12.425853658536584
99,6926.150000000001,255,86,1327,190,86,709,1226.870000000001,27.16137254901961
100,2294.62,33,27,432,99,6,691,394.27,69.53393939393939
101,6651.580000000002,242,75,574,123,116,708,2142.56,27.48586776859505
102,304.84000000000003,8,6,92,45,48,179,55.66000000000001,38.105000000000004
103,541.99,51,29,208,85,91,709,107.69,10.627254901960784
104,6546.74,128,67,1065,152,112,711,1754.68,51.14640625
105,4591.670000000002,169,74,1253,145,8,710,1351.3000000000002,27.16964497041421
106,2014.6600000000003,67,33,338,116,98,705,200.37999999999997,30.069552238805976
107,1222.8300000000002,41,22,197,77,66,682,173.36999999999998,29.825121951219515
108,2671.1600000000008,62,38,646,156,84,689,374.7699999999999,43.08322580645162
109,3501.070000000001,104,65,774,153,115,708,454.3,33.664134615384626
110,3461.320000000001,185,78,848,163,67,711,597.26,18.709837837837842
111,1515.65,51,36,480,134,13,687,374.80000000000007,29.718627450980392
112,1342.6500000000003,80,52,196,72,42,698,86.27,16.783125000000005
113,15324.95,223,88,2013,216,96,709,2294.9399999999996,68.72174887892378
114,3315.6300000000006,88,64,684,142,7,708,531.9199999999998,37.677613636363645
115,13262.100000000011,201,89,1261,182,39,708,1760.4999999999998,65.98059701492542
116,647.72,83,60,169,62,45,710,272.36,7.803855421686747
117,2568.209999999999,94,73,717,134,30,711,561.5100000000001,27.321382978723395
118,4526.210000000003,90,66,583,135,101,707,543.97,50.29122222222225
119,2593.010000000001,62,41,595,151,60,709,216.85999999999999,41.82274193548389
120,242.32000000000005,19,16,23,15,52,653,6.750000000000001,12.753684210526318
121,2225.5800000000004,112,47,625,118,114,669,405.86999999999995,19.871250000000003
122,2354.220000000001,132,62,537,136,3,671,688.71,17.835000000000008
123,3222.65,174,82,583,119,82,691,744.26,18.520977011494253
124,683.41,61,42,162,64,62,711,153.39000000000001,11.203442622950819
125,10601.50000000001,358,98,1397,189,12,704,2101.71,29.613128491620138
126,853.45,31,24,264,91,88,699,184.9,27.530645161290323
127,4658.230000000001,191,70,890,155,96,711,1446.3699999999997,24.388638743455505
128,1381.08,41,30,252,86,19,711,197.03000000000003,33.68487804878048
129,475.72999999999996,40,32,169,67,115,690,77.26,11.893249999999998
130,511.62,20,15,121,54,26,338,55.72999999999999,25.581
131,6156.220000000003,354,92,1317,195,25,709,1287.3200000000002,17.39045197740114
132,2875.24,98,59,610,123,36,705,497.03999999999996,29.339183673469385
133,3823.890000000002,75,59,741,152,103,706,915.1100000000001,50.98520000000003
134,5535.090000000003,86,57,1102,162,35,709,1239.3399999999997,64.361511627907
135,717.4999999999999,74,59,179,75,74,711,107.46000000000001,9.695945945945944
136,2804.8200000000006,77,44,773,133,110,694,613.16,36.42623376623377
137,1062.17,38,32,298,104,100,626,289.42999999999995,27.95184210526316
138,3529.1900000000005,68,51,757,162,71,708,760.7799999999999,51.899852941176476
139,3073.330000000001,83,51,594,131,75,710,526.89,37.02807228915664
140,1720.6399999999999,140,46,412,102,38,692,344.99999999999994,12.290285714285714
141,448.3399999999999,52,40,169,68,47,708,61.21999999999999,8.621923076923075
142,2324.19,176,95,258,73,18,710,396.07,13.205625
143,6574.230000000003,408,72,1244,174,98,710,1624.1100000000001,16.11330882352942
144,2126.3100000000004,88,44,495,125,95,649,462.78,24.16261363636364
145,1470.4900000000002,59,41,400,114,65,704,382.95,24.923559322033903
146,843.0200000000001,41,28,282,92,27,705,217.75999999999996,20.561463414634147
147,1487.21,36,29,520,117,64,695,717.7500000000001,41.31138888888889
148,1231.7600000000002,55,37,307,98,93,699,136.33999999999997,22.395636363636367
149,11920.930000000013,215,70,1229,169,42,651,1263.3799999999999,55.44618604651169
150,230.35000000000002,6,5,70,41,85,608,52.17999999999999,38.39166666666667
151,1226.1400000000003,49,32,284,95,116,706,375.86,25.023265306122454
152,1454.2800000000002,37,28,329,114,38,696,484.26000000000005,39.30486486486487
153,1558.65,92,54,436,82,77,702,329.33,16.941847826086956
154,867.1800000000002,30,20,218,88,112,637,134.83,28.906000000000006
155,2101.05,52,39,399,95,110,705,348.73,40.4048076923077
156,5224.069999999998,587,85,1160,180,115,710,787.53,8.899608177172057
157,2748.9500000000007,172,78,688,139,26,709,430.5800000000001,15.98226744186047
158,1869.7900000000004,180,80,247,80,115,704,556.3699999999999,10.387722222222225
159,2143.870000000001,86,53,634,120,78,697,427.9700000000001,24.92872093023257
160,1536.0900000000001,57,46,375,120,71,703,233.58999999999997,26.948947368421056
161,6071.520000000002,266,61,854,146,101,710,1208.7500000000005,22.825263157894746
162,3037.540000000001,71,60,430,118,25,711,301.99,42.782253521126776
163,272.52000000000004,17,11,104,56,64,654,36.92000000000001,16.03058823529412
164,4272.410000000002,116,64,1127,166,116,708,1092.09,36.83112068965519
165,2995.4700000000007,174,78,502,119,47,710,1034.3799999999999,17.21534482758621
166,3059.6900000000005,122,69,410,129,55,706,374.3500000000001,25.0794262295082
167,1268.02,20,18,286,114,39,709,120.15,63.400999999999996
168,510.80000000000007,37,29,129,61,22,700,61.11999999999999,13.805405405405407
169,255.58000000000004,24,14,27,18,67,675,26.479999999999997,10.649166666666668
170,2024.5100000000007,45,33,578,137,40,693,528.4799999999999,44.98911111111113
171,740.4599999999999,25,19,310,106,89,701,171.20999999999998,29.618399999999998
172,1770.87,159,73,192,84,67,709,164.31,11.13754716981132
173,234.96999999999997,10,8,51,28,70,394,41.85000000000001,23.496999999999996
174,1208.39,27,22,321,81,60,669,251.16999999999996,44.75518518518519
175,1154.0200000000002,51,34,314,99,7,655,188.94999999999996,22.627843137254906
176,788.2900000000001,23,16,177,77,114,611,151.19,34.27347826086957
177,1130.5800000000002,50,32,310,105,51,692,264.62,22.611600000000003
178,2028.47,119,41,350,100,25,711,347.18999999999994,17.04596638655462
179,620.56,38,31,143,52,73,522,142.11,16.330526315789474
180,2103.4,68,36,479,129,101,696,396.48,30.93235294117647
181,1670.8200000000004,39,24,364,106,45,592,358.7,42.84153846153847
182,1162.3400000000001,36,29,283,72,29,656,274.89,32.287222222222226
183,1560.67,136,64,355,95,12,674,199.71,11.475514705882354
184,7090.070000000004,257,85,827,166,99,711,1080.0,27.587821011673167
185,2137.6200000000003,68,40,476,120,39,705,616.39,31.435588235294123
186,59.519999999999996,3,3,13,7,101,706,3.7800000000000002,19.84
187,700.9999999999999,59,42,262,91,36,705,173.23999999999998,11.881355932203387
188,1847.62,43,31,478,98,60,696,451.4000000000001,42.96790697674418
189,801.9900000000001,38,35,149,59,79,692,86.46000000000001,21.105000000000004
190,696.2799999999999,23,17,206,76,101,669,137.98000000000002,30.273043478260863
191,552.85,34,24,182,70,23,708,149.3,16.26029411764706
192,3778.0800000000017,95,79,494,116,46,710,570.68,39.769263157894756
193,4814.660000000002,136,67,501,113,32,694,585.8,35.40191176470589
194,1882.8100000000006,73,49,473,133,37,710,285.44999999999993,25.791917808219186
195,4166.720000000001,91,57,715,146,47,711,1134.9899999999998,45.78813186813188
196,5261.190000000002,186,82,1096,153,68,711,1291.6699999999998,28.285967741935497
197,1929.2300000000005,55,43,266,83,79,710,213.91,35.0769090909091
198,8659.170000000006,461,86,1777,194,80,709,1842.0999999999997,18.783449023861184
199,667.97,54,43,165,65,71,701,132.16,12.369814814814815
200,1166.6300000000003,80,35,332,109,21,710,172.22999999999996,14.582875000000005
201,1435.1699999999998,48,29,288,87,118,704,363.64,29.899374999999996
202,964.8799999999997,37,27,240,97,57,696,161.38,26.07783783783783
203,908.8300000000002,42,30,270,90,107,710,130.64999999999998,21.638809523809527
204,929.2700000000002,57,39,311,91,92,706,237.36000000000007,16.302982456140356
205,3749.6400000000003,106,56,633,148,65,708,492.5299999999999,35.37396226415095
206,386.6,15,9,124,63,60,655,77.12,25.773333333333333
207,995.72,21,19,311,100,63,653,120.55000000000001,47.415238095238095
208,4296.330000000002,140,80,484,121,49,701,1350.1299999999997,30.68807142857144
209,6876.560000000002,196,80,921,143,95,710,1344.1200000000001,35.08448979591838
210,3772.560000000001,147,78,839,153,18,708,954.0200000000002,25.66367346938776
211,2244.0600000000004,112,70,334,90,91,710,383.1400000000001,20.036250000000003
212,3052.660000000001,109,73,864,165,1,697,458.13999999999993,28.00605504587157
213,606.5000000000001,9,8,210,77,80,675,83.64000000000001,67.3888888888889
214,2657.910000000001,86,72,464,117,113,704,524.87,30.905930232558152
215,1672.6600000000003,142,72,479,124,62,711,316.65999999999997,11.77929577464789
216,2624.5,120,70,369,123,3,711,305.87,21.870833333333334
217,2435.1200000000003,65,47,473,135,58,691,576.35,37.46338461538462
218,9211.720000000005,164,79,1116,169,109,711,1042.54,56.16902439024393
219,11884.790000000015,228,89,1405,193,60,709,1469.8799999999999,52.12627192982463
220,2525.24,91,62,491,127,38,679,508.0799999999999,27.749890109890107
221,2879.29,79,65,663,102,97,695,693.0199999999999,36.44670886075949
222,5897.9000000000015,130,76,902,146,45,709,682.53,45.36846153846155
223,2738.9800000000005,118,61,593,133,11,698,481.69,23.211694915254242
224,1600.8000000000002,56,35,429,106,48,706,517.2099999999999,28.58571428571429
225,729.8199999999999,44,34,207,84,53,674,116.11,16.58681818181818
226,1205.0600000000002,50,35,291,91,16,668,275.44000000000005,24.101200000000002
227,1390.2499999999993,135,82,288,41,55,705,709.4099999999997,10.298148148148144
228,2404.8100000000004,87,58,569,133,80,707,530.2700000000001,27.641494252873567
229,1004.89,40,33,226,91,36,692,342.81,25.12225
230,4521.010000000001,168,79,992,138,102,711,1057.78,26.910773809523818
231,325.68000000000006,9,7,91,47,29,453,111.17000000000002,36.186666666666675
232,12695.57,631,82,1931,209,73,672,2254.86,20.119762282091916
233,645.3900000000001,15,14,109,52,106,696,112.12,43.026
234,260.64,19,14,110,47,76,696,51.35,13.717894736842105
235,12156.64,200,88,1466,196,11,708,1192.29,60.783199999999994
236,1591.7800000000002,47,37,428,121,49,708,451.36999999999995,33.86765957446809
237,549.59,6,6,148,68,114,654,78.42999999999999,91.59833333333334
238,693.4000000000001,28,22,169,82,29,652,90.19999999999999,24.764285714285716
239,4671.200000000001,264,98,1226,175,27,711,1135.6799999999998,17.693939393939395
240,365.60999999999996,31,17,96,59,2,704,140.23,11.793870967741935
241,199.72999999999996,16,12,56,37,106,672,40.14,12.483124999999998
242,5231.800000000002,87,62,946,161,74,711,724.5899999999998,60.13563218390807
243,8074.120000000006,250,89,1078,188,59,710,847.4799999999998,32.296480000000024
244,1698.9500000000003,41,39,422,91,49,677,251.78,41.43780487804879
245,1396.4499999999998,48,39,310,84,5,684,402.62999999999994,29.09270833333333
246,847.25,47,38,238,89,30,692,141.85999999999999,18.02659574468085
247,1243.06,59,35,321,102,74,704,167.75999999999996,21.068813559322034
248,6039.010000000004,57,41,1514,166,29,704,2136.07,105.94754385964919
249,2823.230000000001,137,69,589,142,79,704,544.3499999999999,20.60751824817519
250,5991.840000000004,121,81,521,123,108,706,802.8399999999998,49.51933884297524
251,2268.51,83,54,546,126,26,703,481.5199999999999,27.331445783132533
252,93.78,9,9,27,15,112,665,8.469999999999999,10.42
253,10993.710000000012,385,92,1746,174,19,710,3333.4100000000003,28.55509090909094
254,442.13999999999993,43,37,146,66,17,708,69.64999999999999,10.282325581395348
255,672.09,18,17,141,58,2,697,158.64000000000001,37.33833333333334
256,9850.350000000011,125,82,918,161,33,711,1153.3099999999997,78.80280000000009
257,2689.9900000000002,122,63,574,117,57,698,690.6299999999999,22.04909836065574
258,2631.1100000000006,211,84,962,156,43,710,721.8699999999999,12.46971563981043
259,1158.3300000000002,54,42,193,87,11,694,119.55,21.450555555555557
260,425.03999999999996,30,25,156,73,112,699,51.25,14.168
261,1241.8700000000001,44,28,216,84,108,650,124.35999999999997,28.224318181818184
262,4802.270000000002,218,69,931,160,100,697,810.7900000000004,22.028761467889918
263,5870.330000000002,325,88,815,153,95,708,1086.33,18.06255384615385
264,1783.0700000000002,61,51,439,87,56,680,375.75,29.23065573770492
265,1881.7599999999998,53,34,485,134,115,710,427.6,35.504905660377354
266,3130.2200000000007,59,45,505,109,79,697,441.6,53.054576271186455
267,385.56,26,22,37,22,46,675,37.45000000000001,14.829230769230769
268,809.2099999999999,30,19,289,94,109,676,206.52999999999997,26.973666666666663
269,1764.76,84,46,263,100,99,707,260.74,21.009047619047617
270,923.46,41,27,178,78,103,708,277.46,22.52341463414634
271,1375.52,98,59,224,93,2,704,247.77,14.03591836734694
272,401.62000000000006,7,7,123,62,79,457,75.57000000000001,57.374285714285726
273,2500.86,127,63,500,132,17,710,292.8200000000001,19.691811023622048
274,120.07,15,12,65,33,77,674,14.689999999999998,8.004666666666667
275,6284.9900000000025,321,87,708,134,100,711,1159.92,19.579408099688482
276,5758.710000000001,173,74,836,154,75,709,1227.8400000000001,33.28734104046244
277,754.05,31,21,175,62,36,694,260.49000000000007,24.324193548387097
278,2053.56,84,58,450,108,45,706,361.26,24.447142857142858
279,1816.62,53,35,358,118,77,655,422.22999999999996,34.275849056603775
280,2375.8600000000006,105,66,399,113,11,708,625.07,22.627238095238102
281,1495.08,79,62,264,86,17,706,398.41999999999996,18.92506329113924
282,4162.560000000003,110,71,722,152,61,711,604.6,37.841454545454575
283,6023.370000000004,78,57,1089,170,40,700,955.8099999999997,77.22269230769237
284,534.98,21,17,144,62,95,705,64.56999999999998,25.475238095238097
285,4227.640000000002,202,85,816,133,76,710,939.5799999999998,20.92891089108912
286,1245.2399999999998,41,32,194,88,65,711,130.54000000000002,30.371707317073167
287,3229.2800000000007,271,95,797,152,6,709,513.76,11.916162361623618
288,3114.7700000000013,92,58,623,144,108,709,326.51000000000005,33.85619565217393
289,5970.470000000001,183,71,830,153,114,698,611.5500000000001,32.62551912568307
290,5524.340000000002,290,74,907,142,82,710,1084.55,19.049448275862076
291,2474.4900000000007,61,35,510,108,105,688,499.55999999999995,40.565409836065584
292,977.0700000000002,83,46,282,102,115,704,218.77,11.771927710843375
293,3957.660000000002,108,61,775,153,3,694,742.25,36.64500000000002
294,5411.360000000003,269,96,1025,151,6,710,1573.2699999999998,20.11657992565057
295,149.31,5,5,40,23,81,711,84.78,29.862000000000002
296,149.25,12,9,35,30,107,697,15.110000000000003,12.4375
297,3535.6200000000017,114,55,751,149,79,698,638.3000000000001,31.014210526315804
298,224.86,7,4,109,56,60,292,52.25,32.12285714285714
299,242.24000000000004,11,11,25,13,108,710,11.24,22.021818181818187
300,4974.310000000001,107,58,990,149,69,685,901.17,46.48887850467291
301,7211.680000000005,81,60,1273,163,26,711,1216.94,89.03308641975315
302,1797.53,95,58,403,116,98,691,224.35,18.92136842105263
303,4879.670000000002,199,77,956,156,115,711,1302.4099999999996,24.520954773869356
304,8586.280000000002,304,98,1711,187,2,711,1792.5900000000001,28.244342105263165
305,3827.020000000001,141,77,489,134,30,709,661.63,27.141985815602844
306,5716.730000000001,185,76,1131,166,100,711,2026.3,30.90124324324325
307,2582.030000000001,415,97,336,71,36,710,542.86,6.221759036144581
308,2465.260000000001,83,50,463,135,14,710,228.49999999999997,29.701927710843385
309,2325.59,22,21,292,77,33,624,471.89,105.70863636363637
310,184.01999999999998,9,4,48,31,79,706,24.650000000000002,20.446666666666665
311,1351.13,51,36,337,120,27,709,150.9,26.49274509803922
312,2578.050000000001,40,36,555,146,88,696,470.08000000000004,64.45125000000003
313,92.54000000000002,4,2,37,26,51,86,17.33,23.135000000000005
314,3004.0099999999998,41,31,556,126,11,707,462.75,73.26853658536585
315,182.19,11,10,54,35,3,627,33.1,16.562727272727273
316,1037.7800000000002,53,34,330,96,69,711,198.63,19.580754716981136
317,6083.300000000003,61,53,906,160,34,710,996.02,99.72622950819677
318,1242.25,92,58,244,88,68,711,176.97,13.502717391304348
319,3758.5000000000014,109,64,853,152,24,690,836.1799999999998,34.4816513761468
320,497.40999999999997,19,16,135,69,88,689,58.87,26.179473684210524
321,5935.660000000004,106,67,816,156,60,690,1296.4299999999998,55.99679245283023
322,2418.8800000000006,71,41,680,149,103,708,336.39,34.06873239436621
323,156.98999999999998,14,12,52,29,39,711,23.68,11.213571428571427
324,8554.870000000004,150,76,1173,179,48,711,907.8999999999996,57.03246666666669
325,2850.5800000000004,75,55,757,139,71,698,1100.6,38.00773333333334
326,739.72,26,17,123,56,108,711,169.91,28.450769230769232
327,226.71,27,17,99,49,62,671,46.60000000000001,8.396666666666667
328,17332.129999999986,239,90,2054,229,66,708,1937.1600000000003,72.51937238493718
329,3026.710000000001,146,88,586,138,79,706,253.54,20.73089041095891
330,1679.3799999999999,189,65,335,106,83,686,246.39999999999998,8.885608465608465
331,1273.2999999999997,65,39,294,98,112,691,155.56,19.589230769230767
332,5519.020000000001,118,73,1419,185,7,707,1196.9799999999998,46.7713559322034
333,1248.81,39,30,303,98,49,678,372.41999999999996,32.02076923076923
334,4827.8,466,90,984,154,28,711,1439.2299999999996,10.360085836909871
335,2822.1800000000017,147,74,475,130,27,706,239.00000000000003,19.198503401360554
336,3089.7400000000007,120,47,448,118,111,687,346.95,25.74783333333334
337,933.5899999999999,61,43,172,52,78,699,302.94,15.304754098360654
338,2690.9700000000007,154,64,563,142,153,709,535.4400000000002,17.473831168831172
339,1668.92,67,48,529,117,90,696,619.0799999999999,24.909253731343284
340,1057.56,29,19,273,91,8,627,212.16999999999996,36.46758620689655
341,393.5000000000001,30,23,140,48,106,637,102.33,13.11666666666667
342,2125.51,48,35,544,116,101,703,432.78999999999996,44.28145833333334
343,1650.6400000000003,67,54,347,108,4,705,230.20999999999998,24.636417910447765
344,2237.91,48,36,497,137,92,711,375.46,46.623124999999995
345,5741.079999999999,182,92,1344,165,27,711,1744.63,31.5443956043956
346,5351.4100000000035,124,75,541,127,87,706,893.4999999999999,43.156532258064544
347,540.76,15,11,106,61,3,669,51.22999999999999,36.050666666666665
348,2961.830000000001,126,44,760,137,112,709,653.0499999999998,23.50658730158731
349,869.1600000000001,34,26,235,97,103,706,123.57000000000002,25.56352941176471
350,3083.2500000000005,103,62,473,140,21,710,288.24,29.93446601941748
351,7659.6700000000055,296,86,909,162,94,709,1694.4099999999999,25.877263513513533
352,178.7,6,5,53,35,86,694,16.97,29.78333333333333
353,3799.200000000002,125,63,863,186,118,700,575.98,30.393600000000017
354,8729.87000000001,157,81,1601,181,83,709,1420.1499999999999,55.60426751592363
355,340.34000000000003,7,5,66,36,81,371,69.52000000000001,48.620000000000005
356,2837.330000000001,234,68,393,102,85,707,281.53000000000003,12.125341880341884
357,1704.2700000000002,22,20,537,116,103,696,547.52,77.4668181818182
358,12729.340000000017,371,85,1749,204,89,711,1528.7299999999996,34.31088948787067
359,172.85000000000005,2,2,70,45,34,54,29.680000000000003,86.42500000000003
360,447.6,37,27,163,71,105,710,67.69,12.097297297297297
361,8747.100000000002,217,92,1613,206,4,711,2050.3499999999995,40.30921658986176
362,2987.4900000000007,91,78,543,121,13,706,433.85999999999996,32.829560439560446
363,52.400000000000006,4,4,22,14,94,581,26.48,13.100000000000001
364,2566.9200000000005,86,57,592,119,4,705,533.0699999999999,29.84790697674419
365,7048.430000000003,170,83,714,156,9,697,936.0400000000002,41.461352941176486
366,615.78,48,33,261,78,82,675,190.58,12.82875
367,7186.370000000004,114,88,1102,173,30,708,2705.140000000001,63.03833333333337
368,1346.4600000000003,53,35,232,90,21,693,238.52,25.404905660377363
369,1034.9500000000003,35,25,298,96,76,709,149.77999999999997,29.570000000000007
370,3386.7800000000007,133,42,646,149,77,556,516.8100000000001,25.464511278195495
371,15716.539999999997,161,87,2079,206,62,711,2735.8800000000015,97.6182608695652
372,440.4200000000001,10,9,147,57,8,496,103.62,44.04200000000001
373,96.91000000000001,13,11,42,26,108,708,18.48,7.454615384615385
374,7099.560000000007,163,81,869,167,33,705,724.34,43.55558282208593
375,203.94000000000003,24,23,58,35,95,696,76.99,8.4975
376,4714.620000000004,493,93,746,140,62,710,638.7800000000002,9.56312373225153
377,3166.4500000000016,133,70,628,128,101,711,580.3700000000001,23.80789473684212
378,4715.420000000002,325,94,704,157,61,708,670.7699999999999,14.508984615384621
379,55.64,2,2,24,10,118,707,6.38,27.82
380,7726.440000000006,129,86,999,130,94,711,1562.0899999999997,59.89488372093028
381,3120.7900000000004,93,60,782,160,5,699,472.3399999999999,33.55688172043011
382,694.7,34,24,145,76,55,675,70.71,20.43235294117647
383,5763.440000000004,150,77,629,144,75,693,917.2499999999999,38.42293333333336
384,3914.8400000000015,80,54,777,156,105,706,577.1999999999999,48.93550000000002
385,2929.7200000000003,41,28,562,129,36,701,551.0199999999999,71.45658536585367
386,4676.430000000002,281,80,1174,160,39,710,1263.7100000000003,16.64209964412812
387,5697.250000000004,131,64,928,172,97,704,782.0199999999999,43.4904580152672
388,1286.54,58,49,389,80,103,708,505.36999999999995,22.181724137931035
389,14880.920000000006,271,85,1698,182,108,710,3389.120000000001,54.91114391143913
390,1806.0199999999998,108,68,370,119,80,709,264.03000000000003,16.722407407407406
391,1412.64,49,24,334,96,85,613,197.88000000000002,28.829387755102044
392,11443.970000000016,104,73,1236,176,75,709,868.8699999999998,110.03817307692323
393,3895.2400000000016,180,76,1092,153,57,711,878.4899999999998,21.64022222222223
394,1565.8900000000003,65,50,393,134,34,710,154.60000000000005,24.09061538461539
395,872.9100000000001,68,52,216,78,42,710,234.07999999999998,12.836911764705883
396,1790.73,107,63,351,113,108,705,330.02000000000004,16.735794392523363
397,6161.9900000000025,248,82,909,154,104,706,909.9300000000001,24.846733870967753
398,2092.6000000000004,125,58,568,119,110,701,418.28000000000003,16.740800000000004
399,978.48,17,15,221,98,113,663,146.18,57.557647058823534
400,18494.139999999978,310,85,2390,212,109,711,1910.19,59.658516129032186
401,2538.880000000001,96,49,666,150,7,706,496.40999999999997,26.446666666666676
402,2233.8400000000006,80,49,388,104,62,705,298.42,27.92300000000001
403,914.56,46,38,159,73,40,642,253.09999999999997,19.88173913043478
404,6107.180000000005,240,98,900,154,11,709,636.5600000000001,25.446583333333354
405,3652.9700000000007,98,69,539,121,33,706,801.1399999999998,37.27520408163266
406,1776.6500000000008,45,28,362,113,83,711,173.51,39.481111111111126
407,696.3799999999999,52,23,109,50,95,710,368.41999999999996,13.391923076923074
408,2470.9900000000002,56,42,491,125,80,698,365.23,44.12482142857143
409,4499.850000000001,135,75,1023,157,22,709,1477.5300000000002,33.332222222222235
410,1148.4199999999998,129,67,325,93,17,711,453.22999999999996,8.902480620155037
411,6697.210000000004,158,66,826,154,89,705,1088.58,42.38740506329116
412,2426.2999999999997,112,68,697,137,83,711,712.1799999999997,21.663392857142856
413,5963.780000000003,284,90,545,145,37,702,561.01,20.99922535211269
414,2488.6500000000005,153,67,593,139,27,704,446.81999999999994,16.265686274509807
415,514.6300000000001,16,13,77,42,117,694,64.79,32.16437500000001
416,2177.040000000001,29,24,578,138,68,575,389.89000000000004,75.07034482758624
417,3012.960000000001,84,52,840,172,105,703,614.4599999999999,35.86857142857144
418,6960.960000000006,256,85,1027,179,91,711,947.9699999999998,27.191250000000025
419,1696.6100000000001,46,32,298,107,80,641,493.75,36.88282608695653
420,2130.5800000000004,99,53,605,139,26,711,332.5100000000001,21.521010101010106
421,6013.040000000003,194,80,1148,178,80,705,1692.5300000000002,30.995051546391768
422,983.3199999999999,20,15,296,93,98,711,373.92999999999995,49.166
423,230.85,14,10,101,48,78,589,97.28,16.489285714285714
424,2441.790000000001,24,21,455,128,103,687,274.30999999999995,101.74125000000004
425,5543.91,151,79,1005,129,29,710,1419.8799999999997,36.714635761589406
426,7860.850000000005,228,83,907,152,102,710,1288.2299999999998,34.47741228070178
427,1073.01,53,32,208,89,9,710,120.30999999999999,20.245471698113207
428,3361.43,95,63,833,121,68,693,706.7900000000001,35.38347368421052
429,542.89,43,33,140,61,108,709,239.70999999999995,12.625348837209302
430,2377.09,107,50,557,140,103,706,435.86999999999995,22.215794392523367
431,531.6700000000001,36,29,127,54,92,710,129.76,14.768611111111113
432,3486.55,257,89,705,149,3,711,483.41999999999996,13.566342412451363
433,949.8199999999999,76,56,221,82,12,696,100.69000000000001,12.497631578947368
434,3778.7500000000014,117,75,761,142,74,708,691.1899999999998,32.29700854700856
435,1817.2199999999998,93,44,155,56,77,711,1137.7300000000002,19.54
436,2318.7400000000002,30,28,491,128,117,697,311.44,77.29133333333334
437,5915.730000000003,90,58,986,169,9,708,1150.35,65.73033333333336
438,4456.520000000001,67,47,685,155,103,704,996.5200000000001,66.51522388059703
439,568.2100000000003,38,23,129,55,102,711,46.50000000000001,14.952894736842111
440,83.88,6,3,26,20,113,489,10.07,13.979999999999999
441,2369.9,76,68,240,90,116,709,289.82000000000005,31.182894736842105
442,3094.710000000001,214,51,632,157,77,711,580.92,14.461261682242995
443,2644.2099999999996,103,64,477,115,70,711,750.5000000000001,25.671941747572813
444,1261.6200000000003,44,28,354,102,68,571,165.29,28.673181818181828
445,2696.5000000000005,232,72,483,137,72,636,415.82,11.622844827586208
446,212.04999999999995,30,24,56,41,111,702,8.17,7.068333333333332
447,1670.44,136,57,366,115,48,709,318.29999999999995,12.28264705882353
448,493.37,45,35,95,55,29,706,53.22,10.963777777777779
449,827.4399999999999,34,27,200,78,99,705,132.32000000000005,24.336470588235294
450,1540.4500000000003,65,53,277,99,110,695,402.23,23.699230769230773
451,2376.28,161,76,438,130,10,711,334.28000000000003,14.759503105590063
452,786.9900000000001,26,18,261,90,109,691,356.5,30.26884615384616
453,742.95,34,27,176,85,77,709,82.99,21.851470588235294
454,8215.930000000006,356,95,1352,160,10,710,2608.6499999999996,23.07845505617979
455,1253.4,25,17,270,90,63,707,135.51999999999998,50.136
456,6314.030000000003,94,70,1023,175,23,701,922.5600000000002,67.17053191489366
457,718.0,78,42,277,95,76,694,144.98,9.205128205128204
458,1685.6400000000003,127,71,445,120,115,709,786.3399999999999,13.272755905511813
459,1194.94,67,56,142,57,39,704,96.75999999999999,17.83492537313433
460,760.4499999999999,113,62,220,86,79,707,150.00000000000003,6.729646017699115
461,664.8000000000001,39,29,221,79,76,684,196.44000000000003,17.04615384615385
462,1510.6299999999999,97,65,440,125,50,706,271.52,15.573505154639173
463,5803.300000000003,587,89,544,127,93,711,1248.3,9.88637137989779
464,3590.490000000001,173,82,858,133,65,709,1427.5699999999995,20.754277456647404
465,382.55000000000007,44,35,157,70,76,696,66.42,8.694318181818183
466,423.32,17,15,110,56,99,670,57.11000000000001,24.901176470588236
467,2642.9900000000007,145,68,651,149,8,706,540.02,18.227517241379314
468,5835.680000000003,334,91,1042,166,54,711,933.6899999999998,17.472095808383244
469,7748.490000000007,165,74,1299,180,46,698,1302.0799999999997,46.960545454545496
470,2305.0000000000005,156,91,337,82,11,707,159.82000000000002,14.775641025641029
471,1530.1200000000001,51,34,358,122,57,710,380.8500000000001,30.002352941176472
472,8295.580000000007,96,59,1308,175,48,663,1373.51,86.41229166666675
473,3208.7100000000014,70,50,507,120,81,709,683.2099999999999,45.8387142857143
474,2102.3599999999997,36,25,590,105,4,711,592.3699999999999,58.39888888888888
475,1525.0200000000007,41,36,447,130,40,709,274.3499999999999,37.195609756097575
476,1551.2700000000004,29,22,403,79,32,645,241.28999999999996,53.492068965517255
477,812.2799999999999,65,38,261,102,53,694,163.65999999999997,12.496615384615382
478,286.02000000000004,20,16,42,26,111,676,29.230000000000008,14.301000000000002
479,1773.3000000000002,185,53,546,138,94,704,415.42000000000013,9.585405405405407
480,3646.3900000000012,92,55,783,162,2,673,772.7699999999999,39.63467391304349
481,2055.9200000000005,49,33,535,127,32,685,433.12,41.957551020408175
482,1848.5200000000004,61,39,522,119,73,710,418.30000000000007,30.303606557377055
483,2718.9900000000007,98,64,612,134,31,710,824.73,27.744795918367355
484,2964.510000000001,137,71,778,142,32,706,519.11,21.6387591240876
485,5431.010000000002,162,77,728,138,117,710,1510.59,33.524753086419764
486,922.3900000000001,29,16,379,90,100,694,128.97,31.806551724137936
487,133.68,9,9,39,26,101,669,22.04,14.853333333333333
488,406.9599999999999,20,16,138,62,69,661,48.27,20.347999999999995
489,5866.5599999999995,212,77,886,161,87,711,780.0,27.67245283018868
490,3886.870000000001,80,49,748,131,34,692,1576.35,48.58587500000001
491,4835.710000000003,124,70,773,155,67,709,538.9200000000001,38.997661290322604
492,7148.280000000005,117,69,972,159,118,633,1534.8699999999997,61.0964102564103
493,4925.56,196,75,677,149,75,708,782.6100000000001,25.130408163265308
494,8.17,1,1,4,4,94,94,0.25,8.17
495,3050.520000000001,73,52,609,141,61,682,1072.9399999999998,41.78794520547947
496,648.4,13,10,114,54,114,652,106.11999999999999,49.87692307692308
497,766.4000000000002,63,38,276,78,108,703,168.59000000000003,12.165079365079368
498,904.1800000000005,58,33,297,103,49,710,143.52999999999997,15.589310344827595
499,753.3600000000001,70,20,225,81,40,544,119.88000000000002,10.762285714285715
500,84.82,5,4,33,19,18,453,6.78,16.964
501,478.12999999999994,22,16,134,65,43,695,118.80000000000001,21.733181818181816
502,2298.84,57,35,589,122,113,702,469.47999999999985,40.33052631578948
503,4723.800000000004,151,77,1181,189,91,710,794.4099999999999,31.283443708609298
504,516.3399999999999,7,7,193,77,30,620,158.15,73.76285714285713
505,188.54,18,16,43,24,115,704,49.19,10.474444444444444
506,1254.1699999999998,32,24,340,111,52,710,164.90000000000003,39.192812499999995
507,1455.43,66,49,388,99,69,692,340.5300000000001,22.0519696969697
508,1190.5100000000002,55,38,290,93,113,692,250.88999999999996,21.645636363636367
509,277.14000000000004,16,14,51,34,29,567,19.410000000000004,17.321250000000003
510,7903.360000000004,346,88,1667,191,84,707,1241.6399999999996,22.842080924855505
511,5425.530000000002,373,97,637,118,22,711,1187.0699999999997,14.54565683646113
512,1114.44,25,18,341,93,96,706,290.36999999999995,44.577600000000004
513,12130.010000000006,161,92,901,157,21,705,2733.1700000000005,75.34167701863358
514,2339.2700000000004,66,53,339,100,91,699,247.12000000000003,35.44348484848486
515,1826.7300000000005,47,34,552,119,63,710,386.32,38.86659574468086
516,295.23,17,15,81,44,82,706,33.28,17.366470588235295
517,3742.8900000000017,105,62,918,158,71,704,559.46,35.64657142857144
518,4926.370000000002,153,79,1074,169,90,706,1267.13,32.19849673202616
519,819.13,32,28,256,105,7,659,234.91,25.5978125
520,2071.15,112,65,494,119,64,711,607.47,18.492410714285715
521,858.8,53,40,239,98,22,694,105.84,16.203773584905658
522,29.340000000000003,3,3,8,5,77,491,0.29,9.780000000000001
523,5731.870000000004,277,67,796,156,82,710,646.08,20.69267148014442
524,1984.5800000000004,72,52,441,113,116,694,679.7199999999999,27.563611111111115
525,902.7700000000001,40,31,242,92,109,684,184.41999999999996,22.569250000000004
526,4574.920000000002,183,78,967,168,101,707,614.2299999999999,24.999562841530064
527,3581.520000000001,130,84,410,107,109,708,733.8499999999999,27.550153846153854
528,373.83000000000004,17,14,125,64,5,705,40.0,21.990000000000002
529,1831.1400000000003,56,40,511,114,6,693,390.74,32.698928571428574
530,1476.22,53,38,377,129,47,691,170.54999999999998,27.853207547169813
531,1060.64,40,29,231,86,114,711,325.6699999999999,26.516000000000002
532,401.88000000000005,23,11,102,54,115,649,38.699999999999996,17.473043478260873
533,2792.870000000001,64,47,576,128,53,692,520.6999999999999,43.63859375000001
534,1315.4400000000003,465,86,440,108,111,709,179.10999999999996,2.828903225806452
535,1308.76,34,25,311,104,53,632,542.7099999999999,38.49294117647059
536,1557.1299999999999,87,57,500,113,7,709,452.4999999999999,17.898045977011492
537,1411.2500000000005,45,31,322,94,116,674,198.05,31.36111111111112
538,4382.210000000002,69,51,777,163,54,704,555.7099999999999,63.51028985507249
539,1269.0900000000001,65,31,208,86,55,711,324.55999999999995,19.52446153846154
540,3280.730000000002,93,55,503,142,125,707,450.61999999999995,35.276666666666685
541,1784.1899999999996,47,36,470,112,51,691,388.37999999999994,37.96148936170212
542,2313.5199999999995,123,74,595,133,56,692,546.74,18.809105691056907
543,3697.549999999999,104,82,394,80,67,711,477.04999999999984,35.553365384615375
544,1594.8500000000004,131,52,528,122,24,684,305.9599999999999,12.174427480916034
545,2660.2800000000007,56,50,694,151,91,708,481.08000000000004,47.50500000000001
546,3339.0000000000005,122,64,381,98,106,633,847.8499999999998,27.3688524590164
547,1676.76,55,34,548,118,93,705,370.3299999999999,30.486545454545453
548,4255.830000000001,93,64,939,166,87,684,891.6199999999999,45.76161290322582
549,2299.3500000000013,98,30,343,91,116,710,369.95000000000005,23.46275510204083
550,854.9099999999999,39,31,206,82,44,711,194.57999999999998,21.920769230769228
551,853.65,52,41,216,88,12,699,239.76000000000002,16.416346153846153
552,2289.4700000000003,44,36,539,94,52,704,682.36,52.033409090909096
553,7259.0900000000065,265,87,1460,200,95,711,1137.8999999999999,27.392792452830214
554,1524.33,21,17,396,121,53,695,175.78999999999996,72.58714285714285
555,561.03,21,16,108,55,44,601,63.14,26.715714285714284
556,693.86,15,13,147,69,28,668,129.13,46.257333333333335
557,718.46,29,26,222,103,49,683,115.73,24.774482758620692
558,2426.3500000000004,115,62,493,107,108,704,370.1500000000001,21.098695652173916
559,249.34,27,18,80,48,78,489,140.88,9.234814814814815
560,7290.900000000008,326,100,1378,191,15,711,1001.1499999999997,22.364723926380393
561,1404.3600000000006,26,22,285,99,51,701,276.84999999999997,54.013846153846174
562,3178.1100000000006,79,60,475,136,34,695,610.9599999999999,40.22924050632912
563,2488.77,72,43,614,152,64,707,432.8400000000001,34.56625
564,842.4499999999999,52,40,228,101,68,709,114.36,16.200961538461538
565,498.05999999999995,21,19,122,58,78,707,47.04,23.717142857142854
566,1218.0800000000002,146,45,345,110,82,711,218.72000000000003,8.343013698630138
567,3134.9,254,91,612,136,33,711,611.3299999999999,12.342125984251968
568,8612.850000000006,180,71,1382,160,4,710,1296.6999999999998,47.8491666666667
569,6749.190000000004,102,66,962,184,67,710,497.21,66.16852941176475
570,1400.11,35,27,303,103,90,711,438.64000000000016,40.003142857142855
571,1114.16,16,14,271,101,30,605,124.56,69.635
572,903.1500000000003,45,9,282,95,90,516,175.89,20.070000000000007
573,3111.5500000000006,102,67,532,146,96,696,490.2,30.50539215686275
574,6753.54,120,79,1132,147,88,711,2262.65,56.2795
575,11771.130000000014,356,100,1665,200,4,711,1706.1100000000001,33.0649719101124
576,3750.1200000000017,167,70,718,168,47,679,505.90000000000003,22.455808383233542
577,4399.530000000003,39,34,807,171,113,707,506.5799999999998,112.80846153846163
578,2996.690000000001,117,64,696,156,90,704,450.6300000000001,25.61273504273505
579,435.26000000000005,23,22,111,48,61,705,185.57999999999998,18.924347826086958
580,1337.6999999999998,98,70,173,68,42,706,180.18999999999997,13.649999999999999
581,5060.440000000003,146,64,936,157,50,700,1257.0100000000002,34.6605479452055
582,5137.740000000002,142,73,822,163,100,709,707.31,36.18126760563381
583,3063.3400000000006,156,65,629,143,33,690,499.08,19.636794871794876
584,1098.2999999999997,56,30,167,70,86,535,108.26999999999998,19.612499999999994
585,805.07,42,31,235,81,4,690,285.72999999999996,19.168333333333333
586,5822.640000000001,211,85,1063,156,52,711,879.69,27.59545023696683
587,247.93,27,21,92,50,56,711,59.41,9.182592592592593
588,9540.540000000012,262,85,1456,189,28,710,1326.6799999999998,36.414274809160354
589,298.96999999999997,17,14,93,53,83,692,72.85999999999999,17.586470588235294
590,3338.410000000001,134,57,589,131,30,708,683.2600000000002,24.913507462686578
591,13534.930000000022,325,88,1733,197,51,711,2228.47,41.64593846153853
592,660.79,34,29,220,92,30,658,162.58000000000004,19.435
593,646.4000000000001,57,40,226,95,3,691,116.97999999999999,11.340350877192984
594,2421.39,104,53,600,131,98,705,765.3399999999998,23.282596153846153
595,2373.7400000000007,146,75,676,142,68,709,577.3,16.258493150684938
596,2996.3700000000017,113,69,456,125,53,711,345.12,26.516548672566387
597,3826.2500000000014,100,59,984,153,40,708,667.4899999999999,38.26250000000002
598,3354.900000000001,213,84,551,134,60,710,555.7099999999999,15.750704225352118
599,357.78,5,5,116,63,45,644,37.25,71.556
600,5520.300000000002,166,66,766,154,55,711,1565.0100000000002,33.254819277108446
601,5241.270000000003,79,55,880,155,42,710,778.3499999999999,66.34518987341777
602,1850.0700000000002,53,28,347,99,37,677,284.89,34.90698113207547
603,3219.5000000000005,182,65,760,143,30,710,624.92,17.68956043956044
604,2311.65,56,50,356,106,11,711,290.54999999999995,41.27946428571429
605,5856.380000000002,128,67,948,155,49,708,966.53,45.752968750000015
606,3323.1200000000003,97,62,762,151,39,708,465.0099999999999,34.25896907216495
607,3203.010000000001,216,53,738,141,46,706,1127.3100000000002,14.828750000000005
608,5148.980000000003,217,84,795,159,96,711,663.8699999999999,23.728018433179738
609,1665.89,162,73,421,102,26,711,379.81,10.283271604938273
610,573.06,24,18,212,67,108,676,148.60999999999999,23.877499999999998
611,2316.2400000000002,73,51,393,111,82,709,579.97,31.729315068493154
612,3978.7200000000016,144,73,635,119,88,711,675.9800000000002,27.63000000000001
613,347.31000000000006,11,8,141,63,18,700,108.50000000000001,31.573636363636368
614,2757.24,122,70,511,105,5,708,630.73,22.600327868852457
615,346.4,24,21,95,59,217,698,94.99000000000001,14.433333333333332
616,476.14,10,9,209,75,29,702,164.92000000000002,47.614
617,1315.5399999999997,27,25,363,116,20,692,232.09000000000003,48.72370370370369
618,7343.870000000001,544,82,1039,166,117,710,1019.0299999999999,13.499761029411767
619,168.98,5,5,50,38,58,605,37.629999999999995,33.796
620,304.98,19,16,99,56,102,571,58.08,16.051578947368423
621,3179.1499999999996,142,74,452,103,93,710,435.99000000000007,22.38838028169014
622,2384.3700000000003,147,71,525,129,118,710,373.32000000000005,16.220204081632655
623,3899.1600000000017,124,63,579,135,109,711,951.9299999999998,31.444838709677434
624,6003.470000000002,160,78,956,143,26,705,1573.6099999999997,37.52168750000001
625,1233.9200000000003,34,30,395,113,110,709,360.74,36.291764705882365
626,649.3300000000002,25,20,260,68,12,699,128.6,25.973200000000006
627,1785.46,45,33,318,106,86,707,174.09,39.67688888888889
628,1147.99,18,17,267,104,20,707,151.92000000000002,63.77722222222222
629,377.49,27,25,119,69,14,630,65.0,13.981111111111112
630,7746.270000000001,206,90,811,144,4,711,2805.28,37.60325242718447
631,9277.720000000007,483,97,962,183,29,711,1519.8999999999994,19.208530020703947
632,3370.6800000000003,94,58,815,162,103,709,836.17,35.85829787234043
633,5493.890000000003,167,69,867,152,110,711,1412.9499999999998,32.89754491017966
634,1555.1500000000005,35,25,346,98,65,469,258.36,44.43285714285716
635,362.9,34,24,82,42,33,655,138.8,10.673529411764704
636,9045.170000000002,227,90,1538,183,67,710,2284.51,39.84656387665199
637,2510.0400000000004,113,61,560,127,30,708,676.3799999999999,22.212743362831862
638,8039.2900000000045,164,73,1016,181,117,707,1068.3,49.02006097560978
639,759.8299999999999,79,36,216,76,64,620,130.66000000000003,9.618101265822784
640,2253.25,92,49,589,119,62,680,537.63,24.491847826086957
641,13221.75000000001,355,94,1900,196,30,709,2388.91,37.244366197183126
642,2208.3400000000006,64,45,456,137,40,587,249.81000000000003,34.50531250000001
643,1415.5900000000001,31,26,426,100,86,704,551.64,45.664193548387104
644,3772.030000000003,214,79,807,150,93,710,604.6199999999999,17.626308411214968
645,429.06,49,33,120,63,86,542,96.88,8.756326530612245
646,1691.7199999999998,41,29,538,139,17,690,481.26,41.26146341463414
647,6326.740000000004,129,70,1043,160,62,711,1338.2400000000005,49.04449612403104
648,1910.4,73,52,330,120,58,706,220.64,26.16986301369863
649,1553.4500000000007,55,25,463,128,115,556,340.8399999999999,28.244545454545467
650,1415.65,78,52,374,117,6,695,395.74,18.149358974358975
651,370.53000000000003,8,7,113,54,74,531,116.04000000000002,46.316250000000004
652,1800.0900000000001,48,45,337,97,74,711,253.92999999999998,37.501875000000005
653,10822.550000000005,228,75,1498,196,90,702,1676.4,47.46732456140353
654,2330.0800000000004,146,78,539,119,34,707,517.79,15.959452054794523
655,1991.2900000000004,61,35,536,135,18,710,395.5899999999999,32.64409836065575
656,5040.280000000003,95,55,887,141,53,695,920.69,53.05557894736846
657,119.8,20,19,23,16,77,703,1.7799999999999998,5.99
658,1052.48,49,35,313,102,97,703,250.87,21.47918367346939
659,760.89,32,27,209,79,14,685,137.12,23.7778125
660,7954.280000000007,168,70,1223,166,113,709,1384.0100000000002,47.3469047619048
661,8271.310000000003,394,88,625,129,100,710,788.8700000000002,20.993172588832497
662,1381.73,39,35,211,70,70,693,225.21999999999997,35.42897435897436
663,3199.5300000000007,105,60,841,147,115,709,896.0299999999997,30.47171428571429
664,995.0800000000002,31,27,410,109,117,691,249.52,32.09935483870968
665,715.98,39,28,133,64,32,710,83.61000000000001,18.35846153846154
666,1020.6999999999999,100,57,320,96,83,709,186.45999999999998,10.206999999999999
667,1121.1999999999998,66,43,385,123,105,708,342.03999999999996,16.987878787878785
668,1151.0399999999997,57,45,379,101,86,711,382.49000000000007,20.19368421052631
669,9164.150000000009,119,76,1199,172,25,706,976.9199999999997,77.00966386554629
670,5685.670000000003,192,87,1033,177,29,708,957.0299999999996,29.612864583333348
671,5089.660000000001,127,70,439,113,77,694,720.96,40.07606299212599
672,2731.1500000000005,121,67,635,132,67,710,814.9500000000002,22.57148760330579
673,704.61,50,33,172,65,21,711,125.91999999999999,14.0922
674,4727.5700000000015,139,64,968,151,33,711,816.8299999999997,34.011294964028785
675,4832.380000000002,223,79,490,117,103,711,641.7599999999999,21.669865470852027
676,10741.10000000001,376,86,1348,192,9,708,2029.7200000000003,28.56675531914896
677,1600.9900000000002,45,37,436,133,96,710,237.87999999999997,35.57755555555556
678,459.17,57,33,99,55,89,544,107.40000000000002,8.05561403508772
679,6494.310000000005,262,79,1138,193,18,709,1039.62,24.78744274809162
680,3513.020000000002,96,59,753,134,111,700,942.8199999999997,36.593958333333354
681,2773.19,66,57,319,90,4,711,262.27,42.0180303030303
682,4438.290000000003,217,49,736,160,31,569,1038.3799999999999,20.452949308755773
683,170.06,9,8,60,37,115,597,30.53,18.895555555555557
684,2052.6700000000005,107,65,633,136,36,711,281.75,19.183831775700938
685,6019.770000000002,201,76,893,149,98,708,965.5900000000001,29.94910447761195
686,534.5699999999999,21,15,126,71,106,656,91.78000000000002,25.455714285714283
687,3205.800000000001,69,47,656,121,6,708,783.0,46.46086956521741
688,3207.6100000000015,28,27,707,147,70,692,456.91999999999996,114.55750000000005
689,28.959999999999997,3,3,20,11,115,387,3.84,9.653333333333332
690,4963.140000000002,273,92,793,165,22,710,676.5799999999999,18.180000000000007
691,2511.3300000000004,54,41,540,131,34,704,377.5899999999999,46.50611111111112
692,3891.1400000000012,124,79,467,139,76,710,375.37999999999994,31.38016129032259
693,6378.800000000005,209,81,1294,198,7,696,1122.24,30.52057416267945
694,1756.6400000000003,154,50,264,96,82,711,186.95,11.406753246753249
695,8523.93000000001,226,79,1229,182,115,710,1114.8300000000002,37.716504424778805
696,14715.530000000006,326,84,1805,211,114,708,2451.9099999999994,45.13966257668714
697,2823.590000000001,62,46,644,147,61,699,327.0900000000001,45.541774193548406
698,1204.4900000000002,127,59,432,126,5,709,178.83999999999997,9.484173228346458
699,10353.000000000013,150,78,1152,171,60,706,1239.4400000000003,69.02000000000008
700,2981.0400000000022,39,29,488,126,14,705,567.0199999999999,76.43692307692314
701,2593.560000000001,39,31,479,135,103,702,345.12999999999994,66.50153846153849
702,8205.680000000008,276,88,889,170,77,708,1484.1,29.73072463768119
703,9475.69000000001,219,83,1020,159,71,708,1087.1100000000001,43.267990867579954
704,76.53,9,7,32,20,113,524,18.13,8.503333333333334
705,1385.9300000000003,93,69,274,75,76,693,276.31,14.902473118279573
706,4024.6000000000017,133,75,954,171,20,711,761.6899999999998,30.260150375939862
707,19194.419999999973,498,86,1877,204,103,711,2195.09,38.543012048192715
708,2828.060000000001,68,55,617,139,16,706,416.38,41.589117647058835
709,5536.400000000003,156,76,1235,163,46,706,1551.3900000000003,35.48974358974361
710,3724.480000000001,229,93,944,150,24,710,719.0600000000002,16.264104803493453
711,429.79,36,25,99,56,30,709,67.91,11.938611111111111
712,11711.020000000015,256,96,1249,183,35,710,1948.1699999999996,45.74617187500006
713,540.9,24,20,129,53,98,692,137.66,22.537499999999998
714,4117.340000000001,294,92,633,125,52,711,1450.3999999999996,14.004557823129256
715,3712.140000000001,178,76,842,158,43,711,1188.6200000000003,20.8547191011236
716,1290.68,81,55,318,109,77,708,585.23,15.934320987654322
717,616.72,51,32,125,64,97,691,56.44,12.092549019607844
718,19299.859999999982,599,102,2844,221,1,707,4205.570000000004,32.220133555926516
719,1098.51,34,30,271,60,20,703,301.15999999999997,32.30911764705883
720,1678.8,86,69,146,55,47,706,109.08,19.52093023255814
721,553.57,46,29,139,48,110,702,49.84,12.03413043478261
722,6437.620000000002,136,75,1069,167,99,705,1256.96,47.3354411764706
723,1230.8300000000002,23,22,281,87,77,705,268.90999999999997,53.51434782608696
724,639.3,26,22,120,65,75,660,62.50000000000001,24.588461538461537
725,4828.58,133,75,815,112,88,711,1608.0300000000002,36.30511278195489
726,2220.1500000000005,71,46,642,142,72,711,517.35,31.26971830985916
727,4923.130000000002,118,62,765,119,64,711,956.85,41.721440677966115
728,10732.910000000009,475,90,1162,178,42,706,1561.9199999999994,22.59560000000002
729,1159.3200000000002,32,27,294,112,54,702,230.78999999999996,36.228750000000005
730,1111.69,92,71,158,50,18,705,185.45999999999998,12.08358695652174
731,3151.310000000001,233,68,680,165,85,702,639.19,13.5249356223176
732,3967.8200000000006,104,60,735,136,118,709,1242.83,38.15211538461539
733,2678.5600000000004,76,59,409,114,89,704,593.03,35.2442105263158
734,1319.7600000000002,76,50,243,99,25,697,229.60999999999996,17.36526315789474
735,1062.25,92,44,281,87,57,687,125.03999999999998,11.546195652173912
736,3061.620000000001,60,42,635,152,26,705,389.92999999999995,51.027000000000015
737,1593.5100000000002,52,45,420,121,27,651,280.07,30.644423076923083
738,2593.12,101,45,649,128,101,711,528.65,25.674455445544552
739,160.06000000000003,6,5,61,32,91,289,39.410000000000004,26.676666666666673
740,6644.850000000003,113,71,1164,186,112,711,1260.1399999999999,58.80398230088498
741,3414.6000000000013,88,57,681,161,81,705,675.0600000000002,38.802272727272744
742,3950.959999999998,328,87,913,149,73,703,637.73,12.045609756097555
743,1988.9699999999998,71,48,443,103,113,698,389.88,28.013661971830984
744,4730.310000000003,158,72,1080,174,1,705,1232.0299999999997,29.93867088607597
745,6713.510000000008,180,93,1203,143,63,710,838.51,37.29727777777782
746,569.05,39,24,101,54,105,588,37.8,14.59102564102564
747,1166.73,136,68,335,104,117,709,305.96,8.578897058823529
748,2709.1800000000007,84,39,661,120,62,702,733.7799999999999,32.252142857142864
749,1066.6200000000003,77,44,271,91,86,705,238.67,13.852207792207796
750,598.6200000000001,49,28,224,64,86,709,132.56,12.216734693877553
751,521.0400000000001,27,16,179,57,30,655,108.36000000000004,19.29777777777778
752,3792.560000000001,106,61,750,166,58,709,578.76,35.77886792452831
753,2177.13,50,37,575,143,33,711,595.3,43.5426
754,1535.1299999999999,32,31,224,90,112,699,101.6,47.972812499999996
755,10617.050000000003,307,91,675,148,36,709,562.6100000000001,34.583224755700336
756,690.42,24,18,259,80,55,641,151.94000000000003,28.7675
757,2023.3700000000003,40,34,464,124,115,668,322.65,50.58425000000001
758,344.92,17,15,96,50,103,687,51.57000000000001,20.289411764705882
759,1274.0900000000004,41,32,258,93,28,705,75.16,31.075365853658546
760,1872.52,70,51,238,87,36,549,226.23000000000002,26.750285714285713
761,9036.010000000004,178,76,1314,196,89,711,1803.0500000000006,50.76410112359553
762,8982.790000000008,886,88,1674,213,86,711,1120.3700000000001,10.138589164785563
763,2815.5800000000013,40,33,565,97,71,619,495.0999999999999,70.38950000000003
764,3196.7800000000016,112,47,771,172,118,703,901.0699999999999,28.542678571428585
765,1586.5800000000004,30,24,338,95,86,710,260.15,52.88600000000001
766,8350.090000000007,122,71,1376,187,113,701,1487.4599999999998,68.44336065573776
767,562.77,13,12,225,78,84,679,134.63,43.29
768,6681.350000000002,466,87,1181,174,109,710,1478.6299999999999,14.337660944206013
769,1543.63,46,37,534,123,46,705,300.0299999999999,33.55717391304348
770,2246.36,43,28,541,121,102,698,951.9199999999998,52.24093023255814
771,7990.970000000006,497,84,1644,208,115,711,1990.8300000000004,16.07841046277667
772,271.88,42,26,81,35,90,686,20.810000000000002,6.473333333333334
773,899.6299999999999,22,19,201,91,17,703,101.82,40.89227272727272
774,909.96,16,13,291,87,82,656,194.04,56.8725
775,1121.0000000000002,33,28,312,105,46,514,180.82,33.969696969696976
776,3153.700000000001,72,49,650,116,42,706,765.16,43.80138888888891
777,2745.7500000000005,40,24,435,131,82,710,292.67,68.64375000000001
778,2285.5899999999997,123,50,399,96,5,610,508.7499999999999,18.5820325203252
779,3918.280000000003,86,48,757,153,73,710,478.65,45.561395348837245
780,579.7199999999999,67,40,169,66,103,705,195.34,8.652537313432834
781,1665.5100000000002,57,40,319,97,91,705,592.2199999999999,29.21947368421053
782,1557.0500000000002,70,44,391,109,70,663,307.1599999999999,22.243571428571432
783,387.34,17,15,124,56,27,586,128.29,22.784705882352938
784,3117.66,134,76,450,120,18,708,409.39,23.266119402985073
785,2089.8,103,47,269,97,42,707,218.67,20.289320388349516
786,7434.070000000008,204,77,964,167,104,706,871.2099999999999,36.441519607843176
787,2504.5900000000006,190,83,276,82,101,709,406.86,13.18205263157895
788,7514.200000000003,295,83,1473,158,63,709,2120.3699999999994,25.47186440677967
789,370.3,26,21,95,58,8,709,66.78999999999999,14.242307692307692
790,2842.630000000001,58,44,628,129,106,704,301.19999999999993,49.01086206896554
791,303.01,21,14,116,53,8,622,64.99,14.42904761904762
792,337.11,23,8,115,51,106,711,98.14,14.656956521739131
793,1832.0300000000002,107,55,333,113,88,703,422.36,17.12177570093458
794,1752.4999999999998,32,25,381,127,97,697,409.52,54.76562499999999
795,1295.9099999999996,45,32,320,98,41,671,244.68999999999997,28.79799999999999
796,445.6500000000001,50,42,148,61,8,700,205.39000000000001,8.913000000000002
797,3059.5700000000006,92,57,545,151,111,706,237.72,33.25619565217392
798,1586.5800000000004,54,38,439,127,42,705,335.1199999999999,29.381111111111117
799,2084.1100000000006,68,48,558,131,30,709,751.09,30.648676470588242
800,10426.580000000016,443,93,1276,179,59,711,1781.66,23.536297968397328
801,1652.0700000000002,29,22,265,87,70,707,662.1999999999999,56.96793103448277
802,2154.4300000000003,59,51,344,110,54,702,263.89,36.51576271186441
803,2036.8400000000004,65,53,392,97,20,707,363.63999999999993,31.336000000000006
804,3917.74,221,77,948,152,77,705,1135.4699999999998,17.72733031674208
805,5565.470000000001,304,96,703,133,11,710,1368.41,18.30746710526316
806,5875.350000000002,125,65,1035,179,49,711,977.9999999999997,47.002800000000015
807,4014.0200000000013,123,68,738,131,26,704,1087.0600000000004,32.634308943089444
808,2317.900000000001,206,78,545,134,98,711,362.07,11.25194174757282
809,619.75,57,36,179,59,76,691,170.77999999999997,10.87280701754386
810,540.0999999999999,37,31,97,53,75,694,44.54,14.597297297297295
811,680.23,39,24,269,89,42,697,146.24999999999997,17.441794871794873
812,1165.2700000000002,93,39,173,67,30,686,219.74999999999997,12.529784946236562
813,2065.1000000000004,33,29,430,131,19,708,248.83999999999997,62.57878787878789
814,773.76,23,16,229,83,113,687,127.71,33.64173913043478
815,1802.3700000000008,47,22,531,125,97,694,467.40999999999997,38.348297872340446
816,3468.660000000001,106,68,762,153,20,696,476.4699999999999,32.72320754716982
817,4801.850000000001,147,74,876,145,99,706,1314.76,32.66564625850341
818,1724.5900000000001,52,25,362,121,70,711,199.04,33.16519230769231
819,161.75,6,6,46,30,72,701,29.490000000000002,26.958333333333332
820,4603.980000000001,208,68,1165,170,66,711,765.51,22.134519230769236
821,464.55999999999995,17,12,50,30,104,620,14.08,27.32705882352941
822,866.5600000000001,42,32,239,78,58,699,215.36999999999998,20.632380952380952
823,2590.1500000000005,117,59,496,140,90,705,309.75999999999993,22.138034188034194
824,1167.03,57,36,361,119,94,711,299.39,20.47421052631579
825,11835.02000000001,242,85,1680,207,71,708,1932.8800000000003,48.90504132231409
826,203.01,26,21,59,33,24,685,22.14,7.808076923076923
827,326.88000000000005,20,18,123,63,4,709,67.72,16.344
828,1123.1599999999999,37,29,321,96,59,500,217.67000000000002,30.355675675675673
829,1635.2099999999998,32,29,384,105,91,698,376.09000000000003,51.100312499999994
830,1694.3200000000002,231,58,406,93,74,711,459.82000000000005,7.334718614718615
831,8831.350000000008,166,83,1198,175,67,706,1427.09,53.20090361445788
832,479.24000000000007,14,13,110,57,51,700,48.32,34.23142857142857
833,1975.5600000000004,34,28,399,114,110,605,605.05,58.10470588235295
834,946.2800000000001,28,21,202,85,48,707,142.42,33.79571428571429
835,273.81,17,14,66,34,111,588,16.020000000000003,16.106470588235293
836,1564.3500000000001,75,45,342,88,91,691,306.43999999999994,20.858
837,793.3799999999999,36,32,196,80,106,708,224.89999999999998,22.03833333333333
838,384.69,32,28,165,61,46,710,59.83,12.0215625
839,846.7000000000004,10,7,252,101,88,692,85.94000000000001,84.67000000000004
840,11944.570000000012,214,81,1634,202,78,711,1269.9799999999998,55.81574766355146
841,2550.37,157,57,483,119,65,711,536.16,16.2443949044586
842,7527.27,506,84,1087,155,113,700,1453.4199999999998,14.876027667984191
843,2619.2300000000005,74,43,627,128,25,710,454.91999999999996,35.395
844,5399.640000000004,141,75,718,152,79,710,621.4100000000001,38.2953191489362
845,5097.2800000000025,117,69,1000,178,82,705,776.6999999999999,43.566495726495745
846,1120.9,34,28,314,95,83,684,183.24,32.96764705882353
847,1463.3200000000002,53,42,263,115,109,708,146.84,27.60981132075472
848,2684.130000000001,29,22,448,112,93,704,410.17999999999995,92.55620689655176
849,4599.520000000003,62,47,826,149,84,708,492.69000000000005,74.18580645161295
850,1252.9100000000003,97,57,369,101,42,701,222.61,12.916597938144333
851,166.78000000000003,21,21,27,18,9,662,34.08,7.941904761904763
852,1943.7300000000002,95,58,426,136,101,704,208.47000000000003,20.460315789473686
853,13497.290000000008,516,90,807,162,65,710,557.7,26.15753875968994
854,551.87,36,30,190,78,112,678,90.26999999999998,15.329722222222223
855,5617.790000000003,216,62,922,167,112,710,1205.0,26.00828703703705
856,5080.040000000001,182,75,741,155,99,710,1229.9699999999998,27.912307692307696
857,4040.8100000000013,43,40,649,132,104,703,546.9600000000002,93.97232558139538
858,594.23,42,35,199,86,70,710,87.48,14.148333333333333
859,7074.200000000006,194,89,1037,180,74,710,1003.6399999999998,36.46494845360828
860,261.05999999999995,52,14,88,30,76,636,77.05999999999997,5.020384615384614
861,1382.5300000000002,34,25,249,76,38,706,132.86,40.66264705882354
862,1753.9000000000005,71,37,408,118,36,711,313.84000000000003,24.702816901408458
863,2183.53,146,51,488,112,35,711,318.93,14.95568493150685
864,7892.970000000003,109,78,1118,164,21,711,1397.67,72.41256880733948
865,1887.7299999999998,35,23,291,91,107,695,447.41,53.93514285714285
866,5519.350000000003,136,68,868,141,30,693,1314.2699999999998,40.583455882352965
867,6088.840000000003,182,86,911,178,31,711,951.0599999999998,33.45516483516485
868,6836.650000000007,162,66,1127,170,93,708,901.1799999999998,42.20154320987658
869,1428.6700000000003,130,67,364,108,64,710,241.36,10.989769230769234
870,241.41000000000003,12,9,88,47,90,418,37.599999999999994,20.117500000000003
871,10435.960000000014,132,74,1144,179,110,709,1261.3199999999997,79.06030303030313
872,172.07000000000002,9,3,47,33,44,690,17.16,19.11888888888889
873,2938.1500000000015,113,55,616,117,81,698,859.8800000000003,26.001327433628333
874,222.22,5,5,55,34,25,557,30.15,44.444
875,1473.2700000000004,68,54,427,118,47,689,398.79999999999995,21.665735294117653
876,5899.040000000002,200,83,776,158,106,708,894.3799999999999,29.495200000000008
877,3355.070000000001,63,49,525,138,89,700,569.6700000000001,53.25507936507938
878,5980.720000000003,181,82,1107,150,90,709,1553.32,33.04265193370168
879,2448.6000000000004,96,56,455,114,80,704,435.48999999999995,25.506250000000005
880,197.39000000000004,12,7,79,55,83,673,44.2,16.44916666666667
881,4295.110000000001,139,75,903,151,92,711,967.1699999999998,30.900071942446047
882,4609.800000000002,240,73,967,154,101,702,976.28,19.207500000000007
883,10165.130000000006,352,91,1104,180,39,710,1234.74,28.878210227272746
884,674.3499999999997,70,27,190,78,14,709,73.49000000000001,9.633571428571424
885,2602.8000000000006,87,47,473,121,67,709,513.44,29.91724137931035
886,4890.1100000000015,198,71,599,161,16,709,661.47,24.69752525252526
887,1133.71,48,40,386,102,5,694,249.69000000000005,23.618958333333335
888,8689.01000000001,79,64,1296,168,12,706,1435.47,109.9874683544305
889,12983.01000000001,216,89,1397,167,37,711,2154.35,60.10652777777782
890,1068.9099999999999,31,25,302,102,68,694,329.38,34.48096774193548
891,7035.210000000008,113,72,1086,161,77,711,1482.27,62.25849557522131
892,443.31,22,21,192,88,73,605,158.11,20.150454545454547
893,4729.010000000003,111,55,737,125,58,709,570.0799999999999,42.60369369369372
894,1095.29,31,19,263,87,53,684,172.78,35.331935483870964
895,8700.150000000003,211,94,695,147,20,700,891.15,41.232938388625605
896,5274.460000000002,112,68,1310,169,51,706,1524.4800000000002,47.093392857142874
897,840.23,62,43,233,84,69,710,98.85,13.552096774193549
898,8355.230000000007,315,84,983,163,106,711,1170.1899999999998,26.524539682539704
899,315.15,12,8,75,46,47,638,57.370000000000005,26.2625
900,16450.530000000006,1223,93,1641,214,62,711,1482.4499999999996,13.450964840556015
901,2766.7,76,48,697,148,104,709,536.37,36.40394736842105
902,135.23,10,9,24,17,25,606,5.32,13.523
903,2949.5599999999995,72,49,466,129,64,701,395.54,40.966111111111104
904,890.25,31,25,248,91,23,710,131.85999999999999,28.717741935483872
905,851.9299999999998,31,26,208,97,17,660,98.08999999999999,27.481612903225802
906,7048.710000000002,382,93,402,112,52,711,1392.8799999999997,18.45212041884817
907,1953.0599999999997,92,65,446,106,6,708,481.12999999999994,21.228913043478258
908,6097.470000000004,199,81,895,161,92,707,1562.62,30.640552763819116
909,12414.560000000009,713,85,1999,230,67,711,2179.01,17.41172510518935
910,1158.1100000000001,34,23,286,92,57,642,166.44000000000003,34.06205882352941
911,3696.76,75,55,665,155,83,691,457.5300000000001,49.29013333333334
912,1164.1100000000004,20,12,300,104,91,616,187.98999999999998,58.205500000000015
913,1830.63,69,48,290,91,22,703,285.44,26.530869565217394
914,1834.0800000000002,60,40,305,97,81,709,167.73000000000002,30.568
915,970.1100000000001,119,71,174,65,75,707,82.66000000000001,8.152184873949581
916,3764.600000000001,206,75,901,152,96,708,609.18,18.274757281553402
917,488.48,44,12,164,66,91,568,114.21000000000001,11.101818181818182
918,3135.3799999999997,152,45,770,149,13,605,523.3999999999999,20.627499999999998
919,1469.4499999999998,135,59,440,102,117,710,230.63999999999993,10.884814814814813
920,5887.360000000001,238,82,972,176,49,710,1110.19,24.736806722689078
921,101.3,9,6,30,22,56,605,20.87,11.255555555555555
922,3336.9900000000016,150,72,592,159,40,698,376.2000000000001,22.24660000000001
923,3305.5400000000004,164,62,555,133,45,708,644.8299999999999,20.155731707317077
924,2336.180000000001,95,76,395,88,3,708,287.52,24.591368421052643
925,485.24,79,33,111,49,44,651,77.28999999999999,6.142278481012658
926,7274.100000000006,241,91,753,175,5,704,1003.1199999999999,30.182987551867242
927,1530.8800000000003,46,32,426,127,33,697,475.04999999999995,33.28000000000001
928,3571.7000000000016,137,65,871,161,59,706,530.65,26.07080291970804
929,5342.550000000002,244,83,1018,152,76,706,1167.0699999999997,21.895696721311484
930,966.88,43,32,68,46,66,711,475.48999999999995,22.485581395348838
931,4967.070000000002,42,33,837,125,94,668,1122.33,118.26357142857148
932,5845.960000000002,158,74,1014,161,8,691,848.4299999999998,36.99974683544305
933,2175.1900000000005,79,38,542,105,55,658,452.55000000000007,27.5340506329114
934,10709.38000000001,234,87,2197,201,35,708,3440.5199999999995,45.76658119658124
935,1564.6700000000003,57,40,302,103,41,690,125.03000000000002,27.45035087719299
936,7089.490000000003,502,91,1244,193,66,711,1853.8600000000001,14.122490039840644
937,1669.8899999999999,68,59,342,102,80,708,352.94000000000005,24.55720588235294
938,1647.36,26,23,361,109,51,642,252.85999999999999,63.36
939,5254.660000000001,154,68,939,167,84,709,1350.0000000000002,34.12116883116884
940,1261.6200000000001,65,48,336,100,103,681,202.67,19.409538461538464
941,2206.060000000001,122,61,496,139,99,710,272.82,18.08245901639345
942,5890.140000000006,215,65,1014,154,84,680,787.9099999999999,27.396000000000026
943,3434.1400000000003,144,46,780,143,53,679,703.6700000000001,23.848194444444445
944,2859.760000000001,104,58,451,150,70,701,362.5400000000001,27.49769230769232
945,1926.03,51,38,390,108,67,703,327.77,37.76529411764706
946,2530.4500000000007,136,70,749,136,23,709,544.04,18.606250000000006
947,2305.510000000001,221,91,356,104,9,710,345.77000000000004,10.432171945701363
948,304.85000000000014,4,2,100,46,52,372,74.48,76.21250000000003
949,5799.970000000003,134,71,923,160,116,707,880.5599999999998,43.28335820895525
950,2027.0000000000005,58,39,491,118,83,610,343.34000000000003,34.948275862068975
951,690.22,18,17,149,69,18,711,77.78,38.345555555555556
952,2201.4700000000003,111,60,566,133,101,708,342.71000000000004,19.833063063063065
953,2513.3900000000012,114,61,669,152,21,700,569.4,22.047280701754396
954,2537.4300000000003,53,43,649,140,59,694,890.2699999999998,47.87603773584906
955,4053.6900000000014,274,87,881,124,58,711,690.4000000000001,14.794489051094896
956,10231.930000000008,621,94,1010,173,51,711,1160.47,16.476537842190027
957,3754.9000000000015,576,93,802,158,30,711,703.0800000000003,6.518923611111114
958,313.37,11,8,98,48,104,707,60.470000000000006,28.48818181818182
959,1074.6899999999998,60,36,197,98,107,708,138.8,17.911499999999997
960,2447.4900000000002,106,65,325,113,33,710,223.15,23.089528301886794
961,3956.2700000000013,72,51,765,158,105,698,351.83,54.94819444444446
962,1530.4399999999996,53,39,390,116,112,692,511.82,28.876226415094333
963,2036.66,43,35,395,118,32,588,269.56999999999994,47.36418604651163
964,2044.8500000000006,88,42,463,114,101,707,338.43,23.236931818181827
965,1764.0700000000006,52,33,442,97,6,704,419.04,33.92442307692309
966,202.06000000000003,16,16,32,15,90,654,31.3,12.628750000000002
967,299.38,10,8,109,49,89,666,69.56,29.938
968,9805.11000000001,167,87,1549,177,35,711,2090.2000000000003,58.71323353293419
969,311.59000000000003,8,8,95,40,60,684,51.28999999999999,38.948750000000004
970,691.45,15,15,143,67,94,700,109.69999999999999,46.09666666666667
971,3676.150000000001,126,73,856,154,50,711,461.71,29.175793650793658
972,4219.180000000004,197,78,665,147,91,710,535.9500000000002,21.41715736040611
973,13486.31999999999,84,59,1617,191,95,710,1563.9099999999999,160.55142857142846
974,1993.0600000000006,43,30,474,103,68,710,339.54,46.35023255813955
975,4769.31,182,79,346,101,109,711,473.13,26.205000000000002
976,6190.510000000006,82,51,1025,182,68,706,662.2,75.49402439024396
977,1036.52,34,25,360,99,114,697,215.67000000000004,30.485882352941175
978,3014.3500000000017,71,49,698,150,110,711,407.9599999999999,42.45563380281693
979,12854.660000000014,205,88,2093,195,24,710,3354.3100000000013,62.70565853658544
980,1330.2200000000003,29,21,305,88,69,697,275.5799999999999,45.8696551724138
981,1394.1100000000001,36,31,238,89,80,690,232.52,38.725277777777784
982,18790.33999999999,412,93,1566,195,66,710,2648.4800000000005,45.60762135922327
983,3807.1500000000015,196,78,1055,157,64,711,892.3599999999999,19.42423469387756
984,1219.71,32,25,354,106,71,684,428.5200000000001,38.1159375
985,2057.4700000000007,110,63,624,146,2,709,542.8199999999999,18.704272727272734
986,1827.8700000000003,90,64,338,85,31,698,442.81,20.309666666666672
987,2334.530000000001,75,49,545,141,30,701,452.63,31.127066666666682
988,6109.180000000003,196,72,1027,145,10,711,1816.84,31.16928571428573
989,4663.380000000001,174,76,1190,177,46,707,987.6299999999998,26.801034482758627
990,247.12000000000003,16,14,53,30,85,570,25.330000000000002,15.445000000000002
991,1419.8799999999999,31,20,67,41,44,665,40.919999999999995,45.802580645161285
992,823.35,102,41,175,82,104,711,57.669999999999995,8.072058823529412
993,3064.8700000000003,126,72,674,145,101,703,632.0400000000001,24.324365079365084
994,581.4499999999999,21,19,192,75,19,703,104.09,27.688095238095237
995,1217.1600000000003,21,21,334,99,70,703,187.33999999999997,57.960000000000015
996,2220.85,139,75,437,119,14,711,512.0799999999999,15.977338129496403
997,4646.810000000002,92,62,820,150,33,711,448.15,50.508804347826114
998,8305.390000000003,250,79,1482,170,95,703,1992.3800000000008,33.22156000000001
999,2154.2500000000005,57,39,557,131,7,699,420.6499999999999,37.793859649122815
1000,4150.760000000003,138,77,573,132,49,706,548.8399999999999,30.077971014492775
1001,4082.000000000002,90,51,673,134,16,710,482.59,45.355555555555576
1002,973.93,30,26,341,114,73,711,174.24999999999997,32.46433333333333
1003,2588.730000000001,63,39,556,128,28,683,597.4699999999998,41.090952380952395
1004,3708.720000000001,253,83,394,114,83,709,437.8,14.658972332015814
1005,2470.0900000000006,180,73,429,100,115,711,615.73,13.722722222222226
1006,161.48,11,10,47,28,53,662,73.26,14.68
1007,1368.97,122,69,511,133,73,709,303.83,11.221065573770492
1008,511.12,40,28,93,45,78,690,38.120000000000005,12.778
1009,125.52000000000001,23,21,58,27,69,586,21.28,5.457391304347826
1010,2486.39,91,56,512,110,86,710,304.18999999999994,27.322967032967032
1011,3495.200000000001,140,81,670,145,43,704,400.43999999999994,24.965714285714295
1012,2342.510000000001,121,59,675,160,59,673,413.7900000000001,19.359586776859512
1013,947.0300000000001,35,26,300,93,51,705,188.21,27.058000000000003
1014,4199.760000000002,161,77,1205,184,63,703,673.2799999999997,26.08546583850933
1015,3807.7200000000003,108,82,628,115,46,710,757.9299999999998,35.25666666666667
1016,3089.840000000001,40,27,572,155,3,654,311.36,77.24600000000002
1017,3436.260000000001,63,52,892,147,29,701,594.46,54.54380952380954
1018,2138.59,167,75,393,118,36,707,316.13,12.805928143712576
1019,1553.5600000000002,53,36,341,109,12,703,263.37,29.312452830188683
1020,9561.460000000014,171,79,1521,191,85,711,1455.5599999999995,55.914970760234
1021,2086.1200000000003,99,50,454,128,101,708,266.17,21.071919191919196
1022,263.27,36,20,97,54,42,581,58.1,7.313055555555555
1023,38319.7899999998,603,84,1620,193,107,710,2226.46,63.54857379767794
1024,9448.750000000004,145,67,1143,169,75,707,2102.0299999999993,65.1637931034483
1025,3552.130000000001,81,45,899,115,45,696,765.46,43.85345679012347
1026,412.5400000000001,26,19,133,47,7,431,132.83,15.86692307692308
1027,1064.99,41,34,242,88,54,710,213.21,25.975365853658538
1028,121.91000000000001,12,12,46,29,34,558,16.1,10.159166666666668
1029,13785.550000000017,276,86,974,170,93,708,1400.2699999999995,49.947644927536295
1030,1260.2900000000004,30,28,223,98,81,664,115.25,42.00966666666668
1031,4232.120000000002,146,47,588,149,69,557,335.5,28.987123287671245
1032,2473.7600000000007,92,53,467,134,93,656,228.69,26.88869565217392
1033,1366.97,26,21,298,91,78,640,478.0899999999999,52.57576923076923
1034,840.87,70,43,184,74,49,698,108.22,12.012428571428572
1035,183.04,4,3,35,20,212,407,11.790000000000001,45.76
1036,1231.1699999999998,27,21,250,81,103,658,146.73,45.59888888888889
1037,1076.69,33,28,157,48,21,711,87.08000000000001,32.626969696969695
1038,1602.0000000000002,275,75,465,126,82,702,323.7999999999999,5.825454545454546
1039,5168.380000000004,82,60,886,136,109,709,633.3,63.02902439024395
1040,5664.740000000005,229,90,760,142,48,710,855.29,24.73685589519653
1041,7156.700000000005,291,76,1527,170,75,711,1096.19,24.593470790378024
1042,5284.120000000001,248,95,1276,173,36,706,1284.2699999999995,21.30693548387097
1043,988.7300000000001,19,16,297,74,109,668,403.1700000000001,52.038421052631584
1044,423.51,20,15,145,65,54,706,103.83999999999996,21.1755
1045,4893.110000000002,295,86,984,164,72,710,818.63,16.586813559322042
1046,4314.950000000003,153,76,702,156,51,695,486.46,28.202287581699363
1047,1052.94,80,49,299,99,110,705,210.49,13.161750000000001
1048,1934.4500000000005,103,41,315,116,60,648,244.3,18.781067961165054
1049,698.06,55,35,269,84,101,705,187.60999999999999,12.691999999999998
1050,5134.89,135,67,819,137,116,709,654.6400000000001,38.03622222222222
1051,2275.6700000000005,55,36,602,131,66,697,321.84999999999997,41.37581818181819
1052,231.66000000000003,7,5,88,48,79,231,32.05,33.09428571428572
1053,4616.420000000001,96,69,494,118,107,707,502.57,48.087708333333346
1054,1035.1899999999998,41,31,299,102,99,689,172.04999999999998,25.248536585365848
1055,1204.4099999999999,81,56,291,82,55,697,236.69000000000003,14.869259259259257
1056,4871.090000000002,66,46,755,128,21,702,796.66,73.80439393939398
1057,8219.340000000004,184,90,501,101,54,710,779.11,44.67032608695654
1058,3280.1800000000003,563,91,667,139,63,711,567.5600000000002,5.826252220248668
1059,72.91,5,4,34,26,34,555,11.52,14.581999999999999
1060,6096.929999999999,64,58,595,133,1,672,901.8999999999995,95.26453124999999
1061,6211.670000000004,147,61,951,148,87,709,1507.62,42.256258503401384
1062,1495.76,216,88,334,97,71,711,338.05,6.924814814814815
1063,1327.48,57,34,273,90,84,621,503.6,23.289122807017545
1064,3074.680000000001,44,36,855,143,108,708,866.54,69.87909090909093
1065,5167.1600000000035,50,42,1037,132,36,705,1114.45,103.34320000000007
1066,3114.34,245,82,580,124,98,708,698.84,12.711591836734694
1067,3741.920000000001,62,43,892,161,33,702,733.8199999999999,60.35354838709679
1068,1321.85,111,38,438,111,85,700,317.24999999999994,11.908558558558557
1069,3433.2700000000004,55,46,523,121,69,681,684.2599999999999,62.42309090909092
1070,5187.130000000003,177,80,941,168,35,708,770.18,29.305819209039566
1071,2052.290000000001,84,54,732,145,105,705,355.25999999999993,24.43202380952382
1072,2694.7999999999993,61,48,815,137,110,701,613.1900000000003,44.177049180327856
1073,3014.080000000001,121,61,616,138,110,710,364.7000000000001,24.909752066115708
1074,7769.220000000005,132,74,1095,157,118,707,1685.93,58.85772727272731
1075,1469.02,67,43,329,95,50,689,401.73999999999995,21.925671641791045
1076,2241.01,86,54,377,122,98,711,254.11999999999998,26.05825581395349
1077,1492.81,36,26,159,75,277,705,211.29,41.466944444444444
1078,6885.690000000004,250,79,945,170,114,710,888.2399999999997,27.542760000000015
1079,1001.3000000000001,50,34,145,52,82,662,164.92,20.026
1080,2206.11,84,40,460,99,20,688,460.87000000000006,26.263214285714287
1081,10201.550000000014,139,77,1489,199,70,699,1269.8599999999997,73.39244604316556
1082,2032.54,142,86,469,95,20,711,540.1,14.313661971830985
1083,1396.93,54,40,282,95,9,694,356.16,25.869074074074074
1084,2363.16,225,78,386,120,52,711,324.73,10.502933333333333
1085,4806.000000000003,106,61,1137,157,109,702,858.6300000000002,45.33962264150946
1086,1188.6099999999997,30,25,272,92,76,700,226.68999999999997,39.62033333333332
1087,3010.2400000000007,149,61,701,146,117,689,760.37,20.20295302013423
1088,1439.61,91,61,219,56,42,711,442.58000000000004,15.819890109890109
1089,2404.9800000000005,96,52,636,117,44,704,424.48999999999995,25.051875000000006
1090,307.87,12,10,81,48,90,682,37.32,25.655833333333334
1091,5617.400000000002,116,58,722,144,86,666,463.0299999999999,48.425862068965536
1092,944.69,42,28,210,72,83,706,178.31,22.492619047619048
1093,993.76,33,22,247,102,78,711,206.71000000000004,30.113939393939393
1094,5935.570000000003,95,63,1044,159,19,709,1098.6899999999998,62.47968421052635
1095,599.5400000000002,30,25,140,67,19,644,42.370000000000005,19.984666666666673
1096,592.3599999999999,47,21,154,80,6,685,76.93999999999998,12.603404255319147
1097,8806.330000000005,165,74,1114,183,40,705,1133.15,53.371696969697005
1098,9500.700000000004,449,95,1096,160,50,711,1985.7499999999998,21.1596881959911
1099,683.13,28,21,153,53,99,648,185.45,24.3975
1100,313.41,26,22,44,29,114,703,10.91,12.05423076923077
1101,190.78000000000003,16,13,64,29,78,661,43.22,11.923750000000002
1102,2263.4000000000005,81,58,597,135,13,693,674.6099999999999,27.943209876543218
1103,6104.190000000004,204,80,902,160,116,708,722.5999999999999,29.92250000000002
1104,3378.1600000000017,118,69,690,147,46,698,452.91000000000014,28.628474576271202
1105,500.14,9,5,146,68,63,688,70.99,55.57111111111111
1106,683.26,38,28,171,67,27,702,139.39,17.980526315789472
1107,877.32,22,18,233,70,9,648,223.32,39.87818181818182
1108,292.1,22,16,111,52,69,677,58.62999999999999,13.27727272727273
1109,3059.000000000001,87,63,538,130,68,691,476.66999999999985,35.1609195402299
1110,5508.470000000001,133,56,727,152,12,708,1757.55,41.417067669172944
1111,18894.719999999972,321,95,1668,188,32,707,2541.15,58.862056074766265
1112,1889.4499999999998,52,37,293,108,96,676,164.68000000000004,36.33557692307692
1113,4391.300000000003,176,77,829,145,71,710,1122.6399999999999,24.9505681818182
1114,970.9499999999999,44,34,301,78,26,710,255.54,22.067045454545454
1115,1828.64,51,25,282,120,49,708,152.58000000000004,35.85568627450981
1116,2779.140000000001,64,36,504,96,3,696,579.8399999999998,43.42406250000001
1117,3667.440000000002,186,79,738,147,19,710,474.74,19.717419354838718
1118,945.8899999999999,16,15,103,45,65,595,157.00999999999996,59.11812499999999
1119,2232.75,68,47,669,142,110,710,654.7299999999998,32.83455882352941
1120,1737.8400000000001,87,51,493,121,71,709,319.96,19.975172413793103
1121,2486.64,61,46,670,134,50,682,681.6599999999997,40.76459016393442
1122,1236.9799999999998,77,42,307,92,113,498,165.39999999999998,16.06467532467532
1123,3915.8100000000018,73,53,526,134,4,674,626.78,53.64123287671235
1124,1896.39,79,42,583,121,43,709,467.18000000000006,24.00493670886076
1125,691.0999999999997,89,40,227,101,21,711,109.56000000000002,7.765168539325839
1126,2543.36,28,26,535,108,101,710,556.1199999999998,90.83428571428571
1127,1563.5300000000002,29,24,413,115,112,711,321.61999999999995,53.914827586206904
1128,3027.0000000000005,234,81,817,158,14,710,419.03000000000003,12.935897435897438
1129,2401.4100000000008,73,55,334,125,83,711,337.47,32.89602739726028
1130,6563.150000000004,362,98,1549,189,1,711,1701.4099999999999,18.13024861878454
1131,3034.770000000001,102,57,806,155,18,710,640.0,29.752647058823538
1132,2073.620000000001,58,36,537,118,26,701,411.41,35.75206896551725
1133,1377.6600000000003,115,63,312,111,30,711,243.91,11.979652173913045
1134,5050.5300000000025,51,36,1057,180,87,689,736.75,99.03000000000004
1135,748.88,64,37,207,81,29,706,201.11,11.70125
1136,1934.1099999999997,59,44,485,118,15,704,495.74,32.78152542372881
1137,2121.8900000000003,134,85,190,66,61,708,279.64,15.835000000000003
1138,4546.370000000003,212,90,386,98,8,711,811.4700000000001,21.445141509433974
1139,7539.550000000005,92,67,799,165,55,705,690.7,81.95163043478266
1140,1164.18,21,11,223,92,70,660,186.86,55.43714285714286
1141,1137.2800000000002,59,43,331,101,88,696,274.44999999999993,19.275932203389832
1142,15178.960000000014,284,97,1411,189,40,710,1913.35,53.447042253521175
1143,173.31,12,11,36,25,65,636,60.489999999999995,14.4425
1144,187.09,24,17,43,26,18,698,10.26,7.795416666666667
1145,3875.170000000001,81,42,749,134,10,707,820.0300000000002,47.841604938271615
1146,8854.640000000003,345,87,1029,150,96,711,2104.26,25.665623188405807
1147,3779.360000000001,57,35,803,114,78,710,585.11,66.30456140350879
1148,478.59,26,25,103,53,38,708,49.31,18.40730769230769
1149,307.90999999999997,17,14,58,37,88,672,48.08,18.112352941176468
1150,845.39,14,12,187,78,98,552,153.99,60.385
1151,2808.9100000000008,159,65,442,96,36,708,420.64,17.666100628930824
1152,1305.6600000000003,77,31,274,103,111,695,220.79999999999998,16.95662337662338
1153,1142.8600000000001,65,42,264,76,60,705,285.91,17.58246153846154
1154,3803.550000000001,127,71,660,131,66,711,817.0600000000002,29.949212598425206
1155,2053.02,41,27,525,100,74,711,570.5899999999999,50.07365853658536
1156,999.3299999999999,29,26,225,89,52,638,136.72,34.45965517241379
1157,2779.860000000001,104,63,596,143,40,674,319.44,26.729423076923087
1158,2903.2000000000003,219,80,618,141,80,711,742.0799999999999,13.256621004566211
1159,4468.630000000003,233,61,792,150,109,708,649.8999999999999,19.178669527897007
1160,4377.960000000001,145,72,927,146,68,711,1010.0100000000001,30.192827586206903
1161,1377.5700000000002,63,44,543,143,19,705,301.7499999999999,21.86619047619048
1162,431.76000000000005,33,24,125,50,107,497,98.25000000000003,13.083636363636366
1163,4808.010000000002,153,80,996,167,16,694,819.3899999999999,31.42490196078433
1164,4689.350000000003,104,72,525,115,38,711,314.34,45.089903846153874
1165,1413.5199999999998,57,42,347,115,83,706,293.19999999999993,24.798596491228064
1166,12300.620000000015,409,90,1903,189,77,711,2640.7299999999996,30.074865525672408
1167,6798.790000000003,150,80,1061,185,60,708,797.6700000000002,45.325266666666685
1168,874.2300000000001,69,52,128,64,42,703,76.70000000000002,12.670000000000002
1169,5159.4000000000015,128,65,798,137,76,705,1280.2099999999998,40.30781250000001
1170,68.45,7,7,19,16,56,649,7.05,9.778571428571428
1171,996.6,34,26,206,87,118,707,82.05000000000001,29.311764705882354
1172,4569.240000000002,167,74,852,155,1,710,605.11,27.36071856287426
1173,655.77,41,23,186,82,1,637,65.50999999999999,15.994390243902439
1174,2156.6500000000005,122,51,698,154,78,704,473.0299999999999,17.677459016393446
1175,7403.510000000006,135,76,701,161,95,706,614.34,54.840814814814856
1176,240.85000000000002,16,9,68,29,66,703,48.44,15.053125000000001
1177,337.98,17,16,94,41,111,698,28.149999999999995,19.881176470588237
1178,5022.280000000001,212,97,883,163,39,708,1358.5499999999997,23.690000000000005
1179,9428.400000000005,205,83,1371,190,89,711,1515.2999999999993,45.99219512195124
1180,5430.040000000002,166,70,766,137,92,701,789.9499999999998,32.711084337349405
1181,2196.5800000000004,89,54,674,133,46,706,462.2300000000001,24.680674157303375
1182,1966.38,124,51,493,114,47,684,296.26,15.857903225806453
1183,260.03999999999996,9,6,119,59,88,677,96.26999999999998,28.89333333333333
1184,713.9000000000001,13,11,198,81,10,693,148.34,54.915384615384625
1185,1334.18,61,36,329,105,11,707,246.64000000000001,21.871803278688525
1186,6060.380000000005,79,55,971,182,31,708,622.67,76.713670886076
1187,2996.1800000000003,133,57,604,125,71,710,436.22,22.527669172932335
1188,3722.220000000001,149,68,1248,159,107,706,1217.42,24.981342281879204
1189,954.2099999999999,51,38,215,84,56,699,123.24000000000001,18.709999999999997
1190,3327.02,253,85,826,164,65,711,563.2200000000001,13.150276679841896
1191,2485.8700000000003,98,60,441,122,95,709,323.05999999999995,25.36602040816327
1192,1482.5399999999997,100,54,325,87,62,709,247.73,14.825399999999997
1193,4723.650000000005,219,69,886,157,48,698,1117.19,21.569178082191804
1194,1276.74,62,43,400,117,88,702,255.24999999999997,20.59258064516129
1195,1271.0900000000001,41,27,278,94,36,705,172.95,31.002195121951225
1196,1915.9500000000007,27,27,378,104,59,682,224.99000000000004,70.96111111111114
1197,7988.730000000007,160,76,1119,171,50,705,1282.19,49.929562500000046
1198,1004.6000000000001,44,38,203,73,107,696,247.12999999999997,22.831818181818186
1199,163.56999999999996,7,6,40,23,104,281,22.250000000000004,23.367142857142852
1200,1619.4499999999998,30,25,438,115,67,685,365.45000000000005,53.98166666666666
1201,537.6,38,31,169,72,36,696,122.23,14.147368421052633
1202,587.47,25,22,88,45,30,695,132.14000000000001,23.498800000000003
1203,6385.440000000003,173,79,910,154,83,710,907.9999999999998,36.91005780346823
1204,2043.1300000000003,81,48,469,123,78,708,559.21,25.22382716049383
1205,4383.719999999999,186,73,945,152,43,679,1085.5,23.56838709677419
1206,6172.130000000003,381,90,1325,184,49,700,1285.6100000000001,16.199816272965887
1207,765.3700000000001,108,64,199,82,76,705,266.64,7.08675925925926
1208,1078.06,54,32,353,114,91,694,165.14,19.964074074074073
1209,361.41999999999996,23,16,86,53,106,710,46.279999999999994,15.713913043478259
1210,921.3299999999999,37,28,306,97,69,696,225.14,24.90081081081081
1211,9045.040000000008,168,86,516,124,54,711,971.74,53.83952380952386
1212,195.26999999999995,6,6,84,45,84,685,43.230000000000004,32.544999999999995
1213,622.2199999999999,46,35,143,72,31,705,85.09,13.526521739130432
1214,122.94999999999999,7,7,26,17,55,675,21.430000000000003,17.564285714285713
1215,786.4500000000002,15,11,170,76,107,695,86.22,52.430000000000014
1216,5303.530000000001,134,70,1175,174,95,711,926.7199999999999,39.57858208955224
1217,2656.900000000001,54,40,675,141,102,706,604.0799999999999,49.20185185185187
1218,3093.53,96,62,664,148,103,702,670.2399999999999,32.224270833333335
1219,823.0799999999999,121,67,258,88,78,709,145.93,6.802314049586776
1220,787.0400000000002,31,18,324,109,13,632,172.09,25.3883870967742
1221,652.3399999999999,15,13,191,87,106,681,82.38,43.48933333333333
1222,5833.390000000003,174,77,1074,176,27,709,1227.23,33.52522988505749
1223,1743.69,57,34,378,100,110,691,354.39000000000004,30.591052631578947
1224,2363.7800000000007,92,59,724,130,113,707,467.1,25.693260869565226
1225,1415.3799999999999,76,50,510,117,45,696,240.32000000000002,18.623421052631578
1226,6237.460000000003,76,58,1330,167,111,701,1413.84,82.0718421052632
1227,3810.3600000000015,86,52,915,163,107,711,477.52000000000004,44.30651162790699
1228,14503.890000000005,797,101,1628,219,10,711,2503.729999999999,18.198105395232126
1229,18304.309999999987,385,95,1856,209,27,711,1681.309999999999,47.543662337662305
1230,258.53000000000003,20,17,59,35,63,693,25.169999999999995,12.9265
1231,1919.79,55,48,337,96,87,703,554.06,34.905272727272724
1232,488.4899999999999,22,18,154,62,32,545,162.14000000000001,22.204090909090905
1233,1778.5200000000004,38,25,428,104,46,693,332.19,46.803157894736856
1234,5547.830000000002,94,63,1027,173,70,710,921.2599999999996,59.0194680851064
1235,894.0,20,16,181,69,116,707,99.71999999999998,44.7
1236,3993.0100000000007,194,78,667,127,103,709,685.6800000000001,20.58252577319588
1237,1051.16,20,19,230,86,114,621,171.72,52.55800000000001
1238,4678.6100000000015,51,44,884,147,3,704,1446.51,91.73745098039218
1239,2068.4999999999995,26,24,444,92,93,708,430.5,79.55769230769229
1240,11250.070000000014,217,76,1157,187,99,711,891.73,51.84364055299546
1241,2041.45,91,54,439,109,6,710,381.92999999999995,22.433516483516485
1242,830.11,35,28,170,79,114,705,270.35999999999996,23.71742857142857
1243,249.70000000000002,15,14,59,37,101,594,16.85,16.64666666666667
1244,603.45,34,29,200,75,80,707,104.77,17.748529411764707
1245,4469.270000000001,254,85,820,160,69,711,685.8299999999999,17.59555118110237
1246,5428.250000000003,97,59,797,143,38,702,651.07,55.9613402061856
1247,6639.950000000005,123,75,803,148,108,709,1181.9999999999995,53.98333333333338
1248,9091.29000000001,158,79,1098,148,50,702,1315.1999999999998,57.53981012658234
1249,491.62,23,20,169,74,108,704,70.29999999999998,21.374782608695654
1250,203.17000000000002,6,6,81,53,81,699,65.89999999999999,33.86166666666667
1251,325.77000000000004,53,34,82,40,55,654,95.21,6.146603773584906
1252,1152.78,46,35,317,103,35,694,548.7,25.060434782608695
1253,570.15,24,8,190,74,102,622,151.17999999999995,23.756249999999998
1254,252.30999999999997,6,5,87,54,58,638,57.24000000000001,42.05166666666666
1255,522.3,28,24,160,61,60,694,181.02999999999997,18.65357142857143
1256,5274.320000000003,170,88,685,149,20,706,453.97,31.0254117647059
1257,1389.1200000000006,31,24,341,111,90,707,249.02999999999994,44.81032258064518
1258,3502.450000000001,232,94,433,130,6,711,732.0299999999999,15.096767241379315
1259,1163.6199999999997,33,28,185,68,108,682,265.99,35.26121212121211
1260,11200.800000000003,168,85,1265,195,24,711,957.4899999999998,66.67142857142859
1261,3777.980000000002,228,79,693,152,48,705,630.7099999999999,16.570087719298254
1262,769.7200000000001,29,15,323,98,44,664,183.11,26.542068965517245
1263,5257.440000000002,126,69,817,154,18,682,750.05,41.725714285714304
1264,6458.780000000004,132,69,1063,177,49,701,1061.7399999999998,48.93015151515155
1265,1409.87,49,38,371,104,118,711,383.98,28.77285714285714
1266,1657.1100000000001,115,72,300,96,17,700,539.1700000000002,14.409652173913045
1267,1689.8400000000004,66,55,408,129,79,709,170.92,25.60363636363637
1268,3013.5600000000013,71,47,531,133,81,706,437.8500000000001,42.44450704225354
1269,2595.17,109,60,722,149,69,711,514.38,23.808899082568807
1270,3455.3200000000015,73,47,591,149,91,705,362.47999999999996,47.333150684931525
1271,4155.52,132,74,799,128,117,710,692.6100000000001,31.481212121212124
1272,10019.450000000006,258,93,1441,198,33,711,1378.6999999999998,38.835077519379865
1273,265.03999999999996,17,13,72,39,103,706,32.57,15.590588235294115
1274,12503.240000000014,273,94,937,154,55,709,1066.2000000000003,45.79941391941397
1275,137.63,8,4,56,23,69,291,18.66,17.20375
1276,623.4499999999999,20,14,189,91,110,703,59.339999999999996,31.172499999999996
1277,5900.810000000003,328,83,1189,181,95,710,1123.9099999999999,17.99027439024391
1278,738.3400000000001,19,17,180,79,102,705,216.81,38.86000000000001
1279,4793.460000000001,199,81,1054,159,89,709,816.81,24.08773869346734
1280,427.63,24,17,92,42,89,689,60.22,17.817916666666665
1281,788.3999999999999,38,24,213,80,95,695,109.24,20.747368421052627
1282,5957.480000000003,203,73,1103,159,74,692,1112.0700000000002,29.347192118226616
1283,332.46,49,40,168,69,118,708,74.33999999999999,6.784897959183673
1284,1974.4900000000005,160,63,457,102,10,710,410.22,12.340562500000003
1285,5048.590000000005,137,80,897,148,76,709,1407.7599999999995,36.851021897810256
1286,595.0000000000001,30,22,173,76,52,608,99.63,19.833333333333336
1287,2818.0000000000014,159,77,618,127,1,699,511.28,17.723270440251582
1288,1896.5000000000007,55,36,431,127,57,708,366.19,34.48181818181819
1289,1512.08,525,97,365,77,3,710,217.20999999999998,2.880152380952381
1290,1060.24,34,23,344,93,48,702,320.01,31.183529411764706
1291,3290.010000000001,103,75,628,136,28,707,601.3599999999999,31.941844660194185
1292,520.3199999999999,27,24,108,48,13,696,79.53999999999998,19.271111111111107
1293,2762.8,176,79,683,100,70,710,351.43999999999994,15.697727272727274
1294,4829.3200000000015,56,44,1053,167,110,709,727.9399999999997,86.23785714285717
1295,1637.41,68,44,437,102,50,708,326.2099999999999,24.079558823529414
1296,2124.4300000000003,80,77,341,87,77,708,624.5399999999998,26.555375000000005
1297,2733.2800000000007,147,63,475,118,25,711,234.32000000000002,18.593741496598643
1298,1487.9900000000005,50,40,448,127,105,699,279.13999999999993,29.75980000000001
1299,5959.570000000002,192,86,1256,180,46,711,1669.8800000000003,31.039427083333347
1300,2959.6500000000015,84,52,588,146,31,710,575.15,35.23392857142859
1301,1494.2200000000003,80,47,407,121,34,710,186.68,18.677750000000003
1302,757.95,36,28,167,69,98,708,127.59000000000002,21.054166666666667
1303,6344.090000000004,212,72,1165,190,98,708,740.0199999999998,29.924952830188698
1304,899.4900000000001,90,57,220,77,60,710,257.85999999999996,9.994333333333335
1305,7552.930000000004,373,74,804,133,95,681,1352.4799999999998,20.249142091152827
1306,3041.690000000001,171,70,802,155,83,708,551.6899999999999,17.787660818713455
1307,2049.5800000000004,174,67,329,114,98,707,220.7,11.779195402298853
1308,320.58000000000004,23,19,82,42,13,579,59.629999999999995,13.93826086956522
1309,158.48000000000002,9,6,47,33,17,550,27.660000000000004,17.60888888888889
1310,857.9800000000001,34,28,279,83,92,692,181.88,25.234705882352944
1311,685.63,17,14,180,79,81,607,228.68999999999994,40.33117647058823
1312,5055.880000000003,134,59,1053,174,62,703,842.1399999999999,37.73044776119405
1313,1030.9699999999998,30,26,299,105,113,700,145.85,34.36566666666666
1314,14330.400000000009,421,96,1803,220,47,710,1526.4499999999998,34.03895486935869
1315,645.36,5,5,256,79,60,624,133.79999999999995,129.072
1316,3736.4800000000005,58,46,705,149,6,693,596.1099999999999,64.42206896551725
1317,4065.24,196,88,786,119,20,707,806.9899999999998,20.741020408163266
1318,5583.960000000005,74,65,768,159,96,697,451.76,75.45891891891898
1319,1059.79,48,41,298,92,39,679,378.06,22.078958333333333
1320,360.42999999999995,14,12,100,52,32,707,102.21999999999997,25.744999999999997
1321,1888.1299999999994,204,74,416,97,73,710,443.59000000000003,9.255539215686271
1322,260.65,16,15,71,45,69,688,52.41,16.290625
1323,297.05,11,9,84,44,43,706,66.99,27.004545454545454
1324,2667.2300000000005,42,39,650,131,77,699,781.4899999999998,63.5054761904762
1325,2835.9900000000007,64,44,619,165,79,709,285.47999999999996,44.31234375000001
1326,8831.210000000003,394,86,1369,182,82,707,1629.4700000000003,22.41423857868021
1327,477.16999999999996,9,9,173,62,113,409,126.11000000000001,53.01888888888888
1328,2544.8900000000003,96,42,565,125,60,710,464.15999999999997,26.509270833333336
1329,1546.0500000000002,31,27,300,107,44,701,323.62,49.8725806451613
1330,2177.55,86,53,480,110,36,707,527.44,25.320348837209306
1331,1821.03,105,56,410,118,19,678,316.08,17.34314285714286
1332,2047.2600000000007,60,50,544,138,55,706,287.45,34.12100000000001
1333,7709.850000000006,129,75,1236,188,73,705,848.2799999999997,59.766279069767485
1334,629.5799999999999,57,28,270,79,92,697,141.19,11.045263157894736
1335,978.8700000000001,31,24,309,85,117,689,368.02,31.57645161290323
1336,6035.210000000001,123,77,920,132,44,708,2280.7700000000004,49.066747967479685
1337,11500.760000000006,244,86,2014,206,109,711,2852.49,47.13426229508199
1338,1783.9799999999998,189,48,505,118,54,710,367.22,9.439047619047617
1339,390.16,6,6,19,8,52,701,82.17999999999999,65.02666666666667
1340,512.53,57,44,162,72,48,695,70.62,8.991754385964912
1341,434.77000000000004,13,11,106,47,45,637,220.22,33.44384615384616
1342,160.02,12,11,31,24,49,678,11.33,13.335
1343,267.18999999999994,12,10,114,50,92,665,68.88,22.26583333333333
1344,2728.7800000000007,27,25,456,100,87,691,593.59,101.06592592592595
1345,1348.56,56,43,335,111,3,690,194.76000000000005,24.08142857142857
1346,1174.3099999999997,80,47,242,85,91,711,169.68,14.678874999999996
1347,3360.340000000002,131,63,576,140,63,706,398.33000000000004,25.651450381679403
1348,324.22,23,21,67,30,84,626,29.18,14.096521739130436
1349,5380.22,202,80,801,143,42,711,1361.5500000000002,26.634752475247527
1350,2568.5999999999995,131,53,664,144,46,709,565.2899999999998,19.607633587786257
1351,564.4,91,63,113,45,1,697,155.82999999999996,6.202197802197802
1352,5398.9500000000035,138,75,779,174,117,711,536.73,39.12282608695655
1353,4019.9099999999994,132,79,945,138,17,703,1061.23,30.453863636363632
1354,2534.7600000000007,87,61,590,126,75,710,460.97,29.13517241379311
1355,547.8199999999999,14,9,147,67,25,709,135.72,39.129999999999995
1356,2239.34,86,63,429,123,12,705,412.45,26.038837209302326
1357,3061.9000000000005,87,76,207,74,59,710,1043.7899999999997,35.19425287356322
1358,2466.6800000000003,123,35,678,118,80,710,684.6599999999997,20.054308943089435
1359,1192.6799999999998,76,51,278,89,61,707,224.95999999999998,15.69315789473684
1360,630.1899999999999,23,23,146,40,55,673,80.91,27.399565217391302
1361,608.5799999999999,11,11,183,75,12,710,100.32000000000001,55.32545454545454
1362,1418.7600000000002,61,48,165,69,109,696,113.38000000000001,23.258360655737707
1363,4075.4000000000024,58,36,663,150,75,711,681.59,70.26551724137936
1364,2466.05,145,81,624,151,1,710,498.88999999999993,17.007241379310347
1365,103.64999999999999,9,7,55,35,33,389,44.07,11.516666666666666
1366,4242.620000000001,256,85,840,152,74,705,725.9199999999998,16.572734375000003
1367,12125.480000000014,352,94,2019,206,24,710,2270.9499999999994,34.447386363636404
1368,2766.9700000000003,32,29,404,127,92,700,318.48,86.46781250000001
1369,3105.710000000002,144,77,465,139,19,711,419.26000000000005,21.567430555555568
1370,8531.890000000003,86,84,829,121,89,711,1518.8899999999996,99.20802325581398
1371,835.71,45,31,301,78,6,531,206.73000000000005,18.571333333333335
1372,1337.0700000000002,25,23,260,82,19,658,239.07,53.482800000000005
1373,657.52,40,36,144,64,51,700,75.67,16.438
1374,2841.560000000001,99,64,571,131,72,708,410.27,28.70262626262627
1375,3745.410000000001,122,67,896,153,112,710,752.34,30.700081967213126
1376,11041.41000000001,235,83,1518,192,100,708,2154.5,46.98472340425536
1377,791.3400000000001,35,30,219,94,3,703,73.53,22.60971428571429
1378,6933.7199999999975,121,79,848,143,35,707,1007.3100000000001,57.30347107438015
1379,13995.22,509,91,1615,192,80,711,2376.56,27.495520628683693
1380,349.81000000000006,25,21,107,62,9,679,49.910000000000004,13.992400000000002
1381,134.4,49,27,51,27,114,702,43.61,2.742857142857143
1382,3082.47,116,69,485,113,26,706,619.37,26.573017241379308
1383,1532.6500000000003,128,69,293,107,87,701,242.58999999999997,11.973828125000002
1384,827.46,33,30,315,78,90,696,245.88,25.074545454545454
1385,5637.510000000002,112,59,871,133,61,693,1198.57,50.33491071428573
1386,111.15,8,8,35,23,108,663,1.9500000000000002,13.89375
1387,2057.9500000000003,66,53,289,76,38,705,388.87,31.181060606060612
1388,6949.160000000005,151,79,965,156,17,709,902.14,46.02092715231792
1389,2841.1600000000008,41,32,455,125,113,701,264.66999999999996,69.29658536585367
1390,4879.8600000000015,211,64,994,156,15,705,1479.37,23.12729857819906
1391,8105.7400000000025,169,84,1386,202,26,708,1945.9299999999998,47.96295857988167
1392,2315.0700000000006,109,58,460,130,72,661,542.6599999999999,21.23917431192661
1393,5950.890000000003,203,89,657,149,55,708,762.5899999999999,29.314729064039422
1394,4391.580000000002,151,72,629,140,118,707,783.46,29.083311258278158
1395,1142.42,40,29,239,85,79,709,217.64000000000001,28.5605
1396,7177.060000000004,229,72,1368,159,58,620,2031.2899999999993,31.340873362445432
1397,5707.600000000001,283,88,765,148,99,708,981.2199999999998,20.168197879858663
1398,404.96,20,19,132,53,91,694,84.51,20.247999999999998
1399,1032.63,33,30,257,76,112,707,183.57999999999998,31.291818181818186
1400,284.31,11,10,97,43,108,699,85.12999999999998,25.846363636363638
1401,587.37,52,41,209,79,79,683,229.20000000000005,11.295576923076924
1402,2245.7600000000007,165,84,399,94,61,709,323.87,13.61066666666667
1403,3673.2600000000007,151,60,367,124,75,683,395.73999999999995,24.326225165562917
1404,1248.19,44,32,419,109,61,704,217.86999999999998,28.36795454545455
1405,2480.8800000000006,55,38,568,152,68,699,411.77,45.1069090909091
1406,3790.4400000000014,116,60,790,162,76,710,581.8999999999999,32.67620689655173
1407,1615.9400000000005,35,26,397,123,88,705,150.27,46.1697142857143
1408,1055.29,57,44,228,75,89,691,146.07,18.513859649122807
1409,4324.030000000002,87,65,657,123,86,706,584.27,49.70149425287358
1410,2525.94,45,28,554,144,37,694,565.04,56.132
1411,131.52000000000004,6,5,38,20,106,443,32.74,21.920000000000005
1412,4053.150000000001,77,58,512,131,9,705,638.1499999999999,52.6383116883117
1413,344.05999999999995,27,20,121,62,93,700,38.81,12.742962962962961
1414,274.03,17,14,71,44,112,711,54.46,16.11941176470588
1415,271.40999999999997,27,23,80,41,71,703,40.68,10.052222222222222
1416,91.65,6,4,22,13,42,688,19.18,15.275
1417,3703.9300000000017,75,39,464,100,74,710,845.4399999999999,49.385733333333356
1418,2735.2000000000007,78,64,566,140,51,707,355.20999999999987,35.06666666666668
1419,7634.5700000000015,524,92,1294,175,68,711,2379.4999999999995,14.569790076335881
1420,3891.970000000001,79,48,931,137,47,654,878.1899999999999,49.2654430379747
1421,5535.200000000001,218,97,729,130,14,711,1280.41,25.3908256880734
1422,481.76999999999987,11,8,149,57,47,707,141.04999999999998,43.79727272727271
1423,1695.76,189,78,220,83,109,698,221.82999999999998,8.972275132275133
1424,595.22,57,40,206,89,119,651,127.14999999999999,10.442456140350878
1425,3828.6000000000004,131,66,750,160,107,709,1291.2100000000005,29.225954198473286
1426,2330.87,65,46,459,126,7,701,351.25999999999993,35.85953846153846
1427,2640.4700000000007,83,44,826,156,52,706,615.69,31.81289156626507
1428,4911.530000000001,164,73,1102,175,93,702,1063.44,29.94835365853659
1429,818.56,83,54,164,51,115,710,398.06,9.862168674698795
1430,20352.989999999976,344,90,1857,189,76,711,2494.6100000000006,59.165668604651096
1431,2718.4000000000005,155,73,400,129,106,710,289.21999999999997,17.538064516129037
1432,336.94999999999993,9,9,136,77,10,711,136.26,37.43888888888888
1433,70.04,8,7,27,22,47,687,14.03,8.755
1434,4160.330000000001,220,79,1092,170,104,709,681.2499999999999,18.910590909090914
1435,511.78,13,11,134,59,41,620,127.68,39.36769230769231
1436,134.89,8,6,46,31,104,596,33.34,16.86125
1437,4775.560000000001,99,61,1270,160,20,690,1379.0299999999997,48.23797979797981
1438,2130.7700000000004,41,32,417,135,10,705,199.37,51.97000000000001
1439,555.56,33,23,162,68,89,659,126.00000000000001,16.835151515151512
1440,2551.58,100,58,596,136,96,711,658.1200000000001,25.5158
1441,401.47,13,12,98,59,20,634,60.28999999999999,30.882307692307695
1442,312.5,29,15,131,60,56,689,75.03999999999999,10.775862068965518
1443,2221.4800000000005,182,67,247,88,84,710,167.50000000000003,12.205934065934068
1444,323.98999999999995,23,15,102,52,40,618,34.94,14.086521739130433
1445,5130.590000000003,178,77,927,166,82,708,978.5199999999999,28.823539325842713
1446,2095.8300000000004,44,38,441,116,117,703,470.0800000000001,47.63250000000001
1447,604.9499999999998,40,31,174,67,36,706,78.05000000000001,15.123749999999996
1448,1927.33,80,35,141,51,101,651,160.61999999999995,24.091625
1449,405.83000000000004,39,28,122,56,106,625,62.349999999999994,10.405897435897437
1450,1647.2,90,38,352,114,91,686,329.69999999999993,18.302222222222223
1451,6700.050000000003,260,81,1154,177,114,710,1677.67,25.76942307692309
1452,1884.0500000000006,374,93,379,103,54,699,232.69,5.0375668449197875
1453,21661.28999999989,761,87,3119,237,97,710,2895.5000000000005,28.46424441524296
1454,4934.000000000002,154,62,637,147,90,711,849.5999999999999,32.03896103896105
1455,820.1800000000001,14,11,203,93,18,260,139.14,58.58428571428572
1456,1506.5000000000002,69,42,413,121,112,685,277.68,21.833333333333336
1457,2667.34,39,27,410,107,49,692,551.1300000000001,68.39333333333333
1458,3480.630000000001,126,69,730,163,92,705,819.7899999999998,27.624047619047627
1459,4769.040000000002,79,47,851,149,67,702,687.86,60.36759493670888
1460,2455.6800000000003,57,42,560,143,69,652,391.05000000000007,43.0821052631579
1461,7246.2000000000035,290,91,958,176,30,709,1083.86,24.98689655172415
1462,4830.000000000002,120,75,939,157,89,704,929.8599999999997,40.250000000000014
1463,3460.15,139,76,516,133,28,707,834.6600000000001,24.8931654676259
1464,2474.4000000000005,76,52,603,118,88,676,833.4999999999998,32.557894736842115
1465,1038.52,56,40,275,108,24,704,159.48,18.544999999999998
1466,1029.47,38,29,200,83,5,700,128.36999999999998,27.091315789473686
1467,2957.820000000002,835,72,408,95,10,711,511.62,3.542299401197607
1468,4131.730000000002,81,47,652,153,42,568,485.32,51.00901234567904
1469,1159.9999999999998,44,28,346,91,23,550,207.85999999999999,26.36363636363636
1470,1991.3300000000004,133,67,433,125,105,708,324.34,14.972406015037597
1471,486.72,32,29,68,33,49,667,83.17999999999999,15.21
1472,269.54,4,3,72,42,87,417,60.33000000000001,67.385
1473,4339.150000000002,118,67,946,172,107,708,512.35,36.77245762711866
1474,2445.87,72,46,516,113,85,707,532.8400000000001,33.970416666666665
1475,14855.210000000014,339,87,1126,170,110,710,2501.2,43.820678466076735
1476,9481.750000000005,356,88,768,135,35,710,911.4300000000002,26.63412921348316
1477,279.20000000000005,15,15,53,35,62,661,33.24,18.613333333333337
1478,88.59,6,5,28,20,112,513,31.810000000000002,14.765
1479,9129.230000000007,716,98,1614,197,24,709,1163.5800000000002,12.75032122905029
1480,152.21,27,23,26,12,86,668,108.19999999999999,5.637407407407408
1481,3298.770000000001,164,71,830,159,89,708,512.8100000000001,20.1144512195122
1482,1042.3500000000001,18,16,283,108,38,595,273.17999999999995,57.90833333333334
1483,4725.270000000002,112,66,1174,151,5,711,917.3,42.18991071428574
1484,3209.3900000000012,106,67,950,155,108,708,645.1099999999999,30.27726415094341
1485,2187.88,66,49,338,117,26,696,216.31,33.14969696969697
1486,548.32,14,13,121,55,90,698,88.16000000000001,39.16571428571429
1487,1471.2800000000002,38,24,317,112,105,704,166.53,38.71789473684211
1488,3246.920000000002,76,52,737,153,95,692,752.4000000000001,42.72263157894739
1489,17251.530000000013,536,91,2044,200,65,710,3961.9300000000035,32.18569029850749
1490,5064.7000000000035,208,93,809,129,4,709,1244.6599999999999,24.349519230769246
1491,5635.970000000005,289,90,736,167,82,710,781.22,19.50162629757787
1492,1226.29,95,72,376,116,17,709,250.90000000000003,12.908315789473685
1493,943.13,25,22,230,72,116,704,211.20000000000002,37.7252
1494,2595.09,85,45,598,124,75,700,369.73999999999995,30.530470588235296
1495,1779.8600000000001,165,82,570,102,77,704,265.75,10.787030303030305
1496,852.95,12,10,253,93,98,657,146.96,71.07916666666667
1497,527.3,9,8,130,76,95,692,62.720000000000006,58.58888888888888
1498,960.1799999999997,26,24,246,94,79,658,162.07999999999998,36.92999999999999
1499,2106.09,89,58,347,109,104,711,575.25,23.663932584269663
1500,1051.1200000000001,54,28,284,100,113,697,164.60000000000002,19.465185185185188
1501,8490.730000000003,205,80,993,169,92,701,1116.67,41.418195121951236
1502,2160.8200000000006,47,40,542,129,30,680,333.43,45.97489361702129
1503,117.69000000000001,18,16,49,39,45,660,23.160000000000004,6.538333333333334
1504,66.33,3,3,7,6,78,197,31.68,22.11
1505,4053.2300000000023,103,60,725,165,114,656,628.15,39.351747572815555
1506,2389.2000000000016,144,80,368,85,46,710,443.64,16.59166666666668
1507,1499.3700000000001,26,23,319,110,102,700,205.6,57.668076923076924
1508,1849.2,81,57,241,86,44,669,527.46,22.82962962962963
1509,6452.830000000005,204,88,694,161,58,710,698.28,31.631519607843163
1510,11211.370000000004,1300,90,1576,217,82,711,1372.6299999999997,8.624130769230772
1511,3740.1600000000017,149,83,718,143,75,705,780.8999999999999,25.101744966442965
1512,1674.2300000000005,93,52,376,106,24,707,226.69,18.002473118279575
1513,931.89,64,46,244,81,56,707,165.56,14.56078125
1514,2355.31,57,43,498,107,95,704,413.62000000000006,41.32122807017544
1515,4158.200000000002,99,58,874,175,51,711,636.06,42.00202020202022
1516,189.66000000000003,15,12,65,36,136,496,24.47,12.644000000000002
1517,3871.0400000000004,135,74,821,139,75,708,1259.6899999999996,28.674370370370372
1518,1373.77,34,25,290,94,60,676,356.46,40.405
1519,2425.660000000001,30,27,621,152,39,690,517.9699999999998,80.85533333333338
1520,3839.3600000000006,142,76,683,131,102,708,683.78,27.037746478873242
1521,753.95,43,24,357,116,87,666,214.91,17.53372093023256
1522,1086.56,35,25,365,124,92,633,225.29000000000002,31.044571428571427
1523,1668.3000000000002,67,26,438,117,83,679,358.3399999999999,24.900000000000002
1524,2800.81,60,37,500,139,83,710,562.6299999999999,46.680166666666665
1525,1645.25,38,25,386,99,61,690,400.31,43.296052631578945
1526,2901.090000000001,199,82,693,132,75,710,596.19,14.57834170854272
1527,17295.17999999999,321,97,1636,193,33,710,1932.3599999999997,53.879065420560714
1528,8086.550000000006,239,91,1740,197,54,711,1635.38,33.834937238493744
1529,9025.510000000006,244,83,1158,160,91,707,1769.36,36.98979508196724
1530,879.9300000000001,48,37,174,85,108,707,96.82999999999998,18.331875
1531,978.9099999999999,45,33,270,109,70,710,188.67,21.753555555555554
1532,1916.0200000000002,86,37,330,106,52,669,308.68,22.279302325581398
1533,255.23999999999998,22,20,76,35,86,700,18.529999999999998,11.601818181818182
1534,8449.680000000008,313,85,890,167,105,708,1200.999999999999,26.995782747603858
1535,8453.650000000007,247,77,1256,169,82,711,1440.43,34.22530364372472
1536,6960.190000000005,164,78,1095,165,47,711,1028.9099999999999,42.4401829268293
1537,2878.5800000000013,148,63,637,127,51,691,412.69999999999993,19.449864864864875
1538,504.9200000000001,32,23,227,93,63,707,98.14999999999999,15.778750000000002
1539,79.41000000000001,10,9,15,14,89,672,5.82,7.941000000000001
1540,3598.69,143,64,825,129,98,710,731.63,25.165664335664335
1541,7743.350000000006,102,72,992,167,115,705,986.29,75.91519607843144
1542,1969.9300000000003,116,71,392,120,24,702,357.59999999999997,16.982155172413794
1543,2612.3999999999996,84,43,429,133,108,684,700.4100000000001,31.099999999999994
1544,2457.9300000000003,54,38,512,121,20,691,325.32,45.51722222222223
1545,3948.5300000000007,174,80,785,181,66,709,678.31,22.69270114942529
1546,4095.37,113,56,880,131,114,704,776.2800000000002,36.24221238938053
1547,2222.05,289,61,280,86,45,710,247.51,7.6887543252595165
1548,3850.530000000001,112,61,832,144,33,710,765.01,34.37973214285715
1549,1988.9100000000003,177,91,465,132,6,711,425.96000000000004,11.236779661016952
1550,2542.450000000002,338,50,654,124,55,710,470.22999999999996,7.52204142011835
1551,800.11,18,13,217,93,9,696,118.03,44.45055555555555
1552,1084.76,35,32,274,90,86,692,138.11999999999998,30.993142857142857
1553,140.83999999999997,16,8,71,37,17,695,14.59,8.802499999999998
1554,982.76,46,27,136,54,21,704,160.81,21.364347826086956
1555,1446.5399999999997,89,57,443,115,60,697,330.42,16.25325842696629
1556,3799.800000000001,138,78,901,127,95,710,1128.7900000000002,27.53478260869566
1557,6528.360000000006,195,82,726,153,90,710,557.0699999999999,33.47876923076926
1558,4487.100000000002,145,82,803,173,4,711,433.01,30.945517241379324
1559,2725.4200000000005,60,34,532,138,15,704,292.12,45.423666666666676
1560,1209.0400000000002,44,36,267,88,110,703,460.6900000000001,27.478181818181824
1561,401.4099999999999,6,4,100,56,87,611,55.67999999999999,66.90166666666666
1562,1198.0199999999998,39,31,458,109,94,710,357.65,30.718461538461533
1563,4754.880000000003,113,57,756,152,110,698,735.49,42.07858407079649
1564,437.7700000000001,36,28,119,74,42,664,92.71,12.16027777777778
1565,447.90999999999997,31,27,172,70,61,652,113.04,14.448709677419354
1566,10567.710000000006,347,64,1322,183,95,709,1143.2399999999998,30.45449567723345
1567,2124.2300000000005,155,65,466,108,117,708,247.81000000000003,13.704709677419357
1568,4575.940000000002,81,58,830,153,107,708,1321.8799999999999,56.49308641975311
1569,1345.59,104,52,432,107,14,706,272.12000000000006,12.938365384615384
1570,2389.9600000000005,51,35,486,120,107,664,705.54,46.86196078431374
1571,567.87,49,36,139,55,58,708,60.01,11.589183673469387
1572,2544.4100000000008,52,32,508,136,106,711,533.7599999999999,48.93096153846155
1573,372.87,96,33,149,57,95,696,64.52000000000001,3.8840625
1574,3616.030000000002,28,22,737,116,107,651,1347.9,129.14392857142863
1575,1642.4900000000002,55,45,456,127,89,710,325.21000000000004,29.863454545454548
1576,471.11000000000007,18,18,217,74,15,691,153.60000000000002,26.17277777777778
1577,3794.6100000000006,82,54,809,151,74,692,662.8599999999999,46.27573170731708
1578,2846.8100000000004,94,55,695,133,117,697,501.99,30.28521276595745
1579,12695.250000000018,600,98,1539,178,14,710,2249.609999999999,21.15875000000003
1580,1771.0200000000002,201,62,544,129,51,710,406.44,8.811044776119404
1581,1249.2599999999998,28,21,358,118,433,708,396.9699999999999,44.616428571428564
1582,1907.0200000000004,37,27,454,123,100,602,216.28,51.541081081081096
1583,338.28000000000003,20,16,65,26,84,685,47.67,16.914
1584,7435.3800000000065,317,89,928,156,7,710,866.8400000000001,23.45545741324923
1585,9353.850000000008,150,74,1436,200,68,705,990.75,62.35900000000005
1586,2237.21,72,55,286,89,96,709,175.54999999999998,31.07236111111111
1587,714.6100000000001,68,47,210,80,87,711,137.43,10.508970588235297
1588,5199.980000000003,234,75,1004,190,100,708,570.89,22.222136752136766
1589,341.54,18,16,118,57,79,708,66.99,18.974444444444444
1590,8033.790000000008,152,83,1118,175,4,704,995.86,52.85388157894742
1591,4844.960000000001,111,62,767,134,24,708,874.0,43.6482882882883
1592,2371.5900000000006,52,39,338,106,103,711,230.92,45.60750000000001
1593,1789.1000000000004,43,36,469,135,73,695,334.87,41.606976744186056
1594,2986.1299999999997,118,47,643,127,112,705,544.56,25.306186440677962
1595,5644.0700000000015,139,74,762,138,45,710,639.86,40.6048201438849
1596,2154.6300000000006,28,23,558,133,76,709,313.49,76.95107142857145
1597,801.6300000000001,54,38,280,101,85,705,138.45,14.845000000000002
1598,11516.830000000004,445,80,1875,209,104,711,2106.4599999999996,25.880516853932594
1599,6161.210000000004,182,83,1427,162,25,710,1081.4000000000005,33.85280219780222
1600,914.6999999999999,64,37,207,76,40,706,243.32999999999998,14.292187499999999
1601,1288.5400000000002,23,19,454,133,7,708,193.11999999999998,56.023478260869574
1602,6425.140000000005,159,77,1286,182,74,710,705.1699999999998,40.409685534591226
1603,492.71999999999997,11,11,195,76,102,570,140.14999999999998,44.79272727272727
1604,818.41,156,79,186,65,106,711,95.17999999999999,5.246217948717948
1605,729.22,57,37,335,111,101,702,294.84,12.793333333333333
1606,1131.91,21,18,227,73,106,695,208.89,53.9004761904762
1607,3882.88,138,68,150,50,62,710,2488.6,28.1368115942029
1608,1399.8899999999999,40,28,484,107,78,687,427.69000000000005,34.997249999999994
1609,27859.6799999999,412,95,1592,203,42,711,2532.1800000000003,67.6205825242716
1610,164.49,11,6,52,34,86,466,21.639999999999997,14.953636363636365
1611,677.46,51,32,238,86,73,707,105.34999999999998,13.283529411764707
1612,8429.050000000005,151,73,1207,196,29,711,967.1799999999997,55.82152317880798
1613,6699.490000000005,136,72,918,146,39,706,927.13,49.26095588235298
1614,518.16,75,53,113,52,89,698,74.78,6.908799999999999
1615,869.2799999999999,42,33,251,92,43,660,201.01,20.697142857142854
1616,1235.72,38,31,384,113,18,632,252.09999999999997,32.51894736842105
1617,4067.800000000001,104,47,674,123,2,687,706.4499999999999,39.11346153846155
1618,4562.480000000002,99,60,625,157,118,711,622.4699999999999,46.08565656565659
1619,4454.730000000002,185,83,702,146,91,708,612.47,24.079621621621634
1620,9219.350000000004,337,86,1680,182,68,708,2375.8400000000006,27.35712166172108
1621,3231.4800000000005,90,49,788,118,92,709,674.17,35.90533333333334
1622,3844.3100000000013,106,71,646,152,33,711,961.32,36.26707547169813
1623,4733.620000000002,180,58,821,148,112,710,935.41,26.2978888888889
1624,1567.81,82,48,271,86,108,683,243.32999999999998,19.11963414634146
1625,464.64000000000004,41,28,161,65,110,701,71.89000000000001,11.33268292682927
1626,42.959999999999994,2,2,8,3,106,439,2.1599999999999997,21.479999999999997
1627,3484.0200000000004,114,54,477,131,62,711,512.04,30.561578947368425
1628,546.7800000000002,18,13,136,70,66,702,82.11,30.37666666666668
1629,590.7099999999999,9,9,182,76,3,663,79.53,65.63444444444444
1630,9265.320000000007,188,88,766,158,103,710,1597.0500000000002,49.28361702127663
1631,10427.210000000015,353,88,1776,164,97,711,2628.090000000001,29.538838526912226
1632,2104.9100000000003,64,47,314,108,71,673,287.32000000000005,32.889218750000005
1633,10162.780000000006,219,92,1579,194,6,706,2094.3199999999997,46.40538812785391
1634,4616.14,85,63,891,138,36,709,940.2600000000001,54.30752941176471
1635,128.98000000000002,20,14,40,29,93,663,24.430000000000003,6.449000000000001
1636,1197.7700000000004,22,10,266,102,70,710,226.13000000000008,54.44409090909093
1637,1170.13,66,41,117,58,71,711,411.91,17.729242424242425
1638,552.1799999999998,51,42,204,82,115,696,189.55,10.82705882352941
1639,2578.1000000000004,110,53,626,135,80,711,489.6499999999999,23.43727272727273
1640,4410.100000000001,151,64,645,141,74,711,730.4899999999999,29.20596026490067
1641,577.6200000000001,47,31,169,72,88,707,116.66000000000001,12.289787234042556
1642,2096.1200000000003,125,82,355,99,25,705,544.6699999999998,16.768960000000003
1643,1461.4000000000003,46,31,402,103,74,702,320.86000000000007,31.76956521739131
1644,397.48,26,9,88,57,113,711,63.35,15.287692307692309
1645,296.52,8,6,67,40,115,666,63.47,37.065
1646,1553.5300000000002,68,43,156,65,49,699,148.81999999999996,22.846029411764707
1647,50.49,12,9,22,18,51,673,9.12,4.2075000000000005
1648,5250.360000000003,116,54,818,147,60,684,1317.1399999999999,45.26172413793106
1649,1132.3999999999999,48,36,260,92,110,711,163.35999999999999,23.591666666666665
1650,2259.1600000000003,106,57,418,117,117,705,379.63,21.31283018867925
1651,2025.0800000000004,65,48,433,134,33,711,347.73,31.15507692307693
1652,945.9999999999999,39,29,230,75,6,708,139.23000000000002,24.256410256410252
1653,19153.74999999998,541,89,2407,196,90,710,4302.850000000002,35.40434380776337
1654,786.5300000000001,40,29,166,74,50,679,68.32,19.66325
1655,502.77000000000004,41,15,179,87,8,711,99.08000000000001,12.26268292682927
1656,458.22,10,10,83,40,29,660,47.68000000000001,45.822
1657,647.9,50,19,101,53,107,681,46.8,12.958
1658,1778.6700000000005,69,46,255,93,93,707,302.05,25.77782608695653
1659,2820.6100000000015,130,68,721,147,91,709,602.6099999999999,21.69700000000001
1660,2045.5000000000002,62,40,491,110,59,704,552.8100000000001,32.99193548387097
1661,1425.4,44,25,298,98,49,709,130.73999999999998,32.39545454545455
1662,8617.94000000001,83,61,1298,177,85,702,1538.5499999999997,103.83060240963867
1663,1834.06,196,72,243,63,95,709,95.00999999999998,9.357448979591837
1664,2194.310000000001,41,22,451,116,81,697,598.8999999999999,53.51975609756099
1665,1556.8400000000001,108,59,379,106,47,707,510.47999999999996,14.415185185185187
1666,1078.4699999999998,82,46,162,72,117,674,150.92000000000002,13.152073170731704
1667,891.0999999999999,42,22,211,94,47,701,325.86000000000007,21.216666666666665
1668,2283.69,94,56,490,141,98,696,199.03,24.294574468085106
1669,297.97,10,9,74,44,27,703,50.040000000000006,29.797000000000004
1670,96.48,19,16,52,36,22,624,11.28,5.077894736842105
1671,1420.41,38,33,422,107,70,710,215.22,37.379210526315795
1672,1718.0800000000004,75,47,460,120,31,701,308.04,22.90773333333334
1673,4773.850000000001,110,53,959,169,102,693,860.32,43.39863636363638
1674,120.28,8,7,53,25,60,419,80.44999999999999,15.035
1675,4862.090000000002,102,69,815,148,58,633,1551.94,47.66754901960786
1676,5203.430000000002,97,58,947,151,115,706,786.31,53.643608247422705
1677,12559.61000000002,193,91,1508,189,15,704,1838.0299999999997,65.07569948186539
1678,2613.990000000001,79,43,625,133,118,699,394.62999999999994,33.08848101265824
1679,276.13000000000005,47,15,78,46,30,709,51.75,5.875106382978725
1680,2039.6800000000003,51,40,560,128,68,688,608.04,39.993725490196084
1681,2602.280000000001,90,46,447,114,61,644,421.82,28.914222222222236
1682,158.92999999999998,10,8,49,25,80,703,21.64,15.892999999999997
1683,1920.9899999999998,86,59,414,126,24,703,283.35999999999996,22.33709302325581
1684,1449.58,50,38,333,100,64,707,193.69,28.9916
1685,1571.3700000000001,97,60,419,113,44,707,226.56000000000003,16.199690721649485
1686,1313.7599999999998,95,66,350,99,109,711,328.90999999999997,13.829052631578945
1687,3766.2700000000023,106,66,744,138,95,705,876.5799999999999,35.53084905660379
1688,971.1199999999999,36,26,236,95,81,683,260.07,26.97555555555555
1689,2711.7900000000004,122,71,386,109,9,710,634.67,22.227786885245905
1690,1508.04,59,38,354,112,93,695,345.8699999999999,25.56
1691,2283.6900000000005,50,40,515,123,94,710,450.29,45.67380000000001
1692,2017.1800000000007,150,72,657,125,18,710,685.76,13.447866666666672
1693,8354.55000000001,164,82,1482,193,106,710,1257.3399999999997,50.94237804878055
1694,8055.470000000004,249,83,992,147,108,711,1633.2000000000005,32.35128514056226
1695,1174.56,160,73,333,95,28,710,273.44,7.340999999999999
1696,2640.01,62,46,576,139,98,704,269.61,42.58080645161291
1697,949.0099999999999,42,34,224,84,106,698,179.57,22.595476190476187
1698,1757.51,38,26,537,119,74,702,242.15000000000003,46.250263157894736
1699,1064.84,29,21,193,78,88,698,388.27,36.71862068965517
1700,1606.69,33,21,431,84,75,677,374.81,48.68757575757576
1701,1390.2800000000002,31,25,215,83,81,684,106.82,44.847741935483874
1702,1927.0500000000004,30,21,363,88,107,656,392.2699999999999,64.23500000000001
1703,4648.880000000002,233,68,848,141,111,708,705.1400000000001,19.952274678111596
1704,400.83000000000004,46,25,151,47,7,710,76.64,8.713695652173914
1705,1805.93,176,75,649,130,37,709,347.24,10.26096590909091
1706,360.06999999999994,18,14,155,67,75,691,89.41,20.003888888888884
1707,6580.490000000006,749,99,1109,182,16,709,1074.46,8.785700934579447
1708,3571.6000000000004,58,45,628,120,95,700,1061.94,61.57931034482759
1709,2141.6400000000003,87,48,519,144,69,707,505.75,24.616551724137935
1710,11984.590000000007,215,84,1331,180,16,705,2075.129999999999,55.74227906976748
1711,664.98,11,10,173,83,66,645,163.29000000000002,60.45272727272727
1712,728.93,33,16,243,93,117,690,140.89,22.088787878787876
1713,1733.8100000000004,37,30,197,58,19,704,184.35,46.85972972972974
1714,264.72,9,8,75,44,36,653,49.67,29.413333333333338
1715,983.5299999999999,53,45,333,123,22,710,129.49,18.55716981132075
1716,1950.2600000000002,180,56,577,140,91,702,303.63,10.834777777777779
1717,1757.8999999999999,88,66,244,70,59,711,680.3900000000001,19.97613636363636
1718,868.69,35,27,244,98,40,711,136.69,24.819714285714287
1719,3402.4500000000007,83,41,835,159,71,709,569.4199999999998,40.99337349397591
1720,5755.690000000004,142,79,842,154,82,704,714.4300000000001,40.533028169014116
1721,339.59,17,15,125,51,114,709,82.0,19.975882352941174
1722,11229.710000000008,258,82,1300,183,24,708,3262.9500000000016,43.52600775193802
1723,4469.220000000002,86,54,276,67,6,680,257.32,51.96767441860467
1724,2626.980000000001,95,60,623,149,70,690,371.01,27.65242105263159
1725,826.7400000000004,19,16,173,83,84,711,57.510000000000005,43.512631578947385
1726,8131.910000000006,182,86,1031,179,52,711,1109.37,44.68082417582421
1727,149.01,2,2,18,16,109,118,6.390000000000001,74.505
1728,1517.1800000000005,21,18,360,98,106,706,258.41999999999996,72.2466666666667
1729,2910.6099999999997,85,54,829,156,34,706,524.59,34.24247058823529
1730,3509.7799999999997,167,89,38,23,34,707,41.469999999999985,21.016646706586826
1731,3451.8100000000013,72,45,813,145,63,703,966.5599999999997,47.941805555555575
1732,3427.300000000002,98,56,912,160,107,703,631.93,34.97244897959186
1733,1487.3700000000003,34,27,325,109,8,709,162.11999999999998,43.746176470588246
1734,161.78000000000003,19,16,59,31,107,677,30.89,8.514736842105265
1735,3902.7700000000013,93,49,663,156,104,711,620.6099999999999,41.96526881720432
1736,374.48,22,19,131,54,102,630,98.35000000000001,17.021818181818183
1737,350.94000000000005,27,21,175,59,83,684,114.22999999999999,12.99777777777778
1738,1379.3600000000001,62,46,236,77,24,680,638.9000000000001,22.247741935483873
1739,778.4,34,27,253,77,90,709,192.15000000000003,22.894117647058824
1740,11938.200000000008,390,65,937,173,91,709,1398.13,30.61076923076925
1741,161.99,15,14,64,44,115,695,29.159999999999993,10.799333333333333
1742,2140.1,282,90,387,79,72,702,251.61999999999995,7.589007092198581
1743,1168.94,43,36,307,105,74,702,234.54000000000005,27.1846511627907
1744,1088.62,58,45,187,78,73,703,96.17999999999999,18.769310344827584
1745,2591.480000000001,125,74,428,102,6,705,520.0699999999999,20.73184000000001
1746,2177.16,49,28,455,119,23,654,416.1,44.431836734693874
1747,3066.6000000000004,92,54,527,125,45,702,621.6499999999999,33.332608695652176
1748,5161.7800000000025,247,84,929,158,117,709,1108.8999999999999,20.897894736842115
1749,4209.350000000001,122,67,498,143,92,704,497.49,34.502868852459024
1750,736.4199999999998,20,18,150,76,88,670,236.22999999999993,36.82099999999999
1751,4142.870000000001,142,64,943,149,19,709,1053.9500000000003,29.175140845070427
1752,6593.810000000005,196,80,1157,150,56,706,1490.8200000000002,33.64188775510207
1753,2964.0500000000006,456,79,660,151,95,711,427.2300000000001,6.500109649122808
1754,4120.160000000001,209,83,741,139,38,704,1659.0800000000004,19.71368421052632
1755,1202.5100000000002,31,25,325,111,74,694,174.84,38.79064516129033
1756,3344.290000000002,67,41,638,160,59,707,509.97,49.91477611940301
1757,253.10999999999993,10,6,61,34,34,454,51.040000000000006,25.310999999999993
1758,2041.9300000000005,70,47,455,130,20,697,425.67,29.17042857142858
1759,4009.6200000000003,219,63,1044,159,116,706,1010.9900000000001,18.308767123287673
1760,563.6400000000001,53,34,129,63,16,705,60.589999999999996,10.634716981132078
1761,1845.4600000000005,31,27,479,117,102,709,354.08000000000004,59.5309677419355
1762,15360.140000000007,344,88,2055,204,93,711,2731.75,44.65156976744188
1763,3919.3700000000013,149,67,491,135,77,705,546.37,26.30449664429531
1764,11412.200000000012,135,60,1660,205,110,707,1592.5699999999997,84.53481481481491
1765,2949.010000000001,62,39,771,149,81,690,650.27,47.56467741935486
1766,460.68,38,22,169,76,86,707,102.93,12.123157894736842
1767,9204.220000000008,485,82,2069,200,14,710,1823.17,18.977773195876306
1768,1522.4699999999998,70,45,314,95,114,709,369.2399999999999,21.749571428571425
1769,7447.280000000005,156,77,863,140,17,711,1220.4299999999998,47.738974358974396
1770,8793.19000000001,477,86,1198,188,49,708,1534.61,18.434360587002118
1771,532.1999999999999,11,11,124,49,25,649,46.77,48.381818181818176
1772,2452.8800000000006,97,59,413,106,29,621,394.73,25.287422680412377
1773,3356.9000000000005,91,57,493,140,71,703,409.65000000000003,36.889010989011
1774,5012.460000000002,66,56,964,145,82,703,842.1999999999999,75.94636363636367
1775,9485.14000000001,211,81,1229,173,113,711,1898.1999999999996,44.953270142180145
1776,3724.2600000000016,231,73,654,145,115,690,697.96,16.12233766233767
1777,1169.97,75,49,225,96,99,711,191.72000000000003,15.5996
1778,9336.300000000005,259,88,1153,170,84,710,1167.9800000000005,36.04749034749037
1779,3508.580000000001,109,71,889,144,37,703,1092.3899999999996,32.188807339449546
1780,1413.6800000000003,43,29,365,116,26,681,200.65000000000003,32.87627906976745
1781,3228.5700000000015,93,60,631,158,71,693,387.81000000000006,34.71580645161292
1782,1742.8500000000004,37,30,332,115,67,706,156.73999999999998,47.10405405405406
1783,4125.890000000001,91,54,765,143,48,702,661.6999999999999,45.33945054945056
1784,1980.6200000000003,40,37,403,119,28,696,336.0,49.51550000000001
1785,1555.6999999999998,75,52,500,143,69,710,408.83000000000004,20.742666666666665
1786,409.73,44,29,99,70,69,655,29.429999999999993,9.312045454545455
1787,1097.5,61,36,351,100,39,692,286.13,17.991803278688526
1788,9072.280000000012,152,77,1028,148,103,710,542.26,59.686052631579024
1789,293.19000000000005,23,20,98,51,11,679,25.419999999999998,12.747391304347829
1790,1978.83,47,40,271,87,72,706,277.52,42.102765957446806
1791,2970.1000000000013,140,68,550,145,102,709,709.6800000000001,21.21500000000001
1792,3140.330000000001,126,39,507,116,74,711,605.9899999999999,24.923253968253974
1793,1888.55,63,45,585,119,21,707,391.56999999999994,29.976984126984128
1794,3594.480000000001,77,51,810,152,12,701,490.4999999999999,46.68155844155845
1795,9751.730000000001,1138,90,1795,183,89,710,3022.7799999999997,8.569182776801407
1796,2601.0600000000004,60,43,477,108,71,704,321.98999999999995,43.351000000000006
1797,5551.490000000002,115,77,1061,172,74,710,1317.15,48.27382608695653
1798,2457.510000000001,42,32,640,129,98,700,510.5700000000001,58.512142857142884
1799,395.47,52,38,123,50,61,697,22.060000000000002,7.605192307692308
1800,3667.3100000000004,85,51,555,150,54,709,453.36999999999995,43.14482352941177
1801,758.7399999999999,64,43,168,56,100,706,104.99999999999999,11.855312499999998
1802,4835.440000000001,52,46,725,158,108,692,580.13,92.9892307692308
1803,14420.9,216,95,1344,181,18,711,1261.01,66.76342592592593
1804,10251.190000000013,311,87,1395,196,100,711,1690.8499999999997,32.96202572347271
1805,792.2,77,51,105,41,69,711,34.19,10.288311688311689
1806,3979.600000000002,139,77,794,151,47,709,735.7599999999999,28.630215827338144
1807,7773.210000000006,212,75,1336,181,118,705,1392.9899999999998,36.666084905660405
1808,1824.330000000001,96,55,362,121,27,702,246.1,19.00343750000001
1809,1509.41,61,48,494,125,19,702,346.21,24.7444262295082
1810,4025.5900000000006,266,77,569,123,96,704,314.89,15.133796992481205
1811,852.56,16,12,163,64,96,680,211.76000000000002,53.285
1812,1948.9900000000005,104,60,513,138,115,711,366.58000000000004,18.740288461538466
1813,233.44999999999996,4,4,81,49,115,692,32.61,58.36249999999999
1814,4107.850000000003,52,37,846,173,101,705,526.04,78.99711538461544
1815,4405.47,89,51,869,172,118,708,761.2499999999998,49.49966292134832
1816,3869.510000000001,160,78,999,167,65,708,661.48,24.18443750000001
1817,1024.72,48,34,235,85,104,711,145.44,21.348333333333333
1818,1333.4300000000003,72,31,322,117,15,711,219.03000000000006,18.519861111111116
1819,1446.23,68,46,380,109,117,706,260.62,21.26808823529412
1820,4208.080000000001,77,42,747,142,115,661,442.47999999999996,54.650389610389624
1821,4937.270000000002,128,57,1022,172,30,703,736.5199999999998,38.57242187500002
1822,3516.440000000002,218,72,1069,176,71,711,630.3499999999998,16.13045871559634
1823,12268.850000000013,377,84,1428,182,116,711,2282.2799999999997,32.54336870026529
1824,3117.1100000000015,165,73,609,146,66,710,842.86,18.891575757575765
1825,1831.8400000000004,43,32,287,91,62,593,360.08000000000004,42.60093023255815
1826,1994.4700000000003,111,65,613,122,81,708,531.22,17.968198198198202
1827,682.2300000000001,41,25,212,80,14,706,125.40999999999997,16.63975609756098
1828,5813.770000000003,86,43,875,157,3,570,635.4899999999998,67.60197674418609
1829,6618.550000000005,320,87,673,149,87,710,944.3100000000001,20.682968750000015
1830,39.440000000000005,1,1,7,7,69,69,10.19,39.440000000000005
1831,5562.060000000002,166,72,852,165,104,701,1122.0399999999997,33.50638554216869
1832,1357.5500000000002,55,47,403,109,91,703,281.47999999999996,24.682727272727277
1833,2991.8100000000013,83,57,669,132,16,711,867.4999999999999,36.04590361445785
1834,3769.5,135,62,681,148,84,659,770.22,27.92222222222222
1835,10995.710000000014,310,96,1293,203,12,706,1469.51,35.47003225806456
1836,2991.960000000001,93,61,475,133,62,701,285.68,32.171612903225814
1837,7528.5000000000055,160,67,721,136,75,707,1031.8600000000001,47.05312500000004
1838,1179.6100000000001,34,29,291,89,106,684,418.83000000000004,34.69441176470588
1839,1764.15,99,68,282,58,117,708,229.96999999999997,17.81969696969697
1840,337.2099999999999,37,19,90,51,91,556,25.97,9.113783783783783
1841,2401.78,32,31,393,105,97,701,309.4200000000001,75.055625
1842,906.6500000000003,19,18,183,78,114,705,87.67999999999998,47.7184210526316
1843,770.1500000000001,42,27,169,66,2,682,101.24000000000001,18.336904761904766
1844,1523.8,83,58,318,116,96,708,113.94,18.35903614457831
1845,12647.610000000022,151,87,1636,197,50,711,1510.27,83.75900662251671
1846,690.39,25,18,194,72,100,708,308.01,27.6156
1847,2678.7100000000005,103,60,438,125,101,709,618.9199999999998,26.0068932038835
1848,10848.11000000001,110,74,1191,174,105,706,764.5300000000001,98.6191818181819
1849,2666.5000000000005,162,73,571,139,45,709,794.0899999999999,16.45987654320988
1850,6882.110000000004,223,76,1147,191,117,706,655.46,30.86147982062782
1851,1255.5500000000002,41,27,371,115,20,696,263.69000000000005,30.623170731707322
1852,9800.020000000011,317,75,1691,215,11,694,1283.6599999999999,30.9148895899054
1853,274.39,36,26,72,38,43,702,23.990000000000002,7.621944444444444
1854,7631.720000000006,273,89,1120,190,44,709,808.5400000000002,27.955018315018336
1855,251.95000000000002,11,10,34,23,58,686,20.870000000000005,22.904545454545456
1856,4661.530000000002,459,99,1328,196,17,711,927.1899999999998,10.155838779956431
1857,1755.3000000000004,82,48,390,105,28,711,257.6,21.406097560975613
1858,2860.07,67,53,424,100,95,703,464.02999999999986,42.68761194029851
1859,1791.2800000000004,35,29,340,103,105,707,202.70999999999998,51.17942857142858
1860,753.4200000000001,58,40,212,87,96,629,178.19,12.990000000000002
1861,1868.45,123,61,543,118,7,711,439.7299999999999,15.190650406504066
1862,2210.040000000001,142,59,425,126,73,684,423.51,15.563661971830992
1863,411.45000000000005,14,10,110,39,12,469,111.50999999999999,29.389285714285716
1864,16941.579999999998,164,81,1623,174,103,710,1523.57,103.30231707317073
1865,6651.930000000005,161,92,832,174,21,707,537.5900000000001,41.31633540372674
1866,159.04999999999998,15,14,39,25,104,650,42.05,10.603333333333332
1867,1093.51,75,26,185,74,75,700,431.45000000000005,14.580133333333333
1868,700.96,39,29,246,71,32,710,251.6,17.973333333333333
1869,3630.62,119,70,966,161,74,711,1057.9499999999996,30.50941176470588
1870,303.6,37,34,50,31,53,688,97.76000000000002,8.205405405405406
1871,547.41,20,17,150,53,83,701,44.65,27.3705
1872,3762.9700000000016,162,73,639,156,49,709,516.41,23.228209876543218
1873,5686.8200000000015,269,83,1210,151,25,707,924.03,21.140594795539037
1874,834.2900000000001,33,26,202,94,111,692,165.87999999999997,25.281515151515155
1875,909.05,44,25,177,73,72,693,131.42,20.660227272727273
1876,86.19,5,5,14,10,75,703,6.359999999999999,17.238
1877,1975.0400000000004,64,44,437,101,33,709,426.7199999999999,30.860000000000007
1878,625.64,35,20,195,79,8,702,112.36000000000001,17.87542857142857
1879,4861.9500000000035,274,85,327,102,97,708,811.4300000000001,17.744343065693442
1880,773.3900000000002,36,27,282,78,66,691,179.57999999999998,21.483055555555563
1881,2913.9600000000005,119,70,309,104,105,701,302.38,24.487058823529416
1882,405.53999999999996,26,16,129,52,65,679,67.65,15.597692307692306
1883,2460.9800000000014,126,64,681,142,41,705,501.93000000000006,19.53158730158731
1884,592.73,30,21,137,68,77,711,62.959999999999994,19.75766666666667
1885,265.34999999999997,13,10,34,25,116,711,6.429999999999999,20.41153846153846
1886,406.2500000000001,31,18,127,69,14,678,57.29999999999999,13.104838709677423
1887,876.88,88,55,173,61,33,699,212.67000000000002,9.964545454545455
1888,135.61,11,6,61,39,69,523,16.33,12.32818181818182
1889,1803.8000000000004,46,37,385,129,97,694,282.3,39.21304347826088
1890,1934.4500000000003,51,39,387,116,82,711,218.92000000000002,37.93039215686275
1891,1344.71,38,28,268,84,95,709,256.74999999999994,35.3871052631579
1892,5532.210000000001,307,76,983,162,107,711,1288.6,18.020228013029318
1893,373.71,18,14,60,33,90,703,23.83,20.761666666666667
1894,2335.4700000000003,42,34,569,117,101,658,382.06999999999994,55.60642857142858
1895,927.5600000000002,49,33,154,73,44,674,176.23,18.92979591836735
1896,3378.3400000000015,129,61,894,177,74,710,623.53,26.18868217054265
1897,19.58,1,1,5,5,69,69,0.98,19.58
1898,717.71,48,30,184,68,96,711,251.09,14.952291666666667
1899,11276.800000000008,69,62,1313,153,20,705,1961.9399999999994,163.43188405797113
1900,8541.140000000005,56,48,1170,177,111,707,881.18,152.52035714285722
1901,11462.240000000007,852,94,2561,238,61,711,1845.6100000000001,13.453333333333342
1902,1646.0000000000005,21,18,455,119,61,691,400.97999999999996,78.38095238095241
1903,1152.32,40,25,416,91,71,678,288.40999999999997,28.808
1904,304.26000000000005,28,25,105,56,58,670,52.76,10.866428571428573
1905,1772.9100000000003,81,56,386,129,11,698,252.69,21.88777777777778
1906,8631.610000000004,163,77,1207,182,104,710,1336.8699999999994,52.95466257668714
1907,8939.500000000007,388,75,1490,193,108,711,1771.42,23.039948453608265
1908,714.3100000000002,38,29,177,64,65,588,114.69000000000001,18.797631578947374
1909,546.9899999999999,22,20,151,53,73,673,89.93,24.863181818181815
1910,741.83,26,20,116,62,22,614,85.70000000000002,28.53192307692308
1911,1601.2699999999998,124,71,283,93,110,704,219.32,12.913467741935483
1912,2256.45,96,62,449,104,78,693,382.66999999999996,23.5046875
1913,895.7599999999999,49,36,212,79,3,708,211.55000000000004,18.28081632653061
1914,4075.9500000000025,157,83,361,104,35,711,287.21000000000004,25.96146496815288
1915,485.8,28,19,113,67,89,708,41.01,17.35
1916,2885.700000000001,150,68,714,151,1,692,537.5899999999999,19.238000000000007
1917,6788.000000000005,291,100,1282,175,8,711,1203.6599999999999,23.326460481099673
1918,3012.490000000001,69,39,623,136,87,704,607.18,43.65927536231886
1919,4154.950000000002,100,61,837,144,49,710,936.8,41.549500000000016
1920,1927.7400000000007,93,53,374,128,104,711,187.55999999999997,20.728387096774203
1921,1460.1199999999997,104,54,291,95,105,647,608.44,14.03961538461538
1922,3096.940000000001,113,74,596,151,59,706,319.9300000000001,27.40654867256638
1923,4870.310000000002,167,83,723,162,51,706,457.1,29.16353293413175
1924,6225.450000000005,221,80,1248,176,110,708,1194.6100000000001,28.169457013574686
1925,3019.200000000001,118,60,591,147,64,668,260.95,25.586440677966113
1926,2145.71,73,52,314,84,103,701,870.3100000000002,29.393287671232876
1927,5097.280000000002,98,50,1036,152,83,691,896.76,52.01306122448981
1928,2328.3700000000003,114,79,447,122,32,709,623.6800000000001,20.42429824561404
1929,4395.830000000001,62,51,788,140,4,705,774.6600000000001,70.90048387096776
1930,2674.900000000001,182,66,659,133,94,691,409.6000000000001,14.697252747252753
1931,2211.08,101,62,415,99,60,683,641.7199999999999,21.891881188118813
1932,2678.7799999999997,74,45,339,111,32,710,348.3,36.199729729729725
1933,2180.2200000000003,85,50,514,130,36,707,381.49,25.649647058823533
1934,542.8700000000001,15,14,194,77,27,549,136.16,36.19133333333334
1935,12371.259999999998,177,76,729,156,114,711,1243.8899999999999,69.8941242937853
1936,5029.860000000002,463,86,799,158,32,708,788.47,10.863628509719227
1937,6742.440000000004,158,85,1306,181,39,704,1119.1699999999998,42.673670886075975
1938,1032.95,28,24,211,84,65,705,120.20999999999998,36.89107142857143
1939,3784.6200000000013,75,49,646,148,19,706,684.43,50.46160000000002
1940,2392.720000000001,75,59,610,134,42,704,357.3,31.902933333333348
1941,742.85,135,61,229,67,90,710,187.53999999999996,5.502592592592593
1942,3135.0600000000013,151,65,578,164,102,707,325.78000000000003,20.761986754966895
1943,5116.580000000002,212,91,962,143,11,705,865.4399999999998,24.134811320754725
1944,10942.880000000012,180,84,1176,178,89,705,1372.3799999999999,60.79377777777784
1945,1020.5700000000002,19,16,240,78,50,688,138.26,53.714210526315796
1946,3312.460000000002,49,44,486,113,24,699,597.5900000000001,67.60122448979595
1947,7209.2500000000055,90,60,653,154,114,710,964.4399999999996,80.10277777777785
1948,1602.3200000000002,83,52,507,125,88,711,309.20000000000005,19.305060240963858
1949,1658.96,54,33,381,118,81,706,350.6400000000001,30.721481481481483
1950,746.74,31,19,240,93,55,676,188.0,24.088387096774195
1951,561.48,18,12,127,70,27,677,90.45,31.193333333333335
1952,1003.87,36,21,214,78,81,705,209.16999999999996,27.885277777777777
1953,2722.810000000001,113,60,565,116,73,706,427.81000000000006,24.095663716814165
1954,1965.65,143,75,352,108,27,683,266.69000000000005,13.745804195804196
1955,7634.5000000000055,156,69,1106,152,15,704,1240.63,48.9391025641026
1956,2174.55,60,39,418,118,42,705,352.37,36.2425
1957,1994.23,44,36,427,114,33,684,321.68,45.32340909090909
1958,1017.86,35,30,391,111,60,709,182.97,29.081714285714288
1959,5592.540000000003,104,49,962,143,69,671,1136.8099999999997,53.7744230769231
1960,2637.78,93,53,412,91,79,709,669.2600000000002,28.363225806451617
1961,1634.2200000000003,92,49,445,114,33,693,292.81,17.76326086956522
1962,3512.5500000000015,132,65,772,149,75,710,364.75,26.610227272727286
1963,2542.4500000000003,50,39,653,129,71,704,441.0,50.849000000000004
1964,1990.12,68,57,637,131,115,708,445.77000000000004,29.266470588235293
1965,4142.690000000001,163,76,651,130,109,708,691.59,25.41527607361964
1966,5307.890000000003,129,72,1213,180,117,711,1022.94,41.14643410852715
1967,1802.9300000000007,73,48,608,129,17,705,271.23,24.697671232876722
1968,2479.9700000000003,89,62,529,131,66,710,459.08000000000004,27.86483146067416
1969,2246.2,230,90,507,111,78,711,674.1899999999999,9.766086956521738
1970,1091.08,69,47,303,81,67,708,224.79000000000002,15.812753623188405
1971,5297.130000000003,155,76,814,151,25,696,743.6199999999999,34.17503225806453
1972,2435.730000000001,120,61,756,148,117,705,400.88,20.297750000000008
1973,1683.5500000000004,130,36,179,74,56,586,157.83,12.95038461538462
1974,5266.000000000004,198,67,647,148,25,510,828.7999999999997,26.595959595959613
1975,17548.26999999999,363,96,1673,216,46,710,1892.3800000000003,48.342341597796114
1976,3546.8100000000004,165,80,853,163,73,710,535.66,21.495818181818183
1977,357.99,30,23,74,42,111,640,104.40000000000002,11.933
1978,1459.6799999999998,89,55,329,112,31,710,189.63,16.400898876404494
1979,1146.67,101,65,204,79,41,708,284.02,11.353168316831685
1980,4443.150000000002,54,45,838,156,46,662,858.55,82.2805555555556
1981,1450.6799999999998,100,61,369,101,79,711,512.07,14.506799999999998
1982,4213.85,160,64,550,113,107,711,517.22,26.336562500000003
1983,2497.9000000000005,38,28,461,139,80,704,328.59000000000003,65.7342105263158
1984,38.94,3,3,15,9,613,645,12.26,12.979999999999999
1985,8605.360000000006,156,76,1298,170,41,711,1222.9299999999994,55.16256410256414
1986,230.05999999999995,12,11,94,58,71,637,54.86,19.171666666666663
1987,1973.54,76,52,694,150,106,707,664.4200000000001,25.96763157894737
1988,7907.930000000006,184,72,1110,159,73,704,1401.38,42.97788043478264
1989,3052.8700000000013,153,85,452,113,76,707,703.0199999999999,19.953398692810467
1990,4593.260000000002,131,75,603,129,84,702,861.6899999999998,35.06305343511452
1991,320.14,45,38,89,40,81,709,38.01,7.114222222222222
1992,528.6500000000001,30,27,113,57,99,684,105.7,17.62166666666667
1993,1359.33,82,54,444,113,95,692,336.08,16.57719512195122
1994,1069.0000000000002,43,35,318,101,47,711,218.96,24.860465116279077
1995,15332.42999999998,154,69,2225,224,118,711,2507.8900000000003,99.56123376623364
1996,2654.200000000001,119,75,455,117,41,708,335.23999999999995,22.30420168067228
1997,4295.680000000002,67,47,734,150,71,711,487.3499999999999,64.11462686567167
1998,2383.54,331,92,441,88,66,707,594.16,7.201027190332326
1999,783.33,52,36,249,82,115,711,158.93,15.064038461538463
2000,552.29,61,43,163,65,50,711,159.02000000000004,9.053934426229507
2001,1214.28,35,28,291,115,32,691,220.29999999999995,34.693714285714286
2002,2465.1200000000003,63,44,600,137,17,687,672.14,39.128888888888895
2003,1976.48,42,32,542,141,35,707,259.35999999999996,47.05904761904762
2004,10053.870000000017,248,91,1106,168,69,711,1633.94,40.539798387096845
2005,1439.19,52,44,459,110,64,705,346.66999999999996,27.67673076923077
2006,4873.240000000002,111,67,913,151,21,711,1266.8999999999999,43.90306306306308
2007,8887.750000000007,191,83,1179,173,62,710,1327.5099999999998,46.53272251308904
2008,2332.45,68,46,544,137,8,700,318.44,34.30073529411764
2009,1506.88,33,17,339,111,3,316,300.48,45.663030303030304
2010,1605.98,58,25,375,95,105,708,260.38,27.689310344827586
2011,1367.3400000000001,104,67,230,62,57,710,326.51,13.1475
2012,8535.060000000001,303,85,1380,158,69,705,1974.6399999999994,28.168514851485153
2013,1182.47,94,53,440,128,51,616,216.49999999999997,12.579468085106383
2014,1489.8899999999999,44,34,429,107,110,704,268.78000000000003,33.86113636363636
2015,6628.7000000000035,122,79,759,162,72,705,1024.5899999999997,54.33360655737708
2016,1728.53,126,55,455,117,42,700,457.86000000000007,13.718492063492063
2017,7106.620000000002,170,83,1240,174,70,711,1262.5500000000002,41.803647058823536
2018,4038.150000000001,148,64,804,158,4,708,574.32,27.284797297297303
2019,13160.500000000004,337,71,1637,187,103,711,2518.6099999999997,39.0519287833828
2020,8458.210000000008,252,89,1277,185,61,705,1262.62,33.56432539682543
2021,1393.2400000000002,77,57,248,86,46,703,302.35,18.09402597402598
2022,7875.780000000004,86,61,1396,209,94,702,1073.77,91.57883720930238
2023,1805.6299999999999,109,59,276,77,93,710,505.58,16.565412844036697
2024,4956.9900000000025,99,59,789,169,56,709,641.63,50.07060606060609
2025,1119.54,33,29,210,85,60,685,117.40999999999998,33.92545454545454
2026,1181.6299999999999,18,14,292,87,104,675,660.1299999999999,65.64611111111111
2027,1915.28,133,66,492,124,25,690,506.7499999999999,14.400601503759399
2028,1984.7299999999998,91,60,382,98,16,693,322.83,21.81021978021978
2029,1688.9,46,34,337,91,106,671,367.29999999999995,36.71521739130435
2030,2628.1000000000004,90,55,702,149,110,710,479.02,29.201111111111114
2031,306.36999999999995,15,11,120,51,112,683,54.22999999999999,20.424666666666663
2032,1274.78,66,45,162,79,68,704,141.17,19.314848484848483
2033,2512.7800000000007,109,58,418,132,72,711,233.63,23.053027522935785
2034,3118.3500000000017,140,72,668,117,70,711,658.67,22.273928571428584
2035,1083.62,68,44,332,107,44,642,296.41999999999996,15.935588235294116
2036,4064.450000000001,49,37,685,151,116,709,414.51000000000005,82.94795918367349
2037,1743.9700000000003,97,59,404,115,97,698,320.27,17.979072164948455
2038,1489.8,59,42,278,89,27,703,289.21999999999997,25.250847457627117
2039,2260.46,74,20,471,113,11,710,506.59999999999985,30.546756756756757
2040,2968.5100000000016,422,69,577,124,66,699,678.4300000000001,7.034383886255928
2041,6406.990000000005,152,70,859,142,115,710,1069.5299999999997,42.15125000000003
2042,4809.050000000002,29,25,604,129,52,683,897.1,165.82931034482766
2043,1640.7899999999997,65,47,451,119,96,704,334.7499999999999,25.242923076923073
2044,1000.84,49,37,268,93,3,649,115.26,20.42530612244898
2045,310.64,19,17,86,45,114,597,34.800000000000004,16.349473684210526
2046,638.7999999999998,48,40,160,79,60,690,83.79,13.30833333333333
2047,4816.350000000001,119,55,997,170,106,697,829.23,40.473529411764716
2048,1538.4599999999996,47,22,252,100,16,685,187.82000000000002,32.733191489361694
2049,998.1200000000001,36,32,235,91,46,709,202.51999999999998,27.72555555555556
2050,5193.22,160,82,877,163,17,708,1014.3199999999999,32.457625
2051,4923.160000000001,288,49,644,138,15,462,592.5899999999999,17.094305555555557
2052,131.83,6,5,51,30,1,591,40.38,21.971666666666668
2053,3351.3400000000006,165,74,598,132,103,700,628.5699999999999,20.31115151515152
2054,217.59999999999997,26,23,66,32,41,707,171.02,8.369230769230768
2055,2408.7400000000007,133,61,443,126,110,711,305.15,18.110827067669177
2056,2450.8,108,55,502,140,92,711,424.37,22.692592592592593
2057,3150.4500000000007,125,65,689,139,102,711,723.26,25.203600000000005
2058,5970.5700000000015,167,91,790,175,8,711,534.31,35.75191616766468
2059,2359.1200000000003,54,33,534,149,92,710,481.68999999999994,43.68740740740741
2060,629.9,32,26,109,48,103,696,61.19,19.684375
2061,226.71,18,16,73,45,94,645,55.92,12.595
2062,5357.620000000003,220,77,1081,175,39,706,1671.6699999999998,24.352818181818193
2063,2591.43,81,61,432,103,46,706,531.5600000000001,31.99296296296296
2064,5424.850000000003,271,84,1140,180,13,711,590.6999999999998,20.0178966789668
2065,3268.330000000001,89,55,739,127,63,709,672.2,36.72280898876406
2066,2141.78,112,53,404,112,65,710,580.64,19.123035714285717
2067,120.01,6,4,52,35,97,702,16.04,20.00166666666667
2068,2561.4000000000015,108,71,755,148,79,696,753.5699999999999,23.71666666666668
2069,2068.1700000000005,89,51,540,138,39,694,304.23999999999995,23.237865168539333
2070,9210.42,635,89,1646,199,92,710,2380.2200000000003,14.50459842519685
2071,1732.9700000000003,215,70,370,102,115,711,363.12999999999994,8.06032558139535
2072,278.28,12,7,120,53,92,676,72.99,23.189999999999998
2073,1697.2300000000007,72,34,422,83,66,583,500.32999999999987,23.5726388888889
2074,678.7200000000001,29,27,201,88,104,645,151.49,23.404137931034487
2075,4736.510000000002,155,56,960,155,29,711,999.2099999999999,30.558129032258076
2076,8297.94000000001,252,86,986,169,47,705,1111.5399999999997,32.92833333333337
2077,1835.1800000000003,109,59,350,116,85,698,203.9,16.83651376146789
2078,2323.9200000000005,92,51,343,97,32,710,386.27,25.260000000000005
2079,4802.870000000003,120,60,678,141,67,698,717.4499999999999,40.023916666666686
2080,5704.140000000002,130,54,655,126,68,711,876.87,43.878000000000014
2081,921.8399999999999,35,27,197,79,93,679,191.21999999999997,26.33828571428571
2082,5082.410000000002,191,77,825,151,97,711,996.2099999999999,26.609476439790583
2083,8308.390000000007,383,90,1013,177,77,711,1299.7599999999998,21.69292428198435
2084,2937.9500000000003,132,63,677,139,100,705,826.9399999999998,22.25719696969697
2085,12894.570000000014,359,92,1886,208,54,711,2955.050000000001,35.9180222841226
2086,6269.540000000004,575,88,911,177,77,710,1019.0100000000003,10.903547826086962
2087,7832.740000000006,227,93,1311,166,27,704,1834.8599999999997,34.5054625550661
2088,4905.71,109,71,984,167,21,711,983.0300000000003,45.00651376146789
2089,159.95999999999998,34,34,23,15,5,694,24.360000000000003,4.704705882352941
2090,1201.0300000000002,56,43,374,98,40,697,306.83,21.44696428571429
2091,834.56,15,14,235,86,85,692,153.51,55.63733333333333
2092,2290.540000000001,122,49,436,111,103,559,435.1099999999999,18.774918032786893
2093,490.97999999999996,19,15,98,57,101,661,94.57000000000001,25.841052631578947
2094,3055.5200000000013,75,55,730,150,57,708,693.9599999999999,40.740266666666685
2095,3790.490000000001,164,73,976,162,3,711,511.5999999999999,23.112743902439032
2096,1301.65,26,19,303,90,95,591,343.74999999999994,50.06346153846154
2097,8823.830000000002,202,79,730,152,26,645,1882.45,43.682326732673275
2098,682.46,13,13,158,77,34,632,105.0,52.49692307692308
2099,691.3000000000001,53,34,109,64,25,696,81.17,13.043396226415096
2100,3185.31,71,50,660,117,110,709,1299.0200000000002,44.86352112676056
2101,420.02,10,9,86,32,73,703,59.92,42.001999999999995
2102,3619.760000000001,106,70,542,138,9,711,648.84,34.14867924528303
2103,361.01,30,26,117,58,59,705,53.69,12.033666666666667
2104,494.57000000000005,29,17,162,71,10,629,123.37,17.054137931034486
2105,899.92,35,21,309,104,2,701,180.46999999999997,25.712
2106,2807.0300000000007,52,32,473,141,40,492,239.1,53.98134615384617
2107,3409.0600000000013,87,56,575,127,72,697,813.1399999999999,39.18459770114944
2108,1830.9900000000007,131,75,423,119,102,708,509.23999999999995,13.977022900763364
2109,2508.240000000001,120,77,383,91,74,709,496.24,20.902000000000008
2110,12470.029999999988,222,97,1798,212,3,704,997.0699999999999,56.17130630630625
2111,2590.3700000000003,123,74,428,112,19,687,1966.0699999999997,21.059918699186994
2112,5116.1500000000015,132,74,979,161,23,711,1767.1500000000003,38.758712121212135
2113,1599.0799999999997,60,42,484,129,61,690,283.89000000000004,26.65133333333333
2114,3170.280000000002,156,83,519,121,28,688,497.4200000000001,20.322307692307707
2115,14774.860000000019,320,90,1566,190,75,711,1721.4,46.17143750000006
2116,12228.090000000013,224,93,2136,206,6,708,1996.34,54.58968750000006
2117,1050.3899999999999,63,55,350,107,111,707,302.57000000000005,16.67285714285714
2118,1107.79,29,22,291,90,115,708,259.6999999999999,38.19965517241379
2119,2295.1600000000008,44,35,707,110,107,704,1093.77,52.16272727272729
2120,1643.2000000000003,72,34,324,96,58,697,224.80999999999995,22.822222222222226
2121,5582.790000000003,143,72,987,189,112,710,832.1699999999998,39.04048951048953
2122,441.84000000000003,12,11,140,59,57,711,66.35000000000001,36.82
2123,4332.450000000001,59,55,647,133,118,710,901.6899999999999,73.4313559322034
2124,7859.410000000004,240,91,962,169,14,711,1165.06,32.747541666666685
2125,4833.290000000003,113,50,708,131,52,711,919.2699999999998,42.772477876106215
2126,4713.850000000002,127,67,870,174,94,699,642.8199999999999,37.116929133858285
2127,1461.8200000000002,26,19,328,82,62,707,416.3500000000001,56.22384615384616
2128,1877.71,82,36,348,99,85,696,171.95000000000002,22.89890243902439
2129,7164.990000000004,163,81,1234,181,108,707,1204.0299999999995,43.956993865030704
2130,6060.390000000004,97,60,1121,183,104,705,1231.2599999999995,62.478247422680454
2131,3982.8700000000017,140,60,779,144,115,682,678.9899999999999,28.44907142857144
2132,575.8699999999999,42,33,187,67,59,699,92.91999999999999,13.711190476190474
2133,6759.9200000000055,141,71,965,168,80,709,748.84,47.942695035461036
2134,9129.830000000007,89,67,1449,200,30,711,1623.3000000000004,102.58235955056188
2135,779.2900000000001,45,32,216,81,91,677,90.31,17.317555555555558
2136,1552.4300000000003,18,14,371,128,36,704,172.81000000000003,86.24611111111113
2137,2970.140000000001,186,70,657,142,71,685,594.98,15.968494623655918
2138,1878.4800000000002,66,41,529,128,108,689,461.39,28.461818181818185
2139,4695.590000000001,372,90,863,157,61,711,623.17,12.622553763440862
2140,1567.89,51,32,331,114,76,652,236.95,30.74294117647059
2141,5246.670000000002,90,63,693,138,4,709,727.47,58.29633333333335
2142,7631.120000000006,106,70,1087,139,66,711,962.9999999999999,71.9916981132076
2143,298.65000000000003,9,8,105,48,14,610,84.74999999999999,33.18333333333334
2144,2265.9,49,31,435,119,75,642,360.72999999999996,46.24285714285715
2145,1090.6200000000001,38,29,223,95,93,684,111.32,28.700526315789478
2146,1692.5400000000004,58,47,391,97,12,694,222.84,29.18172413793104
2147,5706.010000000001,96,67,1075,155,118,710,1155.34,59.43760416666668
2148,3263.92,124,77,523,115,54,711,928.76,26.32193548387097
2149,3703.420000000001,112,56,260,79,116,702,1258.3799999999999,33.06625000000001
2150,69.32000000000001,8,8,36,24,102,591,15.31,8.665000000000001
2151,834.2700000000001,41,20,269,91,44,699,149.50000000000003,20.348048780487808
2152,156.55,25,20,51,31,32,627,30.990000000000002,6.2620000000000005
2153,933.4300000000001,41,29,284,95,76,694,216.71,22.76658536585366
2154,2523.3400000000006,120,56,506,123,103,709,798.59,21.027833333333337
2155,313.83000000000004,11,11,126,65,81,670,78.30999999999999,28.530000000000005
2156,5874.460000000003,108,70,900,145,74,703,876.5599999999995,54.39314814814817
2157,390.70000000000005,12,11,157,55,39,598,231.98,32.55833333333334
2158,3194.17,131,67,631,128,94,709,688.7700000000001,24.38297709923664
2159,2018.9500000000003,121,51,306,78,111,708,394.79,16.68553719008265
2160,748.07,57,41,91,51,55,692,269.42,13.1240350877193
2161,2064.11,40,31,303,117,34,699,203.76,51.60275
2162,13923.450000000012,180,81,1011,171,98,710,1545.0,77.35250000000006
2163,356.1,14,14,18,11,51,674,23.1,25.435714285714287
2164,1596.4799999999996,40,33,484,123,112,400,713.51,39.91199999999999
2165,182.1,11,9,43,28,18,641,17.830000000000002,16.554545454545455
2166,84.21000000000001,30,15,19,11,108,507,21.569999999999993,2.8070000000000004
2167,1714.6100000000001,75,40,448,113,118,691,389.07000000000005,22.86146666666667
2168,5666.660000000004,197,98,953,167,22,711,1805.6400000000006,28.764771573604083
2169,857.96,40,28,245,100,106,695,162.76999999999998,21.449
2170,6198.890000000004,266,90,1137,164,64,711,1335.9,23.304097744360917
2171,4031.0800000000017,107,66,771,152,105,709,528.0600000000001,37.6736448598131
2172,2408.1100000000006,99,53,505,137,116,705,246.60000000000002,24.32434343434344
2173,2177.5200000000004,86,40,511,110,50,710,484.7199999999999,25.320000000000004
2174,644.3300000000002,39,29,354,115,97,680,177.34,16.521282051282054
2175,610.22,17,14,150,64,111,671,103.30999999999996,35.89529411764706
2176,2601.5600000000004,195,52,634,123,103,682,494.7600000000001,13.341333333333335
2177,133.5,3,3,43,31,55,608,32.26,44.5
2178,3681.130000000001,152,63,869,169,79,610,475.08000000000004,24.217960526315796
2179,1452.29,46,38,373,120,62,711,255.80000000000004,31.571521739130436
2180,936.39,44,26,305,88,28,628,186.64000000000001,21.28159090909091
2181,3074.450000000001,55,36,665,156,72,702,388.1,55.89909090909093
2182,1530.5200000000002,85,62,406,89,26,699,219.36,18.006117647058826
2183,4093.120000000001,173,79,653,143,99,706,960.7499999999999,23.659653179190755
2184,5094.800000000001,260,86,929,170,61,707,656.22,19.59538461538462
2185,8550.730000000007,106,68,1141,165,7,710,824.6900000000002,80.66726415094347
2186,5469.530000000003,113,58,812,162,32,702,751.9000000000001,48.40292035398233
2187,2667.1300000000006,46,34,382,103,65,691,959.5,57.98108695652175
2188,3917.34,129,76,715,141,116,709,633.78,30.366976744186047
2189,1335.47,91,58,147,59,71,708,106.67,14.675494505494505
2190,9520.850000000008,225,87,1399,188,76,711,2221.4800000000005,42.31488888888892
2191,780.9200000000001,15,14,154,81,41,711,48.739999999999995,52.06133333333334
2192,492.03,29,23,81,48,3,707,28.240000000000002,16.96655172413793
2193,9155.010000000013,117,66,1792,217,12,703,1040.0099999999998,78.24794871794883
2194,7169.780000000006,404,98,1052,162,22,711,1128.6799999999996,17.746980198019816
2195,1180.7199999999998,84,49,350,94,105,705,340.56000000000006,14.056190476190475
2196,1153.05,65,56,271,88,102,709,453.78,17.73923076923077
2197,670.43,48,32,176,74,69,701,144.32000000000002,13.967291666666666
2198,7205.880000000006,403,91,1118,180,51,711,1171.61,17.880595533498774
2199,5639.170000000003,155,82,801,117,107,706,1080.5199999999998,36.38174193548389
2200,8673.110000000008,197,94,1572,158,7,706,2157.36,44.02593908629446
2201,27.509999999999998,2,2,11,10,48,72,7.93,13.754999999999999
2202,319.9,18,14,96,52,112,711,62.99999999999999,17.772222222222222
2203,5239.090000000003,103,57,655,155,42,711,454.16,50.864951456310706
2204,2646.050000000001,190,73,800,134,98,701,695.56,13.926578947368426
2205,1978.7600000000004,107,64,484,129,8,708,507.48999999999995,18.493084112149536
2206,502.25,41,37,150,65,50,711,77.53999999999999,12.25
2207,4866.060000000003,372,79,1355,190,18,694,1023.14,13.080806451612911
2208,9456.830000000007,193,81,1555,186,20,698,1583.7799999999993,48.99911917098449
2209,6996.680000000002,232,82,1275,191,78,709,772.2700000000001,30.15810344827587
2210,1727.9700000000005,34,25,427,101,106,648,275.05999999999995,50.82264705882354
2211,2292.5200000000004,78,48,483,133,99,707,336.05999999999995,29.391282051282058
2212,251.33000000000004,46,26,49,14,114,679,49.23,5.4636956521739135
2213,3505.2100000000028,55,42,831,159,21,692,537.9100000000001,63.73109090909096
2214,450.87000000000006,15,13,116,55,111,711,80.55000000000001,30.058000000000003
2215,2402.1100000000006,132,76,476,108,59,711,468.23,18.197803030303035
2216,454.57000000000005,34,29,123,62,106,709,75.68,13.369705882352942
2217,4430.010000000002,192,83,1091,179,81,708,1124.51,23.072968750000012
2218,975.2499999999998,19,17,387,101,4,709,363.2099999999999,51.32894736842104
2219,1077.4199999999998,23,18,46,23,80,702,20.33,46.84434782608695
2220,215.58,15,12,40,28,39,644,63.58,14.372000000000002
2221,2301.4,113,79,615,117,107,709,639.59,20.36637168141593
2222,3076.2700000000004,40,37,655,135,30,707,646.15,76.90675000000002
2223,2059.760000000001,300,58,465,118,10,681,374.95000000000005,6.865866666666671
2224,3984.100000000001,106,81,780,138,11,711,1015.4900000000001,37.585849056603784
2225,3352.070000000001,98,64,697,146,48,711,379.6700000000001,34.20479591836736
2226,8917.540000000006,640,78,1412,207,111,710,963.4900000000001,13.93365625000001
2227,4893.900000000002,173,63,1151,157,96,650,1194.9999999999998,28.288439306358395
2228,5298.050000000002,202,61,844,178,47,700,657.7199999999999,26.227970297029714
2229,2415.490000000001,56,38,596,138,93,707,470.4399999999999,43.13375000000002
2230,1195.6500000000005,38,27,329,107,114,662,115.27999999999997,31.464473684210542
2231,4400.260000000003,94,59,929,176,15,709,613.9100000000001,46.811276595744715
2232,1131.65,37,27,257,89,52,710,312.76000000000005,30.585135135135136
2233,8440.770000000004,273,89,1529,204,66,709,896.01,30.918571428571443
2234,7971.570000000006,192,81,903,156,59,710,1296.6899999999998,41.51859375000003
2235,3824.870000000001,89,50,622,158,107,705,440.63999999999993,42.97606741573035
2236,2880.5000000000014,219,70,609,126,112,688,392.12999999999994,13.152968036529687
2237,4941.520000000001,158,80,799,133,62,705,1185.4899999999998,31.275443037974693
2238,2479.4600000000005,180,62,679,127,105,703,423.50000000000006,13.77477777777778
2239,1787.4800000000005,43,23,408,111,86,691,496.62,41.569302325581404
2240,5413.200000000003,216,81,868,133,27,711,1028.39,25.061111111111124
2241,1505.6699999999996,79,52,438,110,54,711,469.39000000000004,19.059113924050628
2242,1239.0700000000002,118,49,466,138,70,709,317.76,10.500593220338985
2243,4019.7100000000014,44,38,528,126,93,707,868.9,91.35704545454549
2244,5477.200000000001,324,90,1018,157,40,711,1487.5600000000002,16.90493827160494
2245,4614.020000000002,178,69,844,162,82,711,511.02999999999986,25.921460674157316
2246,321.35,5,4,80,39,64,452,35.809999999999995,64.27000000000001
2247,3992.670000000001,90,49,659,135,10,711,730.8299999999999,44.363000000000014
2248,937.23,26,20,276,101,47,703,135.69999999999996,36.04730769230769
2249,181.51,3,3,64,44,81,305,33.510000000000005,60.50333333333333
2250,2333.16,68,50,406,96,100,709,813.1600000000001,34.31117647058824
2251,2022.5400000000004,26,19,533,105,33,662,449.31999999999994,77.79000000000002
2252,9489.820000000002,346,92,1711,194,11,711,2594.9799999999996,27.427225433526015
2253,450.3299999999999,29,20,189,68,67,692,110.92999999999998,15.52862068965517
2254,1270.35,80,51,338,125,58,569,209.68999999999997,15.879375
2255,570.0300000000001,21,17,122,60,68,649,116.6,27.14428571428572
2256,1497.5600000000004,30,23,398,107,110,710,199.56,49.91866666666668
2257,791.5400000000001,75,63,75,37,10,704,36.53,10.553866666666668
2258,1574.94,49,36,383,129,27,711,226.74999999999991,32.14163265306122
2259,589.1700000000001,16,9,147,72,96,711,129.76,36.823125000000005
2260,7456.640000000003,133,76,767,143,54,707,843.0999999999998,56.06496240601506
2261,13379.78000000001,429,84,1382,177,108,711,1712.7800000000002,31.18829836829839
2262,1491.0000000000002,151,83,361,111,41,711,196.35,9.874172185430465
2263,5763.97,460,94,1333,188,7,709,1050.3199999999997,12.530369565217391
2264,16960.589999999982,315,82,1973,218,115,710,2457.5099999999993,53.8431428571428
2265,77.44000000000001,3,2,20,17,55,72,5.449999999999999,25.813333333333336
2266,8754.120000000008,148,78,1405,194,75,704,1072.4499999999996,59.149459459459514
2267,2304.15,67,42,542,115,85,709,399.93999999999994,34.39029850746269
2268,668.96,23,20,171,76,109,658,105.08999999999997,29.08521739130435
2269,3273.95,209,83,436,110,105,707,1199.4299999999998,15.664832535885166
2270,4728.67,312,89,1287,169,77,711,1305.0400000000004,15.15599358974359
2271,361.88,46,34,106,51,116,678,178.54,7.86695652173913
2272,2244.17,70,34,252,100,56,699,286.88999999999993,32.05957142857143
2273,1594.87,52,43,332,106,95,704,211.7,30.670576923076922
2274,6974.460000000003,71,54,1050,167,33,709,1321.86,98.23183098591554
2275,2789.5100000000007,134,70,748,152,72,706,695.31,20.817238805970153
2276,1007.9699999999998,31,25,353,103,96,674,218.28999999999996,32.515161290322574
2277,3888.4400000000005,126,59,853,155,65,708,1031.66,30.860634920634926
2278,1160.5700000000004,46,35,258,103,118,687,125.79000000000002,25.22978260869566
2279,972.47,59,43,323,100,93,705,250.27000000000004,16.482542372881355
2280,12332.910000000014,228,90,1445,173,51,708,3175.2400000000016,54.09171052631585
2281,5008.790000000003,105,57,696,147,85,710,891.05,47.70276190476193
2282,1103.8800000000003,79,54,302,97,113,709,118.33999999999997,13.973164556962029
2283,1389.3700000000001,17,15,327,119,52,691,176.82999999999998,81.72764705882354
2284,17152.629999999986,265,80,2375,228,107,710,2202.3900000000003,64.72690566037731
2285,2057.9,73,49,478,119,82,698,405.86000000000007,28.19041095890411
2286,989.26,26,24,213,96,59,659,112.78999999999999,38.04846153846154
2287,833.5100000000001,33,28,207,86,104,702,147.4,25.25787878787879
2288,2093.06,157,57,483,132,79,711,424.96000000000004,13.331592356687898
2289,2428.06,88,60,601,135,111,709,664.9899999999998,27.591590909090908
2290,916.9700000000001,70,36,206,81,81,694,140.81999999999996,13.09957142857143
2291,439.0300000000001,55,31,102,49,71,665,43.58,7.982363636363638
2292,1336.14,116,37,301,98,60,710,222.0699999999999,11.51844827586207
2293,2462.9500000000007,45,28,446,116,69,710,268.75,54.73222222222224
2294,8381.660000000007,186,72,1555,179,47,682,1164.4199999999998,45.062688172043046
2295,8003.990000000005,98,64,1436,184,47,691,1610.1899999999998,81.67336734693883
2296,13404.830000000013,230,81,2050,195,110,711,2240.879999999999,58.28186956521745
2297,698.3599999999999,45,34,157,64,14,698,115.47999999999999,15.519111111111108
2298,2709.5299999999997,83,58,535,112,72,711,561.6000000000001,32.64493975903614
2299,2057.8900000000003,62,47,576,135,116,706,357.08,33.19177419354839
2300,4615.350000000001,118,72,996,163,89,706,988.4699999999998,39.11313559322035
2301,4661.630000000001,137,62,733,136,30,710,922.19,34.02649635036497
2302,1960.2400000000002,74,54,569,150,90,683,516.3,26.48972972972973
2303,2158.8500000000004,66,47,372,124,74,706,299.75,32.70984848484849
2304,240.09000000000003,88,29,75,36,82,574,44.60999999999999,2.7282954545454547
2305,6320.640000000004,123,83,1029,159,2,704,1761.6700000000003,51.38731707317076
2306,62.06000000000001,8,8,32,15,23,341,11.56,7.757500000000001
2307,6009.240000000003,179,92,873,149,11,709,1199.07,33.57117318435756
2308,582.4499999999999,31,24,137,71,32,698,68.52000000000001,18.78870967741935
2309,275.01,12,10,80,47,39,636,93.57,22.9175
2310,1389.32,74,48,420,101,34,705,307.81,18.774594594594593
2311,1830.8299999999997,58,42,266,89,90,708,258.5,31.566034482758617
2312,14682.810000000005,321,87,1585,201,94,709,2590.2200000000003,45.74084112149534
2313,105.69,11,10,28,17,107,711,13.03,9.608181818181817
2314,5078.050000000005,86,64,723,156,101,695,829.2799999999996,59.04709302325587
2315,266.1000000000001,9,4,50,30,119,711,38.199999999999996,29.566666666666677
2316,751.8899999999999,27,21,180,86,38,577,99.64999999999999,27.84777777777777
2317,13967.370000000008,150,81,1878,183,8,705,3165.1600000000003,93.11580000000005
2318,10685.720000000001,366,77,1923,188,43,622,1859.3400000000008,29.19595628415301
2319,1148.6800000000007,117,41,344,109,10,709,207.62999999999997,9.817777777777785
2320,369.59000000000003,25,23,117,65,60,686,37.06,14.783600000000002
2321,336.09000000000003,18,11,106,65,46,707,41.11,18.671666666666667
2322,23646.9199999999,323,91,2808,243,66,711,2416.4900000000002,73.21027863777059
2323,781.3399999999999,29,24,131,65,107,684,57.18000000000001,26.942758620689652
2324,2671.7700000000004,146,80,577,147,3,703,594.61,18.299794520547948
2325,106.36000000000001,3,2,19,15,671,697,11.370000000000001,35.45333333333334
2326,1322.8700000000001,47,33,390,111,110,708,336.76,28.14617021276596
2327,1267.7599999999998,43,28,478,110,6,689,382.81999999999994,29.482790697674414
2328,14193.609999999997,166,81,1549,204,6,709,1316.42,85.50367469879517
2329,2722.3700000000003,100,56,689,148,63,581,527.1700000000001,27.223700000000004
2330,5683.3600000000015,73,47,1011,167,62,709,788.66,77.85424657534249
2331,5903.550000000001,103,67,1154,158,17,697,1691.2200000000003,57.31601941747574
2332,353.8,16,13,56,37,31,650,27.759999999999998,22.1125
2333,270.59999999999997,24,18,154,58,53,709,194.23999999999998,11.274999999999999
2334,11955.380000000014,361,100,1827,188,12,711,1839.0100000000002,33.117396121883694
2335,1955.2499999999998,53,32,494,124,57,705,462.4100000000001,36.89150943396226
2336,2384.25,76,55,633,122,3,699,584.9000000000001,31.37171052631579
2337,11703.970000000012,1210,83,1590,191,114,709,1835.4499999999998,9.672702479338852
2338,2111.55,69,44,586,156,118,711,348.35,30.60217391304348
2339,262.42,10,8,103,58,76,686,54.800000000000004,26.242
2340,2996.8199999999997,149,73,657,140,23,706,448.2899999999999,20.112885906040265
2341,5698.380000000002,306,89,1222,182,45,697,1602.39,18.622156862745104
2342,5934.3600000000015,196,81,524,125,97,711,1143.9099999999999,30.27734693877552
2343,4627.480000000003,240,80,1000,168,117,709,852.61,19.28116666666668
2344,2690.840000000001,57,41,642,146,102,711,648.5699999999999,47.207719298245635
2345,4278.510000000002,109,55,1046,160,22,698,834.5900000000001,39.25238532110094
2346,1220.3799999999999,30,29,226,84,30,709,174.17,40.67933333333333
2347,3232.550000000001,93,54,500,136,85,711,681.99,34.75860215053765
2348,278.87000000000006,56,12,75,43,96,657,81.71999999999998,4.979821428571429
2349,2100.2800000000007,72,49,491,132,84,704,364.2699999999999,29.170555555555566
2350,1915.6499999999996,46,31,490,113,102,709,474.07000000000005,41.644565217391296
2351,16616.77999999999,322,88,1778,203,100,708,3504.1400000000026,51.60490683229811
2352,1255.8500000000004,43,32,351,121,4,679,176.69,29.20581395348838
2353,412.75,14,13,110,71,29,688,91.72,29.482142857142858
2354,4821.890000000001,80,53,625,131,95,704,640.4299999999998,60.27362500000002
2355,111.34,16,16,28,22,43,654,13.14,6.95875
2356,2159.78,98,52,659,127,13,617,676.12,22.03857142857143
2357,234.36999999999998,29,23,78,39,11,662,35.97,8.081724137931033
2358,2423.2500000000005,79,54,280,81,57,708,580.8899999999999,30.6740506329114
2359,2806.2700000000004,174,66,454,118,116,697,539.9,16.12798850574713
2360,9394.580000000007,343,91,1351,181,52,708,1389.5599999999995,27.389446064139964
2361,4528.710000000003,90,61,508,135,116,697,554.1400000000001,50.31900000000003
2362,520.29,41,27,167,72,3,662,110.47,12.69
2363,843.76,43,38,226,91,75,679,115.08999999999999,19.622325581395348
2364,7414.100000000004,117,76,1227,166,88,706,1179.4399999999998,63.3683760683761
2365,313.65000000000003,7,7,106,58,109,225,37.059999999999995,44.807142857142864
2366,5500.030000000002,168,73,1095,148,104,705,997.8299999999999,32.73827380952382
2367,4495.530000000002,142,62,993,152,38,708,715.9499999999999,31.658661971831
2368,1377.69,27,23,295,90,79,673,229.96999999999997,51.025555555555556
2369,2709.7900000000004,76,55,461,122,109,709,281.98999999999995,35.655131578947376
2370,5307.52,172,78,972,151,94,709,2163.5299999999997,30.857674418604653
2371,2138.7100000000005,98,66,375,108,3,706,214.79000000000002,21.823571428571434
2372,3208.1900000000014,71,49,866,154,113,706,708.0799999999999,45.18577464788734
2373,2585.6,124,52,714,125,116,697,723.7599999999999,20.851612903225806
2374,6249.350000000004,82,62,1096,161,12,683,1348.7199999999996,76.21158536585371
2375,2841.4000000000005,114,56,493,132,1,705,500.38999999999993,24.924561403508775
2376,3925.4900000000007,183,76,869,163,72,708,709.2099999999999,21.450765027322408
2377,1107.54,82,62,345,93,27,710,227.10999999999999,13.506585365853658
2378,8311.080000000005,154,81,1238,187,47,710,1795.8500000000001,53.968051948051986
2379,1323.3400000000001,56,40,311,107,76,693,282.3,23.63107142857143
2380,5018.780000000002,177,75,861,137,79,708,1600.6699999999996,28.35468926553673
2381,2185.2799999999997,92,63,542,125,103,707,701.5099999999998,23.753043478260867
2382,822.64,36,30,206,78,35,602,139.32999999999998,22.85111111111111
2383,555.6400000000001,18,13,122,52,42,649,304.08,30.868888888888893
2384,801.4100000000001,19,17,208,81,34,708,140.63,42.17947368421053
2385,6158.060000000005,306,56,959,165,91,709,759.61,20.124379084967337
2386,1056.96,51,42,258,89,117,706,225.45000000000005,20.724705882352943
2387,865.6999999999999,33,18,230,78,43,700,269.78000000000003,26.23333333333333
2388,1703.02,63,36,471,119,114,709,267.44,27.032063492063493
2389,1485.44,62,39,443,123,30,688,417.84000000000003,23.958709677419357
2390,1046.59,47,37,283,125,25,624,131.04000000000002,22.26787234042553
2391,633.9199999999998,54,42,134,61,26,607,245.24,11.739259259259256
2392,1428.8999999999996,39,24,321,83,12,710,293.67,36.63846153846153
2393,4048.290000000003,61,49,633,158,82,708,586.3299999999999,66.36540983606562
2394,1538.01,84,50,178,77,88,702,63.989999999999995,18.309642857142858
2395,5262.300000000003,227,83,982,174,67,695,976.9499999999999,23.1819383259912
2396,550.4799999999999,17,14,179,77,44,642,111.87999999999998,32.38117647058823
2397,1095.1000000000001,35,22,217,94,4,704,107.75999999999999,31.288571428571434
2398,2035.1000000000001,76,48,398,110,99,645,413.76,26.77763157894737
2399,188.49,10,10,59,33,17,683,26.14,18.849
2400,14681.320000000007,391,84,1814,169,103,711,4079.7800000000025,37.54813299232738
2401,727.4499999999999,67,47,144,61,36,701,107.35,10.857462686567164
2402,1088.9000000000003,36,25,289,91,52,711,188.11000000000004,30.24722222222223
2403,118.69,10,9,48,25,112,602,16.95,11.869
2404,559.76,18,13,140,60,91,692,150.35000000000005,31.09777777777778
2405,3425.7000000000016,151,71,605,118,42,706,515.46,22.686754966887428
2406,4860.810000000001,138,82,819,165,16,695,614.71,35.22326086956523
2407,6665.219999999999,179,80,887,124,86,709,2796.550000000001,37.235865921787706
2408,2108.17,26,20,345,106,111,692,386.61,81.08346153846153
2409,906.55,8,7,319,104,34,704,295.82,113.31875
2410,2636.57,63,55,607,143,34,693,468.7399999999999,41.85031746031746
2411,2019.2500000000005,76,42,458,130,41,703,187.75,26.56907894736843
2412,12763.78000000001,279,81,1676,197,102,710,3419.100000000002,45.748315412186415
2413,301.40999999999997,17,15,96,57,11,618,33.77,17.729999999999997
2414,178.68000000000004,6,6,85,47,16,600,36.50000000000001,29.780000000000005
2415,1676.3400000000004,126,52,308,110,84,707,206.13,13.304285714285717
2416,4422.980000000001,110,70,718,153,46,711,600.3599999999999,40.2089090909091
2417,196.11000000000004,9,9,59,45,13,706,33.4,21.790000000000006
2418,1572.61,113,60,329,100,87,707,253.19000000000005,13.916902654867256
2419,1199.37,65,47,275,91,82,692,176.89,18.45184615384615
2420,4583.460000000002,102,61,692,125,36,666,809.26,44.93588235294119
2421,8749.76000000001,81,67,1643,173,44,705,1835.2300000000002,108.02172839506184
2422,368.07,5,5,93,59,26,441,46.05,73.614
2423,2838.620000000001,59,36,610,115,75,711,678.36,48.11220338983052
2424,4122.830000000003,113,70,895,181,53,710,496.33000000000004,36.485221238938074
2425,4361.02,119,58,689,155,103,710,625.6600000000002,36.64722689075631
2426,2437.06,115,76,282,88,108,703,404.3299999999999,21.19182608695652
2427,8725.940000000006,346,97,1303,173,5,710,2169.379999999999,25.219479768786144
2428,323.27,19,16,22,15,67,702,24.84,17.01421052631579
2429,1807.1599999999994,66,44,393,130,16,703,707.25,27.381212121212112
2430,1885.95,60,48,479,124,61,655,386.49,31.4325
2431,978.85,43,33,287,91,72,699,171.02,22.763953488372092
2432,4948.1100000000015,238,68,1183,156,115,709,1299.3499999999997,20.790378151260512
2433,609.75,30,25,139,63,118,618,141.94,20.325
2434,771.51,23,18,284,88,83,672,196.37999999999997,33.54391304347826
2435,3303.85,46,36,665,120,19,703,1164.21,71.82282608695652
2436,972.6800000000003,15,12,260,106,114,596,170.72000000000006,64.84533333333336
2437,4841.940000000002,74,53,918,166,54,699,614.51,65.43162162162166
2438,3061.580000000001,184,72,568,138,108,711,333.55999999999995,16.63902173913044
2439,596.8799999999999,72,50,172,60,52,706,297.15,8.29
2440,2563.5700000000006,139,61,503,120,88,711,325.46,18.442949640287775
2441,1223.5599999999997,99,69,316,111,35,702,444.26,12.359191919191916
2442,624.3300000000002,36,25,163,61,78,691,197.50999999999996,17.342500000000005
2443,4029.190000000001,153,56,454,138,41,453,804.8899999999999,26.3345751633987
2444,69.94,6,3,19,12,30,709,9.129999999999999,11.656666666666666
2445,6546.050000000002,217,81,1647,181,31,710,2238.94,30.166129032258073
2446,6455.780000000002,190,84,838,150,73,707,1043.87,33.97778947368422
2447,7520.940000000006,132,65,876,155,85,707,982.7600000000001,56.976818181818224
2448,9300.730000000012,205,95,1392,182,9,705,2776.07,45.3694146341464
2449,10866.870000000012,290,90,1534,194,32,711,1421.4699999999998,37.47196551724142
2450,3060.7700000000004,84,48,705,163,96,698,847.6600000000001,36.4377380952381
2451,8335.740000000005,192,86,1240,189,26,707,2107.8899999999994,43.41531250000003
2452,3060.360000000002,146,73,653,132,38,710,440.43000000000006,20.96136986301371
2453,4551.680000000003,110,62,932,193,102,705,667.4,41.37890909090912
2454,392.87,30,25,114,54,85,704,44.68,13.095666666666666
2455,5339.030000000002,109,69,782,154,81,710,783.97,48.981926605504604
2456,1271.24,76,50,377,106,78,702,214.74,16.72684210526316
2457,1540.47,77,53,480,113,65,679,383.2,20.006103896103898
2458,1118.3300000000002,56,38,255,98,17,709,135.89000000000001,19.970178571428573
2459,20671.499999999967,971,94,3159,235,35,704,4253.990000000003,21.288877445931995
2460,966.0500000000001,32,25,155,63,86,711,99.44000000000001,30.189062500000002
2461,1051.1000000000001,22,19,294,89,28,698,160.2,47.77727272727273
2462,11593.060000000009,189,90,1318,181,54,710,2374.0499999999993,61.338941798941846
2463,158.42000000000002,12,10,56,32,97,495,22.870000000000005,13.201666666666668
2464,1121.48,51,36,316,97,114,695,169.98000000000002,21.989803921568626
2465,2089.29,165,79,415,119,32,686,479.3200000000001,12.662363636363636
2466,2581.8200000000006,99,54,516,114,113,710,344.72,26.078989898989906
2467,12850.560000000014,396,90,2002,189,87,709,5162.450000000004,32.45090909090913
2468,2506.8900000000012,90,50,644,141,75,662,669.76,27.854333333333347
2469,660.92,37,30,162,74,23,693,140.67,17.862702702702702
2470,1042.06,91,56,215,82,79,690,230.25,11.45120879120879
2471,947.6099999999999,52,31,339,104,10,711,200.09000000000003,18.22326923076923
2472,1220.81,42,33,302,118,100,706,218.47,29.06690476190476
2473,330.67999999999995,9,6,102,62,4,603,53.35999999999999,36.74222222222222
2474,511.4100000000001,49,44,157,52,118,690,361.46000000000004,10.436938775510205
2475,5079.020000000002,124,67,823,161,88,685,827.5999999999999,40.959838709677435
2476,403.26,14,11,47,34,113,481,42.59,28.804285714285715
2477,1871.2200000000007,40,30,427,117,19,690,373.22999999999996,46.78050000000002
2478,3354.420000000001,146,78,649,131,10,706,618.1099999999999,22.975479452054802
2479,14279.700000000006,136,80,1812,198,111,706,1869.1,104.9977941176471
2480,1716.0500000000002,29,23,392,110,64,687,242.64,59.17413793103449
2481,5403.5,148,75,884,148,116,710,1170.5400000000002,36.51013513513514
2482,2728.7700000000004,71,41,711,121,10,682,598.44,38.43338028169015
2483,1770.9099999999999,83,56,242,99,1,708,277.72,21.33626506024096
2484,7824.640000000007,157,69,1274,184,82,707,1287.2900000000002,49.83847133757966
2485,1502.2000000000003,82,51,460,132,63,706,245.82000000000002,18.319512195121956
2486,3265.5200000000004,83,48,1060,160,40,711,845.71,39.34361445783133
2487,601.2499999999999,26,21,185,85,49,686,153.78,23.124999999999996
2488,6327.510000000005,119,75,992,167,62,704,852.73,53.17235294117651
2489,9403.42000000001,139,73,2081,199,69,702,2178.04,67.65050359712237
2490,699.1599999999999,33,26,252,99,106,696,143.76000000000002,21.186666666666664
2491,950.77,62,29,261,69,63,570,179.88,15.334999999999999
2492,2858.850000000001,133,62,611,126,19,710,417.92,21.495112781954894
2493,2588.7300000000005,111,49,478,107,18,543,421.75000000000006,23.321891891891894
2494,2120.9300000000003,35,26,484,137,114,702,462.27000000000004,60.598000000000006
2495,209.0,20,14,60,36,70,644,33.58,10.45
2496,4339.660000000002,63,48,758,140,117,683,1179.09,68.88349206349208
2497,7111.980000000004,221,86,991,179,78,700,1358.6200000000001,32.18090497737558
2498,2601.6000000000013,172,67,642,133,105,710,279.3999999999999,15.125581395348844
2499,3394.0700000000006,90,54,709,145,70,709,502.09999999999997,37.71188888888889
2500,5486.160000000002,113,64,1082,174,79,708,1069.8200000000002,48.55008849557524
