household_key,first_day,category_diversity,department_diversity,initial_baskets,initial_active_days,initial_sales,followup_baskets,followup_active_days,followup_sales,returned,z_category_diversity,z_initial_baskets,z_initial_sales,z_first_day,diversity_group
1,51,30,6,2,2,119.75999999999999,7,7,391.87,1,0.05613789339849383,-0.8530960554590038,0.16929658031483305,-0.39477851370912337,Q3
2,103,22,6,5,5,97.71000000000002,11,11,383.6700000000001,1,-0.31340730410650747,0.14001820786671987,-0.0017454211953091985,1.001804349097431,Q2
3,113,48,7,6,6,282.00999999999993,7,7,544.79,1,0.8876145877847468,0.3608792935514903,0.8918111824259363,1.27037797656023,Q4
4,104,26,5,1,1,126.23999999999997,4,4,225.46000000000004,1,-0.1286347053540068,-1.434030658435868,0.21363945344310128,1.0286617118437111,Q3
5,85,26,5,5,5,142.23000000000002,6,4,129.82000000000002,1,-0.1286347053540068,0.14001820786671987,0.3140635046515998,0.518371819664393,Q3
6,118,59,8,14,13,485.1100000000002,24,20,564.57,1,1.3957392343541235,1.4528438539903603,1.3507247944057081,1.4046647902916296,Q4
7,23,41,6,4,4,206.91000000000003,1,1,11.97,1,0.5642625399678706,-0.12120501231222784,0.6302016662645201,-1.1467846706049605,Q3
8,65,57,7,3,3,315.70000000000005,11,9,360.1,1,1.3033529349778732,-0.44091639511014435,0.9872266638148833,-0.018775435261204846,Q4
9,104,17,6,3,3,61.15000000000001,0,0,0.0,0,-0.5443730525471333,-0.44091639511014435,-0.3942191066541661,1.0286617118437111,Q2
10,114,26,8,6,2,133.98,0,0,0.0,0,-0.1286347053540068,0.3608792935514903,0.26373544347850403,1.29723533930651,Q3
11,110,8,4,2,2,18.049999999999997,0,0,0.0,0,-0.9601113997402597,-0.8530960554590038,-1.3973712682995227,1.1898058883213904,Q1
12,72,12,4,1,1,46.58,3,3,37.269999999999996,1,-0.7753388009877591,-1.434030658435868,-0.6208441100376243,0.16922610396275442,Q2
13,101,57,7,12,9,779.7300000000004,31,21,1490.4500000000003,1,1.3033529349778732,1.2478145429013479,1.7526651457101852,0.9480896236048714,Q4
14,4,40,6,3,3,196.0800000000001,5,4,48.7,1,0.5180693902797454,-0.44091639511014435,0.5848190686218996,-1.6570745627842784,Q3
15,22,23,4,3,3,97.23999999999998,1,1,16.16,1,-0.2672141544183823,-0.44091639511014435,-0.005794389128576942,-1.1736420333512403,Q2
16,98,53,8,11,8,269.3299999999999,11,11,170.88,1,1.1185803362253726,1.1331324711924438,0.852924144527584,0.8675175353660317,Q4
17,24,41,7,8,7,544.9700000000001,17,14,616.7400000000001,1,0.5642625399678706,0.7209528108435844,1.4492421350692417,-1.1199273078586804,Q3
18,94,31,7,4,4,139.71999999999997,14,12,633.2099999999998,1,0.102331043086619,-0.12120501231222784,0.2990651091842303,0.7600880843809121,Q3
19,73,64,7,11,7,305.8399999999999,18,16,672.3299999999999,1,1.6267049827947493,1.1331324711924438,0.9603948248609547,0.19608346670903432,Q4
20,81,18,5,5,4,78.44,0,0,0.0,0,-0.4981799028590081,0.14001820786671987,-0.18599221927071735,0.4109423686792735,Q2
21,72,5,2,2,1,22.21,3,3,71.78,1,-1.0986908488046352,-0.8530960554590038,-1.2298097884228398,0.16922610396275442,Q1
22,25,45,9,5,5,256.32,10,9,513.5900000000001,1,0.7490351387203713,0.14001820786671987,0.8110813168261246,-1.0930699451124006,Q4
23,109,72,5,4,4,393.55,9,9,404.65999999999997,1,1.9962501802997505,-0.12120501231222784,1.1736848237709343,1.1629485255751104,Q4
24,59,51,7,12,11,366.4000000000002,14,14,376.65000000000003,1,1.0261940368491222,1.2478145429013479,1.1132024394295499,-0.1799196117388842,Q4
25,11,14,4,2,2,74.83,8,8,180.68,1,-0.6829525016115088,-0.8530960554590038,-0.225446993316763,-1.469073023560319,Q2
26,50,19,5,6,6,67.13000000000002,23,23,284.0,1,-0.45198675317088294,0.3608792935514903,-0.3162844977965671,-0.42163587645540324,Q2
27,35,15,5,11,11,66.67,15,13,91.0,1,-0.6367593519233836,1.1331324711924438,-0.32203176465493677,-0.8244963176496016,Q2
28,115,19,6,7,6,75.93,22,21,341.56000000000006,1,-0.45198675317088294,0.5521978682155793,-0.21322921665509342,1.32409270205279,Q2
29,34,13,3,2,2,68.41,5,4,156.08999999999997,1,-0.7291456512996339,-0.8530960554590038,-0.30049402520743146,-0.8513536803958816,Q2
30,77,47,9,9,3,244.13000000000005,1,1,4.99,1,0.8414214380966216,0.8719092510134965,0.7699097186298139,0.3035129176941539,Q4
31,99,12,4,1,1,75.39,1,1,188.29999999999998,1,-0.7753388009877591,-1.434030658435868,-0.21920504873150717,0.8943748981123115,Q2
32,49,30,6,10,9,209.99000000000012,20,18,488.19999999999993,1,0.05613789339849383,1.0084659617071041,0.6426769324933784,-0.44849323920168316,Q3
33,110,31,6,3,3,172.11000000000004,8,7,85.74,1,0.102331043086619,-0.44091639511014435,0.4748037800309903,1.1898058883213904,Q3
34,4,1,1,1,1,1.58,2,2,24.83,1,-1.2834634475571358,-1.434030658435868,-3.0934451518916326,-1.6570745627842784,Q1
35,21,14,4,1,1,75.16,3,3,47.980000000000004,1,-0.6829525016115088,-1.434030658435868,-0.22176314917615447,-1.20049939609752,Q2
36,88,29,6,13,8,208.10000000000002,49,28,555.0600000000002,1,0.00994474371036867,1.353993556877214,0.635043426850386,0.5989439079032327,Q3
37,87,10,4,4,4,154.77999999999997,0,0,0.0,0,-0.8677251003640094,-0.12120501231222784,0.38531842691959894,0.5720865451569528,Q1
38,102,16,3,2,2,53.55000000000001,7,7,355.4,1,-0.5905662022352585,-0.8530960554590038,-0.5048711605452408,0.9749469863511513,Q2
39,26,66,9,5,2,348.73999999999995,6,6,720.09,1,1.7190912821709996,0.14001820786671987,1.0714120706293973,-1.0662125823661208,Q4
40,75,36,9,8,7,144.16,27,24,1219.5900000000008,1,0.3332967915272448,0.7209528108435844,0.3254184549024169,0.2497981922015941,Q3
41,71,23,3,5,4,136.95999999999995,5,5,158.93,1,-0.2672141544183823,0.14001820786671987,0.28226085971523174,0.14236874121647453,Q2
42,100,21,7,6,6,134.38,8,8,186.34,1,-0.3596004537946326,0.3608792935514903,0.26624570812966514,0.9212322608585914,Q2
43,115,6,2,4,4,17.740000000000002,6,6,32.779999999999994,1,-1.05249769911651,-0.12120501231222784,-1.4112898884869547,1.32409270205279,Q1
44,81,7,3,2,2,34.2,2,2,30.32,1,-1.0063045494283849,-0.8530960554590038,-0.8765063012031081,0.4109423686792735,Q1
45,100,17,4,10,10,149.85000000000002,4,4,106.25,1,-0.5443730525471333,1.0084659617071041,0.3580367323441977,0.9212322608585914,Q2
46,14,40,9,4,4,216.34999999999997,1,1,108.14999999999999,1,0.5180693902797454,-0.12120501231222784,0.667871217724628,-1.3885009353214794,Q3
47,109,17,7,6,6,80.49000000000001,15,14,347.36,1,-0.5443730525471333,0.3608792935514903,-0.16437787909762125,1.1629485255751104,Q2
48,112,19,6,7,3,163.32000000000002,5,5,69.62,1,-0.45198675317088294,0.5521978682155793,0.43059535034480245,1.2435206138139503,Q2
49,61,19,7,3,1,85.26999999999998,9,7,390.0999999999999,1,-0.45198675317088294,-0.44091639511014435,-0.11602095272260698,-0.12620488624632442,Q2
50,113,28,4,3,3,109.16999999999999,1,1,6.890000000000001,1,-0.03624840597775649,-0.44091639511014435,0.0914352253448583,1.27037797656023,Q3
51,14,38,7,8,4,180.7,9,9,169.07000000000005,1,0.42568309090349515,0.7209528108435844,0.515888830526354,-1.3885009353214794,Q3
52,13,7,2,1,1,35.43,7,6,137.88,1,-1.0063045494283849,-1.434030658435868,-0.8473686532604304,-1.4153582980677593,Q1
53,73,3,2,1,1,9.67,5,5,227.89,1,-1.1910771481808855,-1.434030658435868,-1.8890973858972164,0.19608346670903432,Q1
54,34,2,1,1,1,9.97,2,2,12.13,1,-1.2372702978690107,-1.434030658435868,-1.8655743450427034,-0.8513536803958816,Q1
55,67,11,6,5,5,53.06,8,8,55.56,1,-0.8215319506758842,0.14001820786671987,-0.5125259077525525,0.03493929023135494,Q1
56,96,43,6,7,6,192.97,13,12,362.67999999999995,1,0.656648839344121,0.5521978682155793,0.571325124872989,0.8138028098734719,Q4
57,52,29,6,8,7,158.63,19,13,348.11,1,0.00994474371036867,0.7209528108435844,0.4060297804435634,-0.36792115096284345,Q3
58,81,86,11,17,15,626.0400000000001,31,24,1049.8600000000001,1,2.6429542759335027,1.7140670741693078,1.5666921333060124,0.4109423686792735,Q4
59,67,11,6,3,2,66.28999999999999,5,4,104.82000000000001,1,-0.8215319506758842,-0.44091639511014435,-0.32680905145781375,0.03493929023135494,Q1
60,91,52,8,3,3,265.2200000000001,0,0,0.0,0,1.0723871865372474,-0.44091639511014435,0.8399271852786364,0.6795159961420724,Q4
61,78,1,1,1,1,20.0,3,3,60.77,1,-1.2834634475571358,-1.434030658435868,-1.3146956848907154,0.33037028044043376,Q1
62,66,18,4,2,2,38.33,2,2,5.38,1,-0.4981799028590081,-0.8530960554590038,-0.7823898175247767,0.008081927485075049,Q2
63,85,14,3,5,4,123.75999999999999,3,3,45.33,1,-0.6829525016115088,0.14001820786671987,0.19694136329818107,0.518371819664393,Q2
64,10,2,2,1,1,400.79,0,0,0.0,0,-1.2372702978690107,-1.434030658435868,1.1891108349495316,-1.4959303863065991,Q1
65,36,24,3,5,4,111.55,9,8,92.75,1,-0.22102100473025715,0.14001820786671987,0.10956681622041807,-0.7976389549033218,Q2
66,118,25,5,4,3,61.27999999999999,11,8,127.59999999999998,1,-0.17482785504213197,-0.12120501231222784,-0.39244646867764804,1.4046647902916296,Q2
67,103,72,11,10,9,594.9599999999999,20,17,1023.6100000000006,1,1.9962501802997505,1.0084659617071041,1.5235650874233144,1.001804349097431,Q4
68,5,10,4,7,7,38.94,28,18,240.05000000000013,1,-0.8677251003640094,0.5521978682155793,-0.769333184748173,-1.6302172000379984,Q1
69,86,10,2,1,1,61.93,4,3,159.34,1,-0.8677251003640094,-1.434030658435868,-0.38363841642149654,0.545229182410673,Q1
70,8,4,2,1,1,6.97,0,0,0.0,0,-1.1448839984927603,-1.434030658435868,-2.1366028834979436,-1.5496451117991588,Q1
71,63,13,8,6,6,356.78000000000003,8,7,354.49,1,-0.7291456512996339,0.3608792935514903,1.0906934306032925,-0.07249016075376463,Q2
72,74,52,8,8,7,212.51000000000002,19,16,656.5,1,1.0723871865372474,0.7209528108435844,0.652749254187044,0.2229408294553142,Q4
73,59,13,5,5,3,49.3,18,17,172.28000000000003,1,-0.7291456512996339,0.14001820786671987,-0.5736825227513568,-0.1799196117388842,Q2
74,33,42,10,13,13,127.72999999999999,18,17,211.57999999999998,1,0.6104556896559957,1.353993556877214,0.22351596884488628,-0.8782110431421615,Q3
75,89,8,2,2,2,31.979999999999997,3,3,43.32000000000001,1,-0.9601113997402597,-0.8530960554590038,-0.9317714278160608,0.6258012706495126,Q1
76,44,29,6,3,2,106.32999999999998,1,1,4.0,1,0.00994474371036867,-0.44091639511014435,0.06927952908063188,-0.5827800529330827,Q3
77,5,61,11,7,7,435.6199999999999,9,9,781.8499999999998,1,1.4881255337303736,0.5521978682155793,1.25963674341292,-1.6302172000379984,Q4
78,88,4,2,2,2,23.480000000000004,6,6,111.72000000000003,1,-1.1448839984927603,-0.8530960554590038,-1.1846157933827017,0.5989439079032327,Q1
79,102,11,3,3,3,63.690000000000005,4,4,90.33,1,-0.8215319506758842,-0.44091639511014435,-0.3602380260380023,0.9749469863511513,Q1
80,53,35,8,4,4,132.43,8,8,259.86999999999995,1,0.2871036418391196,-0.12120501231222784,0.2539373974836145,-0.3410637882165636,Q3
81,48,56,8,4,3,435.23,24,16,1046.8799999999999,1,1.257159785289748,-0.12120501231222784,1.258878643128186,-0.475350601947963,Q4
82,81,6,5,4,4,65.08,6,6,82.7,1,-1.05249769911651,-0.12120501231222784,-0.3422026719445974,0.4109423686792735,Q1
83,40,14,2,5,4,48.099999999999994,7,6,101.53,1,-0.6829525016115088,0.14001820786671987,-0.5941666564422041,-0.6902095039182022,Q2
84,45,24,6,1,1,153.87000000000003,1,1,46.00000000000001,1,-0.22102100473025715,-1.434030658435868,0.3803482377726069,-0.5559226901868027,Q2
85,17,27,6,16,13,171.87999999999997,49,36,347.00999999999993,1,-0.08244155566588166,1.632172726698009,0.4736758919861869,-1.3079288470826398,Q3
86,68,41,8,3,3,246.10000000000005,4,3,264.63,1,0.5642625399678706,-0.44091639511014435,0.7767002241384762,0.061796652977634835,Q3
87,85,20,4,6,6,115.61,0,0,0.0,0,-0.4057936034827578,0.3608792935514903,0.1396299539267942,0.518371819664393,Q2
88,87,97,10,13,10,644.4500000000003,26,19,1189.6900000000005,1,3.1510789225028795,1.353993556877214,1.5912409947441393,0.5720865451569528,Q4
89,110,5,2,2,2,18.240000000000002,0,0,0.0,0,-1.0986908488046352,-0.8530960554590038,-1.3889520176473866,1.1898058883213904,Q1
90,89,1,1,1,1,44.99,3,2,132.98,1,-1.2834634475571358,-1.434030658435868,-0.6496780467508023,0.6258012706495126,Q1
91,56,40,7,25,19,139.35999999999996,15,13,279.90999999999997,1,0.5180693902797454,2.240928806227072,0.29689203559560773,-0.26049169997772387,Q3
92,101,27,8,4,4,78.96,4,4,81.58,1,-0.08244155566588166,-0.12120501231222784,-0.18045721185251773,0.9480896236048714,Q3
93,8,34,7,7,6,196.80000000000007,10,10,252.89,1,0.24091049215099447,0.5521978682155793,0.5879127065230064,-1.5496451117991588,Q3
94,87,6,2,2,2,60.980000000000004,1,1,11.450000000000001,1,-1.05249769911651,-0.8530960554590038,-0.3965427746561575,0.5720865451569528,Q1
95,88,61,10,40,17,364.6599999999998,35,27,486.87,1,1.4881255337303736,2.8935163905339514,1.1091751561273844,0.5989439079032327,Q4
96,21,24,6,6,5,121.71000000000001,16,13,301.81,1,-0.22102100473025715,0.3608792935514903,0.18288597405863935,-1.20049939609752,Q2
97,43,38,7,6,6,231.87,8,8,367.9,1,0.42568309090349515,0.3608792935514903,0.7263826446094188,-0.6096374156793625,Q3
98,1,13,3,6,6,61.84999999999999,5,4,21.11,1,-0.7291456512996339,0.3608792935514903,-0.38471756214801844,-1.737646651023118,Q2
99,86,136,16,60,22,1381.0700000000004,25,17,540.07,1,4.952611760339761,3.4627549202105388,2.23716103558646,0.545229182410673,Q4
100,6,15,5,2,1,68.42,0,0,0.0,0,-0.6367593519233836,-0.8530960554590038,-0.30037181195073853,-1.6033598372917186,Q2
101,116,10,3,4,3,82.29,14,10,421.4599999999999,1,-0.8677251003640094,-0.12120501231222784,-0.145843121021545,1.3509500647990698,Q1
102,48,8,4,1,1,25.17,5,5,217.39,1,-0.9601113997402597,-1.434030658435868,-1.1279827187440414,-0.475350601947963,Q1
103,91,7,4,1,1,14.37,7,4,54.83000000000001,1,-1.0063045494283849,-1.434030658435868,-1.5794677750831634,0.6795159961420724,Q1
104,112,22,4,4,4,77.82000000000002,3,3,10.48,1,-0.31340730410650747,-0.12120501231222784,-0.19263919954561545,1.2435206138139503,Q2
105,8,38,6,2,2,159.08,12,10,333.47,1,0.42568309090349515,-0.8530960554590038,0.40841791185041215,-1.5496451117991588,Q3
106,98,25,8,3,3,120.23999999999998,5,4,146.81,1,-0.17482785504213197,-0.44091639511014435,0.17266191360028574,0.8675175353660317,Q2
107,66,48,8,9,8,476.44,11,9,285.21999999999997,1,0.8876145877847468,0.8719092510134965,1.3354576363085175,0.008081927485075049,Q4
108,84,17,4,4,4,100.92000000000003,3,3,189.5,1,-0.5443730525471333,-0.12120501231222784,0.025403205222353856,0.49151445691811313,Q2
109,115,38,7,2,2,170.19000000000003,7,7,351.5799999999999,1,0.42568309090349515,-0.8530960554590038,0.4653420544507343,1.32409270205279,Q3
110,67,19,6,7,7,68.76,24,20,504.94000000000005,1,-0.45198675317088294,0.5521978682155793,-0.29622700231543314,0.03493929023135494,Q2
111,13,46,10,3,3,165.0699999999999,0,0,0.0,0,0.7952282884084965,-0.44091639511014435,0.43958239410446065,-1.4153582980677593,Q4
112,42,4,2,1,1,16.26,6,5,95.5,1,-1.1448839984927603,-1.434030658435868,-1.481081898228127,-0.6364947784256424,Q1
113,96,105,12,10,8,892.1700000000004,24,21,1730.2400000000007,1,3.5206241200078807,1.0084659617071041,1.8668076633823416,0.8138028098734719,Q4
114,7,36,7,6,6,233.47000000000008,16,15,431.29999999999995,1,0.3332967915272448,0.3608792935514903,0.7321914973295038,-1.5765024745454388,Q3
115,39,54,9,7,6,438.06,9,9,656.0199999999999,1,1.1647734859134977,0.5521978682155793,1.2643644134695395,-0.717066866664482,Q4
116,45,9,4,3,3,42.09,6,6,48.730000000000004,1,-0.9139182500521346,-0.44091639511014435,-0.7049332175895691,-0.5559226901868027,Q1
117,30,38,7,3,3,80.69,8,8,146.15,1,0.42568309090349515,-0.44091639511014435,-0.16229835036944604,-0.9587831313810011,Q3
118,101,51,9,8,7,288.8300000000002,9,7,394.68999999999994,1,1.0261940368491222,0.7209528108435844,0.9120121978086658,0.9480896236048714,Q4
119,60,21,5,1,1,113.95999999999997,0,0,0.0,0,-0.3596004537946326,-1.434030658435868,0.12754038993314,-0.15306224899260432,Q2
120,52,4,4,3,3,18.84,3,3,48.7,1,-1.1448839984927603,-0.44091639511014435,-1.362900533942441,-0.36792115096284345,Q1
121,114,26,6,9,7,85.06000000000002,6,5,198.34000000000003,1,-0.1286347053540068,0.8719092510134965,-0.11808852291184108,1.29723533930651,Q3
122,3,51,9,26,21,348.46000000000026,25,21,605.3100000000002,1,1.0261940368491222,2.295001677146172,1.0707326194215603,-1.6839319255305583,Q4
123,82,37,9,14,12,254.61999999999995,29,20,605.2199999999999,1,0.37948994121536994,1.4528438539903603,0.8054580902336425,0.43779973142555334,Q3
124,62,19,6,6,5,129.86999999999998,9,8,114.06,1,-0.45198675317088294,0.3608792935514903,0.23750283963809535,-0.09934752350004453,Q2
125,12,78,14,15,14,525.0200000000002,28,17,712.3300000000002,1,2.2734090784285015,1.5453121315413032,1.4176627294474213,-1.4422156608140393,Q4
126,88,6,1,1,1,37.410000000000004,4,2,95.35,1,-1.05249769911651,-1.434030658435868,-0.802469886803005,0.5989439079032327,Q1
127,96,5,1,1,1,17.42,3,2,22.410000000000004,1,-1.0986908488046352,-1.434030658435868,-1.425901114163149,0.8138028098734719,Q1
128,19,25,5,2,2,95.49000000000001,0,0,0.0,0,-0.17482785504213197,-0.8530960554590038,-0.021042586925022002,-1.25421412159008,Q2
129,115,13,3,2,2,28.48999999999999,2,2,24.979999999999997,1,-0.7291456512996339,-0.8530960554590038,-1.0266587081455312,1.32409270205279,Q2
130,26,30,6,4,3,156.77000000000004,5,5,188.85999999999999,1,0.05613789339849383,-0.12120501231222784,0.39608689047682955,-1.0662125823661208,Q3
131,25,59,14,37,20,445.49000000000007,70,37,944.23,1,1.3957392343541235,2.784646744738732,1.2786003996487796,-1.0930699451124006,Q4
132,36,9,5,1,1,29.4,11,11,393.92,1,-0.9139182500521346,-1.434030658435868,-1.0008763792030149,-0.7976389549033218,Q1
133,103,18,6,3,3,115.87999999999998,9,8,527.0700000000002,1,-0.4981799028590081,-0.44091639511014435,0.14159194629014352,1.001804349097431,Q2
134,35,50,8,7,4,320.3600000000001,8,6,457.7900000000001,1,0.9800008871609971,0.5521978682155793,0.9996184456581629,-0.8244963176496016,Q4
135,74,17,6,4,4,46.86,7,7,73.09,1,-0.5443730525471333,-0.12120501231222784,-0.6158663897722716,0.2229408294553142,Q2
136,110,14,4,3,3,47.730000000000004,9,9,493.49,1,-0.6829525016115088,-0.44091639511014435,-0.6005836762721777,1.1898058883213904,Q2
137,100,29,7,3,3,114.42999999999999,6,6,262.4000000000001,1,0.00994474371036867,-0.44091639511014435,0.13100166788318374,0.9212322608585914,Q3
138,71,12,4,2,2,83.2,4,4,227.74999999999997,1,-0.7753388009877591,-0.8530960554590038,-0.13662466000989895,0.14236874121647453,Q2
139,75,1,1,2,1,24.749999999999996,5,4,206.58999999999997,1,-1.2834634475571358,-0.8530960554590038,-1.1417081411854646,0.2497981922015941,Q1
140,38,24,4,31,21,150.78,42,24,388.85999999999984,1,-0.22102100473025715,2.5384263948670274,0.3632507677739536,-0.743924229410762,Q2
141,47,3,3,2,2,21.259999999999998,3,3,16.87,1,-1.1910771481808855,-0.8530960554590038,-1.2652636459278224,-0.5022079646942429,Q1
142,18,24,4,8,7,134.76,19,19,259.21,1,-0.22102100473025715,0.7209528108435844,0.2686235990540106,-1.28107148433636,Q2
143,98,37,7,8,7,200.86000000000007,33,20,451.2600000000001,1,0.37948994121536994,0.7209528108435844,0.6051493194768249,0.8675175353660317,Q3
144,95,8,2,1,1,34.7,13,10,298.63,1,-0.9601113997402597,-1.434030658435868,-0.8645407527696485,0.7869454471271919,Q1
145,65,13,6,4,3,46.54999999999999,2,2,44.75,1,-0.7291456512996339,-0.12120501231222784,-0.6213791736440512,-0.018775435261204846,Q2
146,27,14,5,3,3,48.730000000000004,3,3,39.11,1,-0.6829525016115088,-0.44091639511014435,-0.5833508407798145,-1.0393552196198408,Q2
147,64,30,7,3,3,123.98,7,7,344.19,1,0.05613789339849383,-0.44091639511014435,0.19843600235198064,-0.04563279800748474,Q3
148,93,13,5,5,5,50.30000000000001,9,7,154.02999999999997,1,-0.7291456512996339,0.14001820786671987,-0.5569823118077843,0.7332307216346322,Q2
149,42,63,9,7,7,493.97000000000025,14,11,853.0700000000002,1,1.5805118331066241,0.5521978682155793,1.3660477571793714,-0.6364947784256424,Q4
150,85,5,2,1,1,27.78,1,1,174.37000000000003,1,-1.0986908488046352,-1.434030658435868,-1.0473332771497075,0.518371819664393,Q1
151,116,17,4,7,5,58.06000000000001,13,12,396.9000000000002,1,-0.5443730525471333,0.5521978682155793,-0.4374820214288852,1.3509500647990698,Q2
152,38,30,6,3,3,152.74,3,3,128.72999999999996,1,0.05613789339849383,-0.44091639511014435,0.3741356572622914,-0.743924229410762,Q3
153,77,30,7,8,8,100.26,14,10,168.54000000000002,1,0.05613789339849383,0.7209528108435844,0.01989175172828406,0.3035129176941539,Q3
154,112,26,4,4,2,123.15999999999997,13,12,316.58000000000004,1,-0.1286347053540068,-0.12120501231222784,0.1928516398712675,1.2435206138139503,Q3
155,110,34,8,5,4,245.0600000000001,9,7,220.16999999999996,1,0.24091049215099447,0.14001820786671987,0.7731221628173423,1.1898058883213904,Q3
156,115,87,14,48,17,574.0300000000002,102,51,1176.8000000000006,1,2.689147425621628,3.1489035088645725,1.4932356791893866,1.32409270205279,Q4
157,26,32,7,10,9,115.07,9,8,128.19,1,0.14852419277474416,1.0084659617071041,0.13569230380483926,-1.0662125823661208,Q3
158,115,25,6,10,8,98.41000000000001,18,17,207.20000000000002,1,-0.17482785504213197,1.0084659617071041,0.004249357676194673,1.32409270205279,Q2
159,78,18,5,3,2,47.65,9,9,208.56,1,-0.4981799028590081,-0.44091639511014435,-0.6019775452567184,0.33037028044043376,Q2
160,71,23,8,5,4,92.66,2,2,91.05000000000001,1,-0.2672141544183823,0.14001820786671987,-0.046296217020764044,0.14236874121647453,Q2
161,101,47,6,15,12,532.23,23,19,474.60999999999996,1,0.8414214380966216,1.5453121315413032,1.429211749605686,0.9480896236048714,Q4
162,25,17,3,3,3,101.43000000000002,9,7,362.01,1,-0.5443730525471333,-0.44091639511014435,0.02963766562279465,-1.0930699451124006,Q2
163,64,14,5,4,3,36.220000000000006,2,1,35.07000000000001,1,-0.6829525016115088,-0.12120501231222784,-0.8291686009153416,-0.04563279800748474,Q2
164,116,22,7,6,6,82.22,11,8,309.92999999999995,1,-0.31340730410650747,0.3608792935514903,-0.14655639993439198,1.3509500647990698,Q2
165,47,24,6,5,5,161.85000000000005,23,17,410.9800000000001,1,-0.22102100473025715,0.14001820786671987,0.4229719553384654,-0.5022079646942429,Q2
166,55,7,3,3,3,33.58,13,13,188.31,1,-1.0063045494283849,-0.44091639511014435,-0.8915818729958082,-0.2873490627240038,Q1
167,39,9,1,1,1,29.39,0,0,0.0,0,-0.9139182500521346,-1.434030658435868,-1.0011554854137463,-0.717066866664482,Q1
168,22,1,1,1,1,2.01,0,0,0.0,0,-1.2834634475571358,-1.434030658435868,-2.9626724524072894,-1.1736420333512403,Q1
169,67,4,3,2,1,31.3,8,5,74.17,1,-1.1448839984927603,-0.8530960554590038,-0.9494458862656059,0.03493929023135494,Q1
170,40,13,4,1,1,49.11,9,7,416.2999999999999,1,-0.7291456512996339,-1.434030658435868,-0.5768930679790011,-0.6902095039182022,Q2
171,89,4,2,2,1,8.12,1,1,75.63000000000001,1,-1.1448839984927603,-0.8530960554590038,-2.022258665053929,0.6258012706495126,Q1
172,67,7,3,3,3,19.97,5,5,39.300000000000004,1,-1.0063045494283849,-0.44091639511014435,-1.3159084704008641,0.03493929023135494,Q1
173,70,1,1,1,1,2.99,1,1,2.99,1,-1.2834634475571358,-1.434030658435868,-2.7235659102917897,0.11551137847019463,Q1
174,60,7,5,3,3,65.79,5,5,259.33,1,-1.0063045494283849,-0.44091639511014435,-0.33313622368590073,-0.15306224899260432,Q1
175,7,35,6,1,1,122.02,0,0,0.0,0,0.2871036418391196,-1.434030658435868,0.18502642551896717,-1.5765024745454388,Q3
176,114,14,2,2,2,45.89,1,1,30.03,1,-0.6829525016115088,-0.8530960554590038,-0.6332367701426487,1.29723533930651,Q2
177,51,6,5,2,2,25.14,0,0,0.0,0,-1.05249769911651,-0.8530960554590038,-1.1289557756121835,-0.39477851370912337,Q1
178,25,8,3,1,1,35.27,0,0,0.0,0,-0.9601113997402597,-1.434030658435868,-0.851102770188334,-1.0930699451124006,Q1
179,73,5,4,2,2,22.09,7,7,113.58,1,-1.0986908488046352,-0.8530960554590038,-1.2342072582427532,0.19608346670903432,Q1
180,101,26,7,5,5,157.27999999999994,4,4,251.5,1,-0.1286347053540068,0.14001820786671987,0.39882478301703883,0.9480896236048714,Q3
181,45,55,11,8,5,320.13,2,2,95.99,1,1.2109666356016229,0.7209528108435844,0.9990110619731115,-0.5559226901868027,Q4
182,29,1,1,1,1,2.0,3,3,71.37,1,-1.2834634475571358,-1.434030658435868,-2.965495560902328,-0.985640494127281,Q1
183,12,50,8,14,8,324.4600000000001,22,14,219.19000000000005,1,0.9800008871609971,1.4528438539903603,1.010373382723788,-1.4422156608140393,Q4
184,99,43,9,10,9,239.62,27,19,562.5200000000001,1,0.656648839344121,1.0084659617071041,0.7541561897859773,0.8943748981123115,Q4
185,39,14,5,4,2,49.370000000000005,1,1,14.27,1,-0.6829525016115088,-0.12120501231222784,-0.572502746413592,-0.717066866664482,Q2
186,101,3,2,1,1,15.74,0,0,0.0,0,-1.1910771481808855,-1.434030658435868,-1.5070332468595788,0.9480896236048714,Q1
187,36,13,3,6,4,36.779999999999994,10,8,159.49,1,-0.7291456512996339,0.3608792935514903,-0.8164997719014031,-0.7976389549033218,Q2
188,60,32,8,6,5,138.39,3,2,19.14,1,0.14852419277474416,0.3608792935514903,0.2910089519988067,-0.15306224899260432,Q3
189,79,3,3,1,1,15.61,2,2,33.71,1,-1.1910771481808855,-1.434030658435868,-1.513647051367651,0.3572276431867137,Q1
190,101,28,5,1,1,99.92999999999999,2,2,47.78,1,-0.03624840597775649,-1.434030658435868,0.017122539164455684,0.9480896236048714,Q3
191,23,1,1,1,1,15.0,1,1,5.49,1,-1.2834634475571358,-1.434030658435868,-1.545388835867756,-1.1467846706049605,Q1
192,46,46,5,6,6,282.63000000000005,9,9,378.18,1,0.7952282884084965,0.3608792935514903,0.8936676453237791,-0.5290653274405228,Q4
193,32,22,6,7,7,203.46999999999997,12,10,399.48,1,-0.31340730410650747,0.5521978682155793,0.6160478823074662,-0.9050684058884414,Q2
194,37,57,8,6,5,219.76000000000005,0,0,0.0,0,1.3033529349778732,0.3608792935514903,0.68107753185093,-0.7707815921570419,Q4
195,47,57,6,9,7,350.96000000000004,15,11,613.3299999999999,1,1.3033529349778732,0.8719092510134965,1.0767799727348843,-0.5022079646942429,Q4
196,68,56,9,10,8,299.78000000000003,21,19,355.70000000000005,1,1.257159785289748,1.0084659617071041,0.9434726334210238,0.061796652977634835,Q4
197,79,6,2,1,1,23.4,0,0,0.0,0,-1.05249769911651,-1.434030658435868,-1.187392697072856,0.3572276431867137,Q1
198,80,69,7,13,11,387.55,44,28,663.3900000000001,1,1.857670731235375,1.353993556877214,1.1606847994443286,0.38408500593299355,Q4
199,71,16,6,6,6,54.56999999999999,8,8,84.21999999999998,1,-0.5905662022352585,0.3608792935514903,-0.48915494306782403,0.14236874121647453,Q2
200,21,6,3,1,1,35.19,4,4,25.029999999999998,1,-1.05249769911651,-1.434030658435868,-0.8529760104081758,-1.20049939609752,Q1
201,118,2,2,1,1,1.8599999999999999,1,1,3.8600000000000003,1,-1.2372702978690107,-1.434030658435868,-3.0060384513198826,1.4046647902916296,Q1
202,57,3,3,4,4,42.97,4,4,158.39999999999998,1,-1.1910771481808855,-0.12120501231222784,-0.6877825732512218,-0.233634337231444,Q1
203,107,29,6,1,1,78.96000000000002,9,9,113.58000000000001,1,0.00994474371036867,-1.434030658435868,-0.18045721185251773,1.1092338000825508,Q3
204,92,7,4,2,2,35.28,9,8,353.94999999999993,1,-1.0063045494283849,-0.8530960554590038,-0.8508689057292744,0.7063733588883523,Q1
205,65,31,6,4,4,127.35999999999997,10,7,170.32,1,0.102331043086619,-0.12120501231222784,0.22107412167024632,-0.018775435261204846,Q3
206,60,36,7,8,8,228.04000000000002,5,3,131.31,1,0.3332967915272448,0.7209528108435844,0.7123139759090432,-0.15306224899260432,Q3
207,63,40,8,3,3,185.46000000000004,4,4,203.77,1,0.5180693902797454,-0.44091639511014435,0.5378267881164225,-0.07249016075376463,Q3
208,49,49,7,9,9,295.1,14,12,499.7999999999999,1,0.9338077374728719,0.8719092510134965,0.9301690276693477,-0.44849323920168316,Q4
209,95,35,6,10,8,219.90999999999997,18,15,558.3600000000001,1,0.2871036418391196,1.0084659617071041,0.6816537607225871,0.7869454471271919,Q3
210,18,1,1,1,1,11.98,5,5,133.0,1,-1.2834634475571358,-1.434030658435868,-1.7228444524752209,-1.28107148433636,Q1
211,91,40,6,5,5,259.51000000000005,12,11,337.08,1,0.5180693902797454,0.14001820786671987,0.8215335865841361,0.6795159961420724,Q3
212,1,46,6,2,2,150.15,6,6,382.81,1,0.7952282884084965,-0.8530960554590038,0.35972218320296884,-1.737646651023118,Q4
213,80,3,2,1,1,9.059999999999999,2,1,20.07,1,-1.1910771481808855,-1.434030658435868,-1.939038424504804,0.38408500593299355,Q1
214,113,21,4,4,4,90.88000000000001,10,10,302.01,1,-0.3596004537946326,-0.12120501231222784,-0.06257408097505789,1.27037797656023,Q2
215,62,8,3,4,4,31.23,10,9,64.87,1,-0.9601113997402597,-0.12120501231222784,-0.9512863962821393,-0.09934752350004453,Q1
216,3,18,6,5,5,53.64000000000001,5,5,65.28,1,-0.4981799028590081,0.14001820786671987,-0.5034726640514472,-1.6839319255305583,Q2
217,58,6,4,2,2,12.700000000000001,7,6,213.88,1,-1.05249769911651,-0.8530960554590038,-1.6770456868858727,-0.2067769744851641,Q1
218,109,79,9,12,12,737.7100000000007,19,15,874.2000000000003,1,2.3196022281166266,1.2478145429013479,1.7057314357648785,1.1629485255751104,Q4
219,60,61,8,6,6,270.0700000000001,16,15,777.3500000000001,1,1.4881255337303736,0.3608792935514903,0.8552432226496414,-0.15306224899260432,Q4
220,38,23,6,7,6,150.48,9,8,158.04000000000002,1,-0.2672141544183823,0.5521978682155793,0.3615723197163119,-0.743924229410762,Q2
221,97,35,6,3,3,167.57,8,8,300.51,1,0.2871036418391196,-0.44091639511014435,0.45225809191188615,0.8406601726197518,Q3
222,45,96,12,13,8,703.4900000000015,13,13,674.62,1,3.1048857728147543,1.353993556877214,1.665493422012577,-0.5559226901868027,Q4
223,11,17,5,7,7,58.809999999999995,12,8,179.47000000000003,1,-0.5443730525471333,0.5521978682155793,-0.42677678153719073,-1.469073023560319,Q2
224,48,15,5,2,2,105.64999999999999,0,0,0.0,0,-0.6367593519233836,-0.8530960554590038,0.06388766629496503,-0.475350601947963,Q2
225,53,8,3,1,1,40.46,10,9,146.79999999999998,1,-0.9601113997402597,-1.434030658435868,-0.7376469008747745,-0.3410637882165636,Q1
226,16,17,5,6,4,51.92,6,6,91.52,1,-0.5443730525471333,0.3608792935514903,-0.5306068199561939,-1.3347862098289196,Q2
227,55,18,4,7,6,86.64000000000001,13,13,146.20000000000002,1,-0.4981799028590081,0.5521978682155793,-0.10265479332187005,-0.2873490627240038,Q2
228,80,50,6,8,8,164.94999999999996,15,12,213.41000000000003,1,0.9800008871609971,0.7209528108435844,0.43896917078769315,0.38408500593299355,Q4
229,36,24,7,2,2,82.25,3,3,119.89,1,-0.22102100473025715,-0.8530960554590038,-0.14625063553394105,-0.7976389549033218,Q2
230,102,44,8,7,5,226.26999999999998,14,13,417.56000000000006,1,0.7028419890322462,0.5521978682155793,0.7057325939222813,0.9749469863511513,Q4
231,29,44,7,6,5,276.55,1,1,23.53,1,0.7028419890322462,0.3608792935514903,0.8752844912001663,-0.985640494127281,Q4
232,73,70,9,48,22,675.47,137,50,1875.3700000000003,1,1.9038638809235002,3.1489035088645725,1.6310625294545271,0.19608346670903432,Q4
233,106,1,1,1,1,6.0,0,0,0.0,0,-1.2834634475571358,-1.434030658435868,-2.2466960811056165,1.0823764373362708,Q1
234,76,11,3,1,1,26.69,1,1,2.99,1,-0.8215319506758842,-1.434030658435868,-1.0800872734178448,0.27665555494787397,Q1
235,11,77,8,7,7,611.1400000000002,26,22,1630.1100000000008,1,2.2272159287403763,0.5521978682155793,1.5462900533958759,-1.469073023560319,Q4
236,49,58,8,5,5,329.6399999999999,7,6,266.90000000000003,1,1.3495460846659983,0.14001820786671987,1.0237692361192505,-0.44849323920168316,Q4
237,114,25,4,1,1,169.89999999999998,0,0,0.0,0,-0.17482785504213197,-1.434030658435868,0.46390372172136435,1.29723533930651,Q2
238,29,27,7,2,2,81.47,3,3,173.69000000000003,1,-0.08244155566588166,-0.8530960554590038,-0.15423654762552108,-0.985640494127281,Q3
239,27,72,9,14,13,207.06000000000006,24,20,304.64,1,1.9962501802997505,1.4528438539903603,0.630813496461388,-1.0393552196198408,Q4
240,2,6,3,5,4,39.120000000000005,1,1,5.0,1,-1.05249769911651,0.14001820786671987,-0.7655184943940648,-1.7107892882768383,Q1
241,106,11,2,4,4,52.16,3,1,46.89,1,-0.8215319506758842,-0.12120501231222784,-0.5267681558506345,1.0823764373362708,Q1
242,74,37,8,6,6,206.6400000000001,12,11,655.7000000000002,1,0.37948994121536994,0.3608792935514903,0.6290992587150237,0.2229408294553142,Q3
243,59,50,14,11,10,295.0500000000001,21,18,632.45,1,0.9800008871609971,1.1331324711924438,0.9300257627327807,-0.1799196117388842,Q4
244,49,28,6,2,2,104.88999999999999,5,5,175.97000000000003,1,-0.03624840597775649,-0.8530960554590038,0.05782063259706417,-0.44849323920168316,Q3
245,5,7,4,3,3,73.33000000000001,4,4,63.07000000000001,1,-1.0063045494283849,-0.44091639511014435,-0.24239634479724814,-1.6302172000379984,Q1
246,30,25,4,3,3,191.76000000000002,4,4,44.31,1,-0.17482785504213197,-0.44091639511014435,0.5660165180070028,-0.9587831313810011,Q2
247,74,29,6,6,6,85.64000000000001,3,3,48.6,1,0.00994474371036867,0.3608792935514903,-0.11239030663574097,0.2229408294553142,Q3
248,29,68,10,2,2,481.5000000000001,5,5,344.7000000000001,1,1.81147758154725,-0.8530960554590038,1.3444012306085824,-0.985640494127281,Q4
249,79,58,7,11,10,302.32000000000005,11,9,108.66,1,1.3495460846659983,1.1331324711924438,0.950606567307974,0.3572276431867137,Q4
250,108,31,5,4,4,141.73999999999995,8,8,326.43,1,0.102331043086619,-0.12120501231222784,0.311156286177277,1.1360911628288306,Q3
251,26,32,4,5,3,111.52,9,8,152.70999999999995,1,0.14852419277474416,0.14001820786671987,0.10934066169296727,-1.0662125823661208,Q3
252,112,2,1,2,2,22.179999999999996,1,1,24.66,1,-1.2372702978690107,-0.8530960554590038,-1.2309070207204835,1.2435206138139503,Q1
253,19,66,7,14,11,457.45000000000016,47,33,1181.9000000000003,1,1.7190912821709996,1.4528438539903603,1.301025702803416,-1.25421412159008,Q4
254,17,3,1,2,2,8.35,2,2,9.98,1,-1.1910771481808855,-0.8530960554590038,-2.001129368890436,-1.3079288470826398,Q1
255,2,9,1,1,1,18.880000000000003,1,1,45.98999999999999,1,-0.9139182500521346,-1.434030658435868,-1.3611918861949108,-1.7107892882768383,Q1
256,33,50,9,5,5,296.65,15,12,894.2900000000004,1,0.9800008871609971,0.14001820786671987,0.9345982828536039,-0.8782110431421615,Q4
257,57,33,9,11,7,155.76999999999995,9,7,236.03,1,0.19471734246286931,1.1331324711924438,0.39069268828872333,-0.233634337231444,Q3
258,43,37,6,7,7,83.61000000000003,21,19,218.75,1,0.37948994121536994,0.5521978682155793,-0.13250379696780185,-0.6096374156793625,Q3
259,11,12,5,2,2,72.44,4,4,43.79,1,-0.7753388009877591,-0.8530960554590038,-0.25261539716780035,-1.469073023560319,Q2
260,112,1,1,1,1,3.87,7,7,43.01,1,-1.2834634475571358,-1.434030658435868,-2.5544887908618628,1.2435206138139503,Q1
261,108,12,4,6,6,154.29999999999998,9,7,279.03000000000003,1,-0.7753388009877591,0.3608792935514903,0.38270041793987913,1.1360911628288306,Q2
262,100,20,6,5,5,162.85999999999996,21,15,348.63,1,-0.4057936034827578,0.14001820786671987,0.428217154338324,0.9212322608585914,Q2
263,95,50,7,13,12,235.85000000000005,30,28,442.3599999999998,1,0.9800008871609971,1.353993556877214,0.7407592401064654,0.7869454471271919,Q4
264,56,10,3,2,2,44.62000000000001,8,8,149.14,1,-0.8677251003640094,-0.8530960554590038,-0.6565307644697604,-0.26049169997772387,Q1
265,115,1,1,1,1,8.01,13,11,64.08000000000001,1,-1.2834634475571358,-1.434030658435868,-2.0325530842798227,1.32409270205279,Q1
266,79,38,5,3,3,187.29999999999987,13,13,477.69999999999993,1,0.42568309090349515,-0.44091639511014435,0.5461572622952011,0.3572276431867137,Q3
267,46,5,4,6,5,16.61,3,3,4.98,1,-1.0986908488046352,0.3608792935514903,-1.4640512051492873,-0.5290653274405228,Q1
268,109,21,8,4,1,77.1,1,1,33.21,1,-0.3596004537946326,-0.12120501231222784,-0.20042420434735,1.1629485255751104,Q2
269,99,10,3,7,7,73.14000000000001,10,9,110.62000000000002,1,-0.8677251003640094,0.5521978682155793,-0.24456762948458985,0.8943748981123115,Q1
270,103,19,6,5,4,62.67,4,3,34.94,1,-0.45198675317088294,0.14001820786671987,-0.373720861818204,1.001804349097431,Q2
271,2,29,8,11,8,171.21999999999997,18,14,133.24,1,0.00994474371036867,1.1331324711924438,0.47043099326839916,-1.7107892882768383,Q3
272,79,1,1,1,1,3.76,3,3,271.70000000000005,1,-1.2834634475571358,-1.434030658435868,-2.5738702704256284,0.3572276431867137,Q1
273,17,61,6,5,5,333.10000000000014,8,5,112.80000000000001,1,1.4881255337303736,0.14001820786671987,1.0326006420676017,-1.3079288470826398,Q4
274,77,3,1,3,3,2.3899999999999997,2,2,15.16,1,-1.1910771481808855,-0.44091639511014435,-2.861813048610807,0.3035129176941539,Q1
275,100,46,9,12,11,279.5199999999999,33,29,581.4200000000001,1,0.7952282884084965,1.2478145429013479,0.8843141951711959,0.9212322608585914,Q4
276,75,44,7,12,10,247.96000000000006,15,11,497.85,1,0.7028419890322462,1.2478145429013479,0.783062059278251,0.2497981922015941,Q4
277,36,12,3,13,9,75.1,2,2,18.080000000000002,1,-0.7753388009877591,1.353993556877214,-0.2224317502772542,-0.7976389549033218,Q2
278,45,45,7,4,4,221.56999999999994,8,7,352.29999999999995,1,0.7490351387203713,-0.12120501231222784,0.6880046964491797,-0.5559226901868027,Q4
279,77,12,4,2,2,35.62,0,0,0.0,0,-0.7753388009877591,-0.8530960554590038,-0.8429556321995695,0.3035129176941539,Q2
280,11,8,2,2,2,77.78999999999999,7,7,119.31,1,-0.9601113997402597,-0.8530960554590038,-0.19296215240271017,-1.469073023560319,Q1
281,17,25,6,5,5,91.62999999999998,10,10,160.59,1,-0.17482785504213197,0.14001820786671987,-0.0556773166351436,-1.3079288470826398,Q2
282,61,28,6,6,5,126.73999999999998,10,8,477.35,1,-0.03624840597775649,0.3608792935514903,0.2169665552049691,-0.12620488624632442,Q3
283,40,6,4,2,2,33.16,2,1,32.23,1,-1.05249769911651,-0.8530960554590038,-0.9019487228146904,-0.6902095039182022,Q1
284,95,25,7,3,3,107.37,3,3,192.59,1,-0.17482785504213197,-0.44091639511014435,0.07746018637792569,0.7869454471271919,Q2
285,76,59,9,9,7,297.0300000000001,14,12,250.07000000000005,1,1.3957392343541235,0.8719092510134965,0.935680644206273,0.27665555494787397,Q4
286,65,12,4,2,2,70.93,1,1,38.20000000000001,1,-0.7753388009877591,-0.8530960554590038,-0.27024000317188474,-0.018775435261204846,Q2
287,6,23,5,6,5,85.03,9,8,65.93,1,-0.2672141544183823,0.3608792935514903,-0.11838430186301546,-1.6033598372917186,Q2
288,108,56,8,6,5,326.3600000000001,9,8,337.97,1,1.257159785289748,0.3608792935514903,1.0153115183781873,1.1360911628288306,Q4
289,114,48,7,11,10,414.2200000000001,7,7,166.76000000000002,1,0.8876145877847468,1.1331324711924438,1.2170034608232245,1.29723533930651,Q4
290,82,29,5,3,2,138.31,8,7,140.01,1,0.00994474371036867,-0.44091639511014435,0.2905219231688577,0.43779973142555334,Q3
291,105,19,7,2,2,82.78,1,1,46.79,1,-0.45198675317088294,-0.8530960554590038,-0.14086689047571574,1.055519074589991,Q2
292,115,58,8,17,13,270.78000000000003,13,10,89.11000000000001,1,1.3495460846659983,1.7140670741693078,0.857462340640089,1.32409270205279,Q4
293,3,50,7,7,3,262.86000000000007,1,1,20.060000000000002,1,0.9800008871609971,0.5521978682155793,0.8323732180913136,-1.6839319255305583,Q4
294,6,53,8,11,11,308.31999999999994,26,25,548.9600000000003,1,1.1185803362253726,1.1331324711924438,0.9672239043027506,-1.6033598372917186,Q4
295,81,5,3,1,1,10.35,0,0,0.0,0,-1.0986908488046352,-1.434030658435868,-1.8366853115550994,0.4109423686792735,Q1
296,107,1,1,2,2,30.0,0,0,0.0,0,-1.2834634475571358,-0.8530960554590038,-0.9842958516850203,1.1092338000825508,Q1
297,79,21,8,5,5,101.09,9,8,193.62000000000003,1,-0.3596004537946326,0.14001820786671987,0.02681704177701207,0.3572276431867137,Q2
298,60,53,6,6,3,208.54000000000008,0,0,0.0,0,1.1185803362253726,0.3608792935514903,0.6368266831000791,-0.15306224899260432,Q4
299,108,5,2,1,1,21.47,2,2,56.620000000000005,1,-1.0986908488046352,-1.434030658435868,-1.2572979224267549,1.1360911628288306,Q1
300,69,77,8,5,5,550.9,7,7,518.5600000000001,1,2.2272159287403763,0.14001820786671987,1.4584066532920088,0.08865401572391474,Q4
301,26,35,5,2,2,226.33999999999997,3,3,566.9100000000002,1,0.2871036418391196,-0.8530960554590038,0.7059938465689894,-1.0662125823661208,Q3
302,98,15,3,5,4,85.82000000000001,12,12,232.75999999999993,1,-0.6367593519233836,0.14001820786671987,-0.11062964881967706,0.8675175353660317,Q2
303,115,9,3,3,3,28.969999999999995,17,13,292.85,1,-0.9139182500521346,-0.44091639511014435,-1.0129616466110327,1.32409270205279,Q1
304,2,50,8,6,5,214.08,20,20,824.3600000000002,1,0.9800008871609971,0.3608792935514903,0.6589645413834563,-1.7107892882768383,Q4
305,30,26,4,5,3,130.29999999999998,16,13,462.14000000000004,1,-0.1286347053540068,0.14001820786671987,0.24028567485684735,-0.9587831313810011,Q3
306,100,52,8,10,8,284.85999999999996,12,10,512.22,1,1.0723871865372474,1.0084659617071041,0.9003115381845526,0.9212322608585914,Q4
307,36,13,5,17,11,93.55000000000003,31,28,147.28,1,-0.7291456512996339,1.7140670741693078,-0.03827293257775165,-0.7976389549033218,Q2
308,14,9,5,2,2,25.64,3,3,100.9,1,-0.9139182500521346,-0.8530960554590038,-1.1128820981037302,-1.3885009353214794,Q1
309,33,30,5,2,2,343.92999999999995,2,1,156.31,1,0.05613789339849383,-0.8530960554590038,1.0596637683201398,-0.8782110431421615,Q3
310,79,20,8,3,3,80.86,0,0,0.0,0,-0.4057936034827578,-0.44091639511014435,-0.1605347500476281,0.3572276431867137,Q2
311,27,14,4,3,3,49.760000000000005,4,4,110.26999999999998,1,-0.6829525016115088,-0.44091639511014435,-0.5659595735684428,-1.0393552196198408,Q2
312,88,19,5,1,1,61.519999999999996,5,5,337.0300000000001,1,-0.45198675317088294,-1.434030658435868,-0.3891836057328133,0.5989439079032327,Q2
313,51,14,5,2,2,41.55,2,2,50.99000000000001,1,-0.6829525016115088,-0.8530960554590038,-0.7156317571534662,-0.39477851370912337,Q2
314,11,62,8,10,6,341.92,1,1,164.68000000000006,1,1.5343186834184988,1.0084659617071041,1.054705783508299,-1.469073023560319,Q4
315,3,7,2,2,1,23.9,2,2,14.56,1,-1.0063045494283849,-0.8530960554590038,-1.1701843317888196,-1.6839319255305583,Q1
316,69,15,5,3,3,64.61,2,2,36.57,1,-0.6367593519233836,-0.44091639511014435,-0.3482581515296495,0.08865401572391474,Q2
317,34,49,9,3,3,291.3300000000001,4,3,296.28,1,0.9338077374728719,-0.44091639511014435,0.9192984123787206,-0.8513536803958816,Q4
318,68,43,9,8,5,257.6600000000001,10,7,59.88000000000001,1,0.656648839344121,0.7209528108435844,0.8154876217382063,0.061796652977634835,Q4
319,24,49,7,7,7,272.69,14,10,352.9699999999999,1,0.9338077374728719,0.5521978682155793,0.8634034276413621,-1.1199273078586804,Q4
320,88,5,4,1,1,31.200000000000003,1,1,5.36,1,-1.0986908488046352,-1.434030658435868,-0.9520764102953392,0.5989439079032327,Q1
321,60,47,7,4,4,358.69000000000005,13,13,645.82,1,0.8414214380966216,-0.12120501231222784,1.0952102454351496,-0.15306224899260432,Q4
322,103,5,3,2,1,36.33,10,10,333.00999999999993,1,-1.0986908488046352,-0.8530960554590038,-0.8266651043919899,1.001804349097431,Q1
323,39,8,3,2,2,26.909999999999997,1,1,0.3,1,-0.9601113997402597,-0.8530960554590038,-1.0733737300940327,-0.717066866664482,Q1
324,48,65,9,4,4,347.5500000000002,11,10,646.58,1,1.6728981324828744,-0.12120501231222784,1.0685206371907854,-0.475350601947963,Q4
325,71,32,5,5,4,146.3,5,5,203.20999999999998,1,0.14852419277474416,0.14001820786671987,0.33783373977269715,0.14236874121647453,Q3
326,108,4,3,2,2,92.31,4,4,108.80000000000003,1,-1.1448839984927603,-0.8530960554590038,-0.049472346975080204,1.1360911628288306,Q1
327,62,19,4,4,3,55.22999999999999,7,6,68.37,1,-0.45198675317088294,-0.12120501231222784,-0.4791386086220569,-0.09934752350004453,Q2
328,66,99,11,14,9,837.4500000000005,21,18,1746.6000000000006,1,3.24346522187913,1.4528438539903603,1.8131737163454191,0.008081927485075049,Q4
329,79,32,5,3,3,94.47,12,11,213.26000000000002,1,0.14852419277474416,-0.44091639511014435,-0.030058197784007444,0.3572276431867137,Q3
330,83,9,3,3,3,20.42,7,7,11.84,1,-0.9139182500521346,-0.44091639511014435,-1.297896258308194,0.46465709417183326,Q1
331,112,1,1,1,1,5.19,2,2,69.37,1,-1.2834634475571358,-1.434030658435868,-2.3510211537678853,1.2435206138139503,Q1
332,7,46,8,7,7,187.93,13,11,710.5800000000002,1,0.7952282884084965,0.5521978682155793,0.5489908481097234,-1.5765024745454388,Q4
333,49,9,7,2,1,29.54,3,3,50.54,1,-0.9139182500521346,-0.8530960554590038,-0.9969785034653766,-0.44849323920168316,Q1
334,28,14,6,3,3,63.710000000000015,62,31,665.6000000000001,1,-0.6829525016115088,-0.44091639511014435,-0.35997578698804117,-1.012497856873561,Q2
335,27,24,6,6,4,111.28999999999999,16,15,262.12999999999994,1,-0.22102100473025715,0.3608792935514903,0.10760480446555958,-1.0393552196198408,Q2
336,111,26,6,8,6,112.85000000000001,7,6,148.39000000000001,1,-0.1286347053540068,0.7209528108435844,0.11930938191620925,1.2166632510676703,Q3
337,78,13,6,3,3,65.44,3,3,13.43,1,-0.7291456512996339,-0.44091639511014435,-0.33759349074291445,0.33037028044043376,Q2
338,153,8,3,2,1,17.1,10,9,205.96,1,-0.9601113997402597,-0.8530960554590038,-1.4407684093625492,2.344672486411426,Q1
339,90,56,7,5,5,175.22999999999996,7,7,121.94000000000003,1,1.257159785289748,0.14001820786671987,0.4899575072664124,0.6526586333957926,Q4
340,8,28,6,4,2,120.08,2,2,19.95,1,-0.03624840597775649,-0.12120501231222784,0.17154161852844407,-1.5496451117991588,Q3
341,106,4,2,2,1,29.090000000000003,1,1,9.66,1,-1.1448839984927603,-0.8530960554590038,-1.0095716588039,1.0823764373362708,Q1
342,101,1,1,1,1,1.0,2,2,201.66000000000003,1,-1.2834634475571358,-1.434030658435868,-3.309469176804861,0.9480896236048714,Q1
343,4,25,4,4,4,76.12999999999998,8,8,56.190000000000005,1,-0.17482785504213197,-0.12120501231222784,-0.21102658444312142,-1.6570745627842784,Q2
344,92,21,6,4,4,110.38000000000001,9,9,457.3399999999997,1,-0.3596004537946326,-0.12120501231222784,0.10070180736603407,0.7063733588883523,Q2
345,27,53,6,11,11,177.3400000000001,12,12,289.39,1,1.1185803362253726,1.1331324711924438,0.5000543881931093,-1.0393552196198408,Q4
346,87,19,4,2,2,67.43,3,3,15.97,1,-0.45198675317088294,-0.8530960554590038,-0.31255714856722727,0.5720865451569528,Q2
347,3,40,10,5,2,258.3700000000001,0,0,0.0,0,0.5180693902797454,0.14001820786671987,0.8178130628680911,-1.6839319255305583,Q3
348,112,7,3,2,1,41.730000000000004,3,2,72.55000000000001,1,-1.0063045494283849,-0.8530960554590038,-0.7120505652130282,1.2435206138139503,Q1
349,103,10,4,6,6,29.359999999999996,4,4,72.78000000000002,1,-0.8677251003640094,0.3608792935514903,-1.001993355427403,1.001804349097431,Q1
350,21,15,5,13,9,187.63000000000005,16,14,385.69999999999993,1,-0.6367593519233836,1.353993556877214,0.5476427018573654,-1.20049939609752,Q2
351,94,31,5,5,5,136.82999999999998,30,24,633.3299999999999,1,0.102331043086619,0.14001820786671987,0.2814610871364527,0.7600880843809121,Q3
352,86,18,4,2,2,47.760000000000005,1,1,17.009999999999998,1,-0.4981799028590081,-0.8530960554590038,-0.6000615652782433,0.545229182410673,Q2
353,118,5,2,2,2,22.229999999999997,11,11,206.23000000000002,1,-1.0986908488046352,-0.8530960554590038,-1.2290790878437579,1.4046647902916296,Q1
354,83,72,7,8,8,571.73,21,20,1134.0000000000005,1,1.9962501802997505,0.7209528108435844,1.4898356787581981,0.46465709417183326,Q4
355,81,6,3,2,2,104.78,0,0,0.0,0,-1.05249769911651,-0.8530960554590038,0.0569389037400139,0.4109423686792735,Q1
356,85,26,7,30,18,136.04000000000002,65,37,449.34000000000003,1,-0.1286347053540068,2.4929380973992887,0.27658465050789277,0.518371819664393,Q3
357,103,7,3,2,1,20.61,0,0,0.0,0,-1.0063045494283849,-0.8530960554590038,-1.2904044489509179,1.001804349097431,Q1
358,89,7,4,1,1,17.85,32,25,1316.2200000000007,1,-1.0063045494283849,-1.434030658435868,-1.4063248429133572,0.6258012706495126,Q1
359,34,45,5,2,2,172.85,0,0,0.0,0,0.7490351387203713,-0.8530960554590038,0.4784224969354965,-0.8513536803958816,Q4
360,105,3,4,1,1,9.07,6,6,158.88,1,-1.1910771481808855,-1.434030658435868,-1.9381955597361484,1.055519074589991,Q1
361,4,78,10,12,9,374.5500000000003,19,18,536.3499999999999,1,2.2734090784285015,1.2478145429013479,1.1318154696779645,-1.6570745627842784,Q4
362,13,39,8,4,4,141.89999999999998,9,9,263.11,1,0.4718762405916203,-0.12120501231222784,0.3121066778967479,-1.4153582980677593,Q3
363,94,4,2,1,1,11.0,0,0,0.0,0,-1.1448839984927603,-1.434030658435868,-1.7894420002775915,0.7600880843809121,Q1
364,4,31,5,9,8,159.44000000000003,12,11,177.91000000000003,1,0.102331043086619,0.8719092510134965,0.41032358839837507,-1.6570745627842784,Q3
365,9,42,9,10,9,306.08000000000004,12,10,507.78000000000003,1,0.6104556896559957,1.0084659617071041,0.9610581113058991,-1.522787749052879,Q3
366,82,11,3,3,3,18.32,5,4,62.67,1,-0.8215319506758842,-0.44091639511014435,-1.3854319158338848,0.43779973142555334,Q1
367,30,43,5,6,5,196.06999999999996,12,9,641.4300000000001,1,0.656648839344121,0.3608792935514903,0.5847760218975535,-0.9587831313810011,Q4
368,21,12,6,3,3,72.17,12,11,301.58000000000004,1,-0.7753388009877591,-0.44091639511014435,-0.2557400538121448,-1.20049939609752,Q2
369,76,20,8,2,2,153.39000000000001,0,0,0.0,0,-0.4057936034827578,-0.8530960554590038,0.37771482174388976,0.27665555494787397,Q2
370,77,71,11,17,15,467.7300000000003,29,28,734.9000000000001,1,1.9500570306116254,1.7140670741693078,1.3198382887328732,0.3035129176941539,Q4
371,62,110,11,9,9,801.2100000000003,11,11,839.2600000000002,1,3.7515898684485065,0.8719092510134965,1.7756900652955812,-0.09934752350004453,Q4
372,8,6,4,1,1,22.060000000000002,2,2,55.61,1,-1.05249769911651,-1.434030658435868,-1.235310196625455,-1.5496451117991588,Q1
373,108,2,1,2,2,4.86,1,1,19.74,1,-1.2372702978690107,-0.8530960554590038,-2.3974980523878657,1.1360911628288306,Q1
374,33,61,9,4,4,242.83000000000004,9,9,257.86,1,1.4881255337303736,-0.12120501231222784,0.7653987201252174,-0.8782110431421615,Q4
375,95,1,1,1,1,2.0,2,2,24.89,1,-1.2834634475571358,-1.434030658435868,-2.965495560902328,0.7869454471271919,Q1
376,62,34,8,30,25,262.72000000000025,60,43,572.8800000000001,1,0.24091049215099447,2.4929380973992887,0.8319229809042747,-0.09934752350004453,Q3
377,101,61,7,13,12,337.99999999999994,21,18,589.78,1,1.4881255337303736,1.353993556877214,1.0449523155208238,0.9480896236048714,Q4
378,61,40,9,11,11,184.16,45,37,589.2600000000001,1,0.5180693902797454,1.1331324711924438,0.5318914196512677,-0.12620488624632442,Q3
379,118,1,1,1,1,4.49,0,0,0.0,0,-1.2834634475571358,-1.434030658435868,-2.4528281473336055,1.4046647902916296,Q1
380,94,60,9,5,5,435.0400000000003,9,9,697.61,1,1.4419323840422487,0.14001820786671987,1.2585090666591487,0.7600880843809121,Q4
381,5,77,7,7,6,386.2600000000002,12,11,237.13,1,2.2272159287403763,0.5521978682155793,1.1578635831898185,-1.6302172000379984,Q4
382,55,10,6,6,4,119.26000000000002,7,7,74.68,1,-0.8677251003640094,0.3608792935514903,0.1657767706025607,-0.2873490627240038,Q1
383,75,68,9,15,11,657.4100000000001,11,10,336.06000000000006,1,1.81147758154725,1.5453121315413032,1.6081061359802324,0.2497981922015941,Q4
384,105,46,6,2,2,245.50000000000009,4,4,250.26,1,0.7952282884084965,-0.8530960554590038,0.7746378001408267,1.055519074589991,Q4
385,36,20,7,1,1,75.06,3,2,244.78000000000003,1,-0.4057936034827578,-1.434030658435868,-0.22287777726958222,-0.7976389549033218,Q2
386,39,20,8,5,5,41.72,13,9,161.11,1,-0.4057936034827578,0.14001820786671987,-0.7122491242121479,-0.717066866664482,Q2
387,97,57,9,5,5,230.86999999999998,6,6,83.91000000000001,1,1.3033529349778732,0.14001820786671987,0.7227318091782381,0.8406601726197518,Q4
388,103,16,5,4,4,92.64,11,8,220.54,1,-0.5905662022352585,-0.12120501231222784,-0.04647739018106107,1.001804349097431,Q2
389,108,94,11,14,11,793.65,28,26,1692.2000000000007,1,3.012499473438504,1.4528438539903603,1.7676573969151277,1.1360911628288306,Q4
390,80,39,8,7,6,223.83,14,14,159.55,1,0.4718762405916203,0.5521978682155793,0.6965754260446713,0.38408500593299355,Q3
391,85,8,2,1,1,66.29,0,0,0.0,0,-0.9601113997402597,-1.434030658435868,-0.326809051457813,0.518371819664393,Q1
392,75,56,7,3,1,277.42,7,7,1048.68,1,1.257159785289748,-0.44091639511014435,0.8779395239922705,0.2497981922015941,Q4
393,57,56,8,13,10,331.39000000000016,8,7,189.73999999999995,1,1.257159785289748,1.353993556877214,1.0282474776987651,-0.233634337231444,Q4
394,34,2,2,1,1,11.99,3,3,23.44,1,-1.2372702978690107,-1.434030658435868,-1.7221911268211623,-0.8513536803958816,Q1
395,42,25,7,6,6,129.47,4,3,23.450000000000003,1,-0.17482785504213197,0.3608792935514903,0.23490593451120836,-0.6364947784256424,Q2
396,108,20,7,4,4,86.05,7,7,58.81999999999999,1,-0.4057936034827578,-0.12120501231222784,-0.10838522393464237,1.1360911628288306,Q2
397,104,59,11,14,12,365.1200000000002,31,21,911.8800000000001,1,1.3957392343541235,1.4528438539903603,1.1102417006586343,1.0286617118437111,Q4
398,110,38,3,2,2,139.0,8,7,256.61999999999995,1,0.42568309090349515,-0.8530960554590038,0.2947133812725669,1.1898058883213904,Q3
399,113,27,5,1,1,99.41999999999999,2,2,274.69999999999993,1,-0.08244155566588166,-1.434030658435868,0.012824987454672703,1.27037797656023,Q3
400,109,49,7,7,7,250.40000000000003,38,30,1967.4800000000005,1,0.9338077374728719,0.5521978682155793,0.7913359984767185,1.1629485255751104,Q4
401,7,14,6,3,3,47.550000000000004,2,1,42.04,1,-0.6829525016115088,-0.44091639511014435,-0.6037231082591349,-1.5765024745454388,Q2
402,62,11,3,3,3,23.979999999999997,7,6,105.52,1,-0.8215319506758842,-0.44091639511014435,-1.1674630998809619,-0.09934752350004453,Q1
403,40,15,7,4,4,129.56,6,6,70.04,1,-0.6367593519233836,-0.12120501231222784,0.23549093165187035,-0.6902095039182022,Q2
404,11,52,9,12,12,425.9800000000004,20,19,502.1800000000001,1,1.0723871865372474,1.2478145429013479,1.2406965643991332,-1.469073023560319,Q4
405,33,36,7,3,3,202.02999999999997,8,7,334.5400000000001,1,0.3332967915272448,-0.44091639511014435,0.6100522039489459,-0.8782110431421615,Q3
406,83,34,10,3,3,158.72999999999996,3,3,220.51,1,0.24091049215099447,-0.44091639511014435,0.40656105759010175,0.46465709417183326,Q3
407,95,16,5,15,9,176.38,9,8,70.72,1,-0.5905662022352585,1.5453121315413032,0.4954754409072296,0.7869454471271919,Q2
408,80,43,6,9,5,292.57000000000005,3,3,148.48,1,0.656648839344121,0.8719092510134965,0.922889288935297,0.38408500593299355,Q4
409,22,42,9,8,7,211.29000000000002,13,11,289.9,1,0.6104556896559957,0.7209528108435844,0.6478879029309786,-1.1736420333512403,Q3
410,17,13,5,6,6,42.300000000000004,1,1,54.32000000000001,1,-0.7291456512996339,0.3608792935514903,-0.7008088409702482,-1.3079288470826398,Q2
411,89,25,6,3,2,301.69000000000005,26,17,752.6800000000003,1,-0.17482785504213197,-0.44091639511014435,0.9488427136288193,0.6258012706495126,Q2
412,83,42,9,6,6,132.21000000000004,12,10,267.63999999999993,1,0.6104556896559957,0.3608792935514903,0.2525374906975207,0.46465709417183326,Q3
413,37,14,4,8,7,65.3,15,14,233.76999999999995,1,-0.6829525016115088,0.7209528108435844,-0.339382975582747,-0.7707815921570419,Q2
414,27,40,7,12,7,172.25999999999996,3,2,30.92,1,0.5180693902797454,1.2478145429013479,0.47553855212981505,-1.0393552196198408,Q3
415,117,2,2,1,1,121.23,1,1,39.260000000000005,1,-1.2372702978690107,-1.434030658435868,0.1795610347690382,1.3778074275453496,Q1
416,68,10,4,1,1,26.279999999999998,8,6,444.6000000000005,1,-0.8677251003640094,-1.434030658435868,-1.0927424384614512,0.061796652977634835,Q1
417,105,48,9,10,7,211.72000000000008,8,8,424.57000000000005,1,0.8876145877847468,1.0084659617071041,0.6496045107849614,1.055519074589991,Q4
418,91,53,8,11,9,304.15999999999997,27,22,351.84000000000003,1,1.1185803362253726,1.1331324711924438,0.9557372419938662,0.6795159961420724,Q4
419,80,43,9,7,7,369.36999999999995,6,6,291.70000000000005,1,0.656648839344121,0.5521978682155793,1.1200327341575842,0.38408500593299355,Q4
420,26,11,3,9,9,57.10000000000001,9,8,201.04,1,-0.8215319506758842,0.8719092510134965,-0.4513848519921078,-1.0662125823661208,Q1
421,80,75,12,16,14,572.6400000000002,25,15,483.7000000000003,1,2.134829629364126,1.632172726698009,1.4911825259074294,0.38408500593299355,Q4
422,98,15,6,2,2,98.64999999999999,0,0,0.0,0,-0.6367593519233836,-0.8530960554590038,0.0062949971358787086,0.8675175353660317,Q2
423,78,1,1,1,1,3.0,0,0,0.0,0,-1.2834634475571358,-1.434030658435868,-2.7214423964924928,0.33037028044043376,Q1
424,103,48,10,2,2,312.71000000000004,0,0,0.0,0,0.8876145877847468,-0.8530960554590038,0.9791793119423707,1.001804349097431,Q4
425,29,59,7,13,11,497.30000000000047,14,12,495.72,1,1.3957392343541235,1.353993556877214,1.3717360269130667,-0.985640494127281,Q4
426,102,63,11,9,8,294.6200000000002,18,16,735.7800000000001,1,1.5805118331066241,0.8719092510134965,0.9287926845244328,0.9749469863511513,Q4
427,9,21,6,9,8,171.63000000000005,7,7,149.0,1,-0.3596004537946326,0.8719092510134965,0.47244822351361576,-1.522787749052879,Q2
428,68,50,5,11,11,322.13000000000005,11,11,490.3599999999999,1,0.9800008871609971,1.1331324711924438,1.004278165595981,0.061796652977634835,Q4
429,108,13,6,6,5,111.4,5,5,52.39,1,-0.7291456512996339,0.3608792935514903,0.10843544020939001,1.1360911628288306,Q2
430,103,23,5,5,5,92.67,20,16,112.44,1,-0.2672141544183823,0.14001820786671987,-0.04620564494787974,1.001804349097431,Q2
431,92,13,4,5,4,55.010000000000005,2,2,12.280000000000001,1,-0.7291456512996339,0.14001820786671987,-0.4824642638142361,0.7063733588883523,Q2
432,3,25,7,9,9,134.96999999999997,15,13,199.78999999999996,1,-0.17482785504213197,0.8719092510134965,0.26993484280802865,-1.6839319255305583,Q2
433,12,10,5,4,4,36.769999999999996,9,5,195.35000000000005,1,-0.8677251003640094,-0.12120501231222784,-0.8167243498828247,-1.4422156608140393,Q1
434,74,27,4,3,3,92.11999999999999,11,11,394.93,1,-0.08244155566588166,-0.44091639511014435,-0.05120152453856784,0.2229408294553142,Q3
435,77,11,4,11,7,128.83999999999997,3,3,33.37,1,-0.8215319506758842,1.1331324711924438,0.2307996202319682,0.3035129176941539,Q1
436,117,54,7,4,3,304.91999999999996,2,2,262.8299999999999,1,1.1647734859134977,-0.12120501231222784,0.957847411711497,1.3778074275453496,Q4
437,9,31,9,3,3,146.55,6,6,678.6600000000003,1,0.102331043086619,-0.44091639511014435,0.33927234164341546,-1.522787749052879,Q3
438,103,5,3,2,2,62.84000000000001,2,2,18.37,1,-1.0986908488046352,-0.8530960554590038,-0.37145878904231594,1.001804349097431,Q1
439,102,8,4,4,4,39.39,18,14,231.19000000000005,1,-0.9601113997402597,-0.12120501231222784,-0.759828429679846,0.9749469863511513,Q1
440,113,8,4,3,1,46.39,1,1,8.719999999999999,1,-0.9601113997402597,-0.44091639511014435,-0.6242385597759543,1.27037797656023,Q1
441,116,29,7,3,3,212.96999999999997,6,6,298.80000000000007,1,0.00994474371036867,-0.44091639511014435,0.6545750148203461,1.3509500647990698,Q3
442,77,28,6,3,3,66.79,2,2,95.28999999999999,1,-0.03624840597775649,-0.44091639511014435,-0.32052871984445375,0.3035129176941539,Q3
443,70,8,3,2,2,42.720000000000006,0,0,0.0,0,-0.9601113997402597,-0.8530960554590038,-0.6926197588955506,0.11551137847019463,Q1
444,68,35,8,3,3,237.32000000000005,8,4,97.81,1,0.2871036418391196,-0.44091639511014435,0.7460081769441843,0.061796652977634835,Q3
445,72,37,9,14,13,170.83000000000007,27,23,343.47,1,0.37948994121536994,1.4528438539903603,0.4685077028370193,0.16922610396275442,Q3
446,111,1,1,1,1,4.29,2,2,19.66,1,-1.2834634475571358,-1.434030658435868,-2.4843101761214115,1.2166632510676703,Q1
447,48,24,4,7,7,125.69,18,15,142.7,1,-0.22102100473025715,0.5521978682155793,0.20996450715418963,-0.475350601947963,Q2
448,29,2,1,2,2,3.6799999999999997,0,0,0.0,0,-1.2372702978690107,-0.8530960554590038,-2.5882493149958066,-0.985640494127281,Q1
449,99,3,2,1,1,31.550000000000004,5,5,88.86,1,-1.1910771481808855,-1.434030658435868,-0.9429050418366899,0.8943748981123115,Q1
450,110,28,8,5,5,103.90999999999997,9,9,175.53,1,-0.03624840597775649,0.14001820786671987,0.049932753631188806,1.1898058883213904,Q3
451,10,26,6,8,8,121.99999999999999,8,7,117.48000000000002,1,-0.1286347053540068,0.7209528108435844,0.18488849472931831,-1.4959303863065991,Q3
452,109,6,4,2,1,16.57,0,0,0.0,0,-1.05249769911651,-0.8530960554590038,-1.4659803550877606,1.1629485255751104,Q1
453,77,7,4,3,3,9.629999999999999,5,5,66.78,1,-1.0063045494283849,-0.44091639511014435,-1.892283655632935,0.3035129176941539,Q1
454,10,52,6,11,11,297.01000000000005,24,23,372.7399999999999,1,1.0723871865372474,1.1331324711924438,0.9356237122339097,-1.4959303863065991,Q4
455,63,34,6,9,4,186.72,2,2,61.46,1,0.24091049215099447,0.8719092510134965,0.5435401700355038,-0.07249016075376463,Q3
456,23,40,5,5,5,260.59999999999997,7,6,796.4100000000001,1,0.5180693902797454,0.14001820786671987,0.8250757350281788,-1.1467846706049605,Q3
457,76,12,6,8,5,79.92,2,2,20.37,1,-0.7753388009877591,0.7209528108435844,-0.17033265623874583,0.27665555494787397,Q2
458,115,39,8,6,6,109.42999999999999,12,9,96.15,1,0.4718762405916203,0.3608792935514903,0.09343494760502886,1.32409270205279,Q3
459,39,8,3,3,3,50.510000000000005,4,4,27.790000000000003,1,-0.9601113997402597,-0.44091639511014435,-0.5535166500056983,-0.717066866664482,Q1
460,79,16,4,9,7,50.19999999999999,10,10,67.64,1,-0.5905662022352585,0.8719092510134965,-0.5586376163717297,0.3572276431867137,Q2
461,76,27,7,5,5,73.73,6,5,65.66,1,-0.08244155566588166,0.14001820786671987,-0.23784330384082653,0.27665555494787397,Q3
462,50,22,7,8,7,75.04,14,14,278.85,1,-0.31340730410650747,0.7209528108435844,-0.2231008787356589,-0.42163587645540324,Q2
463,93,34,6,38,20,311.07,71,44,1005.97,1,0.24091049215099447,2.8218634092039356,0.9747327453221265,0.7332307216346322,Q3
464,65,28,7,7,7,109.92999999999999,16,15,287.71,1,-0.03624840597775649,0.5521978682155793,0.09726736883119569,-0.018775435261204846,Q3
465,76,5,2,5,4,34.28,6,6,80.01000000000002,1,-1.0986908488046352,0.14001820786671987,-0.874580435858727,0.27665555494787397,Q1
466,99,1,1,1,1,11.82,0,0,0.0,0,-1.2834634475571358,-1.434030658435868,-1.7333666750570547,0.8943748981123115,Q1
467,8,36,5,4,4,164.01999999999998,3,2,118.93999999999998,1,0.3332967915272448,-0.12120501231222784,0.43420160053094425,-1.5496451117991588,Q3
468,54,12,4,5,4,81.54,31,24,428.49,1,-0.7753388009877591,0.14001820786671987,-0.15351678475111508,-0.31420642547028366,Q2
469,46,74,10,8,7,487.3900000000003,21,17,1006.3100000000002,1,2.088636479676001,0.7209528108435844,1.3546944738282412,-0.5290653274405228,Q4
470,11,6,4,5,5,51.80000000000001,10,9,104.30000000000001,1,-1.05249769911651,0.14001820786671987,-0.532532685300575,-1.469073023560319,Q1
471,57,6,2,1,1,25.92,5,4,118.33999999999999,1,-1.05249769911651,-1.434030658435868,-1.1040121095477622,-0.233634337231444,Q1
472,48,89,8,6,6,775.0300000000009,8,8,944.8799999999999,1,2.781533724997878,0.3608792935514903,1.7475426788973134,-0.475350601947963,Q4
473,81,43,7,6,5,298.31,7,6,255.64000000000001,1,0.656648839344121,0.3608792935514903,0.9393163662789847,0.4109423686792735,Q4
474,4,34,5,7,4,122.91000000000008,1,1,22.53,1,0.24091049215099447,0.5521978682155793,0.1911417523252831,-1.6570745627842784,Q3
475,40,2,1,1,1,3.29,3,3,31.74,1,-1.2372702978690107,-1.434030658435868,-2.66206483541735,-0.6902095039182022,Q1
476,32,37,6,3,2,281.60999999999996,2,2,278.47000000000014,1,0.37948994121536994,-0.44091639511014435,0.8906113048243096,-0.9050684058884414,Q3
477,53,25,7,7,6,135.71,8,8,79.27999999999999,1,-0.17482785504213197,0.5521978682155793,0.2745393286363768,-0.3410637882165636,Q2
478,111,18,6,5,3,96.57999999999998,4,4,69.83,1,-0.4981799028590081,0.14001820786671987,-0.01151299510634989,1.2166632510676703,Q2
479,94,12,5,14,11,35.330000000000005,62,36,318.2299999999999,1,-0.7753388009877591,1.4528438539903603,-0.8497005495056733,0.7600880843809121,Q2
480,2,66,7,9,8,408.3499999999999,12,10,560.2200000000001,1,1.7190912821709996,0.8719092510134965,1.204924778813975,-1.7107892882768383,Q4
481,32,3,3,1,1,14.72,4,4,269.93,1,-1.1910771481808855,-1.434030658435868,-1.5603662822402014,-0.9050684058884414,Q1
482,73,21,6,3,3,106.51000000000002,11,8,212.76999999999998,1,-0.3596004537946326,-0.44091639511014435,0.07070106914120114,0.19608346670903432,Q2
483,31,8,1,3,3,50.050000000000004,7,6,223.45000000000002,1,-0.9601113997402597,-0.44091639511014435,-0.561126645012604,-0.9319257686347212,Q1
484,32,26,6,5,5,56.84,7,6,98.99000000000001,1,-0.1286347053540068,0.14001820786671987,-0.4551897447454758,-0.9050684058884414,Q3
485,117,45,8,6,6,225.79999999999995,18,16,693.1300000000001,1,0.7490351387203713,0.3608792935514903,0.7039763823129097,1.3778074275453496,Q4
486,100,23,6,3,3,78.6,0,0,0.0,0,-0.2672141544183823,-0.44091639511014435,-0.18428529048586448,0.9212322608585914,Q2
487,101,4,2,1,1,17.080000000000002,0,0,0.0,0,-1.1448839984927603,-1.434030658435868,-1.4417063235762346,0.9480896236048714,Q1
488,69,22,5,2,2,54.06999999999999,2,2,56.07999999999999,1,-0.31340730410650747,-0.8530960554590038,-0.49682259577140747,0.08865401572391474,Q2
489,87,27,7,2,2,85.71000000000001,9,7,274.59,1,-0.08244155566588166,-0.8530960554590038,-0.1117051721030801,0.5720865451569528,Q3
490,34,19,4,3,3,104.42000000000002,9,8,410.72,1,-0.45198675317088294,-0.44091639511014435,0.05404682143950891,-0.8513536803958816,Q2
491,67,42,7,8,7,312.6800000000001,14,11,521.95,1,0.6104556896559957,0.7209528108435844,0.9790981812274555,0.03493929023135494,Q3
492,118,20,2,1,1,76.32,12,11,869.1100000000006,1,-0.4057936034827578,-1.434030658435868,-0.20893936771171154,1.4046647902916296,Q2
493,75,24,5,4,4,87.49000000000001,10,8,347.98,1,-0.22102100473025715,-0.12120501231222784,-0.09446655258987934,0.2497981922015941,Q2
494,94,4,2,1,1,8.17,0,0,0.0,0,-1.1448839984927603,-1.434030658435868,-2.017620363068227,0.7600880843809121,Q1
495,61,38,6,4,4,187.78000000000003,6,6,366.8499999999999,1,0.42568309090349515,-0.12120501231222784,0.5483170427846346,-0.12620488624632442,Q3
496,114,11,4,1,1,78.71,2,2,127.47999999999996,1,-0.8215319506758842,-1.434030658435868,-0.18311376603648416,1.29723533930651,Q1
497,108,41,8,11,2,231.57000000000005,7,7,30.659999999999997,1,0.5642625399678706,1.1331324711924438,0.7252890427221551,1.1360911628288306,Q3
498,49,9,4,2,2,15.77,0,0,0.0,0,-0.9139182500521346,-0.8530960554590038,-1.5055142790054867,-0.44849323920168316,Q1
499,40,36,8,11,9,215.0,35,22,282.12,1,0.3332967915272448,1.1331324711924438,0.66258557246458,-0.6902095039182022,Q3
500,18,5,5,3,2,16.22,0,0,0.0,0,-1.0986908488046352,-0.44091639511014435,-1.4830502130783312,-1.28107148433636,Q1
501,43,14,6,4,4,54.15000000000001,0,0,0.0,0,-0.6829525016115088,-0.12120501231222784,-0.49559110461722083,-0.6096374156793625,Q2
502,113,19,5,4,3,81.53999999999999,14,8,716.0800000000002,1,-0.45198675317088294,-0.12120501231222784,-0.15351678475111508,1.27037797656023,Q2
503,91,78,11,9,8,353.07,12,10,430.0000000000001,1,2.2734090784285015,0.8719092510134965,1.0818506063737303,0.6795159961420724,Q4
504,30,30,6,1,1,124.69999999999997,0,0,0.0,0,0.05613789339849383,-1.434030658435868,0.20330921816435005,-0.9587831313810011,Q3
505,115,1,1,1,1,6.99,0,0,0.0,0,-1.2834634475571358,-1.434030658435868,-2.1344767086510013,1.32409270205279,Q1
506,52,18,6,1,1,83.06000000000002,0,0,0.0,0,-0.4981799028590081,-1.434030658435868,-0.13803638106290075,-0.36792115096284345,Q2
507,69,34,5,2,2,120.91999999999997,9,7,176.91,1,0.24091049215099447,-0.8530960554590038,0.17740673150887182,0.08865401572391474,Q3
508,113,26,5,6,5,155.58999999999997,10,9,148.37,1,-0.1286347053540068,0.3608792935514903,0.3897180788020563,1.27037797656023,Q3
509,29,2,2,1,1,24.97,1,1,14.41,1,-1.2372702978690107,-1.434030658435868,-1.1344909464434791,-0.985640494127281,Q1
510,84,46,6,17,11,207.72,26,22,965.9300000000003,1,0.7952282884084965,1.7140670741693078,0.6335003195293711,0.49151445691811313,Q4
511,22,24,6,14,9,123.44,21,17,304.96999999999997,1,-0.22102100473025715,1.4528438539903603,0.19476263126311233,-1.1736420333512403,Q2
512,96,50,6,5,5,229.47000000000006,8,7,387.6600000000002,1,0.9800008871609971,0.14001820786671987,0.7175940997960766,0.8138028098734719,Q4
513,21,59,9,8,6,644.6500000000002,18,17,1528.1600000000003,1,1.3957392343541235,0.7209528108435844,1.5915038228214844,-1.20049939609752,Q4
514,91,15,4,2,2,62.080000000000005,5,5,220.92000000000002,1,-0.6367593519233836,-0.8530960554590038,-0.38161871071424314,0.6795159961420724,Q2
515,63,38,4,1,1,153.70999999999998,0,0,0.0,0,0.42568309090349515,-1.434030658435868,0.3794713404067292,-0.07249016075376463,Q3
516,82,3,2,1,1,6.640000000000001,0,0,0.0,0,-1.1910771481808855,-1.434030658435868,-2.1724766838281395,0.43779973142555334,Q1
517,71,59,9,8,6,265.22999999999996,12,11,365.7399999999999,1,1.3957392343541235,0.7209528108435844,0.8399590509306205,0.14236874121647453,Q4
518,90,20,8,5,5,87.32999999999998,7,7,216.77000000000004,1,-0.4057936034827578,0.14001820786671987,-0.09600184235602827,0.6526586333957926,Q2
519,7,1,1,1,1,2.5,4,4,151.81,1,-1.2834634475571358,-1.434030658435868,-2.834722861417985,-1.5765024745454388,Q1
520,64,30,6,3,3,95.33,25,21,397.68,1,0.05613789339849383,-0.44091639511014435,-0.02245047990637394,-0.04563279800748474,Q3
521,22,12,5,4,3,30.609999999999996,3,3,17.86,1,-0.7753388009877591,-0.12120501231222784,-0.9677647608061019,-1.1736420333512403,Q2
522,77,1,1,1,1,0.0,1,1,15.58,1,-1.2834634475571358,-1.434030658435868,-3.8974959571172296,0.3035129176941539,Q1
523,82,55,10,25,21,459.21000000000015,45,42,728.04,1,1.2109666356016229,2.240928806227072,1.3042762766168345,0.43779973142555334,Q4
524,116,43,9,7,6,316.87000000000006,11,11,563.4799999999999,1,0.656648839344121,0.5521978682155793,0.9903549642670879,1.3509500647990698,Q4
525,109,43,8,6,6,223.20000000000007,6,5,150.62,1,0.656648839344121,0.3608792935514903,0.6941949319030564,1.1629485255751104,Q4
526,101,35,6,9,7,137.17,18,16,324.57,1,0.2871036418391196,0.8719092510134965,0.2835512094165928,0.9480896236048714,Q3
527,109,31,5,10,10,165.45,11,11,244.76,1,0.102331043086619,1.0084659617071041,0.4415213487651388,1.1629485255751104,Q3
528,5,15,5,3,2,41.480000000000004,0,0,0.0,0,-0.6367593519233836,-0.44091639511014435,-0.717028535838776,-1.6302172000379984,Q2
529,6,15,4,1,1,43.93,6,6,121.38000000000001,1,-0.6367593519233836,-1.434030658435868,-0.6694599355545484,-1.6033598372917186,Q2
530,47,36,10,10,9,236.65999999999997,4,4,125.38,1,0.3332967915272448,1.0084659617071041,0.7436555278834853,-0.5022079646942429,Q3
531,114,24,4,6,6,105.64999999999996,8,8,286.73000000000013,1,-0.22102100473025715,0.3608792935514903,0.06388766629496503,1.29723533930651,Q2
532,115,47,7,11,11,279.78000000000003,3,1,26.2,1,0.8414214380966216,1.1331324711924438,0.8851001181319688,1.32409270205279,Q4
533,53,34,6,2,2,227.36,6,6,248.75999999999996,1,0.24091049215099447,-0.8530960554590038,0.7097915715255455,-0.3410637882165636,Q3
534,111,24,6,16,14,50.42,44,36,91.14000000000001,1,-0.22102100473025715,1.632172726698009,-0.5550002003456538,1.2166632510676703,Q2
535,53,8,2,3,3,72.49,3,3,135.70999999999998,1,-0.9601113997402597,-0.44091639511014435,-0.25203801790378805,-0.3410637882165636,Q1
536,7,14,4,3,2,66.29,3,3,53.02,1,-0.6829525016115088,-0.44091639511014435,-0.326809051457813,-1.5765024745454388,Q2
537,116,25,5,6,6,186.91000000000005,11,9,271.60999999999996,1,-0.17482785504213197,0.3608792935514903,0.5443983828753794,1.3509500647990698,Q2
538,54,4,2,1,1,53.739999999999995,4,4,207.73000000000002,1,-1.1448839984927603,-1.434030658435868,-0.5019214781742724,-0.31420642547028366,Q1
539,55,1,1,2,2,25.48,0,0,0.0,0,-1.2834634475571358,-0.8530960554590038,-1.117992615485619,-0.2873490627240038,Q1
540,125,22,5,5,4,85.45,3,3,47.88,1,-0.31340730410650747,0.14001820786671987,-0.1142527515547294,1.5926663295155887,Q2
541,51,27,5,2,2,107.67999999999999,4,4,355.72999999999996,1,-0.08244155566588166,-0.8530960554590038,0.07988346772304245,-0.39477851370912337,Q3
542,56,52,9,8,7,250.39999999999998,11,11,317.1599999999999,1,1.0723871865372474,0.7209528108435844,0.7913359984767185,-0.26049169997772387,Q4
543,67,6,3,4,4,75.17,7,6,127.4,1,-1.05249769911651,-0.12120501231222784,-0.22165176687180455,0.03493929023135494,Q1
544,24,22,5,5,4,119.33999999999999,8,8,56.11,1,-0.31340730410650747,0.14001820786671987,0.1663409224570109,-1.1199273078586804,Q2
545,91,56,8,4,4,199.08999999999992,5,5,269.73,1,1.257159785289748,-0.12120501231222784,0.597677855951708,0.6795159961420724,Q4
546,106,21,7,5,5,145.1,18,14,572.6700000000001,1,-0.3596004537946326,0.14001820786671987,0.3308942874188538,1.0823764373362708,Q2
547,93,67,8,10,7,400.25000000000006,13,10,237.13,1,1.7652844318591248,1.0084659617071041,1.1879699068219736,0.7332307216346322,Q4
548,87,50,10,6,5,278.1700000000001,9,9,381.46000000000004,1,0.9800008871609971,0.3608792935514903,0.8802216950269428,0.5720865451569528,Q4
549,116,58,7,33,22,718.9100000000003,37,29,936.7900000000005,1,1.3495460846659983,2.6252869900237332,1.6838618087722765,1.3509500647990698,Q4
550,44,10,5,3,3,32.18,3,3,50.760000000000005,1,-0.8677251003640094,-0.44091639511014435,-0.9266423715643032,-0.5827800529330827,Q1
551,12,15,6,4,4,63.69000000000002,3,3,70.47,1,-0.6367593519233836,-0.12120501231222784,-0.36023802603800154,-1.4422156608140393,Q2
552,52,10,3,3,2,186.41,0,0,0.0,0,-0.8677251003640094,-0.44091639511014435,0.5421380614916734,-0.36792115096284345,Q1
553,95,62,8,15,15,464.46000000000004,32,27,845.9700000000001,1,1.5343186834184988,1.5453121315413032,1.313899252806836,0.7869454471271919,Q4
554,53,22,3,1,1,79.98,1,1,164.11999999999998,1,-0.31340730410650747,-1.434030658435868,-0.16970386560845205,-0.3410637882165636,Q2
555,44,16,6,1,1,65.41000000000003,6,6,198.01000000000002,1,-0.5905662022352585,-1.434030658435868,-0.33797663413815066,-0.5827800529330827,Q2
556,28,29,7,3,3,151.43000000000006,6,6,292.19,1,0.00994474371036867,-0.44091639511014435,0.36687605291956427,-1.012497856873561,Q3
557,49,8,4,2,2,16.88,1,1,43.900000000000006,1,-0.9601113997402597,-0.8530960554590038,-1.4511429427894533,-0.44849323920168316,Q1
558,108,32,5,5,5,108.42,8,8,250.81,1,0.14852419277474416,0.14001820786671987,0.08564024411647252,1.1360911628288306,Q3
559,78,3,2,3,3,10.81,2,2,27.669999999999995,1,-1.1910771481808855,-0.44091639511014435,-1.802981576272146,0.33037028044043376,Q1
560,15,30,8,7,6,101.69,35,27,1023.1800000000006,1,0.05613789339849383,0.5521978682155793,0.03178830311590971,-1.3616435725751996,Q3
561,51,18,5,2,2,106.0,1,1,69.33,1,-0.4981799028590081,-0.8530960554590038,0.06666716947836165,-0.39477851370912337,Q2
562,34,27,6,5,5,207.87,6,5,369.64,1,-0.08244155566588166,0.14001820786671987,0.6341097761899857,-0.8513536803958816,Q3
563,64,24,6,2,2,94.60999999999999,11,9,260.35,1,-0.22102100473025715,-0.8530960554590038,-0.028815073584367894,-0.04563279800748474,Q2
564,68,5,2,2,2,17.55,4,4,65.1,1,-1.0986908488046352,-0.8530960554590038,-1.419934920701645,0.061796652977634835,Q1
565,78,37,5,2,2,164.81999999999996,2,2,83.72,1,0.37948994121536994,-0.8530960554590038,0.438304344931064,0.33037028044043376,Q3
566,82,15,7,17,11,40.629999999999995,70,36,597.05,1,-0.6367593519233836,1.7140670741693078,-0.7341755188646404,0.43779973142555334,Q2
567,33,16,5,5,5,54.300000000000004,8,8,47.21,1,-0.5905662022352585,0.14001820786671987,-0.4932868660257576,-0.8782110431421615,Q2
568,4,32,6,3,1,87.14999999999999,1,1,44.12,1,0.14852419277474416,-0.44091639511014435,-0.09773237103380822,-1.6570745627842784,Q3
569,67,81,8,7,7,753.4400000000007,12,11,802.56,1,2.411988527492877,0.5521978682155793,1.7236063098449852,0.03493929023135494,Q4
570,90,13,4,3,3,33.779999999999994,5,4,202.52,1,-0.7291456512996339,-0.44091639511014435,-0.8866894527472929,0.6526586333957926,Q2
571,30,17,6,2,2,65.92999999999998,3,2,218.89999999999998,1,-0.5443730525471333,-0.8530960554590038,-0.3313598535366857,-0.9587831313810011,Q2
572,90,77,11,28,18,566.7899999999998,11,9,182.22000000000003,1,2.2272159287403763,2.3973852954648938,1.4824866761840643,0.6526586333957926,Q4
573,96,48,6,8,8,330.17000000000013,11,11,345.54,1,0.8876145877847468,0.7209528108435844,1.0251280008875345,0.8138028098734719,Q4
574,88,49,8,5,5,301.57,10,10,456.88,1,0.9338077374728719,0.14001820786671987,0.9485063253007688,0.5989439079032327,Q4
575,4,45,8,7,7,267.01000000000005,23,19,651.2400000000001,1,0.7490351387203713,0.5521978682155793,0.8456121532709842,-1.6570745627842784,Q4
576,47,45,7,13,11,286.02,32,26,529.5099999999999,1,0.7490351387203713,1.353993556877214,0.9037470904676496,-0.5022079646942429,Q4
577,113,74,10,2,2,546.3200000000003,6,6,560.4400000000002,1,2.088636479676001,-0.8530960554590038,1.4513372133447189,1.27037797656023,Q4
578,90,22,7,6,6,107.77000000000001,5,5,152.18,1,-0.31340730410650747,0.3608792935514903,0.0805857064275514,0.6526586333957926,Q2
579,61,11,5,3,3,45.12,5,5,34.940000000000005,1,-0.8215319506758842,-0.44091639511014435,-0.6472834163130865,-0.12620488624632442,Q1
580,42,18,5,6,5,109.46999999999998,5,5,96.41000000000001,1,-0.4981799028590081,0.3608792935514903,0.09374217923169703,-0.6364947784256424,Q2
581,50,22,5,4,4,96.00999999999999,0,0,0.0,0,-0.31340730410650747,-0.12120501231222784,-0.016483004617305726,-0.42163587645540324,Q2
582,100,69,11,10,10,613.3500000000004,21,20,685.9300000000003,1,1.857670731235375,1.0084659617071041,1.5493472993024704,0.9212322608585914,Q4
583,33,24,6,4,4,117.18,4,4,179.29,1,-0.22102100473025715,-0.12120501231222784,0.15097557225873412,-0.8782110431421615,Q2
584,86,35,7,7,3,174.13,10,8,233.91,1,0.2871036418391196,0.5521978682155793,0.4846456863383895,0.545229182410673,Q3
585,4,6,3,1,1,10.940000000000001,6,5,103.72000000000001,1,-1.05249769911651,-1.434030658435868,-1.7936943566491468,-1.6570745627842784,Q1
586,52,46,8,13,12,250.93,17,14,199.25,1,0.7952282884084965,1.353993556877214,0.7931225882913808,-0.36792115096284345,Q4
587,56,4,2,1,1,6.46,0,0,0.0,0,-1.1448839984927603,-1.434030658435868,-2.192703045565693,-0.26049169997772387,Q1
588,28,23,4,7,5,115.66999999999997,8,8,239.82000000000005,1,-0.2672141544183823,0.5521978682155793,0.14006634453305591,-1.012497856873561,Q2
589,83,3,1,1,1,14.48,0,0,0.0,0,-1.1910771481808855,-1.434030658435868,-1.5734179753643631,0.46465709417183326,Q1
590,30,66,7,5,5,397.0400000000003,13,12,425.24000000000007,1,1.7190912821709996,0.14001820786671987,1.1811558676185787,-0.9587831313810011,Q4
591,51,31,6,6,6,236.00000000000003,19,17,1271.6900000000005,1,0.102331043086619,0.3608792935514903,0.7412963362433468,-0.39477851370912337,Q3
592,30,7,3,1,1,14.09,3,3,86.96000000000001,1,-1.0063045494283849,-1.434030658435868,-1.595064808602271,-0.9587831313810011,Q1
593,3,6,2,1,1,14.41,1,1,27.01,1,-1.05249769911651,-1.434030658435868,-1.5772628529325907,-1.6839319255305583,Q1
594,98,13,2,8,7,54.49,22,17,335.53999999999996,1,-0.7291456512996339,0.7209528108435844,-0.49037711986104554,0.8675175353660317,Q2
595,68,30,9,6,4,105.39999999999998,10,9,120.38000000000001,1,0.05613789339849383,0.3608792935514903,0.06189671649622969,0.061796652977634835,Q3
596,53,9,3,4,4,227.66,5,4,46.68,1,-0.9139182500521346,-0.12120501231222784,0.7109053216131341,-0.3410637882165636,Q1
597,40,41,8,4,4,118.28999999999996,11,11,247.51000000000005,1,0.5642625399678706,-0.12120501231222784,0.15890640935992814,-0.6902095039182022,Q3
598,60,32,7,17,12,131.20999999999998,18,16,210.22000000000003,1,0.14852419277474416,1.7140670741693078,0.24614500080260887,-0.15306224899260432,Q3
599,45,32,6,2,2,116.1,1,1,207.25999999999996,1,0.14852419277474416,-0.8530960554590038,0.1431872585849586,-0.5559226901868027,Q3
600,55,48,11,9,6,297.66999999999996,0,0,0.0,0,0.8876145877847468,0.8719092510134965,0.9375004529306352,-0.2873490627240038,Q4
601,42,52,8,4,4,278.36,5,5,348.7100000000001,1,1.0723871865372474,-0.12120501231222784,0.8807988716763331,-0.6364947784256424,Q4
602,37,16,4,4,4,71.24000000000001,0,0,0.0,0,-0.5905662022352585,-0.12120501231222784,-0.26659171525528313,-0.7707815921570419,Q2
603,30,53,7,12,6,271.3000000000002,33,20,397.71,1,1.1185803362253726,1.2478145429013479,0.8590839354814689,-0.9587831313810011,Q4
604,11,23,7,3,3,100.65999999999998,5,5,207.75,1,-0.2672141544183823,-0.44091639511014435,0.02323629901262954,-1.469073023560319,Q2
605,49,14,4,2,2,31.72,2,2,40.48,1,-0.6829525016115088,-0.8530960554590038,-0.9384859001025703,-0.44849323920168316,Q2
606,39,44,5,3,3,209.99000000000007,13,11,230.73000000000002,1,0.7028419890322462,-0.44091639511014435,0.6426769324933777,-0.717066866664482,Q4
607,46,45,5,11,8,207.96999999999994,58,40,586.6700000000001,1,0.7490351387203713,1.1331324711924438,0.6345158375225829,-0.5290653274405228,Q4
608,96,22,3,12,12,113.70999999999994,29,23,540.4200000000001,1,-0.31340730410650747,1.2478145429013479,0.12569351473192475,0.8138028098734719,Q2
609,26,12,4,4,4,32.1,17,16,118.49000000000001,1,-0.7753388009877591,-0.12120501231222784,-0.9286902743569083,-1.0662125823661208,Q2
610,108,31,3,3,3,163.40000000000003,1,1,21.069999999999997,1,0.102331043086619,-0.44091639511014435,0.43100826995376584,1.1360911628288306,Q3
611,82,6,2,2,2,64.63999999999999,0,0,0.0,0,-1.05249769911651,-0.8530960554590038,-0.3478703374338141,0.43779973142555334,Q1
612,88,38,4,5,5,186.81000000000006,7,7,164.9,1,0.42568309090349515,0.14001820786671987,0.5439468001329655,0.5989439079032327,Q3
613,18,33,7,4,4,178.77,0,0,0.0,0,0.19471734246286931,-0.12120501231222784,0.5068296103063107,-1.28107148433636,Q3
614,5,18,3,2,2,46.510000000000005,1,1,0.34,1,-0.4981799028590081,-0.8530960554590038,-0.6220931171491517,-1.6302172000379984,Q2
615,217,6,2,1,1,10.440000000000001,5,5,67.99,1,-1.05249769911651,-1.434030658435868,-1.829984890695146,4.063543702173339,Q1
616,29,55,7,2,2,201.79999999999995,0,0,0.0,0,1.2109666356016229,-0.8530960554590038,0.6090906240536216,-0.985640494127281,Q4
617,20,9,4,1,1,33.63,3,3,197.63000000000005,1,-0.9139182500521346,-1.434030658435868,-0.8903561202614416,-1.2273567588438001,Q1
618,117,31,9,36,14,242.53000000000006,77,35,616.9600000000002,1,0.102331043086619,2.746437519774715,0.7643543052035783,1.3778074275453496,Q3
619,58,4,2,2,2,22.750000000000004,0,0,0.0,0,-1.1448839984927603,-0.8530960554590038,-1.2102984772579624,-0.2067769744851641,Q1
620,102,27,7,7,5,139.02999999999997,2,2,40.86,1,-0.08244155566588166,0.5521978682155793,0.2948951496523364,0.9749469863511513,Q3
621,93,19,6,5,5,103.09,15,15,180.05,1,-0.45198675317088294,0.14001820786671987,0.04327586280097183,0.7332307216346322,Q2
622,118,5,3,1,1,11.93,10,10,236.97,1,-1.0986908488046352,-1.434030658435868,-1.7261186492059615,1.4046647902916296,Q1
623,109,31,5,6,5,312.81,20,16,725.22,1,0.102331043086619,0.3608792935514903,0.9794496916361007,1.1629485255751104,Q3
624,26,50,7,6,6,264.91,17,15,588.49,1,0.9800008871609971,0.3608792935514903,0.8389387559139717,-1.0662125823661208,Q4
625,110,9,3,1,1,33.040000000000006,7,7,327.66999999999996,1,-0.9139182500521346,-1.434030658435868,-0.9049340982821765,1.1898058883213904,Q1
626,12,17,3,2,2,38.809999999999995,0,0,0.0,0,-0.5443730525471333,-0.8530960554590038,-0.7720989459836798,-1.4422156608140393,Q2
627,86,18,6,3,2,159.44999999999996,8,8,197.79,1,-0.4981799028590081,-0.44091639511014435,0.41037646279895656,0.545229182410673,Q2
628,20,20,5,4,4,123.63999999999999,2,2,21.98,1,-0.4057936034827578,-0.12120501231222784,0.1961249943628164,-1.2273567588438001,Q2
629,14,30,8,5,4,118.59000000000002,2,2,22.84,1,0.05613789339849383,0.14001820786671987,0.1610372125226852,-1.3885009353214794,Q3
630,4,18,5,7,6,113.77999999999997,19,18,419.55000000000007,1,-0.4981799028590081,0.5521978682155793,0.12621104520586562,-1.6570745627842784,Q2
631,29,69,12,17,16,344.0699999999999,46,36,1070.3700000000001,1,1.857670731235375,1.7140670741693078,1.060008023585099,-0.985640494127281,Q4
632,103,20,4,3,3,52.34,8,8,433.21999999999986,1,-0.4057936034827578,-0.44091639511014435,-0.5239005137289884,1.001804349097431,Q2
633,110,56,8,15,9,514.8600000000001,24,15,933.7600000000001,1,1.257159785289748,1.5453121315413032,1.401116790653834,1.1898058883213904,Q4
634,65,1,1,1,1,0.0,0,0,0.0,0,-1.2834634475571358,-1.434030658435868,-3.8974959571172296,-0.018775435261204846,Q1
635,33,4,3,1,1,7.930000000000001,5,5,31.41,1,-1.1448839984927603,-1.434030658435868,-2.0401191841073274,-0.8782110431421615,Q1
636,67,42,7,8,8,159.99999999999997,12,11,303.66,1,0.6104556896559957,0.7209528108435844,0.4132794914581081,0.03493929023135494,Q3
637,30,22,4,2,2,92.41999999999999,0,0,0.0,0,-0.31340730410650747,-0.8530960554590038,-0.048472852775114914,-0.9587831313810011,Q2
638,117,56,9,6,5,437.18,6,6,316.81999999999994,1,1.257159785289748,0.3608792935514903,1.262662388090172,1.3778074275453496,Q4
639,64,14,5,3,3,49.67,1,1,44.129999999999995,1,-0.6829525016115088,-0.44091639511014435,-0.5674650634397941,-0.04563279800748474,Q2
640,62,42,8,11,9,225.00000000000003,20,14,566.7099999999999,1,0.6104556896559957,1.1331324711924438,0.7009786996182915,-0.09934752350004453,Q3
641,30,75,12,18,16,568.2300000000002,38,26,1148.97,1,2.134829629364126,1.791532481413008,1.484635477495812,-0.9587831313810011,Q4
642,40,13,3,5,4,66.50999999999999,11,10,276.31999999999994,1,-0.7291456512996339,0.14001820786671987,-0.3240399758483617,-0.6902095039182022,Q2
643,86,35,7,3,3,164.43000000000006,3,3,162.13000000000002,1,0.2871036418391196,-0.44091639511014435,0.4363067355869335,0.545229182410673,Q3
644,93,61,8,14,13,318.7899999999999,20,19,305.87,1,1.4881255337303736,1.4528438539903603,0.9954637184513154,0.7332307216346322,Q4
645,86,8,3,5,4,18.42,6,5,82.89999999999999,1,-0.9601113997402597,0.14001820786671987,-1.3810522297002137,0.545229182410673,Q1
646,17,50,10,5,3,195.27000000000004,4,3,154.9,1,0.9800008871609971,0.14001820786671987,0.5813251875471297,-1.3079288470826398,Q4
647,62,49,7,9,8,319.7199999999999,9,8,374.56,1,0.9338077374728719,0.8719092510134965,0.997927254826727,-0.09934752350004453,Q4
648,58,7,5,4,4,28.22,2,2,26.830000000000002,1,-1.0063045494283849,-0.12120501231222784,-1.0344616143345935,-0.2067769744851641,Q1
649,115,79,7,30,10,553.4500000000004,1,1,13.249999999999998,1,2.3196022281166266,2.4929380973992887,1.462317313203321,1.32409270205279,Q4
650,6,44,6,7,7,205.84,8,8,211.52999999999997,1,0.7028419890322462,0.5521978682155793,0.6258244300204028,-1.6033598372917186,Q4
651,74,34,6,5,4,176.95999999999992,0,0,0.0,0,0.24091049215099447,0.14001820786671987,0.49824484239587563,0.2229408294553142,Q3
652,74,34,7,4,4,193.41000000000005,4,4,144.16000000000003,1,0.24091049215099447,-0.12120501231222784,0.5732473207658657,0.2229408294553142,Q3
653,90,64,9,12,11,503.42,41,32,1546.800000000001,1,1.6267049827947493,1.2478145429013479,1.3820917106277384,0.6526586333957926,Q4
654,34,21,4,1,1,64.19999999999999,10,10,259.44999999999993,1,-0.3596004537946326,-1.434030658435868,-0.3535761226349539,-0.8513536803958816,Q2
655,18,36,7,4,2,114.08999999999997,7,6,163.9,1,0.3332967915272448,-0.12120501231222784,0.12849917839931493,-1.28107148433636,Q3
656,53,48,7,11,11,356.7900000000001,12,12,420.97,1,0.8876145877847468,1.1331324711924438,1.0907171415839065,-0.3410637882165636,Q4
657,77,3,3,1,1,8.98,1,1,18.03,1,-1.1910771481808855,-1.434030658435868,-1.9458116606434344,0.3035129176941539,Q1
658,97,17,7,2,1,61.1,1,1,25.76,1,-0.5443730525471333,-0.8530960554590038,-0.39490187797461657,0.8406601726197518,Q2
659,14,17,3,4,3,114.98999999999998,4,4,20.58,1,-0.5443730525471333,-0.12120501231222784,0.1351073906937655,-1.3885009353214794,Q2
660,113,54,7,6,6,392.6900000000001,18,13,824.9300000000003,1,1.1647734859134977,0.3608792935514903,1.1718336729930694,1.27037797656023,Q4
661,100,47,6,6,6,383.7900000000002,25,24,918.0200000000004,1,0.8414214380966216,0.3608792935514903,1.1524353981002569,0.9212322608585914,Q4
662,70,9,3,3,3,37.28,9,9,340.62,1,-0.9139182500521346,-0.44091639511014435,-0.8053460046075859,0.11551137847019463,Q1
663,115,53,6,9,4,217.40000000000003,9,9,286.65000000000003,1,1.1185803362253726,0.8719092510134965,0.671959627179089,1.32409270205279,Q4
664,117,40,6,5,4,177.80999999999995,4,4,173.02000000000004,1,0.5180693902797454,0.14001820786671987,0.5022871844440074,1.3778074275453496,Q3
665,32,3,2,1,1,7.94,10,9,271.51,1,-1.1910771481808855,-1.434030658435868,-2.0391697231018218,-0.9050684058884414,Q1
666,83,9,3,5,4,22.12,7,5,23.96,1,-0.9139182500521346,0.14001820786671987,-1.2331057519379904,0.46465709417183326,Q1
667,105,10,4,1,1,27.7,1,1,2.67,1,-0.8677251003640094,-1.434030658435868,-1.0496947075397853,1.055519074589991,Q1
668,86,31,9,6,5,142.37,8,7,96.88,1,0.102331043086619,0.3608792935514903,0.31489231186882227,0.545229182410673,Q3
669,25,39,9,4,4,346.96000000000004,9,8,745.4600000000002,1,0.4718762405916203,-0.12120501231222784,1.0670834067750352,-1.0930699451124006,Q3
670,29,15,4,5,5,54.980000000000004,13,13,336.69999999999993,1,-0.6367593519233836,0.14001820786671987,-0.4829187740420199,-0.985640494127281,Q2
671,77,42,7,8,8,362.96,25,19,1177.5300000000002,1,0.6104556896559957,0.7209528108435844,1.1052219030543868,0.3035129176941539,Q3
672,67,44,6,9,9,175.82999999999996,6,6,41.43,1,0.7028419890322462,0.8719092510134965,0.4928409065862633,0.03493929023135494,Q4
673,21,4,2,2,2,19.76,1,1,1.99,1,-1.1448839984927603,-0.8530960554590038,-1.3244468648925494,-1.20049939609752,Q1
674,33,33,8,6,4,106.26999999999998,21,16,207.85000000000002,1,0.19471734246286931,0.3608792935514903,0.06880515256135601,-0.8782110431421615,Q3
675,103,24,5,6,6,115.50999999999996,10,7,215.04999999999995,1,-0.22102100473025715,0.3608792935514903,0.13890213703257556,1.001804349097431,Q2
676,9,3,3,1,1,6.93,2,2,18.740000000000002,1,-1.1910771481808855,-1.434030658435868,-2.1408712865648942,-1.522787749052879,Q1
677,96,19,8,2,2,67.86,10,9,442.22,1,-0.45198675317088294,-0.8530960554590038,-0.30724301322775643,0.8138028098734719,Q2
678,89,26,7,14,12,114.42999999999999,14,12,62.870000000000005,1,-0.1286347053540068,1.4528438539903603,0.13100166788318374,0.6258012706495126,Q3
679,18,59,8,13,7,551.8400000000005,23,16,605.86,1,1.3957392343541235,1.353993556877214,1.4598503285696731,-1.28107148433636,Q4
680,111,17,6,5,4,63.25,9,9,352.2099999999999,1,-0.5443730525471333,0.14001820786671987,-0.36602788968983435,1.2166632510676703,Q2
681,4,27,5,5,5,180.01000000000008,5,5,204.92000000000002,1,-0.08244155566588166,0.14001820786671987,0.5126611412052462,-1.6570745627842784,Q3
682,31,38,10,8,8,236.53999999999996,38,29,671.0600000000001,1,0.42568309090349515,0.7209528108435844,0.7432270716522233,-0.9319257686347212,Q3
683,115,7,3,1,1,22.25,4,3,78.58999999999999,1,-1.0063045494283849,-1.434030658435868,-1.2283490160948558,1.32409270205279,Q1
684,36,19,5,5,5,49.580000000000005,5,5,58.089999999999996,1,-0.45198675317088294,0.14001820786671987,-0.5689732297389917,-0.7976389549033218,Q2
685,98,63,7,8,6,499.15000000000003,11,9,409.90999999999997,1,1.5805118331066241,0.7209528108435844,1.3748797735959926,0.8675175353660317,Q4
686,106,9,4,3,3,25.2,5,4,108.92000000000002,1,-0.9139182500521346,-0.44091639511014435,-1.1270107767016557,1.0823764373362708,Q1
687,6,37,6,4,4,206.81999999999996,4,3,160.89,1,0.37948994121536994,-0.12120501231222784,0.6298343562316578,-1.6033598372917186,Q3
688,70,30,8,2,2,142.24999999999997,1,1,138.20999999999998,1,0.05613789339849383,-0.8530960554590038,0.3141819552689195,0.11551137847019463,Q3
689,115,7,3,1,1,16.33,0,0,0.0,0,-1.0063045494283849,-1.434030658435868,-1.4776482981438412,1.32409270205279,Q1
690,22,17,6,10,9,127.23999999999997,29,22,415.2400000000001,1,-0.5443730525471333,1.0084659617071041,0.22028065942702488,-1.1736420333512403,Q2
691,34,38,5,3,3,219.96999999999994,5,5,401.05999999999995,1,0.42568309090349515,-0.44091639511014435,0.6818841427245098,-0.8513536803958816,Q3
692,76,30,8,5,4,148.57999999999998,8,7,279.71,1,0.05613789339849383,0.14001820786671987,0.3508643298948179,0.27665555494787397,Q3
693,7,58,7,7,7,306.68000000000006,9,9,464.5,1,1.3495460846659983,0.5521978682155793,0.962714062094952,-1.5765024745454388,Q4
694,82,35,6,22,16,244.75000000000003,41,28,502.37000000000006,1,0.2871036418391196,2.0652689778362388,0.7720526991464618,0.43779973142555334,Q3
695,115,7,2,4,4,23.77,13,11,247.36,1,-1.0063045494283849,-0.12120501231222784,-1.1746250357712957,1.32409270205279,Q1
696,114,83,10,22,17,906.8100000000001,26,20,1525.5200000000004,1,2.5043748268691273,2.0652689778362388,1.8806001760984592,1.29723533930651,Q4
697,61,22,6,1,1,83.65999999999998,8,8,681.41,1,-0.31340730410650747,-1.434030658435868,-0.13200261935538463,-0.12620488624632442,Q2
698,5,20,4,13,9,68.36000000000001,16,12,81.44,1,-0.4057936034827578,1.353993556877214,-0.3011053557230888,-1.6302172000379984,Q2
699,60,30,8,5,5,181.41000000000003,18,17,1177.2100000000003,1,0.05613789339849383,0.14001820786671987,0.5191973060997868,-0.15306224899260432,Q3
700,14,24,8,2,2,133.07000000000002,2,2,61.22000000000001,1,-0.22102100473025715,-0.8530960554590038,0.2579967676569046,-1.3885009353214794,Q2
701,103,7,2,1,1,29.770000000000003,0,0,0.0,0,-1.0063045494283849,-1.434030658435868,-0.9906134772414824,1.001804349097431,Q1
702,77,42,4,8,8,258.35,19,18,375.6600000000001,1,0.6104556896559957,0.7209528108435844,0.8177476446601722,0.3035129176941539,Q3
703,71,47,9,7,5,404.1100000000001,15,12,775.2900000000002,1,0.8414214380966216,0.5521978682155793,1.1960919124456912,0.14236874121647453,Q4
704,113,1,1,1,1,10.0,0,0,0.0,0,-1.2834634475571358,-1.434030658435868,-1.8632575206991344,1.27037797656023,Q1
705,76,15,5,5,5,89.83,9,8,187.98,1,-0.6367593519233836,0.14001820786671987,-0.07232472726802514,0.27665555494787397,Q2
706,20,6,4,1,1,29.16,12,10,121.78999999999999,1,-1.05249769911651,-1.434030658435868,-1.0076004037296993,-1.2273567588438001,Q1
707,103,68,12,13,11,792.3800000000002,51,35,2087.650000000002,1,1.81147758154725,1.353993556877214,1.766300500325112,1.001804349097431,Q4
708,16,19,5,2,2,67.44000000000003,5,5,214.93,1,-0.45198675317088294,-0.8530960554590038,-0.3124331851974052,-1.3347862098289196,Q2
709,46,32,4,8,8,168.70000000000002,12,12,355.64,1,0.14852419277474416,0.7209528108435844,0.45792594018272087,-0.5290653274405228,Q3
710,24,22,6,10,9,102.86,16,13,263.94000000000005,1,-0.31340730410650747,1.0084659617071041,0.041399267050712,-1.1199273078586804,Q2
711,30,1,1,1,1,5.0,0,0,0.0,0,-1.2834634475571358,-1.434030658435868,-2.3774687805899597,-0.9587831313810011,Q1
712,35,82,11,9,9,553.2500000000005,22,20,1069.1800000000003,1,2.458181677181002,0.8719092510134965,1.4620112454378054,-0.8244963176496016,Q4
713,98,5,4,4,2,45.5,0,0,0.0,0,-1.0986908488046352,-0.12120501231222784,-0.6403222357824876,0.8675175353660317,Q1
714,52,30,6,14,11,198.98000000000002,21,19,263.14,1,0.05613789339849383,1.4528438539903603,0.5972113487527837,-0.36792115096284345,Q3
715,43,28,6,8,6,212.3,16,13,262.61999999999995,1,-0.03624840597775649,0.7209528108435844,0.6519144466073336,-0.6096374156793625,Q3
716,77,33,7,5,5,121.96000000000004,7,7,151.17000000000002,1,0.19471734246286931,0.14001820786671987,0.1846125658539421,0.3035129176941539,Q3
717,97,3,2,2,2,24.98,6,5,103.25999999999998,1,-1.1910771481808855,-0.8530960554590038,-1.1341643465087943,0.8406601726197518,Q1
718,1,108,13,24,16,883.1800000000009,71,36,1596.9499999999998,1,3.659203569072256,2.1847348971371363,1.8582255928987004,-1.737646651023118,Q4
719,20,18,4,3,3,112.92999999999999,2,2,43.629999999999995,1,-0.4981799028590081,-0.44091639511014435,0.11990528558097181,-1.2273567588438001,Q2
720,47,12,6,4,4,54.78000000000001,6,6,94.19000000000001,1,-0.7753388009877591,-0.12120501231222784,-0.48595508121979597,-0.5022079646942429,Q2
721,110,13,3,5,5,71.61000000000001,5,5,78.53999999999999,1,-0.7291456512996339,0.14001820786671987,-0.2622577461695323,1.1898058883213904,Q2
722,99,57,11,8,8,432.02,10,10,704.4800000000002,1,1.3033529349778732,0.7209528108435844,1.2526130246395974,0.8943748981123115,Q4
723,77,4,3,1,1,29.150000000000002,1,1,20.92,1,-1.1448839984927603,-1.434030658435868,-1.0078817313130655,0.3035129176941539,Q1
724,75,35,7,5,4,213.95000000000005,8,8,180.56000000000006,1,0.2871036418391196,0.14001820786671987,0.6584516253778655,0.2497981922015941,Q3
725,88,47,5,9,9,237.09000000000006,15,11,334.73000000000013,1,0.8414214380966216,0.8719092510134965,0.7451890548488113,0.5989439079032327,Q4
726,72,16,4,3,3,55.11,3,3,59.080000000000005,1,-0.5905662022352585,-0.44091639511014435,-0.48095098599615577,0.16922610396275442,Q2
727,64,56,6,12,6,330.5900000000001,13,12,565.83,1,1.257159785289748,1.2478145429013479,1.0262032143646314,-0.04563279800748474,Q4
728,42,69,9,29,18,817.7900000000005,62,41,1407.4500000000005,1,1.857670731235375,2.4459581173160845,1.7930448127020788,-0.6364947784256424,Q4
729,54,14,2,3,3,36.849999999999994,3,2,143.43999999999997,1,-0.6829525016115088,-0.44091639511014435,-0.8149293884729235,-0.31420642547028366,Q2
730,18,10,3,5,5,66.95,8,8,87.41,1,-0.8677251003640094,0.14001820786671987,-0.3185287936024961,-1.28107148433636,Q1
731,85,36,10,23,13,224.74000000000004,26,19,257.56999999999994,1,0.3332967915272448,2.1262467345181677,0.7000021675975687,0.518371819664393,Q3
732,118,32,4,4,4,157.51,13,12,326.28,1,0.14852419277474416,-0.12120501231222784,0.40005663375635087,1.4046647902916296,Q3
733,89,26,4,4,4,184.44000000000008,8,8,136.49999999999997,1,-0.1286347053540068,-0.12120501231222784,0.5331733202166223,0.6258012706495126,Q3
734,25,7,4,2,2,38.82999999999999,4,4,42.940000000000005,1,-1.0063045494283849,-0.8530960554590038,-0.7716728569140162,-1.0930699451124006,Q1
735,57,10,3,8,7,58.029999999999994,13,9,154.63000000000005,1,-0.8677251003640094,0.7209528108435844,-0.4379130536948436,-0.233634337231444,Q1
736,26,6,4,2,2,15.64,5,5,125.72000000000001,1,-1.05249769911651,-0.8530960554590038,-1.5121162058637672,-1.0662125823661208,Q1
737,27,28,6,3,3,127.67999999999994,6,6,190.33,1,-0.03624840597775649,-0.44091639511014435,0.2231863999351559,-1.0393552196198408,Q3
738,101,46,5,5,5,209.90999999999997,20,16,605.7399999999999,1,0.7952282884084965,0.14001820786671987,0.6423552094954982,0.9480896236048714,Q4
739,91,26,7,2,2,113.25999999999998,0,0,0.0,0,-0.1286347053540068,-0.8530960554590038,0.12235897321601215,0.6795159961420724,Q3
740,112,9,5,2,2,56.900000000000006,7,6,734.2900000000004,1,-0.9139182500521346,-0.8530960554590038,-0.45431017668341056,1.2435206138139503,Q1
741,81,24,5,3,3,95.36999999999999,0,0,0.0,0,-0.22102100473025715,-0.44091639511014435,-0.022098287552641944,0.4109423686792735,Q2
742,73,42,5,24,19,183.46000000000006,38,35,496.43000000000023,1,0.6104556896559957,2.1847348971371363,0.5286781680205794,0.19608346670903432,Q3
743,113,20,6,1,1,87.13000000000002,5,1,88.72000000000001,1,-0.4057936034827578,-1.434030658435868,-0.09792487008611252,1.27037797656023,Q2
744,1,1,1,1,1,0.0,1,1,12.99,1,-1.2834634475571358,-1.434030658435868,-3.8974959571172296,-1.737646651023118,Q1
745,63,59,8,9,9,297.0800000000001,18,18,621.7300000000001,1,1.3957392343541235,0.8719092510134965,0.9358229574239433,-0.07249016075376463,Q4
746,105,27,4,9,7,120.89999999999995,11,6,85.94,1,-0.08244155566588166,0.8719092510134965,0.1772675561628348,1.055519074589991,Q3
747,117,16,4,8,8,72.54000000000002,18,16,146.67000000000002,1,-0.5905662022352585,0.7209528108435844,-0.2514610313346737,1.3778074275453496,Q2
748,62,5,1,1,1,7.95,22,15,620.45,1,-1.0986908488046352,-1.434030658435868,-2.038221323539808,-0.09934752350004453,Q1
749,86,14,5,3,1,52.36999999999999,2,2,107.83,1,-0.6829525016115088,-0.44091639511014435,-0.5234235143799773,0.545229182410673,Q2
750,86,25,7,8,4,108.91999999999999,0,0,0.0,0,-0.17482785504213197,0.7209528108435844,0.08950795994268196,0.545229182410673,Q2
751,30,16,4,3,3,53.27000000000001,0,0,0.0,0,-0.5905662022352585,-0.44091639511014435,-0.5092368406367099,-0.9587831313810011,Q2
752,58,46,7,5,5,233.79,22,20,664.8699999999999,1,0.7952282884084965,0.14001820786671987,0.7333485100918831,-0.2067769744851641,Q4
753,33,40,6,3,2,285.18,0,0,0.0,0,0.5180693902797454,-0.44091639511014435,0.9012606672338297,-0.8782110431421615,Q3
754,112,24,5,1,1,79.33999999999999,4,4,290.59000000000003,1,-0.22102100473025715,-1.434030658435868,-0.17643511496657482,1.2435206138139503,Q2
755,36,20,9,21,16,236.18,23,16,501.94000000000005,1,-0.4057936034827578,2.001580225032828,0.7419404030741308,-0.7976389549033218,Q2
756,55,7,4,5,3,29.739999999999995,3,3,280.00999999999993,1,-1.0063045494283849,0.14001820786671987,-0.991440994770795,-0.2873490627240038,Q1
757,115,33,5,6,6,185.70000000000007,3,3,133.78000000000003,1,0.19471734246286931,0.3608792935514903,0.5389180220366787,1.32409270205279,Q3
758,103,31,6,3,3,140.30999999999997,1,1,9.82,1,0.102331043086619,-0.44091639511014435,0.3026145421444084,1.001804349097431,Q3
759,28,19,7,4,4,105.98,10,10,209.8,1,-0.45198675317088294,-0.12120501231222784,0.06650858581216172,-1.012497856873561,Q2
760,36,25,5,4,3,124.96999999999998,6,6,82.50999999999999,1,-0.17482785504213197,-0.12120501231222784,0.20512948108199455,-0.7976389549033218,Q2
761,89,24,6,6,4,166.97000000000003,15,15,583.1199999999999,1,-0.22102100473025715,0.3608792935514903,0.4492331526403497,0.6258012706495126,Q2
762,86,33,8,38,22,250.5300000000001,59,37,503.27000000000015,1,0.19471734246286931,2.8218634092039356,0.7917745670013204,0.545229182410673,Q3
763,71,18,6,4,4,155.95999999999998,7,7,370.9500000000001,1,-0.4981799028590081,-0.12120501231222784,0.3917202294896332,0.14236874121647453,Q2
764,118,46,10,4,3,212.81999999999994,6,4,139.81,1,0.7952282884084965,-0.12120501231222784,0.6539800897253456,1.4046647902916296,Q4
765,86,31,6,4,3,164.96,6,6,253.67999999999998,1,0.102331043086619,-0.12120501231222784,0.439020289664505,0.545229182410673,Q3
766,113,60,8,3,3,296.96,8,7,632.6600000000001,1,1.4419323840422487,-0.44091639511014435,0.9354813655852762,1.27037797656023,Q4
767,84,18,5,2,2,31.629999999999995,0,0,0.0,0,-0.4981799028590081,-0.8530960554590038,-0.940822577900859,0.49151445691811313,Q2
768,109,57,10,27,21,310.64000000000016,44,36,746.0200000000004,1,1.3033529349778732,2.347107820202938,0.9735630103961599,1.1629485255751104,Q4
769,46,2,2,1,1,8.98,0,0,0.0,0,-1.2372702978690107,-1.434030658435868,-1.9458116606434344,-0.5290653274405228,Q1
770,102,15,4,1,1,73.13000000000001,0,0,0.0,0,-0.6367593519233836,-1.434030658435868,-0.2446820617124387,0.9749469863511513,Q2
771,115,52,7,12,11,262.9300000000001,21,19,409.83000000000015,1,1.0723871865372474,1.2478145429013479,0.832598247109442,1.32409270205279,Q4
772,90,7,4,6,6,20.17,3,3,14.67,1,-1.0063045494283849,0.3608792935514903,-1.3078557918086764,0.6526586333957926,Q1
773,17,10,2,1,1,53.03,0,0,0.0,0,-0.8677251003640094,-1.434030658435868,-0.5129968171844982,-1.3079288470826398,Q1
774,82,44,6,2,2,221.95000000000007,0,0,0.0,0,0.7028419890322462,-0.8530960554590038,0.6894518617379403,0.43779973142555334,Q4
775,46,32,7,2,2,118.55,0,0,0.0,0,0.14852419277474416,-0.8530960554590038,0.16075341447040498,-0.5290653274405228,Q3
776,42,22,5,5,5,86.25000000000001,6,4,146.85999999999999,1,-0.31340730410650747,0.14001820786671987,-0.10643836520329056,-0.6364947784256424,Q2
777,82,14,4,1,1,90.63999999999999,0,0,0.0,0,-0.6829525016115088,-1.434030658435868,-0.06479294009490794,0.43779973142555334,Q2
778,5,62,9,25,12,534.0000000000002,39,24,745.1100000000001,1,1.5343186834184988,2.240928806227072,1.4320230712318096,-1.6302172000379984,Q4
779,73,11,4,1,1,67.14,1,1,99.78,1,-0.8215319506758842,-1.434030658435868,-0.31615998861312494,0.19608346670903432,Q1
780,103,35,9,8,8,152.78999999999996,20,18,186.07000000000002,1,0.2871036418391196,0.7209528108435844,0.37441151435829584,1.001804349097431,Q3
781,91,14,5,3,3,71.16000000000001,4,4,94.92,1,-0.6829525016115088,-0.44091639511014435,-0.2675317079496449,0.6795159961420724,Q2
782,70,4,2,2,2,20.659999999999997,9,8,114.94,1,-1.1448839984927603,-0.8530960554590038,-1.2884438672604777,0.11551137847019463,Q1
783,27,4,2,1,1,11.110000000000001,1,1,9.129999999999999,1,-1.1448839984927603,-1.434030658435868,-1.7817009457205746,-1.0393552196198408,Q1
784,18,22,6,7,5,105.88,15,13,406.86,1,-0.31340730410650747,0.5521978682155793,0.06571522250748055,-1.28107148433636,Q2
785,42,38,5,14,12,252.13000000000005,10,9,230.99999999999997,1,0.42568309090349515,1.4528438539903603,0.7971538475455728,-0.6364947784256424,Q3
786,104,36,6,13,11,283.01,27,23,693.3,1,0.3332967915272448,1.353993556877214,0.8948034726428749,1.0286617118437111,Q3
787,101,21,4,10,10,175.55000000000004,23,23,303.0299999999999,1,-0.3596004537946326,1.0084659617071041,0.491496539733175,0.9480896236048714,Q2
788,63,31,7,6,5,193.33,20,15,398.65000000000003,1,0.102331043086619,0.3608792935514903,0.5728981543999271,-0.07249016075376463,Q3
789,8,1,1,1,1,16.98,2,2,23.200000000000003,1,-1.2834634475571358,-1.434030658435868,-1.446411512120741,-1.5496451117991588,Q1
790,106,3,1,2,2,42.68,1,1,26.750000000000004,1,-1.1910771481808855,-0.8530960554590038,-0.6933962745743584,1.0823764373362708,Q1
791,8,1,1,1,1,2.0,0,0,0.0,0,-1.2834634475571358,-1.434030658435868,-2.965495560902328,-1.5496451117991588,Q1
792,106,31,7,9,8,99.73999999999998,0,0,0.0,0,0.102331043086619,0.8719092510134965,0.015524033898776157,1.0823764373362708,Q3
793,88,21,6,9,7,447.44000000000005,10,9,189.24,1,-0.3596004537946326,0.8719092510134965,1.2822973862103784,0.5989439079032327,Q2
794,97,12,4,1,1,41.79,3,3,137.62,1,-0.7753388009877591,-1.434030658435868,-0.7108601861778648,0.8406601726197518,Q2
795,41,15,3,2,2,74.88000000000001,6,5,212.3,1,-0.6367593519233836,-0.8530960554590038,-0.22488780582049891,-0.6633521411719223,Q2
796,8,13,3,2,2,33.15,6,6,75.75999999999999,1,-0.7291456512996339,-0.8530960554590038,-0.9021971032351055,-1.5496451117991588,Q2
797,111,33,7,5,5,194.45000000000007,7,7,202.11999999999995,1,0.19471734246286931,0.14001820786671987,0.5777734539700713,1.2166632510676703,Q3
798,42,2,1,1,1,17.27,1,1,30.22,1,-1.2372702978690107,-1.434030658435868,-1.4328377294239034,-0.6364947784256424,Q1
799,30,31,8,4,4,139.82,6,4,149.18,1,0.102331043086619,-0.12120501231222784,0.2996677541764464,-0.9587831313810011,Q3
800,59,72,9,19,17,323.3200000000002,46,41,950.4200000000003,1,1.9962501802997505,1.8650235143392198,1.0073966448219593,-0.1799196117388842,Q4
801,70,13,4,1,1,39.42,1,1,20.82,1,-0.7291456512996339,-1.434030658435868,-0.7591985496955573,0.11551137847019463,Q2
802,54,46,6,6,6,435.28,4,4,178.36000000000004,1,0.7952282884084965,0.3608792935514903,1.258975873339965,-0.31420642547028366,Q4
803,20,14,5,3,3,67.71000000000002,4,4,138.51000000000005,1,-0.6829525016115088,-0.44091639511014435,-0.3090930030279833,-1.2273567588438001,Q2
804,77,40,7,7,7,195.79,18,17,702.0400000000002,1,0.5180693902797454,0.5521978682155793,0.5835698259417353,0.3035129176941539,Q3
805,11,47,6,16,13,272.9399999999999,20,15,341.5199999999999,1,0.8414214380966216,1.632172726698009,0.8641779865395224,-1.469073023560319,Q4
806,49,17,5,4,4,97.74999999999999,5,5,342.9600000000001,1,-0.5443730525471333,-0.12120501231222784,-0.0014017188428446202,-0.44849323920168316,Q2
807,26,25,8,5,5,86.25000000000001,16,14,482.78,1,-0.17482785504213197,0.14001820786671987,-0.10643836520329056,-1.0662125823661208,Q2
808,98,29,10,13,11,131.22000000000003,30,20,237.23999999999998,1,0.00994474371036867,1.353993556877214,0.24620916472654172,0.8675175353660317,Q3
809,76,10,4,3,3,23.19000000000001,0,0,0.0,0,-0.8677251003640094,-0.44091639511014435,-1.194725613574037,0.27665555494787397,Q1
810,75,4,3,3,3,19.099999999999998,2,2,18.130000000000003,1,-1.1448839984927603,-0.44091639511014435,-1.3518553472155987,0.2497981922015941,Q1
811,42,8,2,4,3,17.72,0,0,0.0,0,-0.9601113997402597,-0.12120501231222784,-1.4121957543710697,-0.6364947784256424,Q1
812,30,25,5,13,10,149.91999999999996,40,24,181.26,1,-0.17482785504213197,1.353993556877214,0.35843030382880947,-0.9587831313810011,Q2
813,19,28,8,2,2,163.46,1,1,2.09,1,-0.03624840597775649,-0.8530960554590038,0.43131782781885575,-1.25421412159008,Q3
814,113,39,8,8,5,194.58000000000004,6,6,242.31999999999994,1,0.4718762405916203,0.7209528108435844,0.5783375264742052,1.27037797656023,Q3
815,97,62,9,12,10,342.36000000000007,15,12,704.0700000000002,1,1.5343186834184988,1.2478145429013479,1.0557935934747458,0.8406601726197518,Q4
816,20,47,6,7,5,192.73000000000002,11,10,269.9100000000001,1,0.8414214380966216,0.5521978682155793,0.5702748157536959,-1.2273567588438001,Q4
817,99,22,6,4,4,115.14000000000001,10,10,479.5499999999999,1,-0.31340730410650747,-0.12120501231222784,0.13620377216700655,0.8943748981123115,Q2
818,70,18,6,6,6,89.21,1,1,13.47,1,-0.4981799028590081,0.3608792935514903,-0.07813532066820103,0.11551137847019463,Q2
819,72,18,7,2,2,67.76000000000002,0,0,0.0,0,-0.4981799028590081,-0.8530960554590038,-0.30847589139833637,0.16922610396275442,Q2
820,66,56,8,24,14,457.8100000000002,54,38,1096.1200000000001,1,1.257159785289748,2.1847348971371363,1.3016916069327418,0.008081927485075049,Q4
821,104,11,6,4,4,130.04,1,1,3.7800000000000002,1,-0.8215319506758842,-0.12120501231222784,0.23860412164054332,1.0286617118437111,Q1
822,58,19,4,2,2,93.92,12,11,180.79000000000002,1,-0.45198675317088294,-0.8530960554590038,-0.034959611974456864,-0.2067769744851641,Q2
823,90,20,7,11,10,120.17999999999998,16,11,244.61999999999998,1,-0.4057936034827578,1.1331324711924438,0.17224197629947435,0.6526586333957926,Q2
824,94,15,5,5,5,36.699999999999996,2,2,16.3,1,-0.6367593519233836,0.14001820786671987,-0.818298062600989,0.7600880843809121,Q2
825,71,70,11,10,9,681.3400000000004,40,29,1439.6800000000003,1,1.9038638809235002,1.0084659617071041,1.6383921874133662,0.14236874121647453,Q4
826,24,8,3,1,1,15.47,4,4,15.78,1,-0.9601113997402597,-1.434030658435868,-1.5208277511187047,-1.1199273078586804,Q1
827,4,8,3,3,3,37.510000000000005,3,3,26.969999999999995,1,-0.9601113997402597,-0.44091639511014435,-0.8002641046974267,-1.6570745627842784,Q1
828,59,24,4,2,2,101.12999999999998,1,1,29.810000000000002,1,-0.22102100473025715,-0.8530960554590038,0.027149367046119807,-0.1799196117388842,Q2
829,91,31,5,2,2,126.94999999999997,1,1,4.08,1,0.102331043086619,-0.8530960554590038,0.21836005621970772,0.6795159961420724,Q3
830,74,40,6,26,15,272.9700000000001,55,31,279.80999999999995,1,0.5180693902797454,2.295001677146172,0.8642708861019386,0.2229408294553142,Q3
831,67,48,5,5,2,219.72000000000003,12,10,713.5700000000003,1,0.8876145877847468,0.14001820786671987,0.680923804692792,0.03493929023135494,Q4
832,51,5,3,1,1,9.06,1,1,13.87,1,-1.0986908488046352,-1.434030658435868,-1.9390384245048036,-0.39477851370912337,Q1
833,110,52,6,5,5,296.34000000000003,6,5,400.4099999999999,1,1.0723871865372474,0.14001820786671987,0.9337142799192513,1.1898058883213904,Q4
834,48,37,5,3,3,173.12000000000006,10,9,568.7000000000002,1,0.37948994121536994,-0.44091639511014435,0.4797390054984891,-0.475350601947963,Q3
835,111,4,2,1,1,13.77,4,4,21.58,1,-1.1448839984927603,-1.434030658435868,-1.6132483488293219,1.2166632510676703,Q1
836,91,22,4,5,4,171.92,4,3,91.27,1,-0.31340730410650747,0.14001820786671987,0.4738721541778935,0.6795159961420724,Q2
837,106,6,5,4,3,48.67,5,5,88.10000000000001,1,-1.05249769911651,-0.12120501231222784,-0.5843749978295937,1.0823764373362708,Q1
838,46,3,2,2,2,7.21,3,2,44.17,1,-1.1910771481808855,-0.8530960554590038,-2.111433868534731,-0.5290653274405228,Q1
839,88,34,7,2,1,167.66,0,0,0.0,0,0.24091049215099447,-0.8530960554590038,0.4527109039428483,0.5989439079032327,Q3
840,78,97,13,9,8,775.2200000000009,7,7,590.97,1,3.1510789225028795,0.8719092510134965,1.7477503583710836,0.33037028044043376,Q4
841,65,15,6,7,6,118.54999999999998,8,6,87.07999999999998,1,-0.6367593519233836,0.5521978682155793,0.16075341447040498,-0.018775435261204846,Q2
842,113,28,6,28,19,203.11999999999998,36,28,193.04000000000002,1,-0.03624840597775649,2.3973852954648938,0.6145944926768973,1.27037797656023,Q3
843,25,26,9,5,4,145.49000000000004,6,6,169.33,1,-0.1286347053540068,0.14001820786671987,0.3331558417487293,-1.0930699451124006,Q3
844,79,38,7,6,6,176.36000000000004,10,10,559.94,1,0.42568309090349515,0.3608792935514903,0.49537978286801565,0.3572276431867137,Q3
845,82,58,8,7,6,373.27000000000027,11,11,401.9100000000001,1,1.3495460846659983,0.5521978682155793,1.1289190932030198,0.43779973142555334,Q4
846,83,27,4,4,4,124.06000000000002,1,1,11.860000000000001,1,-0.08244155566588166,-0.12120501231222784,0.1989788552387594,0.46465709417183326,Q3
847,109,3,2,2,2,17.369999999999997,8,7,199.74,1,-1.1910771481808855,-0.8530960554590038,-1.4282070229486346,1.1629485255751104,Q1
848,93,12,4,1,1,49.38999999999999,3,3,206.23000000000002,1,-0.7753388009877591,-1.434030658435868,-0.5721659685926282,0.7332307216346322,Q2
849,84,15,5,2,2,61.16000000000001,5,5,240.76999999999995,1,-0.6367593519233836,-0.8530960554590038,-0.3940826183070187,0.49151445691811313,Q2
850,42,7,2,2,1,9.83,8,8,30.24,1,-1.0063045494283849,-0.8530960554590038,-1.876470647572846,-0.6364947784256424,Q1
851,9,7,3,3,3,23.87,4,4,49.69,1,-1.0063045494283849,-0.44091639511014435,-1.1712070483923287,-1.522787749052879,Q1
852,101,21,5,6,6,91.64,8,8,164.53999999999996,1,-0.3596004537946326,0.3608792935514903,-0.055585737499752354,0.9480896236048714,Q2
853,65,35,6,25,22,712.7200000000003,59,51,1435.6800000000007,1,0.2871036418391196,2.240928806227072,1.6765359607045376,-0.018775435261204846,Q3
854,112,16,6,5,5,61.88,6,6,56.86000000000001,1,-0.5905662022352585,0.14001820786671987,-0.3843127216154647,1.2435206138139503,Q2
855,112,34,7,8,8,253.26000000000005,11,11,503.52,1,0.24091049215099447,0.7209528108435844,0.8009325169570873,1.2435206138139503,Q3
856,99,58,5,11,11,367.8800000000001,14,13,392.64,1,1.3495460846659983,1.1331324711924438,1.1166129620688439,0.8943748981123115,Q4
857,104,28,5,2,2,135.44,1,1,22.509999999999998,1,-0.03624840597775649,-0.8530960554590038,0.272862207853188,1.0286617118437111,Q3
858,70,45,8,3,3,206.07999999999998,3,3,10.370000000000001,1,0.7490351387203713,-0.44091639511014435,0.6268082066902166,0.11551137847019463,Q4
859,74,41,9,11,9,234.41999999999996,33,28,1193.1200000000008,1,0.5642625399678706,1.1331324711924438,0.7356217778289513,0.2229408294553142,Q3
860,76,22,6,19,16,102.58,31,24,143.42000000000002,1,-0.31340730410650747,1.8650235143392198,0.03910909857963032,0.27665555494787397,Q2
861,38,38,6,3,2,264.28000000000003,2,1,191.89,1,0.42568309090349515,-0.44091639511014435,0.8369264569546121,-0.743924229410762,Q3
862,36,26,5,3,3,157.87,1,1,40.22,1,-0.1286347053540068,-0.44091639511014435,0.40198116413715684,-0.7976389549033218,Q3
863,35,11,3,4,1,38.120000000000005,0,0,0.0,0,-0.8215319506758842,-0.12120501231222784,-0.7869316281734995,-0.8244963176496016,Q1
864,21,34,7,1,1,121.73999999999998,7,7,490.05999999999995,1,0.24091049215099447,-1.434030658435868,0.1830933507115038,-1.20049939609752,Q3
865,107,34,7,1,1,142.33999999999997,8,5,476.38999999999993,1,0.24091049215099447,-1.434030658435868,0.3147147784748779,1.1092338000825508,Q3
866,30,34,6,10,7,190.61999999999998,10,8,538.3299999999999,1,0.24091049215099447,1.0084659617071041,0.5609844444326625,-0.9587831313810011,Q3
867,31,92,12,20,10,587.3700000000005,13,11,336.30000000000007,1,2.9201131740622537,1.9349281598540784,1.5126914053388099,-0.9319257686347212,Q4
868,93,58,8,10,7,520.8500000000001,26,22,1194.7100000000005,1,1.3495460846659983,1.0084659617071041,1.410910727160314,0.7332307216346322,Q4
869,64,18,6,8,7,73.0,2,2,24.229999999999997,1,-0.4981799028590081,0.7209528108435844,-0.24617108702663812,-0.04563279800748474,Q2
870,90,25,5,1,1,91.13000000000001,4,4,100.68,1,-0.17482785504213197,-1.434030658435868,-0.060268924076412725,0.6526586333957926,Q2
871,110,74,8,6,5,568.5600000000004,15,15,1311.9200000000005,1,2.088636479676001,0.3608792935514903,1.4851271455002597,1.1898058883213904,Q4
872,44,28,5,7,2,98.37999999999998,0,0,0.0,0,-0.03624840597775649,0.5521978682155793,0.003993305563017693,-0.5827800529330827,Q3
873,81,22,4,9,8,131.33,16,14,305.5400000000001,1,-0.31340730410650747,0.8719092510134965,0.24691464777748234,0.4109423686792735,Q2
874,25,12,6,1,1,69.22,0,0,0.0,0,-0.7753388009877591,-1.434030658435868,-0.2906513581966357,-1.0930699451124006,Q2
875,47,10,4,3,3,39.99,3,3,92.74,1,-0.8677251003640094,-0.44091639511014435,-0.7473188397278251,-0.5022079646942429,Q1
876,106,33,6,10,7,124.40999999999998,17,15,392.2300000000001,1,0.19471734246286931,1.0084659617071041,0.2013497607780576,1.0823764373362708,Q3
877,89,48,9,4,3,252.14000000000001,4,4,346.30000000000007,1,0.8876145877847468,-0.12120501231222784,0.7971873610194105,0.6258012706495126,Q4
878,90,62,8,15,13,324.1900000000001,21,17,607.7299999999999,1,1.5343186834184988,1.5453121315413032,1.0096693092295543,0.6526586333957926,Q4
879,80,20,6,2,2,81.55000000000001,6,5,226.93999999999997,1,-0.4057936034827578,-0.8530960554590038,-0.15341401131590937,0.38408500593299355,Q2
880,83,46,8,6,3,159.26000000000002,1,1,4.61,1,0.7952282884084965,0.3608792935514903,0.4093712852264947,0.46465709417183326,Q4
881,92,58,8,10,10,290.1200000000001,13,12,414.56,1,1.3495460846659983,1.0084659617071041,0.9157796982175265,0.7063733588883523,Q4
882,101,57,6,14,12,537.3299999999998,40,32,1101.5900000000001,1,1.3033529349778732,1.4528438539903603,1.4372870484226787,0.9480896236048714,Q4
883,39,25,7,11,8,229.90000000000003,35,24,821.4200000000001,1,-0.17482785504213197,1.1331324711924438,0.7191754238230625,-0.717066866664482,Q2
884,14,43,9,25,15,251.41999999999985,13,9,32.07,1,0.656648839344121,2.240928806227072,0.7947710005349597,-1.3885009353214794,Q4
885,67,35,7,7,5,277.12000000000006,3,2,40.18000000000001,1,0.2871036418391196,0.5521978682155793,0.8770249337719443,0.03493929023135494,Q3
886,16,39,8,5,3,169.56000000000006,2,2,17.310000000000002,1,0.4718762405916203,0.14001820786671987,0.4622142891431433,-1.3347862098289196,Q3
887,5,62,9,3,3,373.6000000000002,6,5,211.74,1,1.5343186834184988,-0.44091639511014435,1.1296667618602678,-1.6302172000379984,Q4
888,12,64,8,2,2,345.5,1,1,120.60000000000001,1,1.6267049827947493,-0.8530960554590038,1.0635163674299126,-1.4422156608140393,Q4
889,37,55,9,8,7,288.93,16,13,1093.6600000000003,1,1.2109666356016229,0.7209528108435844,0.9123048510887395,-0.7707815921570419,Q4
890,68,22,4,3,3,63.19,5,3,201.02999999999992,1,-0.31340730410650747,-0.44091639511014435,-0.3668204870566134,0.061796652977634835,Q2
891,77,56,7,5,5,385.03000000000014,10,8,574.1800000000004,1,1.257159785289748,0.14001820786671987,1.1551648203364677,0.3035129176941539,Q4
892,73,10,1,1,1,25.5,2,2,30.020000000000003,1,-0.8677251003640094,-1.434030658435868,-1.1173521146474423,0.19608346670903432,Q1
893,58,38,4,1,1,218.1200000000001,1,1,34.0,1,0.42568309090349515,-1.434030658435868,0.6747517635005656,-0.2067769744851641,Q3
894,53,32,7,5,4,150.34,1,1,73.25,1,0.14852419277474416,0.14001820786671987,0.3607879060498218,-0.3410637882165636,Q3
895,20,69,9,10,8,622.8200000000004,15,15,426.71000000000004,1,1.857670731235375,1.0084659617071041,1.5623244638243305,-1.2273567588438001,Q4
896,51,74,11,8,8,471.81000000000034,13,10,429.32000000000005,1,2.088636479676001,0.7209528108435844,1.3271906315117934,-0.39477851370912337,Q4
897,69,15,2,6,6,80.01000000000003,4,4,93.81,1,-0.6367593519233836,0.3608792935514903,-0.16938964497894424,0.08865401572391474,Q2
898,106,53,9,14,11,313.34000000000003,31,23,738.0700000000002,1,1.1185803362253726,1.4528438539903603,0.9808812671076473,1.0823764373362708,Q4
899,47,20,8,2,2,129.11999999999998,2,2,17.75,1,-0.4057936034827578,-0.8530960554590038,0.2326271030864036,-0.5022079646942429,Q2
900,62,45,10,27,16,279.57,89,44,1099.2,1,0.7490351387203713,2.347107820202938,0.8844653907587333,-0.09934752350004453,Q4
901,104,17,5,3,3,40.14,4,3,279.01,1,-0.5443730525471333,-0.44091639511014435,-0.7442200539134196,1.0286617118437111,Q2
902,25,2,2,1,1,11.99,0,0,0.0,0,-1.2372702978690107,-1.434030658435868,-1.7221911268211623,-1.0930699451124006,Q1
903,64,9,3,3,3,57.02,9,9,289.09,1,-0.9139182500521346,-0.44091639511014435,-0.45255377166704625,-0.04563279800748474,Q1
904,23,4,2,2,2,18.03,2,2,120.11999999999998,1,-1.1448839984927603,-0.8530960554590038,-1.3982623853140925,-1.1467846706049605,Q1
905,17,27,7,4,3,133.6,6,6,223.74999999999994,1,-0.08244155566588166,-0.12120501231222784,0.2613437922056847,-1.3079288470826398,Q3
906,52,28,7,14,14,305.6500000000001,29,25,694.59,1,-0.03624840597775649,1.4528438539903603,0.9598693550540207,-0.36792115096284345,Q3
907,6,18,5,3,3,64.82999999999998,13,10,170.02999999999997,1,-0.4981799028590081,-0.44091639511014435,-0.3454182899250052,-1.6033598372917186,Q2
908,92,72,11,15,13,515.8100000000002,19,18,558.89,1,1.9962501802997505,1.5453121315413032,1.4026776501369702,0.7063733588883523,Q4
909,67,74,13,24,17,367.33,145,54,1738.8700000000003,1,2.088636479676001,2.1847348971371363,1.115347138456862,0.03493929023135494,Q4
910,57,5,2,1,1,11.84,4,4,64.62,1,-1.0986908488046352,-1.434030658435868,-1.732044237813631,-0.233634337231444,Q1
911,83,25,6,6,6,144.31,4,4,86.47000000000003,1,-0.17482785504213197,0.3608792935514903,0.32629463150786,0.46465709417183326,Q2
912,91,45,10,9,6,278.0499999999999,2,2,68.21,1,0.7490351387203713,0.8719092510134965,0.8798569599764168,0.6795159961420724,Q4
913,22,20,4,1,1,68.02999999999999,5,5,128.67,1,-0.4057936034827578,-1.434030658435868,-0.305151223577367,-1.1736420333512403,Q2
914,81,19,7,4,4,91.07000000000001,5,4,235.21999999999997,1,-0.45198675317088294,-0.12120501231222784,-0.0608215907538525,0.4109423686792735,Q2
915,75,6,2,2,2,23.189999999999998,6,6,48.42,1,-1.05249769911651,-0.8530960554590038,-1.1947256135740374,0.2497981922015941,Q1
916,96,48,9,21,13,288.14999999999986,26,23,432.07000000000005,1,0.8876145877847468,2.001580225032828,0.9100194736290514,0.8138028098734719,Q4
917,91,22,6,37,18,164.1,0,0,0.0,0,-0.31340730410650747,2.784646744738732,0.4346127689964591,0.6795159961420724,Q2
918,13,65,7,19,15,364.82999999999987,30,24,313.80000000000007,1,1.6728981324828744,1.8650235143392198,1.1095694701083658,-1.4153582980677593,Q4
919,117,17,4,13,9,71.45000000000005,31,23,196.8,1,-0.5443730525471333,1.353993556877214,-0.2641291784902729,1.3778074275453496,Q2
920,49,6,2,4,2,37.260000000000005,15,11,141.16,1,-1.05249769911651,-0.12120501231222784,-0.8057893510090357,-0.44849323920168316,Q1
921,56,5,4,2,1,8.32,0,0,0.0,0,-1.0986908488046352,-0.8530960554590038,-2.0038557022059296,-0.26049169997772387,Q1
922,40,39,8,8,3,167.60000000000005,10,8,216.78,1,0.4718762405916203,0.7209528108435844,0.45240905611192317,-0.6902095039182022,Q3
923,45,2,1,2,2,6.970000000000001,13,8,186.92000000000002,1,-1.2372702978690107,-0.8530960554590038,-2.1366028834979436,-0.5559226901868027,Q1
924,3,20,2,6,6,143.62999999999997,11,11,214.71000000000004,1,-0.4057936034827578,0.3608792935514903,0.3223153632785112,-1.6839319255305583,Q2
925,44,26,9,16,14,132.96999999999997,10,9,65.85999999999999,1,-0.1286347053540068,1.632172726698009,0.25736377007503186,-0.5827800529330827,Q3
926,5,28,7,3,3,147.66,12,8,599.6600000000001,1,-0.03624840597775649,-0.44091639511014435,0.34563043551512035,-1.6302172000379984,Q3
927,33,7,3,1,1,17.240000000000002,1,1,11.08,1,-1.0063045494283849,-1.434030658435868,-1.4342318847415605,-0.8782110431421615,Q1
928,59,77,12,17,14,600.8500000000004,27,19,380.72,1,2.2272159287403763,1.7140670741693078,1.5319082844715843,-0.1799196117388842,Q4
929,76,35,9,16,14,196.31000000000003,13,11,256.58000000000004,1,0.2871036418391196,1.632172726698009,0.5858085408990321,0.27665555494787397,Q3
930,66,10,3,1,1,29.83,2,2,52.330000000000005,1,-0.8677251003640094,-1.434030658435868,-0.9889608598619719,0.008081927485075049,Q1
931,94,38,6,1,1,227.08999999999992,8,6,827.5700000000002,1,0.42568309090349515,-1.434030658435868,0.7087879447402281,0.7600880843809121,Q3
932,8,30,7,8,5,154.17999999999995,12,10,447.0300000000001,1,0.05613789339849383,0.7209528108435844,0.3820446513626247,-1.5496451117991588,Q3
933,55,20,9,9,5,97.17999999999999,3,2,103.20999999999998,1,-0.4057936034827578,0.8719092510134965,-0.006312672407012393,-0.2873490627240038,Q2
934,35,7,3,1,1,27.500000000000004,10,8,524.39,1,-1.0063045494283849,-1.434030658435868,-1.05562720248414,-0.8244963176496016,Q1
935,41,9,5,7,7,114.72999999999999,13,11,334.51000000000005,1,-0.9139182500521346,0.5521978682155793,0.13320363309209357,-0.6633521411719223,Q1
936,66,12,3,8,6,58.18,33,21,374.37000000000006,1,-0.7753388009877591,0.7209528108435844,-0.4357600790517633,0.008081927485075049,Q2
937,80,13,3,3,3,54.460000000000015,6,6,96.13000000000001,1,-0.7291456512996339,-0.44091639511014435,-0.4908358904823385,0.38408500593299355,Q2
938,51,31,7,4,4,195.21,5,5,365.1600000000001,1,0.102331043086619,-0.12120501231222784,0.5810658082177951,-0.39477851370912337,Q3
939,84,58,9,13,8,363.21,23,17,585.38,1,1.3495460846659983,1.353993556877214,1.1058044204289008,0.49151445691811313,Q4
940,103,36,4,6,6,133.18000000000004,6,5,181.93999999999997,1,0.3332967915272448,0.3608792935514903,0.2586925199060452,1.001804349097431,Q3
941,99,44,7,10,8,256.13,8,8,81.37,1,0.7028419890322462,1.0084659617071041,0.810454685518502,0.8943748981123115,Q4
942,84,69,8,10,8,436.5600000000002,5,5,144.31,1,1.857670731235375,1.0084659617071041,1.261461180091921,0.49151445691811313,Q4
943,53,59,10,8,6,262.02999999999986,8,7,166.51,1,1.3957392343541235,0.7209528108435844,0.8297004570295301,-0.3410637882165636,Q4
944,70,25,7,5,5,169.33999999999997,16,14,327.5799999999999,1,-0.17482785504213197,0.14001820786671987,0.4611193313474224,0.11551137847019463,Q2
945,67,12,4,1,1,76.99999999999999,3,3,175.51000000000008,1,-0.7753388009877591,-1.434030658435868,-0.20151112739144536,0.03493929023135494,Q2
946,23,9,5,2,2,22.97,7,6,188.97,1,-0.9139182500521346,-0.8530960554590038,-1.2024763124361002,-1.1467846706049605,Q1
947,9,40,9,14,12,227.75000000000009,19,16,152.43,1,0.5180693902797454,1.4528438539903603,0.7112391617118345,-1.522787749052879,Q3
948,52,44,6,3,1,290.5,0,0,0.0,0,0.7028419890322462,-0.44091639511014435,0.9168863217706525,-0.36792115096284345,Q4
949,116,44,7,4,4,197.59,24,19,750.7399999999998,1,0.7028419890322462,-0.12120501231222784,0.5912941849156443,1.3509500647990698,Q4
950,83,48,6,7,6,274.89000000000004,8,7,226.22,1,0.8876145877847468,0.5521978682155793,0.870195397046788,0.46465709417183326,Q4
951,18,18,6,1,1,96.61999999999998,0,0,0.0,0,-0.4981799028590081,-1.434030658435868,-0.011165313413013453,-1.28107148433636,Q2
952,101,29,4,5,3,228.79000000000002,7,7,154.46,1,0.00994474371036867,0.14001820786671987,0.7150873693513696,0.9480896236048714,Q3
953,21,45,9,11,10,198.52999999999994,13,12,251.06999999999994,1,0.7490351387203713,1.1331324711924438,0.5953002343607127,-1.20049939609752,Q4
954,59,65,8,8,7,346.32000000000016,4,4,187.63,1,1.6728981324828744,0.7209528108435844,1.06552161906919,-0.1799196117388842,Q4
955,58,10,3,4,4,17.5,16,9,226.02999999999997,1,-0.8677251003640094,-0.12120501231222784,-1.4222246476513756,-0.2067769744851641,Q1
956,51,58,9,23,17,348.31000000000006,64,40,1077.42,1,1.3495460846659983,2.1262467345181677,1.0703684037284573,-0.39477851370912337,Q4
957,30,26,9,26,19,114.32999999999998,79,39,534.19,1,-0.1286347053540068,2.295001677146172,0.13026640754952873,-0.9587831313810011,Q3
958,104,29,7,3,3,111.01000000000002,0,0,0.0,0,0.00994474371036867,-0.44091639511014435,0.1054867817018618,1.0286617118437111,Q3
959,107,11,3,2,2,39.71,2,2,9.77,1,-0.8215319506758842,-0.8530960554590038,-0.7531337004270582,1.1092338000825508,Q1
960,33,29,6,7,7,179.86,15,12,284.99,1,0.00994474371036867,0.5521978682155793,0.5119578416486752,-0.8782110431421615,Q3
961,105,48,6,8,6,275.84000000000003,12,12,511.47000000000014,1,0.8876145877847468,0.7209528108435844,0.8731115656913804,1.055519074589991,Q4
962,112,28,7,3,3,132.48999999999998,5,5,179.38000000000002,1,-0.03624840597775649,-0.44091639511014435,0.2543187896614157,1.2435206138139503,Q3
963,32,34,8,3,3,162.92000000000002,8,6,379.05999999999995,1,0.24091049215099447,-0.44091639511014435,0.4285277321634544,-0.9050684058884414,Q3
964,101,4,3,1,1,13.280000000000001,1,1,12.01,1,-1.1448839984927603,-1.434030658435868,-1.641869874210727,0.9480896236048714,Q1
965,6,6,5,2,1,25.23,0,0,0.0,0,-1.05249769911651,-0.8530960554590038,-1.1260399469334503,-1.6033598372917186,Q1
966,90,4,2,3,3,23.65,3,3,26.84,1,-1.1448839984927603,-0.44091639511014435,-1.1787448819249895,0.6526586333957926,Q1
967,89,26,4,3,2,63.00000000000001,3,3,191.60000000000002,1,-0.1286347053540068,-0.44091639511014435,-0.3693352752430194,0.6258012706495126,Q3
968,35,63,8,10,10,479.1200000000001,16,16,935.8600000000001,1,1.5805118331066241,1.0084659617071041,1.3402063017366168,-0.8244963176496016,Q4
969,60,23,5,3,3,124.21000000000004,2,2,113.72000000000003,1,-0.2672141544183823,-0.44091639511014435,0.19999576907755157,-0.15306224899260432,Q2
970,94,7,3,1,1,21.4,0,0,0.0,0,-1.0063045494283849,-1.434030658435868,-1.2599448616095903,0.7600880843809121,Q1
971,50,11,7,3,3,57.95,8,7,262.8700000000001,1,-0.8215319506758842,-0.44091639511014435,-0.4390635448965897,-0.42163587645540324,Q1
972,91,62,9,13,13,459.4400000000001,19,18,896.74,1,1.5343186834184988,1.353993556877214,1.304700148810673,0.6795159961420724,Q4
973,95,37,7,5,5,515.6200000000003,6,6,644.8500000000004,1,0.37948994121536994,0.14001820786671987,1.4023657079007457,0.7869454471271919,Q3
974,68,17,5,3,3,95.39,3,2,467.9800000000002,1,-0.5443730525471333,-0.44091639511014435,-0.021922246190759623,0.061796652977634835,Q2
975,109,30,4,7,6,220.66,9,9,333.7199999999999,1,0.05613789339849383,0.5521978682155793,0.6845290486949999,1.1629485255751104,Q3
976,68,14,3,2,2,84.72999999999999,6,5,432.35,1,-0.6829525016115088,-0.8530960554590038,-0.12134777711643813,0.061796652977634835,Q2
977,114,16,3,1,1,71.71,3,3,53.68000000000001,1,-0.5905662022352585,-1.434030658435868,-0.2610901939347781,1.29723533930651,Q2
978,110,69,8,5,5,504.4300000000002,9,9,849.8200000000002,1,1.857670731235375,0.14001820786671987,1.3837886498538796,1.1898058883213904,Q4
979,24,59,9,6,5,464.1599999999999,29,21,1042.9499999999998,1,1.3957392343541235,0.3608792935514903,1.313352299152764,-1.1199273078586804,Q4
980,69,17,3,2,2,59.080000000000005,1,1,31.049999999999997,1,-0.5443730525471333,-0.8530960554590038,-0.4229557275109798,0.08865401572391474,Q2
981,80,23,4,3,3,130.12,3,3,78.44999999999999,1,-0.2672141544183823,-0.44091639511014435,0.23912187772610882,0.38408500593299355,Q2
982,66,90,10,19,14,919.1300000000007,44,31,1922.0900000000006,1,2.8277268746860034,1.8650235143392198,1.892035724267991,0.008081927485075049,Q4
983,64,42,8,8,7,246.76999999999992,10,10,180.36,1,0.6104556896559957,0.7209528108435844,0.7789973541790971,-0.04563279800748474,Q3
984,71,14,6,1,1,29.65,0,0,0.0,0,-0.6829525016115088,-1.434030658435868,-0.9939284016281812,0.14236874121647453,Q2
985,2,6,3,3,2,23.850000000000005,5,5,56.199999999999996,1,-1.05249769911651,-0.44091639511014435,-1.1718895450662004,-1.7107892882768383,Q1
986,31,42,4,5,5,177.95000000000005,11,9,114.5,1,0.6104556896559957,0.14001820786671987,0.5029511383284215,-0.9319257686347212,Q3
987,30,24,6,2,2,92.73999999999998,8,8,595.7700000000002,1,-0.22102100473025715,-0.8530960554590038,-0.045571911047317,-0.9587831313810011,Q2
988,10,80,7,22,11,912.4900000000002,24,14,740.6500000000001,1,2.365795377804752,2.0652689778362388,1.8858915676086787,-1.4959303863065991,Q4
989,46,4,3,3,2,18.38,8,8,361.7200000000001,1,-1.1448839984927603,-0.44091639511014435,-1.382801391804152,-0.5290653274405228,Q1
990,85,13,4,3,2,91.92,0,0,0.0,0,-0.7291456512996339,-0.44091639511014435,-0.05302552721902091,0.518371819664393,Q2
991,44,11,4,3,3,53.18000000000001,2,2,16.57,1,-0.8215319506758842,-0.44091639511014435,-0.5106448796651185,-0.5827800529330827,Q1
992,104,14,5,3,3,120.27999999999997,1,1,13.32,1,-0.6829525016115088,-0.44091639511014435,0.1729417563604902,1.0286617118437111,Q2
993,101,42,8,7,7,182.98,7,6,216.23000000000002,1,0.6104556896559957,0.5521978682155793,0.526467740141337,0.9480896236048714,Q3
994,19,3,1,1,1,9.770000000000001,4,4,47.07,1,-1.1910771481808855,-1.434030658435868,-1.8811836781385662,-1.25421412159008,Q1
995,70,32,8,2,2,180.41,4,4,63.93,1,0.14852419277474416,-0.8530960554590038,0.5145337611805954,0.11551137847019463,Q3
996,14,27,7,6,5,74.46000000000001,11,11,112.14000000000001,1,-0.08244155566588166,0.3608792935514903,-0.22959647648355827,-1.3885009353214794,Q3
997,33,51,7,6,5,273.40000000000003,6,6,256.72999999999996,1,1.0261940368491222,0.3608792935514903,0.8656013297888993,-0.8782110431421615,Q4
998,95,45,8,9,8,298.84,30,19,906.7300000000002,1,0.7490351387203713,0.8719092510134965,0.940817232762519,0.7869454471271919,Q4
999,7,6,3,1,1,11.22,9,7,243.16000000000003,1,-1.05249769911651,-1.434030658435868,-1.774029889327001,-1.5765024745454388,Q1
1000,49,40,8,9,9,266.7899999999999,20,17,600.7600000000001,1,0.5180693902797454,0.8719092510134965,0.8449154920509049,-0.44849323920168316,Q3
1001,16,22,4,2,2,97.18999999999998,7,6,207.46000000000004,1,-0.31340730410650747,-0.8530960554590038,-0.0062262698688855264,-1.3347862098289196,Q2
1002,73,49,6,3,3,182.97999999999996,4,4,117.21000000000001,1,0.9338077374728719,-0.44091639511014435,0.526467740141337,0.19608346670903432,Q4
1003,28,17,5,3,3,172.09000000000003,9,6,335.23999999999995,1,-0.5443730525471333,-0.44091639511014435,0.4747057623162808,-1.012497856873561,Q2
1004,83,22,5,10,9,116.04999999999997,17,13,229.37000000000003,1,-0.31340730410650747,1.0084659617071041,0.14282495094764922,0.46465709417183326,Q2
1005,115,30,4,7,6,117.27000000000001,13,10,164.60999999999996,1,0.05613789339849383,0.5521978682155793,0.15162138238751577,1.32409270205279,Q3
1006,53,10,5,3,3,52.970000000000006,1,1,25.58,1,-0.8677251003640094,-0.44091639511014435,-0.5139394209702142,-0.3410637882165636,Q1
1007,73,28,4,6,4,101.99999999999997,11,11,188.32000000000005,1,-0.03624840597775649,0.3608792935514903,0.03434541943927242,0.19608346670903432,Q3
1008,78,1,1,1,1,4.99,3,3,14.0,1,-1.2834634475571358,-1.434030658435868,-2.3788838656884916,0.33037028044043376,Q1
1009,69,4,3,1,1,8.09,0,0,0.0,0,-1.1448839984927603,-1.434030658435868,-2.0250538679776797,0.08865401572391474,Q1
1010,86,30,8,7,5,168.56,5,5,163.74,1,0.05613789339849383,0.5521978682155793,0.4572257805911216,0.545229182410673,Q3
1011,43,36,7,6,6,152.7,6,6,234.43,1,0.3332967915272448,0.3608792935514903,0.3739149069826524,-0.6096374156793625,Q3
1012,59,85,12,7,6,432.31000000000034,12,12,232.13999999999993,1,2.5967611262453776,0.5521978682155793,1.2531809827432088,-0.1799196117388842,Q4
1013,51,24,8,4,3,157.33999999999997,5,5,292.03000000000003,1,-0.22102100473025715,-0.12120501231222784,0.39914630787207844,-0.39477851370912337,Q2
1014,63,19,5,3,3,54.00000000000001,6,6,182.29,1,-0.45198675317088294,-0.44091639511014435,-0.4979016189456872,-0.07249016075376463,Q2
1015,46,43,8,6,6,220.31000000000003,13,12,294.21,1,0.656648839344121,0.3608792935514903,0.6831884602861166,-0.5290653274405228,Q4
1016,3,27,7,2,2,149.8,0,0,0.0,0,-0.08244155566588166,-0.8530960554590038,0.357755498023748,-1.6839319255305583,Q3
1017,29,30,5,2,2,104.15,6,6,315.2800000000001,1,0.05613789339849383,-0.8530960554590038,0.05187127105821619,-0.985640494127281,Q3
1018,36,20,6,14,12,87.69,23,19,110.60000000000001,1,-0.4057936034827578,1.4528438539903603,-0.09255133940513889,-0.7976389549033218,Q2
1019,12,40,8,5,4,180.76000000000002,6,6,256.13,1,0.5180693902797454,0.14001820786671987,0.5161689196676871,-1.4422156608140393,Q3
1020,85,87,8,11,11,630.8300000000005,17,13,758.8700000000001,1,2.689147425621628,1.1331324711924438,1.5731480566549285,0.518371819664393,Q4
1021,101,47,6,6,5,215.19000000000003,13,11,367.6499999999999,1,0.8414214380966216,0.3608792935514903,0.6633314723750757,0.9480896236048714,Q4
1022,42,36,8,13,12,118.58999999999996,4,4,23.549999999999997,1,0.3332967915272448,1.353993556877214,0.16103721252268446,-0.6364947784256424,Q3
1023,107,74,11,16,10,1079.2100000000003,70,39,3631.290000000003,1,2.088636479676001,1.632172726698009,2.0281064138282807,1.1092338000825508,Q4
1024,75,71,8,10,8,672.4900000000002,10,8,695.6800000000002,1,1.9500570306116254,1.0084659617071041,1.627317133739724,0.2497981922015941,Q4
1025,45,39,6,3,2,223.27999999999992,2,2,74.14000000000001,1,0.4718762405916203,-0.44091639511014435,0.6944975873896291,-0.5559226901868027,Q3
1026,7,21,5,8,8,69.98999999999998,9,8,46.35999999999999,1,-0.3596004537946326,0.7209528108435844,-0.28139945208948364,-1.5765024745454388,Q2
1027,54,10,3,2,2,39.339999999999996,4,4,101.58999999999999,1,-0.8677251003640094,-0.8530960554590038,-0.7608792700469207,-0.31420642547028366,Q1
1028,34,7,3,1,1,13.71,1,1,15.290000000000003,1,-1.0063045494283849,-1.434030658435868,-1.6167015828506914,-0.8513536803958816,Q1
1029,93,96,11,13,7,924.8000000000005,30,26,1290.66,1,3.1048857728147543,1.353993556877214,1.8972473214047159,0.7332307216346322,Q4
1030,81,30,7,3,3,224.39,4,4,190.26999999999998,1,0.05613789339849383,-0.44091639511014435,0.6986858276444441,0.4109423686792735,Q3
1031,69,53,8,9,6,305.2700000000001,24,23,734.84,1,1.1185803362253726,0.8719092510134965,0.9588174379919138,0.08865401572391474,Q4
1032,93,11,3,3,3,57.7,10,10,138.63000000000002,1,-0.8215319506758842,-0.44091639511014435,-0.44266891929837293,0.7332307216346322,Q1
1033,78,31,6,3,3,148.77,4,4,316.55999999999995,1,0.102331043086619,-0.44091639511014435,0.3519412315311596,0.33037028044043376,Q3
1034,49,24,8,6,6,82.74,7,7,106.55000000000003,1,-0.22102100473025715,0.3608792935514903,-0.14127202100866165,-0.44849323920168316,Q2
1035,212,15,4,2,2,145.72000000000003,0,0,0.0,0,-0.6367593519233836,-0.8530960554590038,0.3344867581812475,3.92925688844194,Q2
1036,103,35,5,3,3,187.10000000000002,5,4,231.14000000000001,1,0.2871036418391196,-0.44091639511014435,0.5452557283954096,1.001804349097431,Q3
1037,21,2,1,1,1,9.09,2,2,14.99,1,-1.2372702978690107,-1.434030658435868,-1.9365123383111937,-1.20049939609752,Q1
1038,82,19,5,23,16,56.84000000000003,32,30,233.76999999999998,1,-0.45198675317088294,2.1262467345181677,-0.455189744745475,0.43779973142555334,Q2
1039,109,24,6,4,4,138.85999999999996,11,10,945.0000000000002,1,-0.22102100473025715,-0.12120501231222784,0.2938646134980469,1.1629485255751104,Q2
1040,48,42,10,15,14,273.81000000000006,24,23,488.89,1,0.6104556896559957,1.5453121315413032,0.8668679521219198,-0.475350601947963,Q3
1041,75,7,4,2,2,34.12,13,10,234.73000000000002,1,-1.0063045494283849,-0.8530960554590038,-0.8784365484974419,0.2497981922015941,Q1
1042,36,29,8,9,8,124.89999999999996,17,17,425.4599999999999,1,0.00994474371036867,0.8719092510134965,0.20465793596808943,-0.7976389549033218,Q3
1043,109,36,5,3,3,275.6600000000001,2,2,136.76,1,0.3332967915272448,-0.44091639511014435,0.8725597976590084,1.1629485255751104,Q3
1044,54,14,3,3,3,44.370000000000005,5,5,120.25,1,-0.6829525016115088,-0.44091639511014435,-0.6611925155116706,-0.31420642547028366,Q2
1045,72,58,8,17,13,281.95,43,29,490.93,1,1.3495460846659983,1.7140670741693078,0.8916313089388251,0.16922610396275442,Q4
1046,51,27,5,2,2,109.66999999999999,10,10,425.9600000000001,1,-0.08244155566588166,-0.8530960554590038,0.09527667059674548,-0.39477851370912337,Q3
1047,110,13,5,2,2,48.28999999999999,11,10,207.85,1,-0.7291456512996339,-0.8530960554590038,-0.5908901968195943,1.1898058883213904,Q2
1048,60,46,11,16,12,267.18000000000006,7,6,133.10999999999999,1,0.7952282884084965,1.632172726698009,0.8461500908274835,-0.15306224899260432,Q4
1049,101,5,4,5,4,16.04,13,8,149.39,1,-1.0986908488046352,0.14001820786671987,-1.4919645856792543,0.9480896236048714,Q1
1050,116,41,6,4,4,180.75999999999996,12,11,419.90999999999997,1,0.5642625399678706,-0.12120501231222784,0.5161689196676863,1.3509500647990698,Q3
1051,66,33,6,8,7,224.04000000000005,16,11,930.7900000000003,1,0.19471734246286931,0.7209528108435844,0.6973674420053357,0.008081927485075049,Q3
1052,79,11,4,1,1,28.549999999999997,0,0,0.0,0,-0.8215319506758842,-1.434030658435868,-1.0249344325115497,0.3572276431867137,Q1
1053,107,27,8,3,3,126.03,8,8,331.4200000000001,1,-0.08244155566588166,-0.44091639511014435,0.21223817025847147,1.1092338000825508,Q3
1054,99,42,4,6,6,187.79000000000002,3,3,66.06,1,0.6104556896559957,0.3608792935514903,0.5483619797934043,0.8943748981123115,Q3
1055,55,23,6,4,4,89.19999999999999,9,9,172.89000000000001,1,-0.2672141544183823,-0.12120501231222784,-0.07822936682093465,-0.2873490627240038,Q2
1056,21,55,9,4,4,669.7900000000004,3,3,251.68,1,1.2109666356016229,-0.12120501231222784,1.6239093168507897,-1.20049939609752,Q4
1057,54,37,7,8,7,485.3500000000001,13,11,541.55,1,0.37948994121536994,0.7209528108435844,1.351143531219359,-0.31420642547028366,Q3
1058,63,15,5,17,13,88.10000000000001,59,38,289.86,1,-0.6367593519233836,1.7140670741693078,-0.08863861790534439,-0.07249016075376463,Q2
1059,34,14,5,1,1,34.029999999999994,0,0,0.0,0,-0.6829525016115088,-1.434030658435868,-0.8806133393934993,-0.8513536803958816,Q2
1060,1,56,7,4,4,435.8900000000001,7,7,769.7000000000003,1,1.257159785289748,-0.12120501231222784,1.2601611854998087,-1.737646651023118,Q4
1061,87,54,7,9,7,345.09000000000015,4,4,34.17,1,1.1647734859134977,0.8719092510134965,1.0625119613548164,0.5720865451569528,Q4
1062,71,48,7,11,9,249.49000000000004,16,16,117.43000000000004,1,0.8876145877847468,1.1331324711924438,0.7882596539906553,0.14236874121647453,Q4
1063,84,27,7,9,8,229.17000000000007,16,11,400.25,1,-0.08244155566588166,0.8719092510134965,0.7164891022624601,0.49151445691811313,Q3
1064,108,28,6,3,3,86.84,2,2,21.740000000000002,1,-0.03624840597775649,-0.44091639511014435,-0.10072102608413243,1.1360911628288306,Q3
1065,36,71,9,6,4,663.6400000000002,3,3,310.75,1,1.9500570306116254,0.3608792935514903,1.6160955814977365,-0.7976389549033218,Q4
1066,98,45,8,19,16,165.08999999999995,28,26,359.65,1,0.7490351387203713,1.8650235143392198,0.4396845549090003,0.8675175353660317,Q4
1067,33,25,6,2,2,118.03999999999998,4,3,180.32000000000002,1,-0.17482785504213197,-0.8530960554590038,0.15712664258482847,-0.8782110431421615,Q2
1068,85,27,5,7,5,93.96,27,17,106.21000000000001,1,-0.08244155566588166,0.5521978682155793,-0.03460218904106116,0.518371819664393,Q3
1069,69,34,6,4,3,264.57,4,4,379.26,1,0.24091049215099447,-0.12120501231222784,0.8378533462349551,0.08865401572391474,Q3
1070,35,24,7,7,6,94.08999999999999,14,13,530.2600000000001,1,-0.22102100473025715,0.5521978682155793,-0.03344160341850585,-0.8244963176496016,Q2
1071,105,29,7,7,6,89.60999999999999,7,6,60.209999999999994,1,0.00994474371036867,0.5521978682155793,-0.07438199823181656,1.055519074589991,Q3
1072,110,29,6,1,1,76.82000000000001,6,6,224.0,1,0.00994474371036867,-1.434030658435868,-0.20347110512857478,1.1898058883213904,Q3
1073,110,19,5,8,7,168.13,8,7,311.6,1,-0.45198675317088294,0.7209528108435844,0.4550716702038021,1.1898058883213904,Q2
1074,118,49,9,6,5,372.76000000000016,16,16,715.8700000000001,1,0.9338077374728719,0.3608792935514903,1.127762307619098,1.4046647902916296,Q4
1075,50,10,4,6,6,68.22999999999999,4,4,98.85,1,-0.8677251003640094,0.3608792935514903,-0.3026968798435648,-0.42163587645540324,Q1
1076,98,56,10,14,12,415.7500000000002,18,15,579.3800000000002,1,1.257159785289748,1.4528438539903603,1.2201236856933957,0.8675175353660317,Q4
1077,277,1,1,1,1,6.0,0,0,0.0,0,-1.2834634475571358,-1.434030658435868,-2.2466960811056165,5.674985466950133,Q1
1078,114,48,6,18,14,350.89,34,26,1043.1300000000003,1,0.8876145877847468,1.791532481413008,1.0766112321436039,1.29723533930651,Q4
1079,82,11,4,3,2,95.75,15,12,313.08,1,-0.8215319506758842,-0.44091639511014435,-0.018759732482205485,0.43779973142555334,Q1
1080,20,28,5,3,3,143.02999999999994,5,3,216.5,1,-0.03624840597775649,-0.44091639511014435,0.31878867634601366,-1.2273567588438001,Q3
1081,70,36,7,13,8,280.30000000000007,11,11,884.8200000000002,1,0.3332967915272448,1.353993556877214,0.8866697831340461,0.11551137847019463,Q3
1082,20,21,5,8,7,89.53000000000003,11,11,92.41,1,-0.3596004537946326,0.7209528108435844,-0.07513133542958483,-1.2273567588438001,Q2
1083,9,11,4,1,1,42.43,0,0,0.0,0,-0.8215319506758842,-1.434030658435868,-0.698265667577524,-1.522787749052879,Q1
1084,52,14,7,6,6,28.669999999999998,27,19,221.65,1,-0.6829525016115088,0.3608792935514903,-1.0214963596402766,-0.36792115096284345,Q2
1085,109,61,10,4,4,246.27999999999997,10,10,409.13000000000005,1,1.4881255337303736,-0.12120501231222784,0.7773179748740372,1.1629485255751104,Q4
1086,76,25,6,2,2,85.64,4,3,93.47,1,-0.17482785504213197,-0.8530960554590038,-0.11239030663574097,0.27665555494787397,Q2
1087,117,58,7,16,10,359.8,17,14,418.94000000000005,1,1.3495460846659983,1.632172726698009,1.0978241938038023,1.3778074275453496,Q4
1088,42,15,4,3,3,69.42999999999999,8,8,110.85000000000001,1,-0.6367593519233836,-0.44091639511014435,-0.2881180879576859,-0.6364947784256424,Q2
1089,44,18,4,2,2,136.82999999999998,17,14,413.33000000000004,1,-0.4981799028590081,-0.8530960554590038,0.2814610871364527,-0.5827800529330827,Q2
1090,90,9,4,3,2,57.389999999999986,0,0,0.0,0,-0.9139182500521346,-0.44091639511014435,-0.44716096889482704,0.6526586333957926,Q1
1091,86,25,8,9,9,152.03,14,11,722.2200000000001,1,-0.17482785504213197,0.8719092510134965,0.37020877502098937,0.545229182410673,Q2
1092,83,9,3,3,3,38.53,3,2,47.88,1,-0.9139182500521346,-0.44091639511014435,-0.778086773453139,0.46465709417183326,Q1
1093,78,45,8,8,2,184.88,5,5,70.36,1,0.7490351387203713,0.7209528108435844,0.5351838299411127,0.33037028044043376,Q4
1094,19,13,5,1,1,42.09,8,7,169.4,1,-0.7291456512996339,-1.434030658435868,-0.7049332175895691,-1.25421412159008,Q2
1095,19,9,2,2,2,101.49999999999999,2,2,50.360000000000014,1,-0.9139182500521346,-0.8530960554590038,0.0302172199554962,-1.25421412159008,Q1
1096,6,25,5,19,16,118.82000000000002,17,14,193.57000000000005,1,-0.17482785504213197,1.8650235143392198,0.16266721146672827,-1.6033598372917186,Q2
1097,40,43,9,7,6,297.9800000000001,15,10,1551.6900000000007,1,0.656648839344121,0.5521978682155793,0.9383805213745203,-0.6902095039182022,Q4
1098,50,25,6,13,10,203.11999999999998,19,16,291.72999999999996,1,-0.17482785504213197,1.353993556877214,0.6145944926768973,-0.42163587645540324,Q2
1099,99,34,8,8,7,286.55,6,6,161.11,1,0.24091049215099447,0.7209528108435844,0.9053121637817921,0.8943748981123115,Q3
1100,114,9,3,5,4,32.09,2,2,22.71,1,-0.9139182500521346,0.14001820786671987,-0.9289466101557665,1.29723533930651,Q1
1101,78,1,1,1,1,12.37,2,2,43.0,1,-1.2834634475571358,-1.434030658435868,-1.6977303684412637,0.33037028044043376,Q1
1102,13,27,7,5,5,179.06,7,5,139.10999999999999,1,-0.08244155566588166,0.14001820786671987,0.5081970316776655,-1.4153582980677593,Q3
1103,116,46,6,10,8,318.3500000000001,29,21,936.2800000000004,1,0.7952282884084965,1.0084659617071041,0.9942956766460487,1.3509500647990698,Q4
1104,46,24,6,7,6,93.88000000000001,11,10,214.61999999999998,1,-0.22102100473025715,0.5521978682155793,-0.03531718556030581,-0.5290653274405228,Q2
1105,63,8,3,1,1,57.230000000000004,0,0,0.0,0,-0.9601113997402597,-1.434030658435868,-0.44948878601615033,-0.07249016075376463,Q1
1106,27,6,4,2,2,23.63,0,0,0.0,0,-1.05249769911651,-0.8530960554590038,-1.1794334723198296,-1.0393552196198408,Q1
1107,9,13,3,1,1,71.05000000000001,3,3,110.83000000000003,1,-0.7291456512996339,-1.434030658435868,-0.2688259009082971,-1.522787749052879,Q2
1108,69,19,6,6,6,65.07,3,3,7.86,1,-0.45198675317088294,0.3608792935514903,-0.3423310629126623,0.08865401572391474,Q2
1109,68,27,7,4,4,89.95,9,9,363.53,1,-0.08244155566588166,-0.12120501231222784,-0.07120467871293922,0.061796652977634835,Q3
1110,12,1,1,1,1,3.74,0,0,0.0,0,-1.2834634475571358,-1.434030658435868,-2.5774422475759162,-1.4422156608140393,Q1
1111,32,38,5,15,11,215.1200000000001,21,18,662.4200000000003,1,0.42568309090349515,1.5453121315413032,0.6630567434402388,-0.9050684058884414,Q3
1112,96,24,3,7,5,206.13999999999996,10,9,373.06000000000006,1,-0.22102100473025715,0.5521978682155793,0.6270539727060916,0.8138028098734719,Q2
1113,71,68,10,14,13,547.7700000000003,13,13,406.28999999999996,1,1.81147758154725,1.4528438539903603,1.4535817343810815,0.14236874121647453,Q4
1114,26,3,3,2,2,21.23,1,1,1.99,1,-1.1910771481808855,-0.8530960554590038,-1.2664077368899869,-1.0662125823661208,Q1
1115,49,77,10,15,12,516.7100000000003,6,4,167.2,1,2.2272159287403763,1.5453121315413032,1.40415371474761,-0.44849323920168316,Q4
1116,3,10,2,2,2,44.78,14,13,772.1800000000004,1,-0.8677251003640094,-0.8530960554590038,-0.653560631650761,-1.6839319255305583,Q1
1117,19,33,5,10,10,195.82000000000005,9,8,176.76,1,0.19471734246286931,1.0084659617071041,0.583699143284513,-1.25421412159008,Q3
1118,65,14,5,4,4,201.92000000000002,0,0,0.0,0,-0.6829525016115088,-0.12120501231222784,0.6095924538936717,-0.018775435261204846,Q2
1119,110,56,10,5,5,290.97,6,6,265.5199999999999,1,1.257159785289748,0.14001820786671987,0.9182530465262597,1.1898058883213904,Q4
1120,71,44,10,13,7,200.03999999999996,12,12,232.26,1,0.7028419890322462,1.353993556877214,0.6016961425952503,0.14236874121647453,Q4
1121,50,33,6,3,3,174.87000000000003,5,4,167.75,1,0.19471734246286931,-0.44091639511014435,0.4882227517902833,-0.42163587645540324,Q3
1122,113,35,5,13,11,161.70999999999995,18,14,299.27,1,0.2871036418391196,1.353993556877214,0.42224233209173684,1.27037797656023,Q3
1123,4,44,6,2,2,201.17,12,12,667.9500000000003,1,0.7028419890322462,-0.8530960554590038,0.6064511360783919,-1.6570745627842784,Q4
1124,43,43,7,5,5,207.81000000000003,3,3,40.78,1,0.656648839344121,0.14001820786671987,0.6338660460638501,-0.6096374156793625,Q4
1125,21,21,6,9,6,79.18,10,7,39.970000000000006,1,-0.3596004537946326,0.8719092510134965,-0.17812630579800925,-1.20049939609752,Q2
1126,101,46,7,3,3,279.07,1,1,5.78,1,0.7952282884084965,-0.44091639511014435,0.8829522209085913,0.9480896236048714,Q4
1127,112,9,3,2,2,59.66000000000001,0,0,0.0,0,-0.9139182500521346,-0.8530960554590038,-0.4148052734728825,1.2435206138139503,Q1
1128,14,26,9,12,4,114.32,18,11,154.2,1,-0.1286347053540068,1.2478145429013479,0.13019284645519605,-1.3885009353214794,Q3
1129,83,40,9,5,4,239.44,10,9,505.28,1,0.5180693902797454,0.14001820786671987,0.7535213342390504,0.46465709417183326,Q3
1130,1,36,6,7,7,197.94000000000008,29,21,518.1100000000002,1,0.3332967915272448,0.5521978682155793,0.5927880104818888,-1.737646651023118,Q3
1131,18,24,6,6,6,102.41999999999999,4,4,173.72999999999996,1,-0.22102100473025715,0.3608792935514903,0.03779764970803428,-1.28107148433636,Q2
1132,26,20,4,5,5,59.040000000000006,4,3,29.0,1,-0.4057936034827578,0.14001820786671987,-0.42352072474789215,-1.0662125823661208,Q2
1133,30,2,2,2,2,3.8899999999999997,7,6,128.96999999999997,1,-1.2372702978690107,-0.8530960554590038,-2.551011969110605,-0.9587831313810011,Q1
1134,87,51,6,1,1,173.78,1,1,147.76000000000005,1,1.0261940368491222,-1.434030658435868,0.48294856272958886,0.5720865451569528,Q4
1135,29,10,4,3,1,38.9,0,0,0.0,0,-0.8677251003640094,-0.44091639511014435,-0.7701832282259742,-0.985640494127281,Q1
1136,15,48,6,5,5,293.50000000000006,3,3,122.07,1,0.8876145877847468,0.14001820786671987,0.9255725067331685,-1.3616435725751996,Q4
1137,61,19,5,8,8,103.78999999999999,16,15,203.89000000000001,1,-0.45198675317088294,0.7209528108435844,0.04896183127071145,-0.12620488624632442,Q2
1138,8,30,6,10,8,213.99,10,10,212.95999999999995,1,0.05613789339849383,1.0084659617071041,0.6586094787196927,-1.5496451117991588,Q3
1139,55,56,9,6,6,565.3000000000001,12,12,817.0699999999999,1,1.257159785289748,0.3608792935514903,1.480257519284872,-0.2873490627240038,Q4
1140,70,2,2,1,1,15.610000000000001,1,1,6.380000000000001,1,-1.2372702978690107,-1.434030658435868,-1.513647051367651,0.11551137847019463,Q1
1141,88,1,1,1,1,5.99,5,4,36.62999999999999,1,-1.2834634475571358,-1.434030658435868,-2.247908866615765,0.5989439079032327,Q1
1142,40,75,15,13,10,594.4900000000004,20,18,955.2200000000004,1,2.134829629364126,1.353993556877214,1.5228957829942256,-0.6902095039182022,Q4
1143,65,2,1,1,1,25.59,3,3,12.86,1,-1.2372702978690107,-1.434030658435868,-1.1144758301521438,-0.018775435261204846,Q1
1144,18,1,1,1,1,0.99,1,1,4.16,1,-1.2834634475571358,-1.434030658435868,-3.313721533176417,-1.28107148433636,Q1
1145,10,1,1,1,1,10.0,4,4,169.56,1,-1.2834634475571358,-1.434030658435868,-1.8632575206991344,-1.4959303863065991,Q1
1146,96,32,8,10,6,135.29,32,20,625.32,1,0.14852419277474416,1.0084659617071041,0.2719290394389247,0.8138028098734719,Q3
1147,78,1,1,1,1,3.34,6,5,489.32000000000005,1,-1.2834634475571358,-1.434030658435868,-2.6522345594926704,0.33037028044043376,Q1
1148,38,5,2,1,1,25.519999999999996,3,3,57.49,1,-1.0986908488046352,-1.434030658435868,-1.1167120970238258,-0.743924229410762,Q1
1149,88,9,5,1,1,75.92,2,1,5.98,1,-0.9139182500521346,-1.434030658435868,-0.21333949852978493,0.5989439079032327,Q1
1150,98,1,1,1,1,10.48,0,0,0.0,0,-1.2834634475571358,-1.434030658435868,-1.827023828980864,0.8675175353660317,Q1
1151,36,12,3,3,3,70.93,5,4,73.14,1,-0.7753388009877591,-0.44091639511014435,-0.27024000317188474,-0.7976389549033218,Q2
1152,111,66,12,31,17,461.2700000000002,16,13,292.77,1,1.7190912821709996,2.5384263948670274,1.3080651720809757,1.2166632510676703,Q4
1153,60,10,5,2,2,45.379999999999995,11,10,202.32999999999998,1,-0.8677251003640094,-0.8530960554590038,-0.6425143386039237,-0.15306224899260432,Q1
1154,66,28,5,4,4,125.26,7,6,208.98999999999998,1,-0.03624840597775649,-0.12120501231222784,0.20708023770227607,0.008081927485075049,Q3
1155,74,21,3,1,1,165.55,0,0,0.0,0,-0.3596004537946326,-1.434030658435868,0.4420308642878823,0.2229408294553142,Q2
1156,52,18,4,2,2,151.32000000000005,2,2,54.24000000000001,1,-0.4981799028590081,-0.8530960554590038,0.366263631136214,-0.36792115096284345,Q2
1157,40,33,7,6,5,163.21000000000004,10,8,204.89,1,0.19471734246286931,0.3608792935514903,0.430027257515091,-0.6902095039182022,Q3
1158,80,5,3,2,2,17.939999999999998,17,15,232.78,1,-1.0986908488046352,-0.8530960554590038,-1.4022840361845441,0.38408500593299355,Q1
1159,109,61,8,22,17,529.0900000000001,43,31,884.2000000000007,1,1.4881255337303736,2.0652689778362388,1.4242013938003617,1.1629485255751104,Q4
1160,68,79,10,20,13,447.0400000000001,10,7,687.0300000000001,1,2.3196022281166266,1.9349281598540784,1.2815403423265987,0.061796652977634835,Q4
1161,19,26,7,5,5,54.86000000000001,13,11,293.79999999999995,1,-0.1286347053540068,0.14001820786671987,-0.48473925396780837,-1.25421412159008,Q3
1162,107,15,5,6,4,46.34,8,8,123.33000000000001,1,-0.6367593519233836,0.3608792935514903,-0.6251340980411781,1.1092338000825508,Q2
1163,16,40,7,7,5,173.26999999999995,7,6,274.67999999999995,1,0.5180693902797454,0.5521978682155793,0.48046951731480436,-1.3347862098289196,Q3
1164,38,32,5,5,5,209.95,9,8,408.5,1,0.14852419277474416,0.14001820786671987,0.6425160862455875,-0.743924229410762,Q3
1165,83,35,8,5,4,176.51,7,7,200.05000000000007,1,0.2871036418391196,0.14001820786671987,0.4960969553850419,0.46465709417183326,Q3
1166,77,104,11,22,16,641.6600000000003,44,30,1131.5900000000001,1,3.4744309703197556,2.0652689778362388,1.5875660266688012,0.3035129176941539,Q4
1167,60,46,7,5,5,345.32999999999987,9,7,568.4000000000001,1,0.7952282884084965,0.14001820786671987,1.0631000506789874,-0.15306224899260432,Q4
1168,42,2,2,1,1,15.4,6,6,76.92,1,-1.2372702978690107,-1.434030658435868,-1.5244410229266614,-0.6364947784256424,Q1
1169,76,65,8,11,9,361.3800000000002,13,9,544.5399999999998,1,1.6728981324828744,1.1331324711924438,1.1015311120761293,0.27665555494787397,Q4
1170,56,4,2,2,2,9.07,0,0,0.0,0,-1.1448839984927603,-0.8530960554590038,-1.9381955597361484,-0.26049169997772387,Q1
1171,118,14,3,3,3,43.11,2,2,22.27,1,-0.6829525016115088,-0.44091639511014435,-0.6850857484374193,1.4046647902916296,Q2
1172,1,22,7,6,5,143.4,6,6,173.61,1,-0.31340730410650747,0.3608792935514903,0.3209651989028054,-1.737646651023118,Q2
1173,1,5,2,3,3,13.000000000000002,5,4,35.91,1,-1.0986908488046352,-0.44091639511014435,-1.658669300793248,-1.737646651023118,Q1
1174,78,3,2,1,1,8.5,1,1,11.780000000000001,1,-1.1910771481808855,-1.434030658435868,-1.9876275986990413,0.33037028044043376,Q1
1175,95,54,9,7,7,414.05999999999995,15,11,766.3100000000002,1,1.1647734859134977,0.5521978682155793,1.2166764989962289,0.7869454471271919,Q4
1176,66,15,3,4,3,79.59999999999998,0,0,0.0,0,-0.6367593519233836,-0.12120501231222784,-0.1736941002399535,0.008081927485075049,Q2
1177,111,6,4,1,1,14.950000000000001,0,0,0.0,0,-1.05249769911651,-1.434030658435868,-1.5480440596937768,1.2166632510676703,Q1
1178,39,57,9,9,8,356.99999999999994,16,13,511.34999999999997,1,1.3033529349778732,0.8719092510134965,1.0912149191507445,-0.717066866664482,Q4
1179,89,34,8,4,4,192.89000000000001,6,6,363.45000000000005,1,0.24091049215099447,-0.12120501231222784,0.5709751662974636,0.6258012706495126,Q3
1180,92,27,5,5,5,160.99999999999997,9,7,276.54999999999995,1,-0.08244155566588166,0.14001820786671987,0.41853240805474395,0.7063733588883523,Q3
1181,46,68,8,4,4,315.9800000000001,13,12,149.95999999999998,1,1.81147758154725,-0.12120501231222784,0.987976367592884,-0.5290653274405228,Q4
1182,47,26,7,7,6,237.73,29,22,478.57000000000005,1,-0.1286347053540068,0.5521978682155793,0.7474663924217433,-0.5022079646942429,Q3
1183,88,43,7,6,4,139.01,1,1,2.74,1,0.656648839344121,0.3608792935514903,0.2947739750599483,0.5989439079032327,Q4
1184,10,3,3,1,1,9.67,6,5,365.39,1,-1.1910771481808855,-1.434030658435868,-1.8890973858972164,-1.4959303863065991,Q1
1185,11,26,4,3,2,91.82,2,2,34.6,1,-0.1286347053540068,-0.44091639511014435,-0.05393900132458117,-1.469073023560319,Q3
1186,31,74,10,5,4,442.1900000000002,2,1,93.45999999999998,1,2.088636479676001,0.14001820786671987,1.272307022716693,-0.9319257686347212,Q4
1187,71,3,1,1,1,39.48,0,0,0.0,0,-1.1910771481808855,-1.434030658435868,-0.7579401910175674,0.14236874121647453,Q1
1188,107,49,9,7,7,195.66000000000003,20,15,625.8400000000001,1,0.9338077374728719,0.5521978682155793,0.5830092228887629,1.1092338000825508,Q4
1189,56,23,8,7,7,88.35,5,5,106.25999999999999,1,-0.2672141544183823,0.5521978682155793,-0.08626163870984786,-0.26049169997772387,Q2
1190,65,11,4,10,10,122.32000000000002,23,17,296.85,1,-0.8215319506758842,1.0084659617071041,0.18709270076276474,-0.018775435261204846,Q1
1191,95,15,5,1,1,71.07000000000001,11,10,232.35,1,-0.6367593519233836,-1.434030658435868,-0.26859044619685885,0.7869454471271919,Q2
1192,62,5,2,8,5,120.66999999999999,2,2,20.0,1,-1.0986908488046352,0.7209528108435844,0.17566539644231285,-0.09934752350004453,Q1
1193,48,67,12,42,26,1020.1400000000025,61,42,1740.3600000000015,1,1.7652844318591248,2.9617560027147216,1.9803991346258754,-0.475350601947963,Q4
1194,88,41,7,5,5,98.83999999999999,10,9,134.82999999999998,1,0.5642625399678706,0.14001820786671987,0.007910970663502593,0.5989439079032327,Q3
1195,36,13,6,4,3,40.349999999999994,9,8,285.63,1,-0.7291456512996339,-0.12120501231222784,-0.7399006823038661,-0.7976389549033218,Q2
1196,59,16,4,1,1,91.95999999999997,3,3,187.94000000000003,1,-0.5905662022352585,-1.434030658435868,-0.05266041280845035,-0.1799196117388842,Q2
1197,50,36,9,5,5,242.3000000000001,8,8,477.4200000000001,1,0.3332967915272448,0.14001820786671987,0.7635527154162343,-0.42163587645540324,Q3
1198,107,20,5,4,4,96.7,7,7,215.57,1,-0.4057936034827578,-0.12120501231222784,-0.010470377212066534,1.1092338000825508,Q2
1199,104,15,4,3,3,65.73,2,2,41.9,1,-0.6367593519233836,-0.44091639511014435,-0.3338986653069045,1.0286617118437111,Q2
1200,67,27,4,2,2,142.69,2,2,136.07999999999998,1,-0.08244155566588166,-0.8530960554590038,0.31678369328599143,0.03493929023135494,Q3
1201,36,12,3,6,5,43.21,3,3,19.880000000000003,1,-0.7753388009877591,0.3608792935514903,-0.6831646803160716,-0.7976389549033218,Q2
1202,30,7,3,2,2,29.33,3,3,82.88,1,-1.0063045494283849,-0.8530960554590038,-1.002832053785251,-0.9587831313810011,Q1
1203,83,67,10,10,9,463.57000000000005,6,6,403.7600000000001,1,1.7652844318591248,1.0084659617071041,1.3122755938170014,0.46465709417183326,Q4
1204,78,41,7,14,9,251.0500000000001,8,6,232.20000000000002,1,0.5642625399678706,1.4528438539903603,0.7935265773397873,0.33037028044043376,Q3
1205,43,20,4,10,7,153.32000000000005,26,18,505.53000000000003,1,-0.4057936034827578,1.0084659617071041,0.3773300980005168,-0.6096374156793625,Q2
1206,49,68,7,32,20,291.53000000000026,99,53,1002.6000000000001,1,1.81147758154725,2.582514828009692,0.9198786150617113,-0.44849323920168316,Q4
1207,76,17,5,8,7,46.77000000000001,13,11,61.769999999999996,1,-0.5443730525471333,0.7209528108435844,-0.6174631882942802,0.27665555494787397,Q2
1208,91,5,2,1,1,17.04,3,3,50.010000000000005,1,-1.0986908488046352,-1.434030658435868,-1.443585268574382,0.6795159961420724,Q1
1209,106,5,2,3,3,24.48,1,1,15.48,1,-1.0986908488046352,-0.44091639511014435,-1.1506503554023835,1.0823764373362708,Q1
1210,69,7,2,4,2,26.290000000000003,0,0,0.0,0,-1.0063045494283849,-0.12120501231222784,-1.0924315191543728,0.08865401572391474,Q1
1211,54,43,7,10,9,596.6900000000003,12,11,823.4999999999999,1,0.656648839344121,1.0084659617071041,1.5260241582916518,-0.31420642547028366,Q4
1212,84,16,4,2,2,38.13,0,0,0.0,0,-0.5905662022352585,-0.8530960554590038,-0.786714799208775,0.49151445691811313,Q2
1213,31,17,6,4,4,92.83000000000001,7,6,82.00999999999999,1,-0.5443730525471333,-0.12120501231222784,-0.044757805330546005,-0.9319257686347212,Q2
1214,55,8,7,2,2,37.32000000000001,1,1,14.260000000000002,1,-0.9601113997402597,-0.8530960554590038,-0.8044600062817608,-0.2873490627240038,Q1
1215,107,39,6,3,3,243.51000000000005,3,3,58.83,1,0.4718762405916203,-0.44091639511014435,0.7677613110674228,1.1092338000825508,Q3
1216,95,87,11,13,9,503.2300000000002,6,6,312.7200000000001,1,2.689147425621628,1.353993556877214,1.381772104753191,0.7869454471271919,Q4
1217,102,59,6,6,5,258.74000000000007,4,4,126.14,1,1.3957392343541235,0.3608792935514903,0.8190223906849494,0.9749469863511513,Q4
1218,103,68,11,8,6,377.03999999999996,8,6,278.34999999999997,1,1.81147758154725,0.7209528108435844,1.1374216548818414,1.001804349097431,Q4
1219,78,15,4,6,6,54.75000000000001,4,3,30.330000000000002,1,-0.6367593519233836,0.3608792935514903,-0.4864114660527527,0.33037028044043376,Q2
1220,13,64,8,2,1,329.4300000000002,0,0,0.0,0,1.6267049827947493,-0.8530960554590038,1.0232302550637977,-1.4153582980677593,Q4
1221,106,26,8,4,4,129.42999999999998,0,0,0.0,0,-0.1286347053540068,-0.12120501231222784,0.234645806239376,1.0823764373362708,Q3
1222,27,29,7,2,2,104.76000000000003,11,9,210.10999999999996,1,0.00994474371036867,-0.8530960554590038,0.05677849089660066,-1.0393552196198408,Q3
1223,110,16,3,4,3,76.18,3,3,83.14999999999999,1,-0.5905662022352585,-0.12120501231222784,-0.21047681880929556,1.1898058883213904,Q2
1224,113,51,8,7,5,236.23999999999998,9,9,398.91999999999996,1,1.0261940368491222,0.5521978682155793,0.7421549834015346,1.27037797656023,Q4
1225,45,31,7,4,3,115.77999999999997,15,14,126.09000000000003,1,0.102331043086619,-0.12120501231222784,0.14086581141754148,-0.5559226901868027,Q3
1226,111,42,7,3,3,160.46,8,8,581.6900000000002,1,0.6104556896559957,-0.44091639511014435,0.41569987347045106,1.2166632510676703,Q3
1227,107,36,6,2,2,127.04,6,6,148.28000000000003,1,0.3332967915272448,-0.8530960554590038,0.21895657094242185,1.1092338000825508,Q3
1228,10,62,13,31,21,478.3000000000001,52,32,827.6400000000001,1,1.5343186834184988,2.5384263948670274,1.3387561720922991,-1.4959303863065991,Q4
1229,27,71,8,14,12,498.40000000000015,29,23,1463.2700000000004,1,1.9500570306116254,1.4528438539903603,1.3736066854877327,-1.0393552196198408,Q4
1230,63,1,1,1,1,3.99,2,2,27.01,1,-1.2834634475571358,-1.434030658435868,-2.533838440955803,-0.07249016075376463,Q1
1231,87,25,5,3,3,103.77000000000002,4,4,180.16000000000003,1,-0.17482785504213197,-0.44091639511014435,0.04879990278771052,0.5720865451569528,Q2
1232,32,7,3,1,1,15.32,0,0,0.0,0,-1.0063045494283849,-1.434030658435868,-1.5285894092852348,-0.9050684058884414,Q1
1233,46,49,7,7,5,253.16,8,5,476.80000000000007,1,0.9338077374728719,0.5521978682155793,0.8005987994279554,-0.5290653274405228,Q4
1234,70,22,5,1,1,94.23,2,2,301.39000000000004,1,-0.31340730410650747,-1.434030658435868,-0.032193515080931503,0.11551137847019463,Q2
1235,116,18,6,2,2,93.33,5,3,141.57,1,-0.4981799028590081,-0.8530960554590038,-0.04024916738050014,1.3509500647990698,Q2
1236,103,49,8,17,15,410.7400000000002,32,27,840.4000000000002,1,0.9338077374728719,1.7140670741693078,1.2098634487786766,1.001804349097431,Q4
1237,114,32,6,3,3,138.53,4,4,214.42000000000004,1,0.14852419277474416,-0.44091639511014435,0.2918605802417109,1.29723533930651,Q3
1238,3,69,10,5,5,507.90999999999985,5,4,474.98999999999995,1,1.857670731235375,0.14001820786671987,1.3896096691101767,-1.6839319255305583,Q4
1239,93,18,3,4,4,90.39000000000001,5,5,512.1700000000001,1,-0.4981799028590081,-0.12120501231222784,-0.0671104395415667,0.7332307216346322,Q2
1240,99,51,9,10,8,382.44000000000017,21,18,993.9700000000004,1,1.0261940368491222,1.0084659617071041,1.1494538309635898,0.8943748981123115,Q4
1241,6,27,5,10,6,141.14,0,0,0.0,0,-0.08244155566588166,1.0084659617071041,0.3075828043986357,-1.6033598372917186,Q3
1242,114,33,7,7,6,231.54,6,5,73.24,1,0.19471734246286931,0.5521978682155793,0.7251796049563302,1.29723533930651,Q3
1243,101,1,1,1,1,0.0,2,2,20.47,1,-1.2834634475571358,-1.434030658435868,-3.8974959571172296,0.9480896236048714,Q1
1244,80,20,5,1,1,101.18999999999998,3,3,35.010000000000005,1,-0.4057936034827578,-1.434030658435868,0.027647610983621042,0.38408500593299355,Q2
1245,69,49,9,8,6,271.56000000000006,16,16,460.38000000000005,1,0.9338077374728719,0.7209528108435844,0.8598935720116121,0.08865401572391474,Q4
1246,38,54,8,5,4,464.5700000000003,14,13,801.7700000000001,1,1.1647734859134977,0.14001820786671987,1.3140997141574255,-0.743924229410762,Q4
1247,108,52,10,7,5,260.43000000000006,11,9,666.4,1,1.0723871865372474,0.5521978682155793,0.8245242623805069,1.1360911628288306,Q4
1248,50,54,9,10,8,754.3100000000002,16,13,1105.5900000000001,1,1.1647734859134977,1.0084659617071041,1.7245840330044204,-0.42163587645540324,Q4
1249,108,5,3,2,2,9.99,3,2,34.31,1,-1.0986908488046352,-0.8530960554590038,-1.864029092666707,1.1360911628288306,Q1
1250,81,5,4,1,1,11.92,0,0,0.0,0,-1.0986908488046352,-1.434030658435868,-1.7267750077066846,0.4109423686792735,Q1
1251,55,1,1,1,1,4.49,12,10,67.83000000000001,1,-1.2834634475571358,-1.434030658435868,-2.4528281473336055,-0.2873490627240038,Q1
1252,35,19,7,3,3,88.08999999999999,2,2,75.96000000000001,1,-0.45198675317088294,-0.44091639511014435,-0.0887338357425699,-0.8244963176496016,Q2
1253,102,16,4,3,1,79.64,17,6,245.3700000000001,1,-0.5905662022352585,-0.44091639511014435,-0.1732731906208661,0.9749469863511513,Q2
1254,58,29,5,2,2,93.72000000000003,0,0,0.0,0,0.00994474371036867,-0.8530960554590038,-0.03674898897169017,-0.2067769744851641,Q3
1255,60,21,7,5,4,91.04,1,1,16.66,1,-0.3596004537946326,0.14001820786671987,-0.06109805916753167,-0.15306224899260432,Q2
1256,20,22,8,5,5,143.43,9,8,228.05999999999995,1,-0.31340730410650747,0.14001820786671987,0.3211414292091275,-1.2273567588438001,Q2
1257,90,4,3,2,2,56.81,0,0,0.0,0,-1.1448839984927603,-0.8530960554590038,-0.45562987099133573,0.6526586333957926,Q1
1258,6,5,2,2,2,17.92,16,11,216.52999999999997,1,-1.0986908488046352,-0.8530960554590038,-1.4031803313760705,-1.6033598372917186,Q1
1259,108,16,4,2,2,85.45999999999998,2,2,86.91,1,-0.5905662022352585,-0.8530960554590038,-0.11415462613447497,1.1360911628288306,Q2
1260,24,131,16,19,8,1141.5800000000015,11,10,854.0200000000002,1,4.721646011899135,1.8650235143392198,2.075726805802665,-1.1199273078586804,Q4
1261,48,30,9,9,6,156.31,13,11,284.17,1,0.05613789339849383,0.8719092510134965,0.39360981668988193,-0.475350601947963,Q3
1262,44,50,6,10,6,288.01000000000005,6,4,161.98999999999998,1,0.9800008871609971,1.0084659617071041,0.9096086251888191,-0.5827800529330827,Q4
1263,18,16,5,6,4,127.68,9,8,166.02,1,-0.5905662022352585,0.3608792935514903,0.2231863999351559,-1.28107148433636,Q2
1264,49,23,8,5,4,251.82999999999998,5,5,300.1000000000001,1,-0.2672141544183823,0.14001820786671987,0.7961478272048936,-0.44849323920168316,Q2
1265,118,24,6,2,2,86.68999999999998,3,3,108.21,1,-0.22102100473025715,-0.8530960554590038,-0.10217093811006174,1.4046647902916296,Q2
1266,17,10,6,6,6,42.93,8,8,101.71000000000001,1,-0.8677251003640094,0.3608792935514903,-0.6885546718891516,-1.3079288470826398,Q1
1267,79,25,6,3,3,66.88000000000002,4,4,97.83000000000001,1,-0.17482785504213197,-0.44091639511014435,-0.3194031812583579,0.3572276431867137,Q2
1268,81,58,7,9,8,447.74,9,7,291.6199999999999,1,1.3495460846659983,0.8719092510134965,1.2828647261097195,0.4109423686792735,Q4
1269,69,9,2,3,2,33.89,3,3,144.07000000000005,1,-0.9139182500521346,-0.44091639511014435,-0.8840105997911452,0.08865401572391474,Q1
1270,91,26,6,3,3,224.14000000000004,2,2,60.51,1,-0.1286347053540068,-0.44091639511014435,0.697744332730743,0.6795159961420724,Q3
1271,117,46,6,4,4,143.53999999999996,11,11,329.01999999999987,1,0.7952282884084965,-0.12120501231222784,0.32178729396804756,1.3778074275453496,Q4
1272,33,77,10,12,12,544.2400000000002,20,20,956.6400000000001,1,2.2272159287403763,1.2478145429013479,1.4481070818422963,-0.8782110431421615,Q4
1273,103,3,2,1,1,55.150000000000006,8,6,63.46,1,-1.1910771481808855,-1.434030658435868,-0.48034642989013815,1.001804349097431,Q1
1274,55,50,8,9,9,558.5299999999999,27,25,1125.21,1,0.9800008871609971,0.8719092510134965,1.4700546405141126,-0.2873490627240038,Q4
1275,69,8,4,1,1,32.949999999999996,1,1,1.67,1,-0.9601113997402597,-1.434030658435868,-0.9071800445502516,0.08865401572391474,Q1
1276,110,13,5,3,1,59.05,6,5,182.83,1,-0.7291456512996339,-0.44091639511014435,-0.4233794401576975,1.1898058883213904,Q2
1277,95,65,9,54,25,396.41000000000025,55,33,757.8800000000001,1,1.6728981324828744,3.3144058711564686,1.1798120838401749,0.7869454471271919,Q4
1278,102,19,6,3,3,64.44,0,0,0.0,0,-0.45198675317088294,-0.44091639511014435,-0.35045911979020133,0.9749469863511513,Q2
1279,89,31,9,11,7,132.46,17,13,460.92999999999995,1,0.102331043086619,1.1331324711924438,0.254128115005464,0.6258012706495126,Q3
1280,89,13,6,5,4,84.17,10,8,155.7,1,-0.7291456512996339,0.14001820786671987,-0.12690744896494538,0.6258012706495126,Q2
1281,95,12,4,4,4,84.53000000000002,1,1,5.88,1,-0.7753388009877591,-0.12120501231222784,-0.12332919415607721,0.7869454471271919,Q2
1282,74,10,4,2,2,19.49,18,14,467.7599999999999,1,-0.8677251003640094,-0.8530960554590038,-1.3355526087736511,0.2229408294553142,Q1
1283,118,15,3,3,3,30.32,3,3,27.150000000000002,1,-0.6367593519233836,-0.44091639511014435,-0.9755836485958781,1.4046647902916296,Q2
1284,10,40,7,10,4,157.25000000000003,7,5,62.09000000000001,1,0.5180693902797454,1.0084659617071041,0.39866397488086114,-1.4959303863065991,Q3
1285,76,47,8,5,4,272.99,6,6,217.2,1,0.8414214380966216,0.14001820786671987,0.8643328134922759,0.27665555494787397,Q4
1286,52,5,2,3,3,18.799999999999997,5,4,178.54000000000002,1,-1.0986908488046352,-0.44091639511014435,-1.3646126300227792,-0.36792115096284345,Q1
1287,1,41,9,8,5,139.38999999999996,18,9,278.15999999999997,1,0.5642625399678706,0.7209528108435844,0.2970733378195995,-1.737646651023118,Q3
1288,57,54,12,15,8,198.60000000000002,4,4,203.47999999999996,1,1.1647734859134977,1.5453121315413032,0.5955978017347495,-0.233634337231444,Q4
1289,3,9,3,9,9,41.18,7,7,36.42,1,-0.9139182500521346,0.8719092510134965,-0.7230409162128114,-1.6839319255305583,Q1
1290,48,12,6,4,3,56.43000000000001,3,3,133.94000000000003,1,-0.7753388009877591,-0.12120501231222784,-0.4612246580438404,-0.475350601947963,Q2
1291,28,12,3,2,2,48.97,8,7,188.11,1,-0.7753388009877591,-0.8530960554590038,-0.5792665320527927,-1.012497856873561,Q2
1292,13,16,5,3,3,54.940000000000005,8,8,90.01000000000002,1,-0.5905662022352585,-0.44091639511014435,-0.48352516671963747,-1.4153582980677593,Q2
1293,70,43,5,17,12,114.36000000000001,10,9,85.89999999999999,1,0.656648839344121,1.7140670741693078,0.13048705256872795,0.11551137847019463,Q4
1294,110,43,9,6,5,180.82999999999998,4,4,310.47999999999996,1,0.656648839344121,0.3608792935514903,0.5164955734982337,1.1898058883213904,Q4
1295,50,22,5,2,2,95.81,11,10,241.71999999999997,1,-0.31340730410650747,-0.8530960554590038,-0.01823379116352058,-0.42163587645540324,Q2
1296,77,23,7,5,5,125.89999999999998,8,7,176.23000000000002,1,-0.2672141544183823,0.14001820786671987,0.2113695478726355,0.3035129176941539,Q2
1297,25,1,1,1,1,5.99,0,0,0.0,0,-1.2834634475571358,-1.434030658435868,-2.247908866615765,-1.0930699451124006,Q1
1298,105,2,2,1,1,7.5600000000000005,4,4,88.0,1,-1.2372702978690107,-1.434030658435868,-2.076017853716164,1.055519074589991,Q1
1299,46,62,9,6,5,343.52,13,8,464.49,1,1.5343186834184988,0.3608792935514903,1.0586547878222168,-0.5290653274405228,Q4
1300,31,16,5,1,1,51.790000000000006,3,2,13.68,1,-0.5905662022352585,-1.434030658435868,-0.5326933716008689,-0.9319257686347212,Q2
1301,34,10,5,2,2,57.720000000000006,8,7,125.80999999999999,1,-0.8677251003640094,-0.8530960554590038,-0.4423799248074613,-0.8513536803958816,Q1
1302,98,3,2,1,1,10.19,0,0,0.0,0,-1.1910771481808855,-1.434030658435868,-1.84872942966316,0.8675175353660317,Q1
1303,98,55,10,12,7,580.5799999999999,11,9,289.15999999999997,1,1.2109666356016229,1.2478145429013479,1.502844290818506,0.8675175353660317,Q4
1304,60,6,3,4,4,35.68,8,8,96.46000000000001,1,-1.05249769911651,-0.12120501231222784,-0.8415668024434899,-0.15306224899260432,Q1
1305,95,45,6,29,23,538.7300000000002,89,44,1514.38,1,0.7490351387203713,2.4459581173160845,1.4394904161674495,0.7869454471271919,Q4
1306,83,8,3,2,2,33.05,3,3,137.44,1,-0.9601113997402597,-0.8530960554590038,-0.9046849153401981,0.46465709417183326,Q1
1307,98,18,9,22,17,190.07,19,17,190.16000000000003,1,-0.4981799028590081,2.0652689778362388,0.5585459738837705,0.8675175353660317,Q2
1308,13,25,6,8,8,127.59999999999995,5,5,43.38,1,-0.17482785504213197,0.7209528108435844,0.22265882322669317,-1.4153582980677593,Q2
1309,17,27,7,2,2,85.77000000000001,6,3,42.95,1,-0.08244155566588166,-0.8530960554590038,-0.11111835401198451,-1.3079288470826398,Q3
1310,92,5,2,4,3,36.49,3,3,85.32,1,-1.0986908488046352,-0.12120501231222784,-0.8230367927617817,0.7063733588883523,Q1
1311,81,27,5,3,3,87.79,5,5,243.82,1,-0.08244155566588166,-0.44091639511014435,-0.09159535179003783,0.4109423686792735,Q3
1312,62,46,6,9,8,267.8000000000002,21,17,731.48,1,0.7952282884084965,0.8719092510134965,0.8481090952300487,-0.09934752350004453,Q4
1313,113,24,5,1,1,66.01,0,0,0.0,0,-0.22102100473025715,-1.434030658435868,-0.33034645240692834,1.27037797656023,Q2
1314,47,62,11,24,15,583.1300000000003,41,29,1046.4800000000002,1,1.5343186834184988,2.1847348971371363,1.5065558124083223,-0.5022079646942429,Q4
1315,60,42,6,1,1,187.27999999999997,0,0,0.0,0,0.6104556896559957,-1.434030658435868,0.5460671520056841,-0.15306224899260432,Q3
1316,6,12,6,2,2,81.85999999999999,1,1,2.5,1,-0.7753388009877591,-0.8530960554590038,-0.1502341946535451,-1.6033598372917186,Q2
1317,20,50,7,16,11,517.41,19,17,444.94999999999993,1,0.9800008871609971,1.632172726698009,1.4052999920403086,-1.2273567588438001,Q4
1318,96,27,5,3,3,90.13999999999999,5,5,541.1000000000003,1,-0.08244155566588166,-0.44091639511014435,-0.06943428726615561,0.8138028098734719,Q3
1319,39,14,4,4,4,47.410000000000004,6,5,175.14,1,-0.6829525016115088,-0.12120501231222784,-0.606172946281382,-0.717066866664482,Q2
1320,32,21,7,1,1,70.38,0,0,0.0,0,-0.3596004537946326,-1.434030658435868,-0.2767516369272103,-0.9050684058884414,Q2
1321,73,30,5,1,1,125.52999999999999,0,0,0.0,0,0.05613789339849383,-1.434030658435868,0.20889243583879033,0.19608346670903432,Q3
1322,69,9,5,2,1,34.66,2,2,94.77,1,-0.9139182500521346,-0.8530960554590038,-0.8654918104027396,0.08865401572391474,Q1
1323,43,6,2,3,2,47.970000000000006,0,0,0.0,0,-1.05249769911651,-0.44091639511014435,-0.5964157580263599,-0.6096374156793625,Q1
1324,77,20,5,3,3,187.92999999999998,3,3,38.5,1,-0.4057936034827578,-0.44091639511014435,0.5489908481097234,0.3035129176941539,Q2
1325,79,39,6,1,1,111.22999999999996,0,0,0.0,0,0.4718762405916203,-1.434030658435868,0.10715138739444148,0.3572276431867137,Q3
1326,82,24,3,18,14,169.91000000000003,19,16,143.70000000000002,1,-0.22102100473025715,1.791532481413008,0.4639533600186708,0.43779973142555334,Q2
1327,113,45,6,4,4,205.57999999999998,1,1,59.05,1,0.7490351387203713,-0.12120501231222784,0.6247573829871444,1.27037797656023,Q4
1328,60,25,6,4,4,111.3,6,6,198.5,1,-0.17482785504213197,-0.12120501231222784,0.10768035042223034,-0.15306224899260432,Q2
1329,44,30,8,3,2,149.79000000000002,2,2,130.87,1,0.05613789339849383,-0.44091639511014435,0.3576992399700874,-0.5827800529330827,Q3
1330,36,11,4,2,2,59.71999999999999,9,7,212.20999999999998,1,-0.8215319506758842,-0.8530960554590038,-0.41396657511503415,-0.7976389549033218,Q1
1331,19,2,1,1,1,4.18,15,15,314.67,1,-1.2372702978690107,-1.434030658435868,-2.5021365751466567,-1.25421412159008,Q1
1332,55,13,5,1,1,37.95,8,8,222.23000000000002,1,-0.7291456512996339,-1.434030658435868,-0.7906262251332099,-0.2873490627240038,Q2
1333,73,45,5,3,3,195.76999999999998,11,10,435.47000000000025,1,0.7490351387203713,-0.44091639511014435,0.5834836034271913,0.19608346670903432,Q4
1334,92,10,3,5,3,13.810000000000002,7,7,23.629999999999995,1,-0.8677251003640094,0.14001820786671987,-1.6109539773973636,0.7063733588883523,Q1
1335,117,4,1,1,1,17.74,2,2,66.97000000000001,1,-1.1448839984927603,-1.434030658435868,-1.4112898884869547,1.3778074275453496,Q1
1336,44,37,8,6,6,257.94000000000005,11,10,444.69999999999993,1,0.37948994121536994,0.3608792935514903,0.8164054584952898,-0.5827800529330827,Q3
1337,109,89,13,8,7,596.6400000000001,23,22,1073.7700000000004,1,2.781533724997878,0.7209528108435844,1.5259531868176355,1.1629485255751104,Q4
1338,54,10,6,1,1,47.97,4,4,141.95,1,-0.8677251003640094,-1.434030658435868,-0.5964157580263599,-0.31420642547028366,Q1
1339,52,1,1,1,1,7.99,0,0,0.0,0,-1.2834634475571358,-1.434030658435868,-2.0344382924331095,-0.36792115096284345,Q1
1340,48,20,4,6,6,63.22000000000001,5,5,30.93,1,-0.4057936034827578,0.3608792935514903,-0.36642409580890634,-0.475350601947963,Q2
1341,45,10,5,1,1,38.49,2,2,25.880000000000003,1,-0.8677251003640094,-1.434030658435868,-0.7789456379353726,-0.5559226901868027,Q1
1342,49,1,1,1,1,9.99,0,0,0.0,0,-1.2834634475571358,-1.434030658435868,-1.864029092666707,-0.44849323920168316,Q1
1343,92,2,1,1,1,1.3,1,1,98.59999999999998,1,-1.2372702978690107,-1.434030658435868,-3.1909030666193208,0.7063733588883523,Q1
1344,87,28,5,1,1,167.71000000000004,7,7,427.05,1,-0.03624840597775649,-1.434030658435868,0.45296236178618887,0.5720865451569528,Q3
1345,3,31,7,5,4,132.06999999999994,5,5,71.50000000000001,1,0.102331043086619,0.14001820786671987,0.2516454366512164,-1.6839319255305583,Q3
1346,91,8,3,3,3,41.900000000000006,5,4,44.76000000000001,1,-0.9601113997402597,-0.44091639511014435,-0.7086821533515341,0.6795159961420724,Q1
1347,63,21,4,6,6,93.65,9,8,87.93,1,-0.3596004537946326,0.3608792935514903,-0.037376163657177726,-0.07249016075376463,Q2
1348,84,11,6,2,2,35.15,4,4,49.31,1,-0.8215319506758842,-0.8530960554590038,-0.853914183929134,0.49151445691811313,Q1
1349,42,6,4,5,3,60.309999999999995,27,23,486.35999999999996,1,-1.05249769911651,0.14001820786671987,-0.40576324054397567,-0.6364947784256424,Q1
1350,46,7,5,6,6,16.980000000000004,34,18,455.9599999999999,1,-1.0063045494283849,0.3608792935514903,-1.446411512120741,-0.5290653274405228,Q1
1351,1,8,1,6,6,46.10000000000001,13,11,75.93,1,-0.9601113997402597,0.3608792935514903,-0.6294458903976026,-1.737646651023118,Q1
1352,117,80,9,9,8,439.8299999999999,17,14,810.8200000000002,1,2.365795377804752,0.8719092510134965,1.2677774985178543,1.3778074275453496,Q4
1353,17,41,5,5,5,133.36000000000007,4,4,70.87999999999998,1,0.5642625399678706,0.14001820786671987,0.25982979420741653,-1.3079288470826398,Q3
1354,75,29,5,3,3,97.06999999999995,2,2,50.239999999999995,1,0.00994474371036867,-0.44091639511014435,-0.007263681578558569,0.2497981922015941,Q3
1355,25,7,3,2,2,63.76000000000001,1,1,11.899999999999999,1,-1.0063045494283849,-0.8530960554590038,-0.35932054379499195,-1.0930699451124006,Q1
1356,12,26,7,3,3,95.46,8,8,192.57999999999998,1,-0.1286347053540068,-0.44091639511014435,-0.02130638894420918,-1.4422156608140393,Q3
1357,59,8,2,5,5,92.55000000000001,8,8,169.17000000000002,1,-0.9601113997402597,0.14001820786671987,-0.0472931485513926,-0.1799196117388842,Q1
1358,80,62,8,18,16,591.2600000000001,5,5,222.00000000000009,1,1.5343186834184988,1.791532481413008,1.518281755331961,0.38408500593299355,Q4
1359,61,14,5,4,4,56.910000000000004,7,7,97.63999999999999,1,-0.6829525016115088,-0.12120501231222784,-0.45416367062659796,-0.12620488624632442,Q2
1360,55,12,5,2,2,37.55,3,3,82.42999999999999,1,-0.7753388009877591,-0.8530960554590038,-0.7993833952283803,-0.2873490627240038,Q2
1361,12,6,4,1,1,26.700000000000003,1,1,69.85999999999999,1,-1.05249769911651,-1.434030658435868,-1.0797809569964387,-1.4422156608140393,Q1
1362,109,3,1,2,2,14.05,5,5,133.65,1,-1.1910771481808855,-0.8530960554590038,-1.5973165506538423,1.1629485255751104,Q1
1363,75,23,6,1,1,82.54,3,3,232.66,1,-0.2672141544183823,-1.434030658435868,-0.14330058084627817,0.2497981922015941,Q2
1364,1,23,6,7,6,71.45,13,12,204.62,1,-0.2672141544183823,0.5521978682155793,-0.2641291784902729,-1.737646651023118,Q2
1365,33,7,2,4,2,21.480000000000004,1,1,41.339999999999996,1,-1.0063045494283849,-0.12120501231222784,-1.2569204615440572,-0.8782110431421615,Q1
1366,74,28,6,10,8,125.08999999999995,28,24,381.28000000000003,1,-0.03624840597775649,1.0084659617071041,0.20593723483963167,0.2229408294553142,Q3
1367,24,57,7,9,7,363.83,18,14,928.8700000000001,1,1.3033529349778732,0.8719092510134965,1.1072473398437976,-1.1199273078586804,Q4
1368,92,7,4,1,1,27.16,0,0,0.0,0,-1.0063045494283849,-1.434030658435868,-1.0658086423318185,0.7063733588883523,Q1
1369,19,47,8,20,18,278.95000000000005,16,16,265.63,1,0.8414214380966216,1.9349281598540784,0.8825886581788961,-1.25421412159008,Q4
1370,89,55,8,5,5,497.40000000000026,6,6,624.3800000000001,1,1.2109666356016229,0.14001820786671987,1.3719062573380116,0.6258012706495126,Q4
1371,6,9,3,2,2,24.69,3,3,102.43000000000002,1,-0.9139182500521346,-0.8530960554590038,-1.1436871700453222,-1.6033598372917186,Q1
1372,19,28,5,3,3,103.85999999999999,4,4,170.20000000000002,1,-0.03624840597775649,-0.44091639511014435,0.04952833768232476,-1.25421412159008,Q3
1373,51,14,4,2,2,67.78000000000002,4,4,50.14,1,-0.6829525016115088,-0.8530960554590038,-0.30822917238544,-0.39477851370912337,Q2
1374,72,43,8,5,3,159.48,4,4,209.07000000000005,1,0.656648839344121,0.14001820786671987,0.41053506623067215,0.16922610396275442,Q4
1375,112,68,7,8,7,321.37000000000006,8,8,353.39,1,1.81147758154725,0.7209528108435844,1.00228051657656,1.2435206138139503,Q4
1376,100,33,6,5,5,161.35,36,20,1198.5000000000005,1,0.19471734246286931,0.14001820786671987,0.4203632714874533,0.9212322608585914,Q3
1377,3,23,3,1,1,62.370000000000005,8,7,126.66999999999997,1,-0.2672141544183823,-1.434030658435868,-0.3777275285222344,-1.6839319255305583,Q2
1378,35,45,7,4,4,275.18000000000006,11,9,432.86999999999995,1,0.7490351387203713,-0.12120501231222784,0.8710866593337806,-0.8244963176496016,Q4
1379,80,51,7,15,14,304.96,42,36,938.0,1,1.0261940368491222,1.5453121315413032,0.9579583280115656,0.38408500593299355,Q4
1380,9,6,2,3,3,9.030000000000001,0,0,0.0,0,-1.05249769911651,-0.44091639511014435,-1.9415720550188018,-1.522787749052879,Q1
1381,114,7,3,8,6,8.17,4,3,6.96,1,-1.0063045494283849,0.7209528108435844,-2.017620363068227,1.29723533930651,Q1
1382,26,23,5,4,4,100.63000000000001,7,7,290.92999999999995,1,-0.2672141544183823,-0.12120501231222784,0.022985914834551317,-1.0662125823661208,Q2
1383,87,23,6,10,9,144.20999999999998,16,16,162.21999999999997,1,-0.2672141544183823,1.0084659617071041,0.32571061432944204,0.5720865451569528,Q2
1384,90,27,4,1,1,51.71999999999999,0,0,0.0,0,-0.08244155566588166,-1.434030658435868,-0.5338190287159003,0.6526586333957926,Q3
1385,61,60,8,11,7,507.99000000000035,20,17,623.97,1,1.4419323840422487,1.1331324711924438,1.3897430171123957,-0.12620488624632442,Q4
1386,108,6,4,2,2,41.17,1,1,10.36,1,-1.05249769911651,-0.8530960554590038,-0.7232420646002073,1.1360911628288306,Q1
1387,38,10,3,2,2,57.72,4,4,127.37000000000002,1,-0.8677251003640094,-0.8530960554590038,-0.4423799248074613,-0.743924229410762,Q1
1388,17,83,9,15,6,547.6500000000004,13,12,506.39999999999986,1,2.5043748268691273,1.5453121315413032,1.4533962061443273,-1.3079288470826398,Q4
1389,113,27,8,4,4,152.45,7,7,496.3499999999999,1,-0.08244155566588166,-0.12120501231222784,0.3725339147846931,1.27037797656023,Q3
1390,15,4,2,1,1,28.05,1,1,1.99,1,-1.1448839984927603,-1.434030658435868,-1.0394116323044764,-1.3616435725751996,Q1
1391,26,74,12,8,7,393.5900000000001,14,12,639.4499999999998,1,2.088636479676001,0.7209528108435844,1.1737708255775183,-1.0662125823661208,Q4
1392,72,25,4,5,5,103.34000000000002,16,14,369.7799999999999,1,-0.17482785504213197,0.14001820786671987,0.04531094346760873,0.16922610396275442,Q2
1393,55,33,9,6,6,129.88,18,15,392.48,1,0.19471734246286931,0.3608792935514903,0.2375676605221664,-0.2873490627240038,Q3
1394,118,48,8,10,10,265.3399999999999,15,13,394.40000000000003,1,0.8876145877847468,1.0084659617071041,0.8403094941268668,1.4046647902916296,Q4
1395,79,21,8,2,2,191.12000000000003,0,0,0.0,0,-0.3596004537946326,-0.8530960554590038,0.5631951699237501,0.3572276431867137,Q2
1396,58,44,7,7,6,335.6700000000001,35,28,1201.5500000000004,1,0.7028419890322462,0.5521978682155793,1.0391013889722926,-0.2067769744851641,Q4
1397,99,50,11,20,17,252.33000000000004,24,19,484.37,1,0.9800008871609971,1.9349281598540784,0.7978238656034369,0.8943748981123115,Q4
1398,91,9,3,2,2,50.45,0,0,0.0,0,-0.9139182500521346,-0.8530960554590038,-0.5545053952456734,0.6795159961420724,Q1
1399,112,10,4,2,2,58.40999999999999,5,5,115.66999999999999,1,-0.8677251003640094,-0.8530960554590038,-0.4324694270875901,1.2435206138139503,Q1
1400,108,1,1,1,1,3.0,2,2,111.72000000000001,1,-1.2834634475571358,-1.434030658435868,-2.7214423964924928,1.1360911628288306,Q1
1401,79,4,3,2,2,23.25,0,0,0.0,0,-1.1448839984927603,-0.8530960554590038,-1.1926240188084174,0.3572276431867137,Q1
1402,61,31,9,12,8,146.73000000000002,9,9,202.48000000000002,1,0.102331043086619,1.2478145429013479,0.34030662650179144,-0.12620488624632442,Q3
1403,75,70,14,14,11,441.82000000000016,21,19,370.08000000000004,1,1.9038638809235002,1.4528438539903603,1.2715984820758492,0.2497981922015941,Q4
1404,61,31,4,2,2,115.29000000000002,5,5,324.03999999999996,1,0.102331043086619,-0.8530960554590038,0.13729873852802774,-0.12620488624632442,Q3
1405,68,74,10,11,11,345.8400000000001,6,5,117.41999999999999,1,2.088636479676001,1.1331324711924438,1.064348388521657,0.061796652977634835,Q4
1406,76,42,9,13,10,504.74,8,6,284.10999999999996,1,0.6104556896559957,1.353993556877214,1.384308812511786,0.27665555494787397,Q3
1407,88,30,6,1,1,95.68999999999998,1,1,79.21999999999998,1,0.05613789339849383,-1.434030658435868,-0.019286000067238337,0.5989439079032327,Q3
1408,89,21,4,6,5,152.98999999999998,5,5,110.15,1,-0.3596004537946326,0.3608792935514903,0.37551404660766036,0.6258012706495126,Q2
1409,86,12,5,2,2,27.909999999999997,8,8,306.17999999999995,1,-0.7753388009877591,-0.8530960554590038,-1.0435099171824587,0.545229182410673,Q2
1410,37,45,6,7,6,264.09999999999997,18,14,730.7500000000003,1,0.7490351387203713,0.5521978682155793,0.836350636586428,-0.7707815921570419,Q4
1411,106,13,4,2,1,55.26,1,1,28.57,1,-0.7291456512996339,-0.8530960554590038,-0.47868611861940125,1.0823764373362708,Q2
1412,9,23,5,5,5,105.85999999999997,1,1,2.89,1,-0.2672141544183823,0.14001820786671987,0.06555646077409573,-1.522787749052879,Q2
1413,93,18,4,5,4,72.88999999999999,7,7,51.28999999999999,1,-0.4981799028590081,0.14001820786671987,-0.24743307610492843,0.7332307216346322,Q2
1414,112,2,1,1,1,5.62,1,1,8.79,1,-1.2372702978690107,-1.434030658435868,-2.2940461761103554,1.2435206138139503,Q1
1415,71,4,3,1,1,6.8100000000000005,1,1,28.979999999999997,1,-1.1448839984927603,-1.434030658435868,-2.1538068864131654,0.14236874121647453,Q1
1416,42,2,2,3,2,38.14,0,0,0.0,0,-1.2372702978690107,-0.44091639511014435,-0.7864980256494337,-0.6364947784256424,Q1
1417,74,9,2,2,2,35.91,4,3,93.32999999999998,1,-0.9139182500521346,-0.8530960554590038,-0.8362639189294653,0.2229408294553142,Q1
1418,51,25,3,4,4,85.94,8,8,167.93,1,-0.17482785504213197,-0.12120501231222784,-0.10945790371645074,-0.39477851370912337,Q2
1419,68,49,9,18,16,323.2900000000001,70,49,969.9600000000005,1,0.9338077374728719,1.791532481413008,1.0073181683889276,0.061796652977634835,Q4
1420,47,26,6,4,4,182.79999999999998,12,11,351.43999999999994,1,-0.1286347053540068,-0.12120501231222784,0.5256373425679588,-0.5022079646942429,Q3
1421,14,16,3,4,4,59.39,16,16,491.76,1,-0.5905662022352585,-0.12120501231222784,-0.41858971091551045,-1.3885009353214794,Q2
1422,47,10,5,1,1,66.86,0,0,0.0,0,-0.8677251003640094,-1.434030658435868,-0.319653171924633,-0.5022079646942429,Q1
1423,109,21,7,26,19,88.19999999999999,34,23,133.57999999999998,1,-0.3596004537946326,2.295001677146172,-0.0876870268690945,1.1629485255751104,Q2
1424,119,15,5,3,3,48.11,8,8,51.89,1,-0.6367593519233836,-0.44091639511014435,-0.5939938953541687,1.4315221530379094,Q2
1425,107,49,7,2,2,165.56,18,14,543.3400000000001,1,0.9338077374728719,-0.8530960554590038,0.4420817990133561,1.1092338000825508,Q4
1426,7,60,7,7,6,425.2699999999999,11,10,298.2899999999999,1,1.4419323840422487,0.5521978682155793,1.2392847298931282,-1.5765024745454388,Q4
1427,52,28,6,4,3,103.72,2,2,118.53,1,-0.03624840597775649,-0.12120501231222784,0.04839494630483523,-0.36792115096284345,Q3
1428,93,9,3,2,1,73.96999999999998,4,4,88.42000000000002,1,-0.9139182500521346,-0.8530960554590038,-0.23512316260894986,0.7332307216346322,Q1
1429,115,6,3,6,6,30.029999999999998,10,10,98.31,1,-1.05249769911651,0.3608792935514903,-0.9834752712697277,1.32409270205279,Q1
1430,76,92,10,16,12,780.4600000000007,32,22,1456.1900000000003,1,2.9201131740622537,1.632172726698009,1.75345799506728,0.27665555494787397,Q4
1431,106,30,7,6,5,195.86999999999998,20,15,260.01,1,0.05613789339849383,0.3608792935514903,0.5839146283932086,1.0823764373362708,Q3
1432,10,17,3,1,1,57.14,0,0,0.0,0,-0.5443730525471333,-1.434030658435868,-0.4508009955892502,-1.4959303863065991,Q2
1433,47,4,2,1,1,11.52,0,0,0.0,0,-1.1448839984927603,-1.434030658435868,-1.7534546693334836,-0.5022079646942429,Q1
1434,104,17,6,6,3,83.21000000000001,19,17,340.36,1,-0.5443730525471333,0.3608792935514903,-0.1365239126289998,1.0286617118437111,Q2
1435,41,9,3,1,1,40.459999999999994,2,1,23.79,1,-0.9139182500521346,-1.434030658435868,-0.7376469008747745,-0.6633521411719223,Q1
1436,104,14,4,1,1,55.019999999999996,0,0,0.0,0,-0.6829525016115088,-1.434030658435868,-0.482312814502066,1.0286617118437111,Q2
1437,20,67,7,8,7,326.91000000000014,6,6,394.12,1,1.7652844318591248,0.7209528108435844,1.0167356303793422,-1.2273567588438001,Q4
1438,10,22,6,4,3,87.73,0,0,0.0,0,-0.31340730410650747,-0.12120501231222784,-0.09216881507451524,-1.4959303863065991,Q2
1439,89,9,3,2,2,34.660000000000004,2,2,16.51,1,-0.9139182500521346,-0.8530960554590038,-0.8654918104027391,0.6258012706495126,Q1
1440,96,28,4,3,3,129.19999999999996,14,11,347.98,1,-0.03624840597775649,-0.44091639511014435,0.23314851878804635,0.8138028098734719,Q3
1441,20,14,5,2,2,50.15000000000001,3,3,106.04999999999998,1,-0.6829525016115088,-0.8530960554590038,-0.5594664814302078,-1.2273567588438001,Q2
1442,56,18,4,7,3,32.17999999999999,1,1,0.99,1,-0.4981799028590081,0.5521978682155793,-0.9266423715643036,-0.26049169997772387,Q2
1443,84,39,12,16,11,217.14000000000001,31,28,352.73999999999995,1,0.4718762405916203,1.632172726698009,0.6709490930275965,0.49151445691811313,Q3
1444,40,5,2,1,1,15.35,0,0,0.0,0,-1.0986908488046352,-1.434030658435868,-1.5270313862212948,-0.6902095039182022,Q1
1445,82,10,4,2,2,64.75000000000001,2,2,24.270000000000003,1,-0.8677251003640094,-0.8530960554590038,-0.34644986727645505,0.43779973142555334,Q1
1446,117,31,10,2,2,84.32,7,5,171.83,1,0.102331043086619,-0.8530960554590038,-0.12541467483374524,1.3778074275453496,Q3
1447,36,6,3,4,4,16.43,5,5,16.76,1,-1.05249769911651,-0.12120501231222784,-1.4727671378430223,-0.7976389549033218,Q1
1448,101,26,5,5,5,246.86000000000007,5,5,178.01,1,-0.1286347053540068,0.14001820786671987,0.7793054505397992,0.9480896236048714,Q3
1449,106,10,5,7,6,43.67,2,2,4.08,1,-0.8677251003640094,0.5521978682155793,-0.6743833704264082,1.0823764373362708,Q1
1450,91,27,7,10,8,114.71,13,8,328.04,1,-0.08244155566588166,1.0084659617071041,0.13305701309175233,0.6795159961420724,Q3
1451,114,30,6,13,11,248.73999999999998,13,9,397.47,1,0.05613789339849383,1.353993556877214,0.7857157923004127,1.29723533930651,Q3
1452,54,15,4,12,8,56.08,27,20,95.49999999999999,1,-0.6367593519233836,1.2478145429013479,-0.46641059964872894,-0.31420642547028366,Q2
1453,97,106,12,11,10,1034.7400000000007,24,22,1735.1100000000015,1,3.566817269696006,1.1331324711924438,1.9924426378828581,0.8406601726197518,Q4
1454,90,2,2,2,2,23.370000000000005,4,4,39.269999999999996,1,-1.2372702978690107,-0.8530960554590038,-1.1884363838805667,0.6526586333957926,Q1
1455,18,35,8,3,3,155.38,1,1,89.35000000000002,1,0.2871036418391196,-0.44091639511014435,0.38857961745490865,-1.28107148433636,Q3
1456,112,47,8,6,6,204.73000000000002,13,13,264.5500000000001,1,0.8414214380966216,0.3608792935514903,0.6212595641448233,1.2435206138139503,Q4
1457,49,15,3,1,1,259.2699999999999,0,0,0.0,0,-0.6367593519233836,-1.434030658435868,0.8207516732572733,-0.44849323920168316,Q2
1458,92,27,8,4,4,120.88000000000005,14,13,241.23,1,-0.08244155566588166,-0.12120501231222784,0.17712835798057816,0.7063733588883523,Q3
1459,67,31,6,1,1,192.66,2,1,196.81999999999996,1,0.102331043086619,-1.434030658435868,0.5699682304880099,0.03493929023135494,Q3
1460,69,35,8,4,4,164.4,5,4,245.13,1,0.2871036418391196,-0.12120501231222784,0.4361528783208705,0.08865401572391474,Q3
1461,30,24,10,12,9,149.7,45,26,560.81,1,-0.22102100473025715,1.2478145429013479,0.3571927495322224,-0.9587831313810011,Q2
1462,89,43,10,5,5,227.79000000000005,13,12,423.29,1,0.656648839344121,0.14001820786671987,0.7113874929304429,0.6258012706495126,Q4
1463,28,32,7,10,10,199.51000000000002,18,15,384.11,1,0.14852419277474416,1.0084659617071041,0.599456709296161,-1.012497856873561,Q3
1464,88,37,6,5,5,147.00999999999993,6,6,227.94,1,0.37948994121536994,0.14001820786671987,0.341913011843899,0.5989439079032327,Q3
1465,24,25,8,5,5,106.06,5,5,97.87,1,-0.17482785504213197,0.14001820786671987,0.0671427426870422,-1.1199273078586804,Q2
1466,5,21,4,2,2,99.97999999999998,6,5,119.15,1,-0.3596004537946326,-0.8530960554590038,0.017542698313189352,-1.6302172000379984,Q2
1467,10,6,2,1,1,28.41,2,2,125.33000000000001,1,-1.05249769911651,-1.434030658435868,-1.028963207545305,-1.4959303863065991,Q1
1468,42,74,9,10,9,390.88000000000005,12,11,842.3600000000001,1,2.088636479676001,1.0084659617071041,1.1679243991508037,-0.6364947784256424,Q4
1469,23,2,2,1,1,9.46,1,1,126.65999999999995,1,-1.2372702978690107,-1.434030658435868,-1.9059604207364869,-1.1467846706049605,Q1
1470,105,8,2,3,3,49.13,12,11,192.85999999999996,1,-0.9601113997402597,-0.44091639511014435,-0.576554543106246,1.055519074589991,Q1
1471,49,2,2,3,2,56.84,3,3,39.82,1,-1.2372702978690107,-0.44091639511014435,-0.4551897447454758,-0.44849323920168316,Q1
1472,87,11,4,3,3,84.53,0,0,0.0,0,-0.8215319506758842,-0.44091639511014435,-0.12332919415607721,0.5720865451569528,Q1
1473,107,30,6,4,2,116.99999999999999,11,10,533.15,1,0.05613789339849383,-0.12120501231222784,0.14968247523831482,1.1092338000825508,Q3
1474,85,10,6,2,2,45.28,1,1,56.89,1,-0.8677251003640094,-0.8530960554590038,-0.6443454278532716,0.518371819664393,Q1
1475,110,72,12,20,18,842.7700000000007,38,32,1264.7100000000005,1,1.9962501802997505,1.9349281598540784,1.818539484803449,1.1898058883213904,Q4
1476,35,47,7,23,18,484.48,35,28,972.5800000000003,1,0.8414214380966216,2.1262467345181677,1.3496246258851996,-0.8244963176496016,Q4
1477,62,14,6,2,2,53.650000000000006,2,2,39.39,1,-0.6829525016115088,-0.8530960554590038,-0.5033174177668402,-0.09934752350004453,Q2
1478,112,10,5,2,2,28.189999999999998,0,0,0.0,0,-0.8677251003640094,-0.8530960554590038,-1.0353330507952645,1.2435206138139503,Q1
1479,24,29,7,29,21,325.1499999999999,52,32,553.2700000000001,1,0.00994474371036867,2.4459581173160845,1.0121700313617628,-1.1199273078586804,Q3
1480,86,2,2,2,2,2.0,3,3,3.67,1,-1.2372702978690107,-0.8530960554590038,-2.965495560902328,0.545229182410673,Q1
1481,89,30,7,5,5,136.11999999999998,3,3,36.39,1,0.05613789339849383,0.14001820786671987,0.27707974437655003,0.6258012706495126,Q3
1482,38,48,7,1,1,266.78,4,4,477.9000000000001,1,0.8876145877847468,-1.434030658435868,0.8448838120344748,-0.743924229410762,Q4
1483,5,3,3,2,1,6.38,7,7,292.3299999999999,1,-1.1910771481808855,-0.8530960554590038,-2.201849692875043,-1.6302172000379984,Q1
1484,108,58,7,4,4,185.22999999999996,4,4,231.58999999999997,1,1.3495460846659983,-0.12120501231222784,0.5367797034705236,1.1360911628288306,Q4
1485,26,43,8,5,5,357.41000000000025,7,7,274.12,1,0.656648839344121,0.14001820786671987,1.092185929603192,-1.0662125823661208,Q4
1486,90,4,1,1,1,35.62,2,2,71.64000000000001,1,-1.1448839984927603,-1.434030658435868,-0.8429556321995695,0.6526586333957926,Q1
1487,105,31,7,8,4,161.27,0,0,0.0,0,0.102331043086619,0.7209528108435844,0.4199451366407822,1.055519074589991,Q3
1488,95,18,5,1,1,74.29,4,4,103.53,1,-0.4981799028590081,-1.434030658435868,-0.23150982209564905,0.7869454471271919,Q2
1489,65,17,3,5,4,94.89999999999999,28,21,637.22,1,-0.5443730525471333,0.14001820786671987,-0.026245810874259735,-0.018775435261204846,Q2
1490,4,35,7,8,7,273.24000000000007,19,19,541.3800000000001,1,0.2871036418391196,0.7209528108435844,0.8651065246889186,-1.6570745627842784,Q3
1491,82,44,9,15,15,242.46000000000006,31,27,517.22,1,0.7028419890322462,1.5453121315413032,0.7641104232643201,0.43779973142555334,Q4
1492,17,6,2,2,2,16.26,2,2,43.39000000000001,1,-1.05249769911651,-0.8530960554590038,-1.481081898228127,-1.3079288470826398,Q1
1493,116,27,5,3,3,151.95999999999998,0,0,0.0,0,-0.08244155566588166,-0.44091639511014435,0.3698206313991285,1.3509500647990698,Q3
1494,75,38,6,2,1,85.26999999999998,7,6,195.67,1,0.42568309090349515,-0.8530960554590038,-0.11602095272260698,0.2497981922015941,Q3
1495,77,29,5,8,8,57.599999999999994,23,21,174.15000000000003,1,0.00994474371036867,0.7209528108435844,-0.4441153703220502,0.3035129176941539,Q3
1496,98,41,7,2,2,160.66000000000003,3,3,372.2699999999999,1,0.5642625399678706,-0.8530960554590038,0.4167500634038566,0.8675175353660317,Q3
1497,95,27,7,2,2,129.53999999999996,2,2,85.02999999999999,1,-0.08244155566588166,-0.8530960554590038,0.23536096714455085,0.7869454471271919,Q3
1498,79,29,6,2,2,123.0,3,3,96.72999999999999,1,0.00994474371036867,-0.8530960554590038,0.19175770893971664,0.3572276431867137,Q3
1499,104,21,6,5,2,69.16999999999999,11,10,178.45000000000002,1,-0.3596004537946326,0.14001820786671987,-0.2912556343956065,1.0286617118437111,Q2
1500,113,51,7,8,7,272.24999999999994,9,7,151.09,1,1.0261940368491222,0.7209528108435844,0.862038483986607,1.27037797656023,Q4
1501,92,63,8,6,6,289.82000000000005,8,8,408.73,1,1.5805118331066241,0.3608792935514903,0.9149050272256529,0.7063733588883523,Q4
1502,30,27,7,5,5,105.36,7,7,157.63999999999996,1,-0.08244155566588166,0.14001820786671987,0.061577730472592906,-0.9587831313810011,Q3
1503,45,11,5,4,4,18.12,0,0,0.0,0,-0.8215319506758842,-0.12120501231222784,-1.3942597095379763,-0.5559226901868027,Q1
1504,78,1,1,1,1,49.99,1,1,4.78,1,-1.2834634475571358,-1.434030658435868,-0.5621243048530248,0.33037028044043376,Q1
1505,114,28,9,6,6,182.16999999999996,18,16,573.7099999999998,1,-0.03624840597775649,0.3608792935514903,0.522724533256139,1.29723533930651,Q3
1506,46,12,4,3,3,25.709999999999997,15,15,165.07,1,-0.7753388009877591,-0.44091639511014435,-1.1106558913007756,-0.5290653274405228,Q2
1507,102,40,5,3,3,249.7100000000001,2,2,60.010000000000005,1,0.5180693902797454,-0.44091639511014435,0.7890044087486653,0.9749469863511513,Q3
1508,44,10,2,3,3,45.900000000000006,11,11,210.48999999999998,1,-0.8677251003640094,-0.44091639511014435,-0.6330558674188869,-0.5827800529330827,Q1
1509,58,32,11,11,11,221.61,23,20,592.3199999999999,1,0.14852419277474416,1.1331324711924438,0.6881571459432541,-0.2067769744851641,Q3
1510,82,84,11,75,24,537.1900000000004,154,44,687.4600000000004,1,2.5505679765572524,3.777761008064456,1.4370663965714354,0.43779973142555334,Q4
1511,75,37,6,6,6,231.45000000000002,9,9,119.69,1,0.37948994121536994,0.3608792935514903,0.7248512069273777,0.2497981922015941,Q3
1512,24,16,4,15,12,108.15999999999998,14,9,118.39,1,-0.5905662022352585,1.5453121315413032,0.0836220414703638,-1.1199273078586804,Q2
1513,56,9,3,5,5,54.02,10,10,106.38,1,-0.9139182500521346,0.14001820786671987,-0.4975931865409571,-0.26049169997772387,Q1
1514,95,26,5,2,2,142.88000000000002,5,5,204.53000000000003,1,-0.1286347053540068,-0.8530960554590038,0.3179047090680897,0.7869454471271919,Q3
1515,51,30,7,3,3,143.08999999999997,15,13,660.4400000000002,1,0.05613789339849383,-0.44091639511014435,0.31914200551391475,-0.39477851370912337,Q3
1516,136,4,4,2,2,16.060000000000002,1,1,0.99,1,-1.1448839984927603,-0.8530960554590038,-1.4909694614362723,1.8880973197246675,Q1
1517,75,44,8,11,8,235.36999999999995,6,6,234.37999999999994,1,0.7028419890322462,1.1331324711924438,0.7390382438121907,0.2497981922015941,Q4
1518,60,30,6,3,3,217.96,6,5,233.31,1,0.05613789339849383,-0.44091639511014435,0.6741320824504647,-0.15306224899260432,Q3
1519,39,41,5,1,1,144.20000000000002,3,3,105.57,1,0.5642625399678706,-1.434030658435868,0.3256521904927836,-0.717066866664482,Q3
1520,102,37,6,13,9,191.26999999999995,15,14,526.84,1,0.37948994121536994,1.353993556877214,0.5638572657349795,0.9749469863511513,Q3
1521,87,55,7,15,4,200.61,3,2,39.79,1,1.2109666356016229,1.5453121315413032,0.6040980102984019,0.5720865451569528,Q4
1522,92,56,7,3,3,237.28,0,0,0.0,0,1.257159785289748,-0.44091639511014435,0.7458657777294366,0.7063733588883523,Q4
1523,83,67,13,5,5,335.29999999999967,34,23,601.7099999999999,1,1.7652844318591248,0.14001820786671987,1.0381685478055886,0.46465709417183326,Q4
1524,83,43,5,3,3,177.12000000000003,2,2,57.1,1,0.656648839344121,-0.44091639511014435,0.4990072269179713,0.46465709417183326,Q4
1525,61,7,2,2,1,8.41,0,0,0.0,0,-1.0063045494283849,-0.8530960554590038,-1.995702847275447,-0.12620488624632442,Q1
1526,75,28,6,6,6,118.55,17,17,299.7300000000001,1,-0.03624840597775649,0.3608792935514903,0.16075341447040498,0.2497981922015941,Q3
1527,33,55,10,12,10,660.7700000000004,20,18,956.9100000000003,1,1.2109666356016229,1.2478145429013479,1.6124243951712607,-0.8782110431421615,Q4
1528,54,47,7,5,5,189.79000000000005,21,18,553.28,1,0.8414214380966216,0.14001820786671987,0.557301873050303,-0.31420642547028366,Q4
1529,91,50,7,4,4,375.1899999999999,26,17,1071.5000000000005,1,0.9800008871609971,-0.12120501231222784,1.1332599580805782,0.6795159961420724,Q4
1530,108,16,3,3,3,71.86,7,7,41.38,1,-0.5905662022352585,-0.44091639511014435,-0.25934187294806227,1.1360911628288306,Q2
1531,70,21,4,2,2,62.43000000000001,2,2,23.810000000000002,1,-0.3596004537946326,-0.8530960554590038,-0.3769246798946171,0.11551137847019463,Q2
1532,52,48,9,12,9,391.48,22,19,434.37,1,0.8876145877847468,1.2478145429013479,1.169222288107922,-0.36792115096284345,Q4
1533,86,3,2,1,1,9.77,0,0,0.0,0,-1.1910771481808855,-1.434030658435868,-1.8811836781385662,0.545229182410673,Q1
1534,105,44,9,19,18,299.19999999999993,20,18,535.54,1,0.7028419890322462,1.8650235143392198,0.9418351770055544,1.055519074589991,Q4
1535,82,52,9,2,2,260.90000000000003,6,6,190.80999999999995,1,1.0723871865372474,-0.8530960554590038,0.826048048395208,0.43779973142555334,Q4
1536,47,66,7,12,10,520.51,13,9,387.50000000000006,1,1.7190912821709996,1.2478145429013479,1.4103578274153277,-0.5022079646942429,Q4
1537,51,15,4,8,4,160.69,33,24,791.89,1,-0.6367593519233836,0.7209528108435844,0.41690747982364307,-0.39477851370912337,Q2
1538,63,32,5,9,6,111.41999999999997,8,7,120.13,1,0.14852419277474416,0.8719092510134965,0.1085863775498581,-0.07249016075376463,Q3
1539,89,2,1,1,1,6.0,0,0,0.0,0,-1.2372702978690107,-1.434030658435868,-2.2466960811056165,0.6258012706495126,Q1
1540,98,48,5,7,6,317.3000000000001,4,4,204.31,1,0.8876145877847468,0.5521978682155793,0.9915017888048564,0.8675175353660317,Q4
1541,115,82,9,7,7,605.7900000000003,8,8,509.59000000000015,1,2.458181677181002,0.5521978682155793,1.5388430861279256,1.32409270205279,Q4
1542,24,32,8,10,8,169.49,7,6,55.71000000000001,1,0.14852419277474416,1.0084659617071041,0.4618660467550796,-1.1199273078586804,Q3
1543,108,40,7,10,9,290.8800000000001,31,22,657.43,1,0.5180693902797454,1.0084659617071041,0.9179915036663036,1.1360911628288306,Q3
1544,20,54,10,7,5,333.19999999999993,8,8,351.04,1,1.1647734859134977,0.5521978682155793,1.0328545230570363,-1.2273567588438001,Q4
1545,66,15,4,3,3,60.910000000000004,10,10,247.3,1,-0.6367593519233836,-0.44091639511014435,-0.39750143215409955,0.008081927485075049,Q2
1546,114,17,4,7,5,175.89999999999986,10,7,273.60999999999973,1,-0.5443730525471333,0.5521978682155793,0.4931766656859483,1.29723533930651,Q2
1547,45,12,5,12,12,110.2,33,28,276.41999999999996,1,-0.7753388009877591,1.2478145429013479,0.09932969998114215,-0.5559226901868027,Q2
1548,33,10,3,3,3,36.879999999999995,7,6,293.66999999999996,1,-0.8677251003640094,-0.44091639511014435,-0.8142572558721761,-0.8782110431421615,Q1
1549,6,31,8,7,7,107.03000000000002,9,8,138.88,1,0.102331043086619,0.5521978682155793,0.07479441035116177,-1.6033598372917186,Q3
1550,55,52,7,28,17,304.61000000000007,88,41,601.16,1,1.0723871865372474,2.3973852954648938,0.9569873183336242,-0.2873490627240038,Q4
1551,9,52,10,7,7,266.55,7,7,351.93000000000006,1,1.0723871865372474,0.5521978682155793,0.8441548449466042,-1.522787749052879,Q4
1552,86,31,7,5,5,137.93,3,3,79.54,1,0.102331043086619,0.14001820786671987,0.28820471024491284,0.545229182410673,Q3
1553,17,3,1,2,2,2.98,4,3,36.209999999999994,1,-1.1910771481808855,-0.8530960554590038,-2.7256947528640483,-1.3079288470826398,Q1
1554,21,7,5,3,3,63.58,9,5,148.55,1,-1.0063045494283849,-0.44091639511014435,-0.36168179160942115,-1.20049939609752,Q1
1555,60,16,4,7,4,63.839999999999996,3,3,18.55,1,-0.5905662022352585,0.5521978682155793,-0.35827320623003245,-0.15306224899260432,Q2
1556,95,56,6,10,8,232.19000000000003,25,23,486.52000000000004,1,1.257159785289748,1.0084659617071041,0.7275476015034535,0.7869454471271919,Q4
1557,90,77,10,12,11,579.0200000000004,26,20,897.48,1,2.2272159287403763,1.2478145429013479,1.5005656813580688,0.6526586333957926,Q4
1558,4,47,9,9,7,231.42000000000007,12,11,317.8299999999999,1,0.8414214380966216,0.8719092510134965,0.7247417126617489,-1.6570745627842784,Q4
1559,15,27,6,3,3,215.84000000000003,4,4,242.38,1,-0.08244155566588166,-0.44091639511014435,0.6658782870163744,-1.3616435725751996,Q3
1560,110,17,8,4,4,73.01999999999998,1,1,8.49,1,-0.5443730525471333,-0.12120501231222784,-0.24594183602676564,1.1898058883213904,Q2
1561,87,40,6,4,3,293.0499999999999,0,0,0.0,0,0.5180693902797454,-0.12120501231222784,0.9242752352410898,0.5720865451569528,Q3
1562,94,13,6,3,3,36.22,5,5,89.75,1,-0.7291456512996339,-0.44091639511014435,-0.8291686009153416,0.7600880843809121,Q2
1563,110,1,1,1,1,2.2,14,12,578.7800000000002,1,-1.2834634475571358,-1.434030658435868,-2.910744737621203,1.1898058883213904,Q1
1564,42,4,4,2,1,12.759999999999998,2,2,56.120000000000005,1,-1.1448839984927603,-0.8530960554590038,-1.6733384268570606,-0.6364947784256424,Q1
1565,61,6,3,3,3,31.86,1,1,7.18,1,-1.05249769911651,-0.44091639511014435,-0.9348638127221275,-0.12620488624632442,Q1
1566,95,16,4,3,1,77.75,2,1,9.309999999999999,1,-0.5905662022352585,-0.44091639511014435,-0.19339294754710376,0.7869454471271919,Q2
1567,117,21,6,7,5,90.27999999999999,12,12,372.9600000000001,1,-0.3596004537946326,0.5521978682155793,-0.06813214837678809,1.3778074275453496,Q2
1568,107,32,5,3,3,197.80000000000004,6,6,526.43,1,0.14852419277474416,-0.44091639511014435,0.5921907958709048,1.1092338000825508,Q3
1569,14,25,5,13,9,72.23,18,15,161.72,1,-0.17482785504213197,1.353993556877214,-0.2550446903962723,-1.3885009353214794,Q2
1570,107,16,4,4,4,74.48,5,5,130.10000000000002,1,-0.5905662022352585,-0.12120501231222784,-0.22937166044411686,1.1092338000825508,Q2
1571,58,2,2,2,2,12.0,4,3,57.27,1,-1.2372702978690107,-0.8530960554590038,-1.721538303918715,-0.2067769744851641,Q1
1572,106,18,5,2,2,83.11000000000001,10,9,370.2800000000001,1,-0.4981799028590081,-0.8530960554590038,-0.13753192524743796,1.0823764373362708,Q2
1573,95,19,6,16,13,76.71,41,26,118.37,1,-0.45198675317088294,1.632172726698009,-0.2046711023091188,0.7869454471271919,Q2
1574,107,27,5,2,2,257.70000000000005,1,1,120.23999999999998,1,-0.08244155566588166,-0.8530960554590038,0.8156188020879135,1.1092338000825508,Q3
1575,89,1,1,1,1,6.0,1,1,29.01,1,-1.2834634475571358,-1.434030658435868,-2.2466960811056165,0.6258012706495126,Q1
1576,15,29,6,4,4,91.08000000000004,2,2,82.1,1,0.00994474371036867,-0.12120501231222784,-0.0607294546343084,-1.3616435725751996,Q3
1577,74,21,6,7,5,89.25999999999998,8,6,466.2299999999999,1,-0.3596004537946326,0.5521978682155793,-0.07766524622836485,0.2229408294553142,Q2
1578,117,14,6,3,3,58.12,14,13,458.9100000000001,1,-0.6829525016115088,-0.44091639511014435,-0.43662061334688523,1.3778074275453496,Q2
1579,14,58,8,24,18,386.9900000000002,45,36,805.5100000000003,1,1.3495460846659983,2.1847348971371363,1.1594612376407394,-1.3885009353214794,Q4
1580,51,14,5,2,2,34.019999999999996,0,0,0.0,0,-0.6829525016115088,-0.8530960554590038,-0.880855550193108,-0.39477851370912337,Q2
1581,433,51,7,5,5,318.30000000000007,8,7,248.35000000000002,1,1.0261940368491222,0.14001820786671987,0.9941628428056659,9.864734055369796,Q4
1582,100,56,9,4,4,253.61999999999998,9,8,575.31,1,1.257159785289748,-0.12120501231222784,0.8021328142613626,0.9212322608585914,Q4
1583,84,3,3,1,1,15.97,0,0,0.0,0,-1.1910771481808855,-1.434030658435868,-1.4954567418830949,0.49151445691811313,Q1
1584,7,23,6,8,7,163.23999999999998,12,10,331.98,1,-0.2672141544183823,0.7209528108435844,0.4301822296549403,-1.5765024745454388,Q2
1585,68,59,12,5,5,428.0700000000003,3,3,430.21000000000004,1,1.3957392343541235,0.14001820786671987,1.2448389417400776,0.061796652977634835,Q4
1586,96,20,4,6,6,151.51,11,9,283.04999999999995,1,-0.4057936034827578,0.3608792935514903,0.367321173055632,0.8138028098734719,Q2
1587,87,9,5,9,7,45.41999999999999,5,5,37.43,1,-0.9139182500521346,0.8719092510134965,-0.6417830081104714,0.5720865451569528,Q1
1588,100,108,12,21,17,771.7000000000004,42,29,686.9800000000004,1,3.659203569072256,2.001580225032828,1.7438945444793077,0.9212322608585914,Q4
1589,79,9,5,1,1,22.1,0,0,0.0,0,-0.9139182500521346,-1.434030658435868,-1.233839930538436,0.3572276431867137,Q1
1590,4,54,8,8,7,335.7600000000001,27,23,846.920000000001,1,1.1647734859134977,0.7209528108435844,1.0393281412679805,-1.6570745627842784,Q4
1591,24,18,6,2,2,101.33000000000001,4,4,332.98999999999995,1,-0.4981799028590081,-0.8530960554590038,0.02880904344335265,-1.1199273078586804,Q2
1592,103,1,1,1,1,24.959999999999997,1,1,36.03,1,-1.2834634475571358,-1.434030658435868,-1.1348176721628527,1.001804349097431,Q1
1593,73,64,11,6,5,271.67999999999995,3,3,108.55,1,1.6267049827947493,0.3608792935514903,0.8602669899561052,0.19608346670903432,Q4
1594,112,4,3,8,7,11.2,2,2,153.80000000000004,1,-1.1448839984927603,0.7209528108435844,-1.7754194773852248,1.2435206138139503,Q1
1595,45,47,8,8,8,341.9100000000002,12,11,655.49,1,0.8414214380966216,0.7209528108435844,1.0546810443362034,-0.5559226901868027,Q4
1596,76,47,6,2,2,180.93000000000004,0,0,0.0,0,0.8414214380966216,-0.8530960554590038,0.5169620037496292,0.27665555494787397,Q4
1597,85,20,5,5,5,72.14000000000003,13,11,147.93,1,-0.4057936034827578,0.14001820786671987,-0.25608794937571006,0.518371819664393,Q2
1598,104,11,3,14,8,35.230000000000004,9,8,216.05999999999995,1,-0.8215319506758842,1.4528438539903603,-0.852038873256963,1.0286617118437111,Q1
1599,25,64,8,15,12,277.29000000000013,24,22,326.0999999999999,1,1.6267049827947493,1.5453121315413032,0.8775433226178131,-1.0930699451124006,Q4
1600,40,16,5,2,2,48.95000000000001,5,4,101.42,1,-0.5905662022352585,-0.8530960554590038,-0.5796061410724866,-0.6902095039182022,Q2
1601,7,4,3,1,1,8.82,0,0,0.0,0,-1.1448839984927603,-1.434030658435868,-1.9595225581956515,-1.5765024745454388,Q1
1602,74,74,8,9,8,425.02000000000004,16,14,540.52,1,2.088636479676001,0.8719092510134965,1.2387870452176086,0.2229408294553142,Q4
1603,102,17,5,2,2,58.559999999999995,0,0,0.0,0,-0.5443730525471333,-0.8530960554590038,-0.4303302060165728,0.9749469863511513,Q2
1604,106,5,2,4,4,15.51,9,8,48.190000000000005,1,-1.0986908488046352,-0.12120501231222784,-1.5187699130693566,1.0823764373362708,Q1
1605,101,5,3,3,3,9.57,6,6,83.26,1,-1.0986908488046352,-0.44091639511014435,-1.8970856117741333,0.9480896236048714,Q1
1606,106,33,5,2,2,169.05,3,3,160.58,1,0.19471734246286931,-0.8530960554590038,0.45967381519074896,1.0823764373362708,Q3
1607,62,9,3,13,9,481.27,18,16,308.72,1,-0.9139182500521346,1.353993556877214,1.3439967425601032,-0.09934752350004453,Q1
1608,78,28,6,3,3,108.52999999999994,2,2,78.21,1,-0.03624840597775649,-0.44091639511014435,0.08649265583637716,0.33037028044043376,Q3
1609,42,88,13,14,12,1080.3000000000004,34,28,2045.9300000000012,1,2.735340575309753,1.4528438539903603,2.028962014123479,-0.6364947784256424,Q4
1610,86,22,5,6,4,88.16999999999999,0,0,0.0,0,-0.31340730410650747,0.3608792935514903,-0.0879723921192599,0.545229182410673,Q2
1611,73,7,2,1,1,26.99,0,0,0.0,0,-1.0063045494283849,-1.434030658435868,-1.0709455543543884,0.19608346670903432,Q1
1612,29,32,9,14,6,166.18,13,13,733.5800000000002,1,0.14852419277474416,1.4528438539903603,0.4452337943593923,-0.985640494127281,Q3
1613,39,61,6,7,7,477.14000000000016,14,11,200.45000000000002,1,1.4881255337303736,0.5521978682155793,1.3367005263441567,-0.717066866664482,Q4
1614,89,4,3,3,3,10.48,4,4,11.75,1,-1.1448839984927603,-0.44091639511014435,-1.827023828980864,0.6258012706495126,Q1
1615,43,2,2,2,2,17.04,3,3,187.2,1,-1.2372702978690107,-0.8530960554590038,-1.443585268574382,-0.6096374156793625,Q1
1616,18,2,2,1,1,8.07,7,7,112.96000000000001,1,-1.2372702978690107,-1.434030658435868,-2.0269224663540113,-1.28107148433636,Q1
1617,2,31,8,6,4,179.81,12,9,250.76999999999998,1,0.102331043086619,0.3608792935514903,0.5117232788358146,-1.7107892882768383,Q3
1618,118,25,6,3,3,125.42999999999999,9,7,267.7,1,-0.17482785504213197,-0.44091639511014435,0.2082217026287505,1.4046647902916296,Q2
1619,91,52,7,9,8,223.94000000000005,10,10,233.28000000000003,1,1.0723871865372474,0.8719092510134965,0.6969903837654882,0.6795159961420724,Q4
1620,68,15,3,2,2,67.10000000000001,12,12,459.11,1,-0.6367593519233836,-0.8530960554590038,-0.3166581350278293,0.061796652977634835,Q2
1621,92,13,3,2,2,47.28,4,4,119.28,1,-0.7291456512996339,-0.8530960554590038,-0.6084541480196414,0.7063733588883523,Q2
1622,33,46,9,7,6,246.67,14,11,444.37,1,0.7952282884084965,0.5521978682155793,0.7786548936061167,-0.8782110431421615,Q4
1623,112,20,5,6,5,64.86999999999999,4,3,175.95,1,-0.4057936034827578,0.3608792935514903,-0.344902971263834,1.2435206138139503,Q2
1624,108,7,5,3,3,19.470000000000002,3,3,21.32,1,-1.0063045494283849,-0.44091639511014435,-1.3363810691127982,1.1360911628288306,Q1
1625,110,8,4,6,5,20.09,2,2,23.060000000000002,1,-0.9601113997402597,0.3608792935514903,-1.31106769652518,1.1898058883213904,Q1
1626,106,1,1,1,1,2.0,0,0,0.0,0,-1.2834634475571358,-1.434030658435868,-2.965495560902328,1.0823764373362708,Q1
1627,62,6,2,3,2,31.060000000000006,8,8,219.09999999999997,1,-1.05249769911651,-0.44091639511014435,-0.9557729011977114,-0.09934752350004453,Q1
1628,66,4,2,3,3,11.04,5,5,131.18,1,-1.1448839984927603,-0.44091639511014435,-1.786618891782553,0.008081927485075049,Q1
1629,3,13,3,2,2,68.81,0,0,0.0,0,-0.7291456512996339,-0.8530960554590038,-0.29561917587983905,-1.6839319255305583,Q2
1630,103,54,9,12,12,474.9500000000001,23,22,913.38,1,1.1647734859134977,1.2478145429013479,1.3328059773321759,1.001804349097431,Q4
1631,97,51,11,15,12,334.21999999999997,26,22,759.8399999999998,1,1.0261940368491222,1.5453121315413032,1.0354397785197467,0.8406601726197518,Q4
1632,71,30,4,4,4,112.26999999999998,8,8,257.78000000000003,1,0.05613789339849383,-0.12120501231222784,0.11497651651349454,0.14236874121647453,Q3
1633,6,45,9,4,4,196.3900000000001,11,10,278.79,1,0.7490351387203713,-0.12120501231222784,0.5861524348261604,-1.6033598372917186,Q4
1634,36,57,7,6,5,344.85,16,13,582.8999999999999,1,1.3033529349778732,0.3608792935514903,1.0619234640720094,-0.7976389549033218,Q4
1635,93,4,2,3,2,15.37,1,1,3.49,1,-1.1448839984927603,-0.44091639511014435,-1.52599429156907,0.7332307216346322,Q1
1636,70,2,1,2,2,9.32,1,1,6.98,1,-1.2372702978690107,-0.8530960554590038,-1.9173915912668957,0.11551137847019463,Q1
1637,71,1,1,1,1,19.95,8,8,110.61000000000001,1,-1.2834634475571358,-1.434030658435868,-1.3167179583629198,0.14236874121647453,Q1
1638,115,8,2,2,2,21.28,3,3,20.5,1,-0.9601113997402597,-0.8530960554590038,-1.2645017749113119,1.32409270205279,Q1
1639,80,19,5,1,1,42.379999999999995,6,5,103.36999999999998,1,-0.45198675317088294,-1.434030658435868,-0.6992429091553112,0.38408500593299355,Q2
1640,74,24,6,7,7,180.26000000000005,22,17,577.2,1,-0.22102100473025715,0.5521978682155793,0.5138320130060234,0.2229408294553142,Q2
1641,88,13,5,15,11,31.389999999999993,1,1,9.38,1,-0.7291456512996339,1.5453121315413032,-0.9470853684715393,0.5989439079032327,Q2
1642,25,37,4,7,6,241.91000000000017,14,13,239.11999999999995,1,0.37948994121536994,0.5521978682155793,0.7621917645279137,-1.0930699451124006,Q3
1643,74,25,7,3,3,141.73000000000005,3,1,10.46,1,-0.17482785504213197,-0.44091639511014435,0.31109685132806614,0.2229408294553142,Q2
1644,113,28,5,10,3,134.08000000000004,0,0,0.0,0,-0.03624840597775649,1.0084659617071041,0.2643637063524135,1.27037797656023,Q3
1645,115,23,8,5,5,106.93999999999997,0,0,0.0,0,-0.2672141544183823,0.14001820786671987,0.07408735934215357,1.32409270205279,Q2
1646,49,20,5,7,5,296.67,14,11,425.89,1,-0.4057936034827578,0.5521978682155793,0.9346552836814062,-0.44849323920168316,Q2
1647,51,5,3,1,1,8.76,1,1,7.98,1,-1.0986908488046352,-1.434030658435868,-1.964721818513935,-0.39477851370912337,Q1
1648,60,36,7,8,7,264.8599999999999,2,2,89.96999999999998,1,0.3332967915272448,0.7209528108435844,0.8387792239128491,-0.15306224899260432,Q3
1649,110,29,7,1,1,84.58,5,5,72.11000000000001,1,0.00994474371036867,-1.434030658435868,-0.1228334058654963,1.1898058883213904,Q3
1650,117,3,1,1,1,8.49,7,7,177.08000000000004,1,-1.1910771481808855,-1.434030658435868,-1.9885210619937037,1.3778074275453496,Q1
1651,33,15,4,1,1,43.870000000000005,5,4,180.75,1,-0.6367593519233836,-1.434030658435868,-0.6705935793578102,-0.8782110431421615,Q2
1652,6,19,4,4,3,111.90999999999998,2,2,105.65000000000002,1,-0.45198675317088294,-0.12120501231222784,0.11227597841948744,-1.6033598372917186,Q2
1653,90,78,12,24,17,746.0099999999999,47,33,2069.6900000000014,1,2.2734090784285015,2.1847348971371363,1.7152101030868316,0.6526586333957926,Q4
1654,50,28,9,8,7,194.80999999999997,1,1,79.58999999999999,1,-0.03624840597775649,0.7209528108435844,0.579334583047084,-0.42163587645540324,Q3
1655,8,10,3,4,4,39.75,32,14,301.5600000000001,1,-0.8677251003640094,-0.12120501231222784,-0.7523005618186122,-1.5496451117991588,Q1
1656,29,3,3,1,1,32.949999999999996,1,1,10.62,1,-1.1910771481808855,-1.434030658435868,-0.9071800445502516,-0.985640494127281,Q1
1657,107,19,7,10,5,107.48999999999998,0,0,0.0,0,-0.45198675317088294,1.0084659617071041,0.07839905208644218,1.1092338000825508,Q2
1658,93,18,6,7,6,75.28,4,3,226.2400000000001,1,-0.4981799028590081,0.5521978682155793,-0.2204275257254604,0.7332307216346322,Q2
1659,91,20,4,3,2,48.46000000000001,2,2,42.36,1,-0.4057936034827578,-0.44091639511014435,-0.5879693156682543,0.6795159961420724,Q2
1660,59,27,5,8,7,111.76999999999997,8,7,201.64,1,-0.08244155566588166,0.7209528108435844,0.11122344314816002,-0.1799196117388842,Q3
1661,49,27,8,5,5,140.06999999999996,3,2,65.27,1,-0.08244155566588166,0.14001820786671987,0.3011724963494306,-0.44849323920168316,Q3
1662,85,58,8,4,4,443.0900000000001,5,4,412.98,1,1.3495460846659983,-0.12120501231222784,1.274028033558214,0.518371819664393,Q4
1663,95,3,3,3,3,21.990000000000002,10,10,96.25,1,-1.1910771481808855,-0.44091639511014435,-1.237889309682114,0.7869454471271919,Q1
1664,81,27,7,1,1,106.08999999999996,1,1,52.400000000000006,1,-0.08244155566588166,-1.434030658435868,0.06738042935304629,0.4109423686792735,Q3
1665,47,17,4,11,9,185.25,11,9,178.53999999999996,1,-0.5443730525471333,1.1331324711924438,0.5368708056312499,-0.5022079646942429,Q2
1666,117,12,3,3,3,49.550000000000004,8,7,117.39000000000001,1,-0.7753388009877591,-0.44091639511014435,-0.569476548246705,1.3778074275453496,Q2
1667,47,68,10,15,3,397.92,2,2,20.64,1,1.81147758154725,1.5453121315413032,1.1830293428868215,-0.5022079646942429,Q4
1668,98,19,6,5,4,98.44,6,5,187.42999999999998,1,-0.45198675317088294,0.14001820786671987,0.00450533252949211,0.8675175353660317,Q2
1669,27,2,2,1,1,5.48,0,0,0.0,0,-1.2372702978690107,-1.434030658435868,-2.3121793954521497,-1.0393552196198408,Q1
1670,22,4,3,1,1,6.07,0,0,0.0,0,-1.1448839984927603,-1.434030658435868,-2.2382547843958696,-1.1736420333512403,Q1
1671,70,26,4,1,1,105.12,9,9,244.98,1,-0.1286347053540068,-1.434030658435868,0.05966129143499777,0.11551137847019463,Q3
1672,31,22,7,3,2,69.32,7,7,220.5,1,-0.31340730410650747,-0.44091639511014435,-0.28944409554822803,-0.9319257686347212,Q2
1673,102,51,6,6,6,256.95000000000005,18,13,832.8199999999999,1,1.0261940368491222,0.3608792935514903,0.8131557886868402,0.9749469863511513,Q4
1674,60,4,2,1,1,8.77,1,1,16.67,1,-1.1448839984927603,-1.434030658435868,-1.9638530592778822,-0.15306224899260432,Q1
1675,58,53,9,5,5,326.8,10,9,401.13000000000005,1,1.1185803362253726,0.14001820786671987,1.0164509991671875,-0.2067769744851641,Q4
1676,115,65,8,8,7,477.0300000000002,7,6,568.0500000000002,1,1.6728981324828744,0.7209528108435844,1.3365053356027676,1.32409270205279,Q4
1677,15,43,6,5,5,222.28,11,10,341.7,1,0.656648839344121,0.14001820786671987,0.6907066108430727,-1.3616435725751996,Q4
1678,118,32,5,9,6,186.77000000000004,13,12,589.8200000000002,1,0.14852419277474416,0.8719092510134965,0.5437660997073676,1.4046647902916296,Q3
1679,30,26,8,30,18,132.38000000000002,6,5,35.37,1,-0.1286347053540068,2.4929380973992887,0.25361943963728295,-0.9587831313810011,Q3
1680,68,19,4,1,1,62.50000000000001,0,0,0.0,0,-0.45198675317088294,-1.434030658435868,-0.3759889824486085,0.061796652977634835,Q2
1681,61,74,10,15,12,505.13000000000005,18,16,484.00000000000006,1,2.088636479676001,1.5453121315413032,1.3849627580010906,-0.12620488624632442,Q4
1682,80,10,4,1,1,31.67,3,3,26.599999999999998,1,-0.8677251003640094,-1.434030658435868,-0.9397832597679666,0.38408500593299355,Q1
1683,24,11,4,6,5,117.37,10,10,175.92999999999995,1,-0.8215319506758842,0.3608792935514903,0.15233837306564682,-1.1199273078586804,Q1
1684,64,15,4,4,4,90.34,0,0,0.0,0,-0.6367593519233836,-0.12120501231222784,-0.0675747001123754,-0.04563279800748474,Q2
1685,44,7,3,4,4,21.230000000000004,6,6,36.16,1,-1.0063045494283849,-0.12120501231222784,-1.2664077368899869,-0.5827800529330827,Q1
1686,109,12,4,2,2,42.779999999999994,6,5,141.98000000000002,1,-0.7753388009877591,-0.8530960554590038,-0.6914563164459535,1.1629485255751104,Q2
1687,95,54,9,10,8,278.28999999999996,14,14,367.37999999999994,1,1.1647734859134977,1.0084659617071041,0.8805862733313891,0.7869454471271919,Q4
1688,81,18,7,4,4,108.11,3,2,45.480000000000004,1,-0.4981799028590081,-0.12120501231222784,0.08323337452817929,0.4109423686792735,Q2
1689,9,12,4,5,3,52.29,0,0,0.0,0,-0.7753388009877591,0.14001820786671987,-0.5246961091355754,-1.522787749052879,Q2
1690,93,39,7,9,5,148.57000000000005,7,5,186.84999999999997,1,0.4718762405916203,0.8719092510134965,0.3508076129755352,0.7332307216346322,Q3
1691,94,48,7,9,7,310.33,1,1,13.93,1,0.8876145877847468,0.8719092510134965,0.9727187114704778,0.7600880843809121,Q4
1692,18,7,2,1,1,9.0,0,0,0.0,0,-1.0063045494283849,-1.434030658435868,-1.9441132750514138,-1.28107148433636,Q1
1693,106,73,10,12,10,435.66000000000025,15,13,650.6600000000001,1,2.0424433299878757,1.2478145429013479,1.2597144589974263,1.0823764373362708,Q4
1694,108,36,4,9,4,165.42000000000002,25,16,693.0900000000001,1,0.3332967915272448,0.8719092510134965,0.4413684344162045,1.1360911628288306,Q3
1695,28,21,6,15,12,80.57,20,18,169.56,1,-0.3596004537946326,1.5453121315413032,-0.16354545580515611,-1.012497856873561,Q2
1696,98,9,4,1,1,24.6,2,2,125.95999999999998,1,-0.9139182500521346,-1.434030658435868,-1.146664396684098,0.8675175353660317,Q1
1697,106,16,5,3,3,60.02000000000001,1,1,25.0,1,-0.5905662022352585,-0.44091639511014435,-0.4097854758686359,1.0823764373362708,Q2
1698,74,28,6,5,3,156.23000000000002,0,0,0.0,0,-0.03624840597775649,0.14001820786671987,0.39317828195946397,0.2229408294553142,Q3
1699,88,17,4,3,1,52.32000000000001,1,1,35.27,1,-0.5443730525471333,-0.44091639511014435,-0.5242186623619562,0.5989439079032327,Q2
1700,75,8,4,1,1,28.13,2,2,120.25,1,-0.9601113997402597,-1.434030658435868,-1.0370786137976806,0.2497981922015941,Q1
1701,81,15,6,3,3,77.12999999999998,4,4,147.97,1,-0.6367593519233836,-0.44091639511014435,-0.2000983988054078,0.4109423686792735,Q2
1702,107,6,2,1,1,13.34,0,0,0.0,0,-1.05249769911651,-1.434030658435868,-1.6383128739478119,1.1092338000825508,Q1
1703,111,21,4,6,6,145.06000000000006,12,11,284.13,1,-0.3596004537946326,0.3608792935514903,0.33066199187527096,1.2166632510676703,Q2
1704,7,13,3,13,8,36.959999999999994,0,0,0.0,0,-0.7291456512996339,1.353993556877214,-0.8124675013689667,-1.5765024745454388,Q2
1705,37,4,2,2,2,4.8,2,2,20.04,1,-1.1448839984927603,-0.8530960554590038,-2.406228935487135,-0.7707815921570419,Q1
1706,75,23,7,3,2,87.47,1,1,3.35,1,-0.2672141544183823,-0.44091639511014435,-0.09465831193062943,0.2497981922015941,Q2
1707,16,47,7,27,18,261.06,106,43,988.55,1,0.8414214380966216,2.347107820202938,0.8265661602182393,-1.3347862098289196,Q4
1708,95,48,6,5,5,349.9599999999999,5,5,283.66999999999996,1,0.8876145877847468,0.14001820786671987,1.0743662019154827,0.7869454471271919,Q4
1709,69,34,9,11,7,135.45999999999998,2,2,68.15,1,0.24091049215099447,1.1331324711924438,0.27298655278853184,0.08865401572391474,Q3
1710,16,1,1,1,1,4.99,22,15,1519.8300000000013,1,-1.2834634475571358,-1.434030658435868,-2.3788838656884916,-1.3347862098289196,Q1
1711,66,25,7,2,2,111.72,2,2,92.63,1,-0.17482785504213197,-0.8530960554590038,0.11084722099473032,0.008081927485075049,Q2
1712,117,35,7,16,4,203.57000000000005,0,0,0.0,0,0.2871036418391196,1.632172726698009,0.6164626795579885,1.3778074275453496,Q3
1713,19,1,1,1,1,11.59,2,1,18.310000000000002,1,-1.2834634475571358,-1.434030658435868,-1.748724746097726,-1.25421412159008,Q1
1714,36,6,4,2,2,21.41,1,1,41.580000000000005,1,-1.05249769911651,-0.8530960554590038,-1.2595662214248324,-0.7976389549033218,Q1
1715,22,15,7,5,5,68.30999999999999,5,5,69.45,1,-0.6367593519233836,0.14001820786671987,-0.3017171270915402,-1.1736420333512403,Q2
1716,91,65,12,35,17,508.31000000000006,51,23,299.51000000000005,1,1.6728981324828744,2.7071813374950318,1.3902761996151811,0.6795159961420724,Q4
1717,59,18,4,5,5,154.88,6,6,145.24999999999997,1,-0.4981799028590081,0.14001820786671987,0.38586283001847593,-0.1799196117388842,Q2
1718,40,33,8,5,4,119.94,4,4,116.85000000000002,1,0.19471734246286931,0.14001820786671987,0.17056014527806218,-0.6902095039182022,Q3
1719,71,38,4,5,4,160.83,8,7,308.15000000000003,1,0.42568309090349515,0.14001820786671987,0.4176417038110013,0.14236874121647453,Q3
1720,82,49,8,7,7,301.89,14,13,284.84,1,0.9338077374728719,0.5521978682155793,0.9494030645986067,0.43779973142555334,Q4
1721,114,2,1,1,1,2.3899999999999997,0,0,0.0,0,-1.2372702978690107,-1.434030658435868,-2.861813048610807,1.29723533930651,Q1
1722,24,44,7,4,4,312.0400000000001,13,11,858.2600000000002,1,0.7028419890322462,-0.12120501231222784,0.9773655417283301,-1.1199273078586804,Q4
1723,6,6,4,1,1,29.110000000000007,1,1,39.01,1,-1.05249769911651,-1.434030658435868,-1.0090079755141472,-1.6033598372917186,Q1
1724,70,27,7,6,6,216.78000000000003,12,12,258.43,1,-0.08244155566588166,0.3608792935514903,0.6695479016870687,0.11551137847019463,Q3
1725,84,14,3,2,2,52.55,5,5,355.28000000000014,1,-0.6829525016115088,-0.8530960554590038,-0.5205671368671153,0.49151445691811313,Q2
1726,52,61,9,8,8,320.54,16,14,562.5699999999999,1,1.4881255337303736,0.7209528108435844,1.0000934862603281,-0.36792115096284345,Q4
1727,109,16,6,2,2,149.01,0,0,0.0,0,-0.5905662022352585,-0.8530960554590038,0.3532995772531352,1.1629485255751104,Q2
1728,106,3,2,2,2,8.98,1,1,49.300000000000004,1,-1.1910771481808855,-0.8530960554590038,-1.9458116606434344,1.0823764373362708,Q1
1729,34,54,8,6,5,266.81,19,18,565.31,1,1.1647734859134977,0.3608792935514903,0.8449788485348678,-0.8513536803958816,Q4
1730,34,3,2,4,4,66.29,16,13,298.12,1,-1.1910771481808855,-0.12120501231222784,-0.326809051457813,-0.8513536803958816,Q1
1731,63,15,5,4,4,44.550000000000004,9,8,433.1500000000001,1,-0.6367593519233836,-0.12120501231222784,-0.6578334746608289,-0.07249016075376463,Q2
1732,107,8,3,5,3,83.92,18,13,548.0900000000001,1,-0.9601113997402597,0.14001820786671987,-0.1294012579212958,1.1092338000825508,Q1
1733,8,27,6,5,4,117.68999999999997,8,6,284.57,1,-0.08244155566588166,0.14001820786671987,0.15462867954707268,-1.5496451117991588,Q3
1734,107,3,1,2,2,9.36,2,2,25.14,1,-1.1910771481808855,-0.8530960554590038,-1.9141097948342884,1.1092338000825508,Q1
1735,104,10,4,3,3,66.55000000000001,4,4,250.2,1,-0.8677251003640094,-0.44091639511014435,-0.32353747719906767,1.0286617118437111,Q1
1736,102,14,3,2,2,48.58,3,3,66.47000000000001,1,-0.6829525016115088,-0.8530960554590038,-0.5859135554057242,0.9749469863511513,Q2
1737,83,20,3,5,5,40.36999999999999,2,2,14.0,1,-0.4057936034827578,0.14001820786671987,-0.7394904582533842,0.46465709417183326,Q2
1738,24,7,3,3,3,61.9,3,3,67.37,1,-1.0063045494283849,-0.44091639511014435,-0.38404293521793975,-1.1199273078586804,Q1
1739,90,12,4,2,2,48.650000000000006,1,1,13.99,1,-0.7753388009877591,-0.8530960554590038,-0.5847166584543756,0.6526586333957926,Q2
1740,91,31,9,2,2,172.61,0,0,0.0,0,0.102331043086619,-0.8530960554590038,0.4772505494932139,0.6795159961420724,Q3
1741,115,7,3,3,3,30.740000000000002,0,0,0.0,0,-1.0063045494283849,-0.44091639511014435,-0.9642829995941417,1.32409270205279,Q1
1742,72,25,6,14,14,106.37999999999995,33,32,206.26,1,-0.17482785504213197,1.4528438539903603,0.06967464031681125,0.16922610396275442,Q2
1743,74,31,6,5,5,203.60999999999999,3,3,141.4,1,0.102331043086619,0.14001820786671987,0.6166285416866497,0.2229408294553142,Q3
1744,73,44,9,8,3,304.3599999999999,2,2,30.75,1,0.7028419890322462,0.7209528108435844,0.9562930589041811,0.19608346670903432,Q4
1745,6,32,6,7,5,155.66,11,11,222.14,1,0.14852419277474416,0.5521978682155793,0.39009722666082125,-1.6033598372917186,Q3
1746,23,25,4,2,1,110.92999999999998,1,1,141.04999999999998,1,-0.17482785504213197,-0.8530960554590038,0.10488065980781476,-1.1467846706049605,Q2
1747,45,14,5,2,2,85.59,11,10,481.7800000000001,1,-0.6829525016115088,-0.8530960554590038,-0.11288002743665547,-0.5559226901868027,Q2
1748,117,43,5,7,7,204.97000000000008,21,20,418.55000000000007,1,0.656648839344121,0.5521978682155793,0.6222486456110923,1.3778074275453496,Q4
1749,92,33,6,5,5,204.02000000000004,12,12,497.79999999999995,1,0.19471734246286931,0.14001820786671987,0.6183267614327383,0.7063733588883523,Q3
1750,88,36,8,4,3,196.64000000000007,2,2,15.44,1,0.3332967915272448,-0.12120501231222784,0.5872262057209339,0.5989439079032327,Q3
1751,19,7,2,1,1,16.28,3,3,74.94000000000001,1,-1.0063045494283849,-1.434030658435868,-1.480099450729946,-1.25421412159008,Q1
1752,56,34,6,10,8,159.92,14,11,510.0900000000001,1,0.24091049215099447,1.0084659617071041,0.41285784964034933,-0.26049169997772387,Q3
1753,95,26,6,14,12,75.5,35,25,267.55,1,-0.1286347053540068,1.4528438539903603,-0.21798433081291296,0.7869454471271919,Q3
1754,38,18,7,3,3,75.63000000000001,6,6,109.09999999999998,1,-0.4981799028590081,-0.44091639511014435,-0.21654392516963647,-0.743924229410762,Q2
1755,74,45,7,4,4,251.68,2,2,23.669999999999998,1,0.7490351387203713,-0.12120501231222784,0.7956443693041017,0.2229408294553142,Q4
1756,59,35,9,3,3,192.31000000000003,12,12,743.6400000000001,1,0.2871036418391196,-0.44091639511014435,0.5684336399878737,-0.1799196117388842,Q3
1757,34,26,6,5,3,200.23999999999998,0,0,0.0,0,-0.1286347053540068,0.14001820786671987,0.6025396778341519,-0.8513536803958816,Q3
1758,20,9,4,3,2,38.120000000000005,3,3,68.06,1,-0.9139182500521346,-0.44091639511014435,-0.7869316281734995,-1.2273567588438001,Q1
1759,116,44,3,2,2,151.00000000000003,2,2,129.74,1,0.7028419890322462,-0.8530960554590038,0.36447952255043237,1.3509500647990698,Q4
1760,16,14,5,1,1,70.44,2,2,99.94000000000003,1,-0.6829525016115088,-1.434030658435868,-0.27603884317022165,-1.3347862098289196,Q2
1761,102,16,4,1,1,54.7,0,0,0.0,0,-0.5905662022352585,-1.434030658435868,-0.48717265347023314,0.9749469863511513,Q2
1762,93,103,11,14,11,874.3100000000005,21,18,1128.2900000000004,1,3.4282378206316304,1.4528438539903603,1.8496721268450014,0.7332307216346322,Q4
1763,77,5,3,1,1,16.62,1,1,26.089999999999996,1,-1.0986908488046352,-1.434030658435868,-1.4635696023433546,0.3035129176941539,Q1
1764,110,24,3,1,1,65.82000000000001,4,4,141.88,1,-0.22102100473025715,-1.434030658435868,-0.3327552596858455,1.1898058883213904,Q2
1765,81,38,7,1,1,131.64000000000001,1,1,33.44,1,0.42568309090349515,-1.434030658435868,0.2488996766422436,0.4109423686792735,Q3
1766,86,5,1,2,2,8.379999999999999,1,1,15.850000000000001,1,-1.0986908488046352,-0.8530960554590038,-1.9984117691723342,0.545229182410673,Q1
1767,14,26,6,2,2,119.76,6,4,325.90999999999997,1,-0.1286347053540068,-0.8530960554590038,0.16929658031483305,-1.3885009353214794,Q3
1768,114,11,3,1,1,30.389999999999997,1,1,6.49,1,-0.8215319506758842,-1.434030658435868,-0.97368972236226,1.29723533930651,Q1
1769,17,11,3,1,1,51.47,2,2,91.83,1,-0.8215319506758842,-1.434030658435868,-0.5378514696188071,-1.3079288470826398,Q1
1770,49,31,5,14,12,183.46000000000004,67,40,1060.67,1,0.102331043086619,1.4528438539903603,0.5286781680205787,-0.44849323920168316,Q3
1771,25,7,3,1,1,41.040000000000006,1,1,27.73,1,-1.0063045494283849,-1.434030658435868,-0.7258613430515233,-1.0930699451124006,Q1
1772,29,39,6,9,9,213.0000000000001,16,15,388.23,1,0.4718762405916203,0.8719092510134965,0.6546939497907309,-0.985640494127281,Q3
1773,71,36,8,6,6,269.05,8,7,300.60999999999996,1,0.3332967915272448,0.3608792935514903,0.8520449996635222,0.14236874121647453,Q3
1774,82,80,9,3,3,400.1699999999999,5,5,271.64,1,2.365795377804752,-0.44091639511014435,1.1878007498572563,0.43779973142555334,Q4
1775,113,33,7,6,5,187.62000000000003,15,14,653.94,1,0.19471734246286931,0.3608792935514903,0.5475977267310532,1.27037797656023,Q3
1776,115,65,7,17,12,364.89000000000004,48,33,651.8600000000004,1,1.6728981324828744,1.7140670741693078,1.1097085960016209,1.32409270205279,Q4
1777,99,15,3,3,3,112.27999999999997,10,10,159.92000000000002,1,-0.6367593519233836,-0.44091639511014435,0.11505140888342741,0.8943748981123115,Q2
1778,84,67,10,19,13,529.35,26,20,851.91,1,1.7652844318591248,1.8650235143392198,1.4246173895522851,0.49151445691811313,Q4
1779,37,34,5,7,7,112.99999999999996,7,6,150.06,1,0.24091049215099447,0.5521978682155793,0.12042635814059628,-0.7707815921570419,Q3
1780,26,40,7,3,3,148.52,1,1,6.91,1,0.5180693902797454,-0.44091639511014435,0.3505239714870967,-1.0662125823661208,Q3
1781,71,56,9,9,8,265.4500000000001,9,9,387.8499999999999,1,1.257159785289748,0.8719092510134965,0.8406597926178719,0.14236874121647453,Q4
1782,67,42,5,2,2,221.3,4,4,141.10000000000002,1,0.6104556896559957,-0.8530960554590038,0.6869749451758286,0.03493929023135494,Q3
1783,48,38,6,10,10,176.89000000000004,8,8,272.16,1,0.42568309090349515,1.0084659617071041,0.49791108360337016,-0.475350601947963,Q3
1784,28,12,5,2,2,67.64,8,7,368.32000000000005,1,-0.7753388009877591,-0.8530960554590038,-0.3099577141678762,-1.012497856873561,Q2
1785,69,2,2,1,1,12.43,7,6,94.04,1,-1.2372702978690107,-1.434030658435868,-1.6939318099163034,0.08865401572391474,Q1
1786,69,13,8,4,4,30.200000000000006,2,2,11.69,1,-0.7291456512996339,-0.12120501231222784,-0.9788402488325237,0.08865401572391474,Q2
1787,39,17,5,3,3,50.85000000000001,2,2,61.87000000000002,1,-0.5443730525471333,-0.44091639511014435,-0.5479354238230787,-0.717066866664482,Q2
1788,103,71,8,7,4,437.6900000000003,9,7,771.0500000000002,1,1.9500570306116254,0.5521978682155793,1.2636492051597892,1.001804349097431,Q4
1789,11,5,2,2,1,6.34,2,2,20.9,1,-1.0986908488046352,-0.8530960554590038,-2.2064602657445667,-1.469073023560319,Q1
1790,72,14,4,2,2,61.61,5,5,187.51,1,-0.6829525016115088,-0.8530960554590038,-0.3879632603007984,0.16922610396275442,Q2
1791,102,6,4,2,2,25.32,10,10,126.60000000000001,1,-1.05249769911651,-0.8530960554590038,-1.123134105889166,0.9749469863511513,Q1
1792,74,39,9,11,10,279.36000000000007,13,11,297.34000000000003,1,0.4718762405916203,1.1331324711924438,0.883830188129189,0.2229408294553142,Q3
1793,21,33,5,6,5,135.67000000000002,5,4,145.68,1,0.19471734246286931,0.3608792935514903,0.27429107541348713,-1.20049939609752,Q3
1794,12,66,6,7,6,495.08000000000027,0,0,0.0,0,1.7190912821709996,0.5521978682155793,1.367948088098718,-1.4422156608140393,Q4
1795,89,37,7,30,19,362.4900000000001,107,42,1037.94,1,0.37948994121536994,2.4929380973992887,1.1041256863637081,0.6258012706495126,Q3
1796,71,2,2,1,1,11.93,1,1,77.69999999999999,1,-1.2372702978690107,-1.434030658435868,-1.7261186492059615,0.14236874121647453,Q1
1797,74,62,11,13,9,454.9699999999999,6,6,220.91,1,1.5343186834184988,1.353993556877214,1.296424104868812,0.2229408294553142,Q4
1798,98,37,6,3,3,171.89,4,4,158.73,1,0.37948994121536994,-0.44091639511014435,0.4737249617909766,0.8675175353660317,Q3
1799,61,7,3,4,4,23.59,2,2,12.850000000000001,1,-1.0063045494283849,-0.12120501231222784,-1.1808123321436867,-0.12620488624632442,Q1
1800,54,29,8,3,3,166.43,2,1,35.65,1,0.00994474371036867,-0.44091639511014435,0.44650145443787115,-0.31420642547028366,Q3
1801,100,14,3,6,5,81.73,6,6,95.68,1,-0.6829525016115088,0.3608792935514903,-0.15156621535817855,0.9212322608585914,Q2
1802,108,15,7,2,2,109.88999999999997,5,5,460.59,1,-0.6367593519233836,-0.8530960554590038,0.0969614114498737,1.1360911628288306,Q2
1803,18,91,11,16,14,1189.87,23,20,1549.7199999999998,1,2.8739200243741285,1.632172726698009,2.1108442059245145,-1.28107148433636,Q4
1804,100,87,12,28,17,926.3700000000005,30,25,839.9300000000001,1,2.689147425621628,2.3973852954648938,1.8986847495206942,0.9212322608585914,Q4
1805,69,5,2,1,1,20.04,11,10,135.17000000000002,1,-1.0986908488046352,-1.434030658435868,-1.313081329846244,0.08865401572391474,Q1
1806,47,24,5,7,6,78.29,10,10,292.09999999999997,1,-0.22102100473025715,0.5521978682155793,-0.1875955902259205,-0.5022079646942429,Q2
1807,118,83,9,15,14,699.3800000000006,16,16,813.4500000000003,1,2.5043748268691273,1.5453121315413032,1.6605296873012285,1.4046647902916296,Q4
1808,27,13,6,7,6,84.91000000000003,12,11,105.27999999999999,1,-0.7291456512996339,0.5521978682155793,-0.11956844999507056,-1.0393552196198408,Q2
1809,19,33,5,7,2,155.22000000000003,0,0,0.0,0,0.19471734246286931,0.5521978682155793,0.38771119171574187,-1.25421412159008,Q3
1810,96,17,3,14,13,206.06000000000003,33,29,374.01,1,-0.5443730525471333,1.4528438539903603,0.6267262688604462,0.8138028098734719,Q2
1811,96,16,7,1,1,131.72,4,2,190.54,1,-0.5905662022352585,-1.434030658435868,0.24941118906043377,0.8138028098734719,Q2
1812,115,11,3,4,3,24.69,4,4,63.34,1,-0.8215319506758842,-0.12120501231222784,-1.1436871700453222,1.32409270205279,Q1
1813,115,3,1,1,1,3.55,0,0,0.0,0,-1.1910771481808855,-1.434030658435868,-2.612147890285286,1.32409270205279,Q1
1814,101,33,9,4,4,236.50000000000003,0,0,0.0,0,0.19471734246286931,-0.12120501231222784,0.743084204807853,0.9480896236048714,Q3
1815,118,7,3,1,1,16.23,2,2,30.69,1,-1.0063045494283849,-1.434030658435868,-1.4825577060573187,1.4046647902916296,Q1
1816,65,36,6,6,5,236.39,15,14,617.72,1,0.3332967915272448,0.3608792935514903,0.7426911968824207,-0.018775435261204846,Q3
1817,104,18,6,5,5,50.029999999999994,3,3,48.77000000000001,1,-0.4981799028590081,0.14001820786671987,-0.5614590679478397,1.0286617118437111,Q2
1818,15,64,8,14,10,338.24,19,16,510.71,1,1.6267049827947493,1.4528438539903603,1.045552700061005,-1.3616435725751996,Q4
1819,117,33,7,5,5,117.11999999999999,8,7,81.38000000000001,1,0.19471734246286931,0.14001820786671987,0.1505447588834833,1.3778074275453496,Q3
1820,115,27,5,6,5,177.15000000000003,0,0,0.0,0,-0.08244155566588166,0.3608792935514903,0.4991500977724139,1.32409270205279,Q3
1821,30,6,2,2,2,25.22,0,0,0.0,0,-1.05249769911651,-0.8530960554590038,-1.1263634334273098,-0.9587831313810011,Q1
1822,71,54,9,21,11,215.92000000000004,34,27,951.8500000000001,1,1.1647734859134977,2.001580225032828,0.6661912133643959,0.14236874121647453,Q4
1823,116,83,10,11,9,663.3300000000003,27,22,1044.7300000000005,1,2.5043748268691273,1.1331324711924438,1.6156998066737323,1.3509500647990698,Q4
1824,66,20,4,5,5,90.14999999999999,19,16,292.50999999999993,1,-0.4057936034827578,0.14001820786671987,-0.06934121103370046,0.008081927485075049,Q2
1825,62,16,7,2,2,77.47,6,5,225.30999999999997,1,-0.5905662022352585,-0.8530960554590038,-0.19641465446351486,-0.09934752350004453,Q2
1826,81,44,6,9,7,210.11000000000004,8,7,154.87,1,0.7028419890322462,0.8719092510134965,0.6431592883385643,0.4109423686792735,Q4
1827,14,6,2,2,2,23.549999999999997,0,0,0.0,0,-1.05249769911651,-0.8530960554590038,-1.1821934367545726,-1.3885009353214794,Q1
1828,3,80,11,14,12,904.170000000001,15,13,1037.4400000000005,1,2.365795377804752,1.4528438539903603,1.8781295168000316,-1.6839319255305583,Q4
1829,87,34,4,8,8,167.14,31,27,449.94999999999993,1,0.24091049215099447,0.7209528108435844,0.4500913144128368,0.5720865451569528,Q3
1830,69,7,4,1,1,39.440000000000005,0,0,0.0,0,-1.0063045494283849,-1.434030658435868,-0.7587788893754157,0.08865401572391474,Q1
1831,104,41,9,11,8,234.23,14,11,493.56000000000006,1,0.5642625399678706,1.1331324711924438,0.7349368304602875,1.0286617118437111,Q3
1832,91,31,7,4,3,113.78999999999999,8,8,367.9100000000001,1,0.102331043086619,-0.12120501231222784,0.12628495236450152,0.6795159961420724,Q3
1833,16,17,4,1,1,115.99999999999996,2,2,157.81000000000003,1,-0.5443730525471333,-1.434030658435868,0.14246248851108706,-1.3347862098289196,Q2
1834,84,21,6,1,1,64.09000000000002,10,9,394.95000000000016,1,-0.3596004537946326,-1.434030658435868,-0.3550085854081118,0.49151445691811313,Q2
1835,12,68,10,22,17,575.1300000000005,26,19,769.2600000000001,1,1.81147758154725,2.0652689778362388,1.494856961957862,-1.4422156608140393,Q4
1836,62,35,8,5,5,164.07000000000002,12,11,420.72999999999996,1,0.2871036418391196,0.14001820786671987,0.43445860417430043,-0.09934752350004453,Q3
1837,75,32,8,3,3,308.4000000000001,2,2,77.97999999999999,1,0.14852419277474416,-0.44091639511014435,0.9674432845263337,0.2497981922015941,Q3
1838,106,7,3,3,3,27.520000000000003,5,5,194.28000000000003,1,-1.0063045494283849,-0.44091639511014435,-1.0550320826281898,1.0823764373362708,Q1
1839,117,13,3,3,3,38.31,7,6,135.06000000000003,1,-0.7291456512996339,-0.44091639511014435,-0.7828213248178372,1.3778074275453496,Q2
1840,91,2,2,1,1,4.99,0,0,0.0,0,-1.2372702978690107,-1.434030658435868,-2.3788838656884916,0.6795159961420724,Q1
1841,97,27,5,2,2,134.87,4,4,278.99999999999994,1,-0.08244155566588166,-0.8530960554590038,0.2693106937805619,0.8406601726197518,Q3
1842,114,44,8,6,6,362.86000000000024,3,3,223.62999999999997,1,0.7028419890322462,0.3608792935514903,1.1049887840619985,1.29723533930651,Q4
1843,2,6,2,2,2,27.190000000000005,2,2,37.4,1,-1.05249769911651,-0.8530960554590038,-1.0649053485607267,-1.7107892882768383,Q1
1844,96,35,8,4,4,158.4,10,8,119.86999999999999,1,0.2871036418391196,-0.12120501231222784,0.40480657888024035,0.8138028098734719,Q3
1845,50,72,10,4,4,399.4300000000003,14,13,1552.9500000000007,1,1.9962501802997505,-0.12120501231222784,1.1862344468756358,-0.42163587645540324,Q4
1846,100,2,2,2,1,13.39,0,0,0.0,0,-1.2372702978690107,-0.8530960554590038,-1.6353600574620761,0.9212322608585914,Q1
1847,101,20,5,5,5,86.07000000000001,4,4,127.45000000000002,1,-0.4057936034827578,0.14001820786671987,-0.10819033688580301,0.9480896236048714,Q2
1848,105,76,12,11,9,1037.2200000000012,13,13,1472.170000000001,1,2.181022779052251,1.1331324711924438,1.994471502890908,1.055519074589991,Q4
1849,45,11,5,7,7,102.06,13,12,301.33,1,-0.8215319506758842,0.5521978682155793,0.03483945613373497,-0.5559226901868027,Q1
1850,117,42,8,9,8,223.32,13,10,355.92999999999995,1,0.6104556896559957,0.8719092510134965,0.6946488746517098,1.3778074275453496,Q3
1851,20,5,2,2,2,20.17,2,2,13.34,1,-1.0986908488046352,-0.8530960554590038,-1.3078557918086764,-1.2273567588438001,Q1
1852,11,113,14,18,18,792.3300000000004,25,18,685.1300000000001,1,3.890169317512882,1.791532481413008,1.7662470347693298,-1.469073023560319,Q4
1853,43,5,2,4,4,35.980000000000004,0,0,0.0,0,-1.0986908488046352,-0.12120501231222784,-0.8346565552765758,-0.6096374156793625,Q1
1854,44,94,15,25,16,718.8000000000006,36,32,812.8800000000005,1,3.012499473438504,2.240928806227072,1.6837321746579528,-0.5827800529330827,Q4
1855,58,2,2,1,1,10.370000000000001,1,1,32.17,1,-1.2372702978690107,-1.434030658435868,-1.8351917489864502,-0.2067769744851641,Q1
1856,17,56,10,13,9,240.2100000000001,50,34,294.53000000000003,1,1.257159785289748,1.353993556877214,0.7562337806743907,-1.3079288470826398,Q4
1857,28,9,7,4,3,78.78,3,3,69.53,1,-0.9139182500521346,-0.12120501231222784,-0.18236909193523926,-1.012497856873561,Q1
1858,95,34,6,3,3,143.91,6,5,274.96000000000004,1,0.24091049215099447,-0.44091639511014435,0.32395614661490435,0.7869454471271919,Q3
1859,105,30,6,6,5,361.20000000000016,7,5,319.75000000000006,1,0.05613789339849383,0.3608792935514903,1.1011096215555045,1.055519074589991,Q3
1860,96,6,3,2,2,15.1,13,10,317.96,1,-1.05249769911651,-0.8530960554590038,-1.5401031906077076,0.8138028098734719,Q1
1861,7,26,5,3,3,74.57,7,5,75.12,1,-0.1286347053540068,-0.44091639511014435,-0.22836072488869608,-1.5765024745454388,Q3
1862,73,33,9,12,8,218.65999999999997,17,16,282.34,1,0.19471734246286931,1.2478145429013479,0.676839851490027,0.19608346670903432,Q3
1863,12,1,1,1,1,2.0,5,4,55.99000000000001,1,-1.2834634475571358,-1.434030658435868,-2.965495560902328,-1.4422156608140393,Q1
1864,103,62,10,5,5,463.47000000000014,22,19,1955.5000000000018,1,1.5343186834184988,0.14001820786671987,1.3120929658735025,1.001804349097431,Q4
1865,21,68,9,8,8,398.54000000000013,14,14,563.27,1,1.81147758154725,0.7209528108435844,1.1843468114238258,-1.20049939609752,Q4
1866,104,2,2,1,1,9.57,2,2,25.44,1,-1.2372702978690107,-1.434030658435868,-1.8970856117741333,1.0286617118437111,Q1
1867,75,32,10,21,13,154.77,40,22,475.69000000000005,1,0.14852419277474416,2.001580225032828,0.3852639673901391,0.2497981922015941,Q3
1868,32,7,2,2,2,25.85,7,5,77.7,1,-1.0063045494283849,-0.8530960554590038,-1.1062209273249066,-0.9050684058884414,Q1
1869,74,50,7,7,6,208.86000000000007,12,12,305.09000000000003,1,0.9800008871609971,0.5521978682155793,0.6381212463572898,0.2229408294553142,Q4
1870,53,1,1,2,2,10.98,4,4,26.610000000000003,1,-1.2834634475571358,-0.8530960554590038,-1.7908570853761236,-0.3410637882165636,Q1
1871,83,15,5,1,1,60.910000000000004,5,5,99.24000000000001,1,-0.6367593519233836,-1.434030658435868,-0.39750143215409955,0.46465709417183326,Q2
1872,49,37,8,10,7,224.69999999999996,19,15,388.23,1,0.37948994121536994,1.0084659617071041,0.6998518320806298,-0.44849323920168316,Q3
1873,25,54,10,13,10,325.6200000000002,36,28,692.0499999999998,1,1.1647734859134977,1.353993556877214,1.0133916605090525,-1.0930699451124006,Q4
1874,111,13,7,3,3,61.169999999999995,11,8,310.6499999999999,1,-0.7291456512996339,-0.44091639511014435,-0.3939461519156899,1.2166632510676703,Q2
1875,72,11,5,2,2,45.75,0,0,0.0,0,-0.8215319506758842,-0.8530960554590038,-0.6357734671369888,0.16922610396275442,Q1
1876,75,4,3,1,1,35.42,0,0,0.0,0,-1.1448839984927603,-1.434030658435868,-0.8476015546537576,0.2497981922015941,Q1
1877,33,20,4,10,9,117.55000000000001,3,3,92.51,1,-0.4057936034827578,1.0084659617071041,0.15362743120305045,-0.8782110431421615,Q2
1878,8,26,6,9,3,110.55999999999999,5,5,41.57,1,-0.1286347053540068,0.8719092510134965,0.10207169909257177,-1.5496451117991588,Q3
1879,97,23,7,18,15,251.85000000000008,33,31,443.4199999999999,1,-0.2672141544183823,1.791532481413008,0.7962149323560022,0.8406601726197518,Q2
1880,66,17,3,5,4,37.32,6,5,80.3,1,-0.5443730525471333,0.14001820786671987,-0.8044600062817613,0.008081927485075049,Q2
1881,105,50,7,5,5,290.30000000000007,9,8,251.40999999999997,1,0.9800008871609971,0.14001820786671987,0.9163040682681353,1.055519074589991,Q4
1882,65,24,5,9,8,85.71,4,3,82.59,1,-0.22102100473025715,0.8719092510134965,-0.1117051721030801,-0.018775435261204846,Q2
1883,41,15,4,6,4,54.00000000000001,23,18,247.58999999999997,1,-0.6367593519233836,0.3608792935514903,-0.4979016189456872,-0.6633521411719223,Q2
1884,77,1,1,1,1,1.0,0,0,0.0,0,-1.2834634475571358,-1.434030658435868,-3.309469176804861,0.3035129176941539,Q1
1885,116,4,1,1,1,18.5,0,0,0.0,0,-1.1448839984927603,-1.434030658435868,-1.3775646880161823,1.3509500647990698,Q1
1886,14,34,6,15,11,112.73,3,2,80.50999999999999,1,0.24091049215099447,1.5453121315413032,0.11841474084213703,-1.3885009353214794,Q3
1887,33,9,2,1,1,49.89,4,3,28.480000000000004,1,-0.9139182500521346,-1.434030658435868,-0.563789682929797,-0.8782110431421615,Q1
1888,69,24,7,5,4,58.19999999999999,1,1,28.560000000000002,1,-0.22102100473025715,0.14001820786671987,-0.4354734281553491,0.08865401572391474,Q2
1889,97,12,5,3,3,56.61000000000001,9,8,162.12000000000003,1,-0.7753388009877591,-0.44091639511014435,-0.4585698958360677,0.8406601726197518,Q2
1890,82,62,9,4,3,435.93000000000023,2,2,72.63,1,1.5343186834184988,-0.12120501231222784,1.2602388530579292,0.43779973142555334,Q4
1891,95,37,7,5,5,305.30000000000007,1,1,16.6,1,0.37948994121536994,0.14001820786671987,0.9589005315146658,0.7869454471271919,Q3
1892,107,5,3,6,4,23.060000000000002,42,25,760.9300000000001,1,-1.0986908488046352,0.3608792935514903,-1.1992970083282444,1.1092338000825508,Q1
1893,90,1,1,1,1,13.0,0,0,0.0,0,-1.2834634475571358,-1.434030658435868,-1.6586693007932485,0.6526586333957926,Q1
1894,101,23,6,2,2,141.17,0,0,0.0,0,-0.2672141544183823,-0.8530960554590038,0.307761836438947,0.9480896236048714,Q2
1895,44,17,6,8,8,315.6000000000001,11,11,152.43,1,-0.5443730525471333,0.7209528108435844,0.9869587518215414,-0.5827800529330827,Q2
1896,74,56,9,16,11,175.73000000000008,7,7,49.84,1,1.257159785289748,1.632172726698009,0.4923610200931717,0.2229408294553142,Q4
1897,69,5,2,1,1,19.58,0,0,0.0,0,-1.0986908488046352,-1.434030658435868,-1.3318345166867522,0.08865401572391474,Q1
1898,96,11,3,4,2,76.88,8,7,127.87,1,-0.8215319506758842,-0.12120501231222784,-0.20281727594795138,0.8138028098734719,Q1
1899,20,82,10,3,3,739.0500000000005,9,8,1159.6600000000003,1,2.458181677181002,-0.44091639511014435,1.7072689135973471,-1.2273567588438001,Q4
1900,111,43,8,2,2,303.4000000000001,5,5,829.2700000000003,1,0.656648839344121,-0.8530960554590038,0.9536218103474828,1.2166632510676703,Q4
1901,61,66,9,43,16,384.2200000000002,132,37,1897.0500000000002,1,1.7190912821709996,2.9946944883585513,1.153382886224988,-0.12620488624632442,Q4
1902,61,27,5,2,2,165.25000000000003,3,2,130.68,1,-0.08244155566588166,-0.8530960554590038,0.44050139875365024,-0.12620488624632442,Q3
1903,71,35,7,1,1,101.78000000000002,3,2,209.12,1,0.2871036418391196,-1.434030658435868,0.03253148609805744,0.14236874121647453,Q3
1904,58,13,4,4,4,42.080000000000005,6,6,96.83999999999999,1,-0.7291456512996339,-0.12120501231222784,-0.7051301175138293,-0.2067769744851641,Q2
1905,11,83,9,12,9,550.4500000000005,5,5,101.48,1,2.5043748268691273,1.2478145429013479,1.4577146616028682,-1.469073023560319,Q4
1906,104,77,7,12,11,594.5800000000004,17,14,862.4000000000003,1,2.2272159287403763,1.2478145429013479,1.523023988555499,1.0286617118437111,Q4
1907,108,69,9,15,10,310.0000000000001,44,28,801.5300000000002,1,1.857670731235375,1.5453121315413032,0.9718190173474406,1.1360911628288306,Q4
1908,65,16,4,2,2,57.60000000000001,4,4,72.39000000000001,1,-0.5905662022352585,-0.8530960554590038,-0.4441153703220502,-0.018775435261204846,Q2
1909,73,1,1,1,1,49.99,1,1,36.529999999999994,1,-1.2834634475571358,-1.434030658435868,-0.5621243048530248,0.19608346670903432,Q1
1910,22,26,6,5,5,162.18000000000004,5,5,172.28,1,-0.1286347053540068,0.14001820786671987,0.4246893027675991,-1.1736420333512403,Q3
1911,110,29,5,7,7,103.71000000000001,9,8,98.55000000000001,1,0.00994474371036867,0.5521978682155793,0.04831393180638582,1.1898058883213904,Q3
1912,78,35,6,5,5,185.93,12,12,324.6,1,0.2871036418391196,0.14001820786671987,0.5399624723656965,0.33037028044043376,Q3
1913,3,8,4,2,2,13.51,4,3,41.85,1,-0.9601113997402597,-0.8530960554590038,-1.6283149513411492,-1.6839319255305583,Q1
1914,35,41,6,12,12,360.7300000000002,24,20,621.7000000000002,1,0.5642625399678706,1.2478145429013479,1.100008074675673,-0.8244963176496016,Q3
1915,89,34,7,4,2,122.1,5,5,119.94,1,0.24091049215099447,-0.12120501231222784,0.18557792452741462,0.6258012706495126,Q3
1916,1,36,5,7,5,161.35000000000002,9,8,194.29000000000002,1,0.3332967915272448,0.5521978682155793,0.4203632714874533,-1.737646651023118,Q3
1917,8,56,9,18,17,392.99,28,25,690.4200000000002,1,1.257159785289748,1.791532481413008,1.172479882134512,-1.5496451117991588,Q4
1918,87,45,7,11,10,310.45000000000016,13,11,653.2200000000001,1,0.7490351387203713,1.1331324711924438,0.9730456365472117,0.5720865451569528,Q4
1919,49,17,5,1,1,56.22,7,5,293.83,1,-0.5443730525471333,-1.434030658435868,-0.4643324172484608,-0.44849323920168316,Q2
1920,104,16,7,1,1,60.75000000000002,11,9,272.2700000000001,1,-0.5905662022352585,-1.434030658435868,-0.3996967258128952,1.0286617118437111,Q2
1921,105,10,5,3,3,70.87,11,8,161.97000000000003,1,-0.8677251003640094,-0.44091639511014435,-0.27094793922398197,1.055519074589991,Q1
1922,59,41,8,12,5,177.39000000000007,11,10,226.53000000000003,1,0.5642625399678706,1.2478145429013479,0.50029219923379,-0.1799196117388842,Q3
1923,51,45,8,6,4,242.21000000000006,17,13,378.72000000000014,1,0.7490351387203713,0.3608792935514903,0.7632388435547767,-0.39477851370912337,Q4
1924,110,41,7,9,6,289.46000000000015,19,19,325.64,1,0.5642625399678706,0.8719092510134965,0.9138542302458885,1.1898058883213904,Q3
1925,64,52,7,17,15,372.02000000000015,27,23,695.1099999999999,1,1.0723871865372474,1.7140670741693078,1.1260810246115802,-0.04563279800748474,Q4
1926,103,8,4,2,2,51.39000000000001,7,7,232.15999999999997,1,-0.9601113997402597,-0.8530960554590038,-0.5391459094196225,1.001804349097431,Q1
1927,83,31,7,2,2,223.36,5,2,114.72999999999999,1,0.102331043086619,-0.8530960554590038,0.6948001349391508,0.46465709417183326,Q3
1928,32,50,8,6,6,258.4500000000001,11,10,236.19,1,0.9800008871609971,0.3608792935514903,0.8180746852655589,-0.9050684058884414,Q4
1929,4,50,6,4,4,231.48000000000002,3,2,243.36999999999998,1,0.9800008871609971,-0.12120501231222784,0.7249606870625864,-1.6570745627842784,Q4
1930,94,35,6,26,12,206.57999999999998,41,25,408.53,1,0.2871036418391196,2.295001677146172,0.6288540845926486,0.7600880843809121,Q3
1931,60,22,5,8,4,105.66,8,8,112.82000000000001,1,-0.31340730410650747,0.7209528108435844,0.06396720718104537,-0.15306224899260432,Q2
1932,32,13,4,4,3,274.14000000000004,3,3,79.73,1,-0.7291456512996339,-0.12120501231222784,0.8678860567829123,-0.9050684058884414,Q2
1933,36,37,8,7,4,152.03000000000003,8,5,141.29000000000002,1,0.37948994121536994,0.5521978682155793,0.37020877502099014,-0.7976389549033218,Q3
1934,27,27,6,2,2,86.17000000000002,3,3,87.29000000000002,1,-0.08244155566588166,-0.8530960554590038,-0.10721657263762686,-1.0393552196198408,Q3
1935,114,58,12,11,8,631.3500000000003,13,10,846.7700000000009,1,1.3495460846659983,1.1331324711924438,1.5738459613064968,1.29723533930651,Q4
1936,32,57,7,21,10,465.20000000000044,37,22,470.69000000000005,1,1.3033529349778732,2.001580225032828,1.3152468993489626,-0.9050684058884414,Q4
1937,39,73,11,6,6,426.69000000000017,20,17,779.8600000000001,1,2.0424433299878757,0.3608792935514903,1.242106053197528,-0.717066866664482,Q4
1938,65,25,5,4,4,218.17,6,6,115.38000000000001,1,-0.17482785504213197,-0.12120501231222784,0.6749453210363398,-0.018775435261204846,Q2
1939,19,53,7,4,2,243.2200000000001,8,6,310.07000000000005,1,1.1185803362253726,-0.12120501231222784,0.7667545400828906,-1.25421412159008,Q4
1940,42,48,7,6,6,169.85999999999996,8,8,307.8299999999999,1,0.8876145877847468,0.3608792935514903,0.46370513948266145,-0.6364947784256424,Q4
1941,90,15,3,5,5,49.650000000000006,15,12,70.10000000000001,1,-0.6367593519233836,0.14001820786671987,-0.5677999798752007,0.6526586333957926,Q2
1942,102,58,8,15,12,360.23,13,12,312.6,1,1.3495460846659983,1.5453121315413032,1.098834643980856,0.9749469863511513,Q4
1943,11,53,8,12,12,354.11000000000035,30,19,508.28999999999996,1,1.1185803362253726,1.2478145429013479,1.0843387692805493,-1.469073023560319,Q4
1944,89,74,11,9,8,605.2200000000005,15,12,808.5799999999999,1,2.088636479676001,0.8719092510134965,1.5380458037841436,0.6258012706495126,Q4
1945,50,20,4,2,2,83.04000000000002,0,0,0.0,0,-0.4057936034827578,-0.8530960554590038,-0.13823824741004445,-0.42163587645540324,Q2
1946,24,42,7,4,4,193.85999999999999,3,3,218.0,1,0.6104556896559957,-0.12120501231222784,0.5752087083066152,-1.1199273078586804,Q3
1947,114,5,2,1,1,33.95,0,0,0.0,0,-1.0986908488046352,-1.434030658435868,-0.8825529648623182,1.29723533930651,Q1
1948,88,13,4,1,1,33.01,0,0,0.0,0,-0.7291456512996339,-1.434030658435868,-0.9056820865626987,0.5989439079032327,Q2
1949,81,28,8,7,3,101.90999999999998,0,0,0.0,0,-0.03624840597775649,0.5521978682155793,0.03360382453227352,0.4109423686792735,Q3
1950,55,26,6,7,3,83.21000000000001,0,0,0.0,0,-0.1286347053540068,0.5521978682155793,-0.1365239126289998,-0.2873490627240038,Q3
1951,27,13,3,2,2,30.759999999999998,0,0,0.0,0,-0.7291456512996339,-0.8530960554590038,-0.963748610083642,-1.0393552196198408,Q2
1952,81,20,5,5,4,86.25,0,0,0.0,0,-0.4057936034827578,0.14001820786671987,-0.10643836520329131,0.4109423686792735,Q2
1953,73,23,5,3,3,74.87000000000002,8,8,95.67,1,-0.2672141544183823,-0.44091639511014435,-0.22499961383645856,0.19608346670903432,Q2
1954,27,9,5,3,3,38.21,7,6,69.65,1,-0.9139182500521346,-0.44091639511014435,-0.7849821597096504,-1.0393552196198408,Q1
1955,15,35,7,4,4,229.51999999999998,9,7,530.55,1,0.2871036418391196,-0.12120501231222784,0.7177781262008119,-1.3616435725751996,Q3
1956,42,27,5,3,3,112.46000000000005,4,4,255.95,1,-0.08244155566588166,-0.44091639511014435,0.11639834219607048,-0.6364947784256424,Q3
1957,33,23,7,2,2,101.68999999999998,8,8,134.39,1,-0.2672141544183823,-0.8530960554590038,0.03178830311590896,-0.8782110431421615,Q2
1958,60,8,3,1,1,28.019999999999996,3,3,129.98000000000002,1,-0.9601113997402597,-1.434030658435868,-1.040288171028781,-0.15306224899260432,Q1
1959,69,72,10,9,8,547.4000000000001,9,8,422.56000000000006,1,1.9962501802997505,0.8719092510134965,1.4530095586193494,0.08865401572391474,Q4
1960,79,26,5,8,6,186.86999999999992,7,7,220.74999999999994,1,-0.1286347053540068,0.7209528108435844,0.544217778623301,0.3572276431867137,Q3
1961,33,58,6,15,11,261.66999999999996,13,12,152.95,1,1.3495460846659983,1.5453121315413032,0.8285385637714288,-0.8782110431421615,Q4
1962,75,15,6,4,3,69.69,8,8,331.62,1,-0.6367593519233836,-0.12120501231222784,-0.28499210279985815,0.2497981922015941,Q2
1963,71,31,8,3,3,115.58000000000003,6,6,349.1,1,0.102331043086619,-0.44091639511014435,0.13941167441449628,0.14236874121647453,Q3
1964,115,43,7,5,5,142.49999999999994,8,8,154.08,1,0.656648839344121,0.14001820786671987,0.31566119421366123,1.32409270205279,Q4
1965,109,17,9,7,6,116.69999999999999,17,13,455.88999999999993,1,-0.5443730525471333,0.5521978682155793,0.14752292383064108,1.1629485255751104,Q2
1966,117,58,9,8,5,335.09000000000003,8,8,408.09000000000015,1,1.3495460846659983,0.7209528108435844,1.0376386407487785,1.3778074275453496,Q4
1967,17,14,4,1,1,38.169999999999995,2,2,68.13999999999999,1,-0.6829525016115088,-1.434030658435868,-0.7858480371207394,-1.3079288470826398,Q2
1968,66,23,5,4,4,91.04999999999998,8,8,126.26000000000002,1,-0.2672141544183823,-0.12120501231222784,-0.06100589301828922,0.008081927485075049,Q2
1969,78,28,6,12,9,124.71999999999996,22,20,178.92000000000002,1,-0.03624840597775649,1.2478145429013479,0.20344418647580548,0.33037028044043376,Q3
1970,67,24,5,5,4,97.47,9,7,74.10999999999999,1,-0.22102100473025715,0.14001820786671987,-0.0038105646917343155,0.03493929023135494,Q2
1971,25,44,7,4,3,218.05000000000004,20,18,798.9800000000002,1,0.7028419890322462,-0.12120501231222784,0.6744807087369079,-1.0930699451124006,Q4
1972,117,23,6,5,4,57.51,15,12,338.6400000000001,1,-0.2672141544183823,0.14001820786671987,-0.4454192882422801,1.3778074275453496,Q2
1973,56,16,6,14,9,156.34,39,25,514.6,1,-0.5905662022352585,1.4528438539903603,0.3937715856374304,-0.26049169997772387,Q2
1974,25,49,8,12,11,243.14000000000007,33,22,804.8699999999999,1,0.9338077374728719,1.2478145429013479,0.7664765997675642,-1.0930699451124006,Q4
1975,46,44,8,11,11,435.83000000000015,34,27,1444.0500000000004,1,0.7028419890322462,1.1331324711924438,1.2600446708285817,-0.5290653274405228,Q4
1976,73,27,5,10,9,126.43999999999998,20,17,383.74,1,-0.08244155566588166,1.0084659617071041,0.21497186037612523,0.19608346670903432,Q3
1977,111,2,2,2,2,3.36,0,0,0.0,0,-1.2372702978690107,-0.8530960554590038,-2.648334123564907,1.2166632510676703,Q1
1978,31,17,4,5,4,76.57,7,7,103.58,1,-0.5443730525471333,0.14001820786671987,-0.20620083050286672,-0.9319257686347212,Q2
1979,41,17,4,4,3,76.63999999999999,7,7,101.34,1,-0.5443730525471333,-0.12120501231222784,-0.20543562160631498,-0.6633521411719223,Q2
1980,46,48,8,4,3,290.6099999999999,4,4,395.00999999999993,1,0.8876145877847468,-0.12120501231222784,0.9172063909387075,-0.5290653274405228,Q4
1981,79,41,6,7,6,182.27999999999994,8,8,138.49,1,0.5642625399678706,0.5521978682155793,0.5232338402174606,0.3572276431867137,Q3
1982,107,56,6,14,11,384.5399999999999,27,22,655.3599999999997,1,1.257159785289748,1.4528438539903603,1.1540873075181397,1.1092338000825508,Q4
1983,80,78,8,8,5,648.7900000000003,5,5,390.89000000000004,1,2.2734090784285015,0.7209528108435844,1.5969261554670287,0.38408500593299355,Q4
1984,613,3,1,2,2,8.0,1,1,30.939999999999998,1,-1.1910771481808855,-0.8530960554590038,-2.0334951646874266,14.699059349700176,Q1
1985,41,35,7,7,7,227.45000000000016,7,7,208.95,1,0.2871036418391196,0.5521978682155793,0.7101258501086588,-0.6633521411719223,Q3
1986,71,17,4,2,2,54.24000000000001,2,2,44.31,1,-0.5443730525471333,-0.8530960554590038,-0.4942078105560775,0.14236874121647453,Q2
1987,106,3,2,1,1,4.0,8,6,178.77999999999994,1,-1.1910771481808855,-1.434030658435868,-2.5321400553637825,1.0823764373362708,Q1
1988,73,50,10,9,9,748.4300000000005,22,14,329.61,1,0.9800008871609971,0.8719092510134965,1.7179539386215281,0.19608346670903432,Q4
1989,76,37,8,5,5,115.8,5,5,153.38,1,0.37948994121536994,0.14001820786671987,0.1410110881230711,0.27665555494787397,Q3
1990,84,33,7,6,5,159.36999999999995,9,8,337.1,1,0.19471734246286931,0.3608792935514903,0.4099533752919681,0.49151445691811313,Q3
1991,81,8,3,4,4,28.980000000000004,2,2,12.68,1,-0.9601113997402597,-0.12120501231222784,-1.0126786296543238,0.4109423686792735,Q1
1992,99,3,2,1,1,13.79,1,1,68.41,1,-1.1910771481808855,-1.434030658435868,-1.6121003874635351,0.8943748981123115,Q1
1993,95,56,6,9,9,233.11999999999998,14,11,198.98999999999995,1,1.257159785289748,0.8719092510134965,0.7309242051671876,0.7869454471271919,Q4
1994,47,37,4,3,3,136.20999999999998,7,7,121.66000000000001,1,0.37948994121536994,-0.44091639511014435,0.27763637982675365,-0.5022079646942429,Q3
1995,118,80,11,6,6,900.9800000000004,14,11,1152.3600000000006,1,2.365795377804752,0.3608792935514903,1.8751345047631705,1.4046647902916296,Q4
1996,41,7,4,4,4,90.05,8,8,212.64999999999998,1,-1.0063045494283849,-0.12120501231222784,-0.07027243321267888,-0.6633521411719223,Q1
1997,71,7,4,1,1,29.14,5,4,244.71000000000004,1,-1.0063045494283849,-1.434030658435868,-1.0081631522212249,0.14236874121647453,Q1
1998,66,29,5,15,14,102.25,45,39,275.19000000000005,1,0.00994474371036867,1.5453121315413032,0.03640201031282315,0.008081927485075049,Q3
1999,115,22,6,9,6,115.32999999999997,4,3,37.34,1,-0.31340730410650747,0.8719092510134965,0.13759049102677323,1.32409270205279,Q2
2000,50,11,4,8,8,51.839999999999996,8,8,66.85,1,-0.8215319506758842,0.7209528108435844,-0.5318902442854979,-0.42163587645540324,Q1
2001,32,15,3,2,2,62.09000000000001,5,5,173.57000000000002,1,-0.6367593519233836,-0.8530960554590038,-0.3814842344803294,-0.9050684058884414,Q2
2002,17,29,3,2,2,93.88000000000001,5,5,205.51999999999998,1,0.00994474371036867,-0.8530960554590038,-0.03531718556030581,-1.3079288470826398,Q3
2003,35,43,8,7,6,168.22000000000006,1,1,15.46,1,0.656648839344121,0.5521978682155793,0.45552298334456665,-0.8244963176496016,Q4
2004,69,61,10,9,8,374.09999999999985,20,19,786.45,1,1.4881255337303736,0.8719092510134965,1.1307983390853535,0.08865401572391474,Q4
2005,64,5,2,1,1,8.73,3,3,89.06,1,-1.0986908488046352,-1.434030658435868,-1.9673334470101658,-0.04563279800748474,Q1
2006,21,37,7,7,7,199.56999999999988,9,9,550.19,1,0.37948994121536994,0.5521978682155793,0.5997105269862557,-1.20049939609752,Q3
2007,62,19,5,6,5,193.67999999999998,19,17,1066.1000000000004,1,-0.45198675317088294,0.3608792935514903,0.5744246973786268,-0.09934752350004453,Q2
2008,8,18,5,1,1,68.61,0,0,0.0,0,-0.4981799028590081,-1.434030658435868,-0.2980530989949823,-1.5496451117991588,Q2
2009,3,74,10,11,10,539.9700000000003,14,12,475.84000000000003,1,2.088636479676001,1.1331324711924438,1.4414372028395637,-1.6839319255305583,Q4
2010,105,50,7,12,11,425.4900000000002,15,13,173.93,1,0.9800008871609971,1.2478145429013479,1.2397224510210225,1.055519074589991,Q4
2011,57,12,3,4,4,53.02,2,2,11.76,1,-0.7753388009877591,-0.12120501231222784,-0.5131538451016268,-0.233634337231444,Q2
2012,69,39,6,13,9,295.28,30,20,743.0200000000001,1,0.4718762405916203,1.353993556877214,0.9306845812068595,0.08865401572391474,Q3
2013,51,20,5,3,3,64.33,5,5,56.550000000000004,1,-0.4057936034827578,-0.44091639511014435,-0.35188632461080166,-0.39477851370912337,Q2
2014,110,43,9,5,5,163.92999999999998,10,9,215.77999999999994,1,0.656648839344121,0.14001820786671987,0.43373879767789647,1.1898058883213904,Q4
2015,72,69,9,7,6,457.95000000000016,9,9,521.22,1,1.857670731235375,0.5521978682155793,1.3019504285543044,0.16922610396275442,Q4
2016,42,10,4,5,5,33.31,25,14,386.10999999999996,1,-0.8677251003640094,0.14001820786671987,-0.8982317167812411,-0.6364947784256424,Q1
2017,70,16,5,5,5,47.440000000000005,12,12,309.05999999999995,1,-0.5905662022352585,0.14001820786671987,-0.6056473850958375,0.11551137847019463,Q2
2018,4,46,8,7,6,284.27,6,6,169.33999999999997,1,0.7952282884084965,0.5521978682155793,0.8985587927963951,-1.6570745627842784,Q4
2019,103,14,4,3,2,55.050000000000004,10,8,93.91000000000001,1,-0.6829525016115088,-0.44091639511014435,-0.48185862872168067,1.001804349097431,Q2
2020,61,22,6,5,5,97.38999999999997,20,15,425.4500000000001,1,-0.31340730410650747,0.14001820786671987,-0.004500064532487721,-0.12620488624632442,Q2
2021,46,33,7,9,5,210.42999999999998,5,4,62.2,1,0.19471734246286931,0.8719092510134965,0.6444442313700265,-0.5290653274405228,Q3
2022,94,67,5,3,3,388.9500000000002,6,6,809.3300000000004,1,1.7652844318591248,-0.44091639511014435,1.1637360054254002,0.7600880843809121,Q4
2023,93,8,4,4,4,79.71000000000001,3,3,34.11,1,-0.9601113997402597,-0.12120501231222784,-0.17253710092621,0.7332307216346322,Q1
2024,56,22,5,3,2,89.97,10,9,372.2,1,-0.31340730410650747,-0.44091639511014435,-0.07101814763921781,-0.26049169997772387,Q2
2025,60,26,7,3,3,110.47999999999998,6,5,166.61,1,-0.1286347053540068,-0.44091639511014435,0.10146313140516373,-0.15306224899260432,Q3
2026,104,1,1,1,1,19.96,0,0,0.0,0,-1.2834634475571358,-1.434030658435868,-1.316313117830366,1.0286617118437111,Q1
2027,25,18,6,3,3,43.00999999999999,5,4,46.69,1,-0.4981799028590081,-0.44091639511014435,-0.6870111766808025,-1.0930699451124006,Q2
2028,16,31,7,5,5,150.00000000000003,9,9,186.52,1,0.102331043086619,0.14001820786671987,0.3588798763458849,-1.3347862098289196,Q3
2029,106,34,6,5,5,194.1,2,2,24.58,1,0.24091049215099447,0.14001820786671987,0.5762529303933656,1.0823764373362708,Q3
2030,110,27,6,4,4,103.08,4,4,217.14999999999998,1,-0.08244155566588166,-0.12120501231222784,0.04319435794239344,1.1898058883213904,Q3
2031,112,13,2,5,2,29.899999999999995,0,0,0.0,0,-0.7291456512996339,0.14001820786671987,-0.9870368664116421,1.2435206138139503,Q2
2032,68,11,3,6,5,61.08,9,9,54.68,1,-0.8215319506758842,0.3608792935514903,-0.39517514044110097,0.061796652977634835,Q1
2033,72,9,4,3,2,67.24,10,8,287.99,1,-0.9139182500521346,-0.44091639511014435,-0.3149159008115357,0.16922610396275442,Q1
2034,70,1,1,1,1,15.0,2,2,22.57,1,-1.2834634475571358,-1.434030658435868,-1.545388835867756,0.11551137847019463,Q1
2035,44,16,4,3,3,72.08999999999997,6,5,109.43,1,-0.5905662022352585,-0.44091639511014435,-0.25666809254259043,-0.5827800529330827,Q2
2036,116,8,4,1,1,26.58,3,2,176.20999999999992,1,-0.9601113997402597,-1.434030658435868,-1.083464074155917,1.3509500647990698,Q1
2037,97,41,4,10,9,198.96999999999994,14,13,261.44000000000005,1,0.5642625399678706,1.0084659617071041,0.5971689262839729,0.8406601726197518,Q3
2038,27,20,4,2,2,86.05999999999999,0,0,0.0,0,-0.4057936034827578,-0.8530960554590038,-0.1082877748138794,-1.0393552196198408,Q2
2039,11,67,8,22,14,552.0400000000003,17,12,484.2900000000002,1,1.7652844318591248,2.0652689778362388,1.4601571768096684,-1.469073023560319,Q4
2040,66,3,2,1,1,32.870000000000005,31,20,251.54000000000013,1,-1.1910771481808855,-1.434030658435868,-0.9091814452304986,0.008081927485075049,Q1
2041,115,39,9,5,5,253.9400000000001,12,12,405.8800000000001,1,0.4718762405916203,0.14001820786671987,0.8031983213578554,1.32409270205279,Q3
2042,52,51,9,1,1,250.29000000000005,3,3,418.8199999999999,1,1.0261940368491222,-1.434030658435868,0.7909647248620664,-0.36792115096284345,Q4
2043,96,35,6,3,3,83.39999999999999,4,4,107.80000000000003,1,0.2871036418391196,-0.44091639511014435,-0.13461198215038228,0.8138028098734719,Q3
2044,3,16,7,5,4,84.12999999999997,7,7,177.73000000000002,1,-0.5905662022352585,0.14001820786671987,-0.12730596609258735,-1.6839319255305583,Q2
2045,114,13,3,4,4,33.35,2,2,21.669999999999998,1,-0.7291456512996339,-0.12120501231222784,-0.8972432595533444,1.29723533930651,Q2
2046,60,10,3,3,3,46.49,5,5,48.17,1,-0.8677251003640094,-0.44091639511014435,-0.6224503143417413,-0.15306224899260432,Q1
2047,106,29,6,6,6,190.94000000000003,5,5,399.3399999999997,1,0.00994474371036867,0.3608792935514903,0.5623999722527789,1.0823764373362708,Q3
2048,16,8,3,3,3,29.44,1,1,20.279999999999998,1,-0.9601113997402597,-0.44091639511014435,-0.9997608717183329,-1.3347862098289196,Q1
2049,46,35,5,2,2,182.5,2,2,170.01000000000002,1,0.2871036418391196,-0.8530960554590038,0.5242515377623278,-0.5290653274405228,Q3
2050,17,26,7,5,4,133.38,15,14,383.66999999999996,1,-0.1286347053540068,0.14001820786671987,0.25995606395831805,-1.3079288470826398,Q3
2051,15,64,10,34,22,633.6699999999998,62,39,982.2099999999999,1,1.6267049827947493,2.6668192030008546,1.5769527136888009,-1.3616435725751996,Q4
2052,1,2,1,1,1,14.27,1,1,34.61000000000001,1,-1.2372702978690107,-1.434030658435868,-1.585005283777745,-1.737646651023118,Q1
2053,103,55,8,14,11,282.5499999999999,19,14,352.31000000000006,1,1.2109666356016229,1.4528438539903603,0.8934283298823337,1.001804349097431,Q4
2054,41,7,2,3,3,11.809999999999999,3,3,15.080000000000002,1,-1.0063045494283849,-0.44091639511014435,-1.7340286675368946,-0.6633521411719223,Q1
2055,110,13,4,2,2,50.64000000000001,1,1,37.18,1,-0.7291456512996339,-0.8530960554590038,-0.5513783137968146,1.1898058883213904,Q2
2056,92,59,9,11,6,307.0400000000001,9,6,121.36,1,1.3957392343541235,1.1331324711924438,0.9637060832407747,0.7063733588883523,Q4
2057,102,16,7,6,6,49.28000000000001,7,7,178.73999999999998,1,-0.5905662022352585,0.3608792935514903,-0.5740199032767284,0.9749469863511513,Q2
2058,8,38,12,5,5,215.71000000000006,22,18,845.2900000000002,1,0.42568309090349515,0.14001820786671987,0.6653695353850152,-1.5496451117991588,Q3
2059,92,55,10,9,9,364.58000000000004,1,1,73.96000000000001,1,1.2109666356016229,0.8719092510134965,1.108989533169505,0.7063733588883523,Q4
2060,103,7,3,1,1,31.639999999999993,0,0,0.0,0,-1.0063045494283849,-1.434030658435868,-0.9405626289728667,1.001804349097431,Q1
2061,94,7,2,3,3,15.8,3,3,46.41000000000001,1,-1.0063045494283849,-0.44091639511014435,-1.5039980260194257,0.7600880843809121,Q1
2062,39,80,12,20,14,534.1800000000003,32,28,693.1300000000001,1,2.365795377804752,1.9349281598540784,1.4323084471480407,-0.717066866664482,Q4
2063,46,44,11,8,8,221.47000000000003,14,14,365.05999999999995,1,0.7028419890322462,0.7209528108435844,0.6876234528152845,-0.5290653274405228,Q4
2064,13,23,6,9,7,117.62999999999998,12,9,101.78,1,-0.2672141544183823,0.8719092510134965,0.15419971780531913,-1.4153582980677593,Q2
2065,63,29,6,7,6,98.28999999999998,8,8,129.81,1,0.00994474371036867,0.5521978682155793,0.003224685197477474,-0.07249016075376463,Q3
2066,65,30,5,8,4,94.57000000000001,9,8,271.71000000000004,1,0.05613789339849383,0.7209528108435844,-0.02917006608661521,-0.018775435261204846,Q3
2067,97,18,3,3,2,35.29999999999999,2,2,73.35,1,-0.4981799028590081,-0.44091639511014435,-0.8504013701319537,0.8406601726197518,Q2
2068,79,43,7,4,4,126.09999999999998,7,7,205.15999999999997,1,0.656648839344121,-0.12120501231222784,0.21270552188081096,0.3572276431867137,Q4
2069,39,19,6,4,3,63.739999999999995,11,9,291.0,1,-0.45198675317088294,-0.12120501231222784,-0.35958258034375234,-0.717066866664482,Q2
2070,92,30,5,12,10,152.76000000000002,30,22,375.1200000000002,1,0.05613789339849383,1.2478145429013479,0.3742460108650314,0.7063733588883523,Q3
2071,115,7,4,6,3,15.55,8,5,101.88999999999999,1,-1.0063045494283849,0.3608792935514903,-1.5167170546692768,1.32409270205279,Q1
2072,92,43,6,7,7,204.43999999999997,4,3,36.52,1,0.656648839344121,0.5521978682155793,0.6200628834358427,0.7063733588883523,Q4
2073,66,45,6,12,10,285.7699999999999,33,24,631.0800000000002,1,0.7490351387203713,1.2478145429013479,0.9030078449479056,0.008081927485075049,Q4
2074,104,9,2,2,2,25.13,1,1,25.020000000000003,1,-0.9139182500521346,-0.8530960554590038,-1.1292803760828996,1.0286617118437111,Q1
2075,29,48,8,2,2,222.7800000000001,7,6,231.21000000000006,1,0.8876145877847468,-0.8530960554590038,0.6926042166981846,-0.985640494127281,Q4
2076,47,66,9,8,8,358.19000000000005,33,29,924.12,1,1.7190912821709996,0.7209528108435844,1.0940301549378988,-0.5022079646942429,Q4
2077,85,37,8,12,11,187.91,18,14,241.23000000000002,1,0.37948994121536994,1.2478145429013479,0.548901038315032,0.518371819664393,Q3
2078,32,11,4,8,6,155.68999999999997,20,12,531.81,1,-0.8215319506758842,0.7209528108435844,0.39025966674171364,-0.9050684058884414,Q1
2079,67,57,8,11,6,483.30000000000024,19,14,604.55,1,1.3033529349778732,1.1331324711924438,1.3475601460826283,0.03493929023135494,Q4
2080,68,62,7,8,8,299.63999999999993,35,23,819.1200000000001,1,1.5343186834184988,0.7209528108435844,0.9430776746004768,0.061796652977634835,Q4
2081,93,18,6,8,6,160.41,7,7,157.27999999999994,1,-0.4981799028590081,0.7209528108435844,0.4154371227266073,0.7332307216346322,Q2
2082,97,35,6,7,6,153.13999999999996,18,14,565.98,1,0.2871036418391196,0.5521978682155793,0.3763400064819472,0.8406601726197518,Q3
2083,77,76,11,18,15,490.6600000000003,48,34,983.44,1,2.181022779052251,1.791532481413008,1.3603555991796838,0.3035129176941539,Q4
2084,100,2,2,2,2,23.990000000000002,10,10,164.86999999999998,1,-1.2372702978690107,-0.8530960554590038,-1.1671235588238507,0.9212322608585914,Q1
2085,54,65,12,8,6,377.06999999999994,23,18,724.53,1,1.6728981324828744,0.7209528108435844,1.137488973921688,-0.31420642547028366,Q4
2086,77,22,5,4,4,88.68,74,45,496.07000000000005,1,-0.31340730410650747,-0.12120501231222784,-0.08313418953802244,0.3035129176941539,Q2
2087,27,54,8,12,11,256.06999999999994,18,16,537.18,1,1.1647734859134977,1.2478145429013479,0.8102567057463392,-1.0393552196198408,Q4
2088,21,42,7,6,6,227.73000000000008,7,7,182.46,1,0.6104556896559957,0.3608792935514903,0.7111649863756095,-1.20049939609752,Q3
2089,5,4,1,1,1,13.16,0,0,0.0,0,-1.1448839984927603,-1.434030658435868,-1.6490289320536777,-1.6302172000379984,Q1
2090,40,28,6,6,6,156.82999999999998,5,5,67.58999999999999,1,-0.03624840597775649,0.3608792935514903,0.3964094544806649,-0.6902095039182022,Q3
2091,85,20,8,2,2,96.35,0,0,0.0,0,-0.4057936034827578,-0.8530960554590038,-0.013514934819241107,0.518371819664393,Q2
2092,103,20,7,5,5,117.88,14,12,233.35999999999999,1,-0.4057936034827578,0.14001820786671987,0.15598562920519968,1.001804349097431,Q2
2093,101,1,1,1,1,12.5,1,1,64.67,1,-1.2834634475571358,-1.434030658435868,-1.689521548784894,0.9480896236048714,Q1
2094,57,40,10,5,5,203.7700000000001,4,4,219.55999999999995,1,0.5180693902797454,0.14001820786671987,0.6172916661093865,-0.233634337231444,Q3
2095,3,25,6,3,3,81.41999999999996,9,8,217.48999999999995,1,-0.17482785504213197,-0.44091639511014435,-0.1547510381015167,-1.6839319255305583,Q2
2096,95,4,2,2,2,41.97,8,6,177.94,1,-1.1448839984927603,-0.8530960554590038,-0.7072990382812007,0.7869454471271919,Q1
2097,26,47,9,11,9,402.1100000000003,27,20,1016.74,1,0.8414214380966216,1.1331324711924438,1.1918933276470607,-1.0662125823661208,Q4
2098,34,2,2,1,1,18.12,0,0,0.0,0,-1.2372702978690107,-1.434030658435868,-1.3942597095379763,-0.8513536803958816,Q1
2099,25,5,2,1,1,17.68,0,0,0.0,0,-1.0986908488046352,-1.434030658435868,-1.4140103931803356,-1.0930699451124006,Q1
2100,110,46,6,5,4,249.44000000000008,3,2,149.23000000000002,1,0.7952282884084965,0.14001820786671987,0.7880903003239393,1.1898058883213904,Q4
2101,73,12,4,1,1,41.69,0,0,0.0,0,-0.7753388009877591,-1.434030658435868,-0.7128450802042483,0.19608346670903432,Q2
2102,9,2,2,1,1,4.72,5,5,100.26,1,-1.2372702978690107,-1.434030658435868,-2.4180116710075144,-1.522787749052879,Q1
2103,59,10,5,2,2,28.05,5,5,70.72,1,-0.8677251003640094,-0.8530960554590038,-1.0394116323044764,-0.1799196117388842,Q1
2104,10,1,1,1,1,69.99000000000001,0,0,0.0,0,-1.2834634475571358,-1.434030658435868,-0.28139945208948364,-1.4959303863065991,Q1
2105,2,30,6,3,3,85.47999999999996,12,7,385.19999999999993,1,0.05613789339849383,-0.44091639511014435,-0.1139584093370543,-1.7107892882768383,Q3
2106,40,52,12,10,8,519.0400000000004,15,12,881.9500000000005,1,1.0723871865372474,1.0084659617071041,1.4079631934405268,-0.6902095039182022,Q4
2107,72,36,8,6,6,177.33000000000004,5,5,246.64999999999998,1,0.3332967915272448,0.3608792935514903,0.5000068179842276,0.16922610396275442,Q3
2108,102,7,2,5,5,37.87,16,15,163.68,1,-1.0063045494283849,0.14001820786671987,-0.792370442288107,0.9749469863511513,Q1
2109,74,14,6,4,3,44.56999999999999,1,1,1.76,1,-0.6829525016115088,-0.12120501231222784,-0.6574610675785245,0.2229408294553142,Q2
2110,3,119,13,15,14,1044.1100000000006,30,27,1559.1600000000017,1,4.167328215641633,1.5453121315413032,2.0000828143820644,-1.6839319255305583,Q4
2111,19,15,6,5,5,63.54,18,16,196.60000000000005,1,-0.6367593519233836,0.14001820786671987,-0.36220740706605375,-1.25421412159008,Q2
2112,23,12,3,2,2,40.879999999999995,8,8,272.54999999999995,1,-0.7753388009877591,-0.8530960554590038,-0.7290962118705472,-1.1467846706049605,Q2
2113,61,10,3,1,1,36.71000000000001,3,2,81.27000000000001,1,-0.8677251003640094,-1.434030658435868,-0.8180730676865637,-0.12620488624632442,Q1
2114,28,22,5,5,5,90.64999999999999,21,20,310.12,1,-0.31340730410650747,0.14001820786671987,-0.06470037167102063,-1.012497856873561,Q2
2115,75,81,10,13,12,623.4400000000003,33,28,1568.150000000001,1,2.411988527492877,1.353993556877214,1.563167193546616,0.2497981922015941,Q4
2116,6,30,7,5,5,146.32999999999996,20,18,1861.8000000000009,1,0.05613789339849383,0.14001820786671987,0.3380065008607322,-1.6033598372917186,Q3
2117,111,26,9,4,4,64.08000000000001,8,8,119.99000000000001,1,-0.1286347053540068,-0.12120501231222784,-0.3551389293155466,1.2166632510676703,Q3
2118,115,40,6,2,2,147.86000000000004,2,2,149.78000000000003,1,0.5180693902797454,-0.8530960554590038,0.34677098868485806,1.32409270205279,Q3
2119,107,6,3,1,1,22.719999999999995,1,1,9.99,1,-1.05249769911651,-1.434030658435868,-1.2113707461850431,1.1092338000825508,Q1
2120,58,9,3,1,1,25.029999999999998,2,1,34.31,1,-0.9139182500521346,-1.434030658435868,-1.1325332302211317,-0.2067769744851641,Q1
2121,112,75,14,9,8,453.3000000000002,13,11,745.3199999999999,1,2.134829629364126,0.8719092510134965,1.2933113252898396,1.2435206138139503,Q4
2122,57,1,1,2,2,56.099999999999994,0,0,0.0,0,-1.2834634475571358,-0.8530960554590038,-0.4661134045782986,-0.233634337231444,Q1
2123,118,3,3,1,1,6.359999999999999,2,2,162.58,1,-1.1910771481808855,-1.434030658435868,-2.204151847123294,1.4046647902916296,Q1
2124,14,68,7,13,9,296.2800000000001,11,10,282.46000000000004,1,1.81147758154725,1.353993556877214,0.9335430761273683,-1.3885009353214794,Q4
2125,52,17,5,1,1,89.77999999999999,0,0,0.0,0,-0.5443730525471333,-1.434030658435868,-0.07279185096237076,-0.36792115096284345,Q2
2126,94,48,9,9,8,279.4499999999999,14,11,524.9100000000002,1,0.8876145877847468,0.8719092510134965,0.8841024760678611,0.7600880843809121,Q4
2127,62,15,5,1,1,95.95999999999998,0,0,0.0,0,-0.6367593519233836,-1.434030658435868,-0.016920362630739195,-0.09934752350004453,Q2
2128,85,42,7,8,7,478.3900000000003,32,20,472.6400000000001,1,0.6104556896559957,0.7209528108435844,1.3389154538184311,0.518371819664393,Q3
2129,108,38,5,7,6,174.95000000000007,21,19,684.9399999999999,1,0.42568309090349515,0.5521978682155793,0.4886085596849967,1.1360911628288306,Q3
2130,104,52,8,8,8,418.15000000000026,10,9,409.3700000000001,1,1.0723871865372474,0.7209528108435844,1.2249951525252891,1.0286617118437111,Q4
2131,115,12,4,7,6,53.98,27,19,539.4899999999999,1,-0.7753388009877591,0.5521978682155793,-0.49821016352805425,1.32409270205279,Q2
2132,59,7,4,4,2,38.21,4,4,28.92,1,-1.0063045494283849,-0.12120501231222784,-0.7849821597096504,-0.1799196117388842,Q1
2133,80,53,8,11,3,369.73000000000013,10,10,410.8900000000001,1,1.1185803362253726,1.1331324711924438,1.1208569241971844,0.38408500593299355,Q4
2134,30,59,9,3,3,325.4900000000002,5,5,608.78,1,1.3957392343541235,-0.44091639511014435,1.0130539390439417,-0.9587831313810011,Q4
2135,91,32,7,9,7,132.12,2,2,59.0,1,0.14852419277474416,0.8719092510134965,0.2519641350733379,0.6795159961420724,Q3
2136,36,1,1,1,1,8.97,0,0,0.0,0,-1.2834634475571358,-1.434030658435868,-1.9466621302082634,-0.7976389549033218,Q1
2137,71,20,6,8,6,71.88000000000001,24,16,246.40999999999997,1,-0.4057936034827578,0.7209528108435844,-0.259109035477171,0.14236874121647453,Q2
2138,108,12,6,6,5,47.47,5,5,219.34999999999997,1,-0.7753388009877591,0.3608792935514903,-0.6051221493016169,1.1360911628288306,Q2
2139,61,7,5,13,10,29.06,20,16,73.58,1,-1.0063045494283849,1.353993556877214,-1.0104178866245583,-0.12620488624632442,Q1
2140,76,1,1,1,1,7.07,0,0,0.0,0,-1.2834634475571358,-1.434030658435868,-2.126024899567325,0.27665555494787397,Q1
2141,4,24,5,3,3,187.62999999999997,4,4,181.70999999999998,1,-0.22102100473025715,-0.44091639511014435,0.5476427018573654,-1.6570745627842784,Q2
2142,66,42,8,5,4,278.46,7,6,457.73,1,0.6104556896559957,0.14001820786671987,0.8811024912063866,0.008081927485075049,Q3
2143,14,12,3,2,2,35.07,1,1,53.93000000000001,1,-0.7753388009877591,-0.8530960554590038,-0.8557936492669472,-1.3885009353214794,Q2
2144,75,12,5,4,3,101.10999999999999,1,1,13.47,1,-0.7753388009877591,-0.12120501231222784,0.026983220684470913,0.2497981922015941,Q2
2145,93,31,5,2,2,182.14999999999998,5,4,184.53999999999996,1,0.102331043086619,-0.8530960554590038,0.5226318991307068,0.7332307216346322,Q3
2146,12,40,5,7,6,282.09000000000003,3,3,57.99,1,0.5180693902797454,0.5521978682155793,0.8920509544310276,-1.4422156608140393,Q3
2147,118,57,8,3,3,239.34999999999985,7,7,335.3299999999999,1,1.3033529349778732,-0.44091639511014435,0.7532037282169625,1.4046647902916296,Q4
2148,54,53,8,10,10,309.2399999999999,13,13,334.4700000000001,1,1.1185803362253726,1.0084659617071041,0.9697433581988323,-0.31420642547028366,Q4
2149,116,1,1,1,1,0.0,11,10,302.12,1,-1.2834634475571358,-1.434030658435868,-3.8974959571172296,1.3509500647990698,Q1
2150,102,6,2,2,2,8.56,4,4,40.17,1,-1.05249769911651,-0.8530960554590038,-1.9822864898503447,0.9749469863511513,Q1
2151,44,7,3,4,4,28.270000000000003,7,7,54.14,1,-1.0063045494283849,-0.12120501231222784,-1.033011206527254,-0.5827800529330827,Q1
2152,32,5,2,2,2,10.91,1,1,25.57,1,-1.0986908488046352,-0.8530960554590038,-1.7958285548058455,-0.9050684058884414,Q1
2153,76,19,6,3,2,45.629999999999995,2,1,11.47,1,-0.45198675317088294,-0.44091639511014435,-0.6379538324062656,0.27665555494787397,Q2
2154,103,7,4,1,1,41.47,0,0,0.0,0,-1.0063045494283849,-1.434030658435868,-0.7172282635194789,1.001804349097431,Q1
2155,81,10,3,1,1,34.81,1,1,35.010000000000005,1,-0.8677251003640094,-1.434030658435868,-0.8619308285971321,0.4109423686792735,Q1
2156,74,43,8,6,6,243.57999999999998,12,11,575.0,1,0.656648839344121,0.3608792935514903,0.768004145853643,0.2229408294553142,Q4
2157,39,10,3,1,1,30.160000000000004,2,2,61.510000000000005,1,-0.8677251003640094,-1.434030658435868,-0.9799285662619202,-0.717066866664482,Q1
2158,94,34,8,9,7,142.98999999999998,17,15,351.73,1,0.24091049215099447,0.8719092510134965,0.31855304178582494,0.7600880843809121,Q3
2159,111,15,6,3,3,46.16,13,10,263.41999999999996,1,-0.6367593519233836,-0.44091639511014435,-0.6283658860253,1.2166632510676703,Q2
2160,55,4,3,2,2,19.54,5,5,79.69999999999999,1,-1.1448839984927603,-0.8530960554590038,-1.333484990592303,-0.2873490627240038,Q1
2161,34,45,7,3,3,215.3000000000001,5,4,107.17000000000002,1,0.7490351387203713,-0.44091639511014435,0.6637630095999714,-0.8513536803958816,Q4
2162,98,21,8,6,5,308.55,11,7,1098.4300000000005,1,-0.3596004537946326,0.3608792935514903,0.9678544695993477,0.8675175353660317,Q2
2163,51,3,3,1,1,25.16,0,0,0.0,0,-1.1910771481808855,-1.434030658435868,-1.128306947037637,-0.39477851370912337,Q1
2164,112,51,6,6,6,268.99999999999994,9,7,354.03,1,1.0261940368491222,0.3608792935514903,0.8518879135932895,1.2435206138139503,Q4
2165,18,1,1,1,1,2.79,0,0,0.0,0,-1.2834634475571358,-1.434030658435868,-2.767192145201352,-1.28107148433636,Q1
2166,108,6,3,14,9,24.27,8,5,10.35,1,-1.05249769911651,1.4528438539903603,-1.1576711677761347,1.1360911628288306,Q1
2167,118,3,2,1,1,8.25,15,15,420.0,1,-1.1910771481808855,-1.434030658435868,-2.010251427963744,1.4046647902916296,Q1
2168,22,43,8,8,8,222.80000000000015,14,14,423.81,1,0.656648839344121,0.7209528108435844,0.6926800327150247,-1.1736420333512403,Q4
2169,106,7,3,1,1,26.42,3,3,112.65,1,-1.0063045494283849,-1.434030658435868,-1.0883999037588346,1.0823764373362708,Q1
2170,64,71,8,14,13,493.63000000000034,18,17,541.6499999999999,1,1.9500570306116254,1.4528438539903603,1.3654648211646108,-0.04563279800748474,Q4
2171,105,57,8,7,7,211.09000000000006,8,8,311.1499999999999,1,1.3033529349778732,0.5521978682155793,0.6470882956142607,1.055519074589991,Q4
2172,116,20,4,4,4,123.49999999999999,7,7,97.66999999999999,1,-0.4057936034827578,-0.12120501231222784,0.19517156996462728,1.3509500647990698,Q2
2173,50,47,8,9,5,248.93999999999997,0,0,0.0,0,0.8414214380966216,0.8719092510134965,0.7863949016225149,-0.42163587645540324,Q4
2174,97,25,7,2,2,41.410000000000004,7,7,94.17,1,-0.17482785504213197,-0.8530960554590038,-0.7184276180828624,0.8406601726197518,Q2
2175,111,20,6,2,2,99.21999999999997,0,0,0.0,0,-0.4057936034827578,-0.8530960554590038,0.011133712333367084,1.2166632510676703,Q2
2176,103,31,9,7,7,208.82000000000002,11,11,249.66999999999996,1,0.102331043086619,0.5521978682155793,0.6379595339435581,1.001804349097431,Q3
2177,55,22,5,1,1,91.26000000000002,0,0,0.0,0,-0.31340730410650747,-1.434030658435868,-0.0590727133290234,-0.2873490627240038,Q2
2178,79,45,7,5,5,219.40000000000023,9,8,132.07999999999998,1,0.7490351387203713,0.14001820786671987,0.6796929835557911,0.3572276431867137,Q4
2179,62,11,3,2,2,63.83999999999999,7,5,249.92,1,-0.8215319506758842,-0.8530960554590038,-0.35827320623003245,-0.09934752350004453,Q1
2180,28,44,5,6,3,141.42,6,5,150.51000000000002,1,0.7028419890322462,0.3608792935514903,0.30925230261499853,-1.012497856873561,Q4
2181,72,14,4,2,2,76.78,1,1,13.65,1,-0.6829525016115088,-0.8530960554590038,-0.20390727136947648,0.16922610396275442,Q2
2182,26,14,5,4,4,60.02000000000001,10,10,180.89000000000001,1,-0.6829525016115088,-0.12120501231222784,-0.4097854758686359,-1.0662125823661208,Q2
2183,99,16,4,3,3,123.13999999999999,13,10,225.85999999999996,1,-0.5905662022352585,-0.44091639511014435,0.19271497562290602,0.8943748981123115,Q2
2184,61,51,11,34,16,357.0900000000001,47,31,700.2600000000002,1,1.0261940368491222,2.6668192030008546,1.0914281630144766,-0.12620488624632442,Q4
2185,7,60,7,9,9,637.0800000000004,13,13,1172.2300000000002,1,1.4419323840422487,0.8719092510134965,1.5814985516659479,-1.5765024745454388,Q4
2186,32,15,5,1,1,89.25999999999999,2,2,262.99,1,-0.6367593519233836,-1.434030658435868,-0.07766524622836485,-0.9050684058884414,Q2
2187,65,33,7,4,4,302.13000000000005,5,4,427.43999999999994,1,0.19471734246286931,-0.12120501231222784,0.9500749975625759,-0.018775435261204846,Q3
2188,116,17,8,4,4,91.66000000000001,12,12,266.03,1,-0.5443730525471333,-0.12120501231222784,-0.055402608881693,1.3509500647990698,Q2
2189,71,11,5,2,2,39.190000000000005,4,4,20.87,1,-0.8215319506758842,-0.8530960554590038,-0.7640396238317638,0.14236874121647453,Q1
2190,76,57,10,10,7,314.49,16,15,631.2000000000003,1,1.3033529349778732,1.0084659617071041,0.9839792329143517,0.27665555494787397,Q4
2191,41,2,2,2,2,17.23,1,1,18.04,1,-1.2372702978690107,-0.8530960554590038,-1.4346971127871473,-0.6633521411719223,Q1
2192,3,9,4,1,1,68.13,3,2,36.46,1,-0.9139182500521346,-1.434030658435868,-0.303923164127438,-1.6839319255305583,Q1
2193,12,87,10,12,4,620.570000000001,6,6,502.4500000000001,1,2.689147425621628,1.2478145429013479,1.5592591195603362,-1.4422156608140393,Q4
2194,22,43,8,17,13,247.17000000000004,36,26,599.47,1,0.656648839344121,1.7140670741693078,0.7803658156927029,-1.1736420333512403,Q4
2195,105,14,5,6,5,51.35000000000001,11,9,185.26999999999995,1,-0.6829525016115088,0.3608792935514903,-0.5397938707418366,1.055519074589991,Q2
2196,102,32,6,5,5,110.66000000000003,7,7,89.97,1,0.14852419277474416,0.14001820786671987,0.10283179529955967,0.9749469863511513,Q3
2197,69,1,1,1,1,5.0,16,15,255.98,1,-1.2834634475571358,-1.434030658435868,-2.3774687805899597,0.08865401572391474,Q1
2198,51,77,7,15,13,471.94,25,21,407.03000000000003,1,2.2272159287403763,1.5453121315413032,1.3274238530444962,-0.39477851370912337,Q4
2199,107,57,8,8,8,299.9599999999999,23,22,763.8399999999999,1,1.3033529349778732,0.7209528108435844,0.9439801675790671,1.1092338000825508,Q4
2200,7,61,8,6,5,388.0200000000001,15,13,731.6500000000001,1,1.4881255337303736,0.3608792935514903,1.1617103570375895,-1.5765024745454388,Q4
2201,48,10,3,2,2,27.509999999999998,0,0,0.0,0,-0.8677251003640094,-0.8530960554590038,-1.0553295903709785,-0.475350601947963,Q1
2202,112,29,6,6,5,91.17999999999999,0,0,0.0,0,0.00994474371036867,0.3608792935514903,-0.05980864338590292,1.2435206138139503,Q3
2203,42,79,12,15,8,789.6000000000008,8,8,388.30999999999995,1,2.3196022281166266,1.5453121315413032,1.7633226889250457,-0.6364947784256424,Q4
2204,98,50,9,13,10,239.14999999999998,29,20,513.6499999999999,1,0.9800008871609971,1.353993556877214,0.7524975110524603,0.8675175353660317,Q4
2205,8,19,3,7,7,74.4,19,19,338.2099999999999,1,-0.45198675317088294,0.5521978682155793,-0.2302712822886205,-1.5496451117991588,Q2
2206,50,6,2,2,2,16.46,2,2,25.2,1,-1.05249769911651,-0.8530960554590038,-1.4713082495731407,-0.42163587645540324,Q1
2207,18,2,1,1,1,10.0,3,3,55.78,1,-1.2372702978690107,-1.434030658435868,-1.8632575206991344,-1.28107148433636,Q1
2208,20,86,9,16,11,589.4999999999998,19,18,683.7499999999997,1,2.6429542759335027,1.632172726698009,1.5157570075471167,-1.2273567588438001,Q4
2209,78,22,4,7,5,150.71,16,13,637.5400000000005,1,-0.31340730410650747,0.5521978682155793,0.3628594268174558,0.33037028044043376,Q2
2210,106,23,4,2,1,69.55999999999999,0,0,0.0,0,-0.2672141544183823,-0.8530960554590038,-0.28655365554635853,1.0823764373362708,Q2
2211,99,53,9,11,4,323.0800000000001,1,1,27.08,1,1.1185803362253726,1.1331324711924438,1.0067686299975727,0.8943748981123115,Q4
2212,114,5,1,7,7,38.7,8,8,65.86,1,-1.0986908488046352,0.5521978682155793,-0.7744462689549314,1.29723533930651,Q1
2213,21,64,7,5,5,505.0700000000001,10,10,609.6300000000003,1,1.6267049827947493,0.14001820786671987,1.3848621838077457,-1.20049939609752,Q4
2214,111,10,3,2,2,99.95,1,1,4.29,1,-0.8677251003640094,-0.8530960554590038,0.017290627795849375,1.2166632510676703,Q1
2215,59,20,6,9,9,78.64,18,14,203.92999999999998,1,-0.4057936034827578,0.8719092510134965,-0.18385909438553286,-0.1799196117388842,Q2
2216,106,6,3,3,2,24.660000000000004,1,1,3.99,1,-1.05249769911651,-0.44091639511014435,-1.1446784184383723,1.0823764373362708,Q1
2217,81,36,9,4,3,161.70999999999995,16,15,462.6100000000004,1,0.3332967915272448,-0.12120501231222784,0.42224233209173684,0.4109423686792735,Q3
2218,4,20,6,1,1,54.699999999999996,1,1,50.56000000000002,1,-0.4057936034827578,-1.434030658435868,-0.48717265347023314,-1.6570745627842784,Q2
2219,80,12,3,6,6,357.21999999999997,3,3,159.49,1,-0.7753388009877591,0.3608792935514903,1.0917360873287911,0.38408500593299355,Q2
2220,39,5,4,1,1,18.56,4,4,55.349999999999994,1,-1.0986908488046352,-1.434030658435868,-1.374958408485868,-0.717066866664482,Q1
2221,107,33,5,6,6,148.10999999999999,11,11,208.71000000000004,1,0.19471734246286931,0.3608792935514903,0.3481945271600853,1.1092338000825508,Q3
2222,30,33,6,1,1,105.36999999999999,1,1,157.65999999999997,1,0.19471734246286931,-1.434030658435868,0.06165748822377879,-0.9587831313810011,Q3
2223,10,30,5,37,18,179.14000000000007,66,30,309.96999999999997,1,0.05613789339849383,2.784646744738732,0.5085738638081779,-1.4959303863065991,Q3
2224,11,49,7,5,5,261.2799999999999,8,8,353.25999999999993,1,0.9338077374728719,0.14001820786671987,0.8272780477008751,-1.469073023560319,Q4
2225,48,45,8,5,5,209.57000000000002,5,4,228.6,1,0.7490351387203713,0.14001820786671987,0.6409865239525544,-0.475350601947963,Q4
2226,111,37,8,16,10,260.36,34,26,253.87,1,0.37948994121536994,1.632172726698009,0.8242970811691389,1.2166632510676703,Q3
2227,96,51,7,13,11,202.35000000000005,27,23,671.8600000000001,1,1.0261940368491222,1.353993556877214,0.6113882437071367,0.8138028098734719,Q4
2228,47,47,8,11,8,219.17,43,30,849.8000000000002,1,0.8414214380966216,1.1331324711924438,0.6788072265532932,-0.5022079646942429,Q4
2229,93,1,1,1,1,6.0,2,2,10.64,1,-1.2834634475571358,-1.434030658435868,-2.2466960811056165,0.7332307216346322,Q1
2230,114,27,3,1,1,73.07000000000001,8,7,230.68,1,-0.08244155566588166,-1.434030658435868,-0.24536897941787747,1.29723533930651,Q3
2231,15,86,11,14,8,439.69000000000017,8,8,334.31,1,2.6429542759335027,1.4528438539903603,1.267508036529971,-1.3616435725751996,Q4
2232,52,4,2,1,1,19.209999999999997,2,2,108.15999999999998,1,-1.1448839984927603,-1.434030658435868,-1.3472253300079258,-0.36792115096284345,Q1
2233,66,65,11,9,7,328.6600000000002,35,25,828.73,1,1.6728981324828744,0.8719092510134965,1.0212510563103339,0.008081927485075049,Q4
2234,59,53,11,11,9,444.89000000000016,10,9,439.5000000000001,1,1.1185803362253726,1.1331324711924438,1.2774596164205096,-0.1799196117388842,Q4
2235,107,88,11,6,5,559.0000000000001,7,5,180.10999999999999,1,2.735340575309753,0.3608792935514903,1.4707669418973046,1.1092338000825508,Q4
2236,112,36,8,13,10,289.83000000000015,37,28,417.4100000000001,1,0.3332967915272448,1.353993556877214,0.9149341974592975,1.2435206138139503,Q3
2237,62,49,7,7,6,250.43000000000004,7,7,247.10999999999999,1,0.9338077374728719,0.5521978682155793,0.7914372267233473,-0.09934752350004453,Q4
2238,105,29,6,13,9,132.85999999999999,8,8,75.48000000000002,1,0.00994474371036867,1.353993556877214,0.25666692677568287,1.055519074589991,Q3
2239,86,40,7,6,6,172.68000000000004,0,0,0.0,0,0.5180693902797454,0.3608792935514903,0.47759253476889074,0.545229182410673,Q3
2240,27,18,4,5,4,95.81999999999998,31,17,787.2700000000002,1,-0.4981799028590081,0.14001820786671987,-0.01814616596901389,-1.0393552196198408,Q2
2241,54,27,7,2,2,92.17999999999998,8,8,180.09000000000003,1,-0.08244155566588166,-0.8530960554590038,-0.05065508759866647,-0.31420642547028366,Q3
2242,70,37,8,26,15,180.45000000000002,28,21,135.5,1,0.37948994121536994,2.295001677146172,0.5147207960311279,0.11551137847019463,Q3
2243,93,6,2,1,1,18.53,1,1,80.59,1,-1.05249769911651,-1.434030658435868,-1.3762605473752358,0.7332307216346322,Q1
2244,40,45,8,11,7,230.23999999999992,13,11,242.92000000000004,1,0.7490351387203713,1.1331324711924438,0.7204236896334013,-0.6902095039182022,Q4
2245,82,37,4,3,3,113.63999999999999,10,10,207.32999999999998,1,0.37948994121536994,-0.44091639511014435,0.12517566834662203,0.43779973142555334,Q3
2246,64,7,3,1,1,70.09,0,0,0.0,0,-1.0063045494283849,-1.434030658435868,-0.280205274921762,-0.04563279800748474,Q1
2247,10,28,5,1,1,107.67999999999996,1,1,7.36,1,-0.03624840597775649,-1.434030658435868,0.0798834677230417,-1.4959303863065991,Q3
2248,47,21,7,2,1,81.69,1,1,6.490000000000001,1,-0.3596004537946326,-0.8530960554590038,-0.15197648900654095,-0.5022079646942429,Q2
2249,81,6,4,2,2,41.83,0,0,0.0,0,-1.05249769911651,-0.8530960554590038,-0.7100675270967293,0.4109423686792735,Q1
2250,100,4,1,2,2,36.17,9,7,276.67999999999995,1,-1.1448839984927603,-0.8530960554590038,-0.8303090007642685,0.9212322608585914,Q1
2251,33,53,5,5,4,414.42000000000036,5,5,369.2,1,1.1185803362253726,0.14001820786671987,1.2174119859779302,-0.8782110431421615,Q4
2252,11,67,10,7,7,315.13,7,7,255.5999999999999,1,1.7652844318591248,0.5521978682155793,0.9856984308831584,-1.469073023560319,Q4
2253,67,27,6,7,7,116.72000000000001,6,4,65.57000000000001,1,-0.08244155566588166,0.5521978682155793,0.14766706507979782,0.03493929023135494,Q3
2254,58,11,3,2,2,31.010000000000005,6,6,157.66999999999996,1,-0.8215319506758842,-0.8530960554590038,-0.9570969896823152,-0.2067769744851641,Q1
2255,68,20,6,2,2,121.00000000000001,1,1,36.92,1,-0.4057936034827578,-0.8530960554590038,0.17796320468059107,0.061796652977634835,Q2
2256,110,11,3,2,1,78.35000000000001,1,1,27.560000000000002,1,-0.8215319506758842,-0.8530960554590038,-0.1869538781530629,1.1898058883213904,Q1
2257,10,5,2,8,8,34.25000000000001,6,6,56.25,1,-1.0986908488046352,0.7209528108435844,-0.8753021231160882,-1.4959303863065991,Q1
2258,27,34,9,5,5,148.58000000000004,7,7,237.31,1,0.24091049215099447,0.14001820786671987,0.3508643298948187,-1.0393552196198408,Q3
2259,96,7,3,1,1,6.99,0,0,0.0,0,-1.0063045494283849,-1.434030658435868,-2.1344767086510013,0.8138028098734719,Q1
2260,54,58,7,6,6,638.2000000000004,17,16,1173.89,1,1.3495460846659983,0.3608792935514903,1.5829863143519203,-0.31420642547028366,Q4
2261,108,80,11,41,21,746.8900000000003,24,14,1175.500000000001,1,2.365795377804752,2.9280424231798023,1.7162088885677547,1.1360911628288306,Q4
2262,41,23,5,7,7,74.80999999999999,14,12,109.79999999999998,1,-0.2672141544183823,0.5521978682155793,-0.22567077156123339,-0.6633521411719223,Q2
2263,7,114,13,64,26,834.9800000000006,73,44,588.9100000000001,1,3.936362467201007,3.5537544523507116,1.8106708831186555,-1.5765024745454388,Q4
2264,115,104,9,11,11,890.3200000000008,34,29,1973.130000000001,1,3.4744309703197556,1.1331324711924438,1.8650486894413125,1.32409270205279,Q4
2265,55,17,5,3,2,77.44000000000001,0,0,0.0,0,-0.5443730525471333,-0.44091639511014435,-0.19673904806374562,-0.2873490627240038,Q2
2266,75,74,9,7,6,450.64000000000044,9,9,548.2699999999999,1,2.088636479676001,0.5521978682155793,1.288329539044225,0.2497981922015941,Q4
2267,85,35,7,6,5,156.92999999999998,4,4,103.24000000000001,1,0.2871036418391196,0.3608792935514903,0.3969467887524085,0.518371819664393,Q3
2268,109,17,5,2,2,71.01,8,8,248.71999999999997,1,-0.5443730525471333,-0.8530960554590038,-0.269297006470795,1.1629485255751104,Q2
2269,105,36,7,11,10,188.44999999999993,12,11,270.84999999999997,1,0.3332967915272448,1.1331324711924438,0.5513225717951666,1.055519074589991,Q3
2270,77,73,10,22,15,325.62000000000023,30,22,421.57000000000005,1,2.0424433299878757,2.0652689778362388,1.0133916605090525,0.3035129176941539,Q4
2271,116,1,1,1,1,2.99,3,3,15.8,1,-1.2834634475571358,-1.434030658435868,-2.7235659102917897,1.3509500647990698,Q1
2272,56,5,3,2,2,19.64,2,2,75.84,1,-1.0986908488046352,-0.8530960554590038,-1.3293648109545273,-0.26049169997772387,Q1
2273,95,24,5,5,5,111.73999999999995,5,4,95.94,1,-0.22102100473025715,0.14001820786671987,0.11099772987827296,0.7869454471271919,Q2
2274,33,37,9,4,4,221.75000000000006,10,9,748.8000000000001,1,0.37948994121536994,-0.12120501231222784,0.6886905035357344,-0.8782110431421615,Q3
2275,72,41,6,6,5,121.25,8,8,110.69,1,0.5642625399678706,0.3608792935514903,0.17969983439628953,0.16922610396275442,Q3
2276,96,34,7,2,2,117.07999999999998,1,1,21.18,1,0.24091049215099447,-0.8530960554590038,0.15025742837443093,0.8138028098734719,Q3
2277,65,28,5,5,3,118.50000000000001,5,4,101.7,1,-0.03624840597775649,0.14001820786671987,0.16039853334418133,-0.018775435261204846,Q3
2278,118,5,3,1,1,19.21,2,2,31.490000000000006,1,-1.0986908488046352,-1.434030658435868,-1.3472253300079255,1.4046647902916296,Q1
2279,93,25,6,4,3,94.65999999999995,6,6,88.91000000000003,1,-0.17482785504213197,-0.12120501231222784,-0.02837154175021267,0.7332307216346322,Q2
2280,51,53,11,5,5,450.9899999999999,16,13,832.95,1,1.1185803362253726,0.14001820786671987,1.2889867110655195,-0.39477851370912337,Q4
2281,85,18,6,2,2,44.93000000000001,3,3,101.25999999999999,1,-0.4981799028590081,-0.8530960554590038,-0.6507855447147077,0.518371819664393,Q2
2282,113,43,8,9,9,169.98999999999995,8,8,89.93,1,0.656648839344121,0.8719092510134965,0.464350361872007,1.27037797656023,Q4
2283,52,2,2,1,1,19.98,1,1,136.92,1,-1.2372702978690107,-1.434030658435868,-1.3155040158902869,-0.36792115096284345,Q1
2284,107,43,7,3,2,220.09000000000006,26,22,2239.470000000002,1,0.656648839344121,-0.44091639511014435,0.6823447191208574,1.1092338000825508,Q4
2285,82,20,7,9,8,99.60999999999999,7,6,216.47,1,-0.4057936034827578,0.8719092510134965,0.01442858173183454,0.43779973142555334,Q2
2286,59,3,1,1,1,5.2700000000000005,4,4,133.47,1,-1.1910771481808855,-1.434030658435868,-2.3401273498853077,-0.1799196117388842,Q1
2287,104,26,4,5,5,125.44999999999995,4,4,61.03,1,-0.1286347053540068,0.14001820786671987,0.20835589170208707,1.0286617118437111,Q3
2288,79,36,9,29,18,228.21000000000004,51,32,540.1999999999999,1,0.3332967915272448,2.4459581173160845,0.7129434068790079,0.3572276431867137,Q3
2289,111,45,7,8,8,199.72000000000003,4,4,110.36,1,0.7490351387203713,0.7209528108435844,0.6003447391714924,1.2166632510676703,Q4
2290,81,41,8,13,9,252.74000000000004,0,0,0.0,0,0.5642625399678706,1.353993556877214,0.7991957504987962,0.4109423686792735,Q3
2291,71,18,4,7,6,47.05000000000001,0,0,0.0,0,-0.4981799028590081,0.5521978682155793,-0.612505208630995,0.14236874121647453,Q2
2292,60,3,2,1,1,12.06,2,2,27.28,1,-1.1910771481808855,-1.434030658435868,-1.7176318811149711,-0.15306224899260432,Q1
2293,69,14,2,1,1,64.59,0,0,0.0,0,-0.6829525016115088,-1.434030658435868,-0.34851679278770964,0.08865401572391474,Q2
2294,47,10,5,8,5,45.25,10,8,127.10000000000001,1,-0.8677251003640094,0.7209528108435844,-0.6448955262102967,-0.5022079646942429,Q1
2295,47,70,11,5,3,316.53,10,8,1085.1400000000003,1,1.9038638809235002,0.14001820786671987,0.9894470739419898,-0.5022079646942429,Q4
2296,110,94,9,5,5,786.4200000000009,23,20,1408.3500000000004,1,3.012499473438504,0.14001820786671987,1.7599035492322885,1.1898058883213904,Q4
2297,14,10,6,2,2,27.539999999999996,3,3,32.519999999999996,1,-0.8677251003640094,-0.8530960554590038,-1.0544373799610975,-1.3885009353214794,Q1
2298,72,28,5,4,4,111.90999999999998,6,5,292.75,1,-0.03624840597775649,-0.12120501231222784,0.11227597841948744,0.16922610396275442,Q3
2299,116,32,6,4,4,95.05000000000001,8,8,271.63,1,0.14852419277474416,-0.12120501231222784,-0.02491992888537866,1.3509500647990698,Q3
2300,89,33,7,4,4,146.89000000000001,11,11,258.81,1,0.19471734246286931,-0.12120501231222784,0.34122493341223437,0.6258012706495126,Q3
2301,30,4,2,1,1,7.220000000000001,1,1,4.29,1,-1.1448839984927603,-1.434030658435868,-2.1104011924244186,-0.9587831313810011,Q1
2302,90,26,7,5,5,114.33999999999999,9,8,194.30999999999997,1,-0.1286347053540068,0.14001820786671987,0.1303399622658246,0.6526586333957926,Q3
2303,74,31,7,2,2,160.37,6,6,185.19000000000003,1,0.102331043086619,-0.8530960554590038,0.41522686352239185,0.2229408294553142,Q3
2304,82,8,5,17,15,27.889999999999993,32,23,89.98,1,-0.9601113997402597,1.7140670741693078,-1.0440970060085653,0.43779973142555334,Q1
2305,2,67,9,10,9,352.25000000000017,11,10,609.5199999999999,1,1.7652844318591248,1.0084659617071041,1.0798836272583776,-1.7107892882768383,Q4
2306,23,8,3,3,3,23.14,1,1,6.390000000000001,1,-0.9601113997402597,-0.44091639511014435,-1.1964809283320095,-1.1467846706049605,Q1
2307,11,49,7,6,6,268.9600000000001,15,14,380.4,1,0.9338077374728719,0.3608792935514903,0.8517622237908725,-1.469073023560319,Q4
2308,32,5,3,1,1,27.37,1,1,4.49,1,-1.0986908488046352,-1.434030658435868,-1.0595056910959684,-0.9050684058884414,Q1
2309,39,3,3,1,1,25.97,0,0,0.0,0,-1.1910771481808855,-1.434030658435868,-1.1024378962182084,-0.717066866664482,Q1
2310,34,8,3,4,3,25.36,2,2,25.48,1,-0.9601113997402597,-0.12120501231222784,-1.1218458090282684,-0.8513536803958816,Q1
2311,90,29,5,5,5,136.29,8,8,197.67999999999998,1,0.00994474371036867,0.14001820786671987,0.2781308604643553,0.6526586333957926,Q3
2312,94,94,13,16,14,900.3200000000006,36,33,1645.560000000001,1,3.012499473438504,1.632172726698009,1.8745135247641558,0.7600880843809121,Q4
2313,107,3,2,2,2,15.19,2,1,10.55,1,-1.1910771481808855,-0.8530960554590038,-1.5353741044197289,1.1092338000825508,Q1
2314,101,71,9,7,6,529.0800000000004,14,13,428.75999999999993,1,1.9500570306116254,0.5521978682155793,1.424185389889293,0.9480896236048714,Q4
2315,119,16,5,2,1,141.79,0,0,0.0,0,-0.5905662022352585,-0.8530960554590038,0.31145339797937754,1.4315221530379094,Q2
2316,38,20,6,5,5,116.56999999999996,7,5,224.89999999999998,1,-0.4057936034827578,0.14001820786671987,0.14658540827144004,-0.743924229410762,Q2
2317,8,58,7,5,5,429.84000000000003,14,13,1164.6100000000008,1,1.3495460846659983,0.14001820786671987,1.2483313300058163,-1.5496451117991588,Q4
2318,43,55,9,20,11,300.44000000000005,64,33,1259.2000000000003,1,1.2109666356016229,1.9349281598540784,0.9453321094107924,-0.6096374156793625,Q4
2319,10,28,6,11,10,136.49,52,32,192.02999999999997,1,-0.03624840597775649,1.1331324711924438,0.2793658025557395,-1.4959303863065991,Q3
2320,60,3,2,1,1,5.12,0,0,0.0,0,-1.1910771481808855,-1.434030658435868,-2.3606693540074386,-0.15306224899260432,Q1
2321,46,21,8,3,2,98.4,0,0,0.0,0,-0.3596004537946326,-0.44091639511014435,0.004164015558536377,-0.5290653274405228,Q2
2322,66,104,14,12,12,842.2700000000004,34,30,3214.010000000003,1,3.4744309703197556,1.2478145429013479,1.818036625745747,0.008081927485075049,Q4
2323,107,14,4,2,2,40.29,3,3,77.47999999999999,1,-0.6829525016115088,-0.8530960554590038,-0.7411325460051204,1.1092338000825508,Q2
2324,3,24,5,5,4,95.99999999999999,7,7,107.53,1,-0.22102100473025715,0.14001820786671987,-0.016570458183680442,-1.6839319255305583,Q2
2326,110,5,2,2,1,6.859999999999999,2,2,111.02000000000004,1,-1.0986908488046352,-0.8530960554590038,-2.14839306255257,1.1898058883213904,Q1
2327,6,18,5,5,3,73.43,3,3,48.120000000000005,1,-0.4981799028590081,0.14001820786671987,-0.24125579162751046,-1.6033598372917186,Q2
2328,6,33,7,2,2,238.31,14,10,1395.5700000000008,1,0.19471734246286931,-0.8530960554590038,0.7495249622776592,-1.6033598372917186,Q3
2329,63,40,7,7,7,173.54000000000008,17,15,555.2400000000001,1,0.5180693902797454,0.5521978682155793,0.48178285547661825,-0.07249016075376463,Q3
2330,62,41,6,3,3,181.00000000000003,1,1,76.16,1,0.5642625399678706,-0.44091639511014435,0.517288352405266,-0.09934752350004453,Q3
2331,17,45,6,3,3,148.38,10,9,623.89,1,0.7490351387203713,-0.44091639511014435,0.34972927042676477,-1.3079288470826398,Q4
2332,31,21,3,2,2,85.97999999999999,0,0,0.0,0,-0.3596004537946326,-0.8530960554590038,-0.10906768139132479,-0.9319257686347212,Q2
2333,53,11,5,5,4,38.07,1,1,2.7800000000000002,1,-0.8215319506758842,0.14001820786671987,-0.7880166050701631,-0.3410637882165636,Q1
2334,12,43,9,13,11,244.07999999999998,26,22,421.11999999999995,1,0.656648839344121,1.353993556877214,0.7697366615067833,-1.4422156608140393,Q4
2335,57,6,2,1,1,14.52,0,0,0.0,0,-1.05249769911651,-1.434030658435868,-1.571228701065838,-0.233634337231444,Q1
2336,3,30,6,3,3,107.17999999999999,3,3,75.49999999999997,1,0.05613789339849383,-0.44091639511014435,0.07597152073824907,-1.6839319255305583,Q3
2337,114,87,10,111,30,1074.8200000000015,113,47,1349.4100000000003,1,2.689147425621628,4.333336346854385,2.024651700933756,1.29723533930651,Q4
2338,118,61,8,8,6,225.82000000000008,5,4,115.98,1,1.4881255337303736,0.7209528108435844,0.704051188831178,1.4046647902916296,Q4
2339,76,32,7,3,3,120.01999999999998,0,0,0.0,0,0.14852419277474416,-0.44091639511014435,0.17112112616798061,0.27665555494787397,Q3
2340,23,9,4,2,2,31.0,4,4,39.949999999999996,1,-0.9139182500521346,-0.8530960554590038,-0.9573620555553876,-1.1467846706049605,Q1
2341,45,66,7,15,10,312.33000000000004,42,24,857.71,1,1.7190912821709996,1.5453121315413032,0.9781510824800895,-0.5559226901868027,Q4
2342,97,29,8,12,8,339.54999999999995,15,12,655.3600000000001,1,0.00994474371036867,1.2478145429013479,1.0488223307548943,0.8406601726197518,Q3
2343,117,49,10,12,11,250.39000000000001,29,24,572.8400000000001,1,0.9338077374728719,1.2478145429013479,0.7913022530434372,1.3778074275453496,Q4
2344,102,23,7,2,2,143.36,6,6,473.36,1,-0.2672141544183823,-0.8530960554590038,0.3207301681990258,0.9749469863511513,Q2
2345,22,29,6,6,3,177.11000000000004,8,7,445.28,1,0.00994474371036867,0.3608792935514903,0.49895959795240974,-1.1736420333512403,Q3
2346,30,14,4,2,1,48.92000000000001,4,4,89.03,1,-0.6829525016115088,-0.8530960554590038,-0.5801158096488659,-0.9587831313810011,Q2
2347,85,14,4,2,2,77.2,5,4,83.93,1,-0.6829525016115088,-0.8530960554590038,-0.1993386721200696,0.518371819664393,Q2
2348,96,10,5,26,14,48.88999999999999,27,16,119.78999999999999,1,-0.8677251003640094,2.295001677146172,-0.5806257846085379,0.8138028098734719,Q1
2349,84,24,7,3,3,106.92,6,6,113.10000000000001,1,-0.22102100473025715,-0.44091639511014435,0.07393015683640107,0.49151445691811313,Q2
2350,102,13,4,1,1,62.029999999999994,3,3,178.45999999999998,1,-0.7291456512996339,-1.434030658435868,-0.3822914118198798,0.9749469863511513,Q2
2351,100,90,13,14,10,700.3200000000002,38,27,1859.2800000000007,1,2.8277268746860034,1.4528438539903603,1.6616675097171767,0.9212322608585914,Q4
2352,4,72,8,3,2,357.45000000000005,0,0,0.0,0,1.9962501802997505,-0.44091639511014435,1.0922806028527232,-1.6570745627842784,Q4
2353,29,15,3,1,1,44.489999999999995,1,1,16.65,1,-0.6367593519233836,-1.434030658435868,-0.6589516777926727,-0.985640494127281,Q2
2354,95,52,9,4,3,407.18,11,9,463.12000000000006,1,1.0723871865372474,-0.12120501231222784,1.2024965807982768,0.7869454471271919,Q4
2355,43,2,1,1,1,4.03,1,1,8.18,1,-1.2372702978690107,-1.434030658435868,-2.527065204817172,-0.6096374156793625,Q1
2356,13,59,9,5,4,260.59999999999997,22,17,672.5700000000003,1,1.3957392343541235,0.14001820786671987,0.8250757350281788,-1.4153582980677593,Q4
2357,11,11,6,4,2,26.190000000000005,1,1,7.99,1,-0.8215319506758842,-0.12120501231222784,-1.0955458520200574,-1.469073023560319,Q1
2358,57,10,6,5,5,92.97999999999998,8,8,130.92000000000002,1,-0.8677251003640094,0.14001820786671987,-0.04340269617728002,-0.233634337231444,Q1
2359,116,31,6,6,5,165.03000000000003,15,10,225.95999999999998,1,0.102331043086619,0.3608792935514903,0.4393780355801689,1.3509500647990698,Q3
2360,52,44,10,7,6,206.45000000000002,37,28,786.8799999999999,1,0.7028419890322462,0.5521978682155793,0.6283226307932153,-0.36792115096284345,Q4
2361,116,37,6,4,4,159.33999999999997,9,9,501.7700000000002,1,0.37948994121536994,-0.12120501231222784,0.4097946630617906,1.3509500647990698,Q3
2362,3,25,6,4,4,152.2,8,6,52.15,1,-0.17482785504213197,-0.12120501231222784,0.3711506708456461,-1.6839319255305583,Q2
2363,75,7,3,3,3,28.650000000000002,4,3,109.4,1,-1.0063045494283849,-0.44091639511014435,-1.0220684050563325,0.2497981922015941,Q1
2364,88,57,6,9,7,268.96,5,5,339.73999999999995,1,1.3033529349778732,0.8719092510134965,0.8517622237908725,0.5989439079032327,Q4
2365,109,26,6,3,3,90.8,3,3,210.86999999999998,1,-0.1286347053540068,-0.44091639511014435,-0.06331305603909008,1.1629485255751104,Q3
2366,104,34,6,4,4,150.95000000000005,17,14,568.02,1,0.24091049215099447,-0.12120501231222784,0.36420041633970063,1.0286617118437111,Q3
2367,38,26,6,4,3,99.76999999999998,2,2,51.22,1,-0.1286347053540068,-0.12120501231222784,0.015776629797580443,-0.743924229410762,Q3
2368,79,13,5,1,1,44.35,0,0,0.0,0,-0.7291456512996339,-1.434030658435868,-0.6615665646005641,0.3572276431867137,Q2
2369,109,32,9,4,4,180.76,5,4,146.35000000000002,1,0.14852419277474416,-0.12120501231222784,0.5161689196676871,1.1629485255751104,Q3
2370,94,45,9,6,5,255.04000000000002,13,9,382.59000000000003,1,0.7490351387203713,0.3608792935514903,0.8068508286707724,0.7600880843809121,Q4
2371,3,27,5,8,8,134.83,10,10,190.6,1,-0.08244155566588166,0.7209528108435844,0.2690609055358816,-1.6839319255305583,Q3
2372,113,12,3,3,3,46.29,8,7,184.60999999999999,1,-0.7753388009877591,-0.44091639511014435,-0.6260305826642503,1.27037797656023,Q2
2373,116,29,5,6,6,118.18000000000005,13,11,295.68999999999994,1,0.00994474371036867,0.3608792935514903,0.15812377194806265,1.3509500647990698,Q3
2374,12,32,7,2,2,154.72000000000003,7,7,307.29999999999995,1,0.14852419277474416,-0.8530960554590038,0.3849916172899267,-1.4422156608140393,Q3
2375,1,26,7,3,2,187.38000000000002,1,1,2.36,1,-0.1286347053540068,-0.44091639511014435,0.5465176077693965,-1.737646651023118,Q3
2376,72,47,9,9,9,264.07,8,8,282.6000000000001,1,0.8414214380966216,0.8719092510134965,0.8362546285149672,0.16922610396275442,Q4
2377,27,18,2,6,6,49.81,7,7,86.38,1,-0.4981799028590081,0.3608792935514903,-0.5651243432953373,-1.0393552196198408,Q2
2378,47,31,4,4,4,154.46000000000004,8,8,240.60999999999996,1,0.102331043086619,-0.12120501231222784,0.3835739856009204,-0.5022079646942429,Q3
2379,76,11,4,5,1,59.849999999999994,6,5,49.55,1,-0.8215319506758842,0.14001820786671987,-0.4121522348399781,0.27665555494787397,Q1
2380,79,20,7,5,5,62.080000000000005,1,1,23.96,1,-0.4057936034827578,0.14001820786671987,-0.38161871071424314,0.3572276431867137,Q2
2381,103,38,7,6,6,113.38,13,12,239.70000000000002,1,0.42568309090349515,0.3608792935514903,0.12324946663563555,1.001804349097431,Q3
2382,35,20,4,1,1,88.72,2,2,9.35,1,-0.4057936034827578,-1.434030658435868,-0.08275588704797766,-0.8244963176496016,Q2
2383,42,11,4,2,2,79.53,3,2,69.89,1,-0.8215319506758842,-0.8530960554590038,-0.17443119496007367,-0.6364947784256424,Q1
2384,34,31,5,4,4,142.64999999999998,6,6,327.76000000000005,1,0.102331043086619,-0.12120501231222784,0.3165475010884978,-0.8513536803958816,Q3
2385,91,30,5,3,2,127.24999999999999,5,5,285.44999999999993,1,0.05613789339849383,-0.44091639511014435,0.2203468096332941,0.6795159961420724,Q3
2386,117,12,3,7,6,49.550000000000004,5,5,35.44,1,-0.7753388009877591,0.5521978682155793,-0.569476548246705,1.3778074275453496,Q2
2387,43,47,9,7,4,279.53000000000003,0,0,0.0,0,0.8414214380966216,0.5521978682155793,0.8843444364445218,-0.6096374156793625,Q4
2388,114,40,6,4,4,144.42000000000002,6,2,212.97000000000003,1,0.5180693902797454,-0.12120501231222784,0.3269365863775904,1.29723533930651,Q3
2389,30,37,6,2,2,132.53999999999996,0,0,0.0,0,0.37948994121536994,-0.8530960554590038,0.2546364855494359,-0.9587831313810011,Q3
2390,25,32,10,3,3,137.42000000000002,2,2,38.20000000000001,1,0.14852419277474416,-0.44091639511014435,0.28508478537901183,-1.0930699451124006,Q3
2391,26,20,8,6,6,72.03999999999999,10,8,129.67000000000002,1,-0.4057936034827578,0.3608792935514903,-0.25724863271433596,-1.0662125823661208,Q2
2392,12,37,5,4,3,162.35999999999999,3,3,36.9,1,0.37948994121536994,-0.12120501231222784,0.4256245744834224,-1.4422156608140393,Q3
2393,82,22,4,2,2,112.56999999999996,2,2,127.45999999999997,1,-0.31340730410650747,-0.8530960554590038,0.11722041656939229,0.43779973142555334,Q2
2394,88,24,7,9,9,189.88000000000002,9,8,180.02,1,-0.22102100473025715,0.8719092510134965,0.5577019616095465,0.5989439079032327,Q2
2395,67,48,8,8,6,218.03000000000003,29,23,525.16,1,0.8876145877847468,0.7209528108435844,0.6744032486090359,0.03493929023135494,Q4
2396,44,3,3,1,1,6.5,3,3,54.640000000000015,1,-1.1910771481808855,-1.434030658435868,-2.1881664394612494,-0.5827800529330827,Q1
2397,4,7,3,2,2,29.33,0,0,0.0,0,-1.0063045494283849,-0.8530960554590038,-1.002832053785251,-1.6570745627842784,Q1
2398,99,54,9,10,4,236.13000000000005,6,6,189.88,1,1.1647734859134977,1.0084659617071041,0.7417615446644389,0.8943748981123115,Q4
2399,17,18,5,4,4,92.59000000000002,0,0,0.0,0,-0.4981799028590081,-0.12120501231222784,-0.04693049242965051,-1.3079288470826398,Q2
2400,103,39,6,8,6,311.5900000000003,29,16,908.79,1,0.4718762405916203,0.7209528108435844,0.9761451572845727,1.001804349097431,Q3
2401,36,2,2,3,2,21.04,3,2,30.3,1,-1.2372702978690107,-0.44091639511014435,-1.2736896985100254,-0.7976389549033218,Q1
2402,52,6,2,3,3,39.61000000000001,0,0,0.0,0,-1.05249769911651,-0.44091639511014435,-0.7552201336476303,-0.36792115096284345,Q1
2403,112,7,2,4,4,37.89,0,0,0.0,0,-1.0063045494283849,-0.12120501231222784,-0.7919340516818449,1.2435206138139503,Q1
2404,91,20,3,3,3,68.72999999999999,3,3,77.03,1,-0.4057936034827578,-0.44091639511014435,-0.29659190732637875,0.6795159961420724,Q2
2405,42,30,4,8,7,130.14,5,5,91.08000000000004,1,0.05613789339849383,0.7209528108435844,0.2392512673885066,-0.6364947784256424,Q3
2406,16,24,6,4,4,105.98,14,12,393.60999999999996,1,-0.22102100473025715,-0.12120501231222784,0.06650858581216172,-1.3347862098289196,Q2
2407,86,46,9,11,10,503.35000000000014,19,15,680.12,1,0.7952282884084965,1.1331324711924438,1.381973975103316,0.545229182410673,Q4
2408,111,20,7,2,2,123.50000000000001,0,0,0.0,0,-0.4057936034827578,-0.8530960554590038,0.19517156996462728,1.2166632510676703,Q2
2409,34,58,10,2,2,296.55000000000007,1,1,126.32999999999998,1,1.3495460846659983,-0.8530960554590038,0.9343132212515043,-0.8513536803958816,Q4
2410,34,10,4,2,2,44.53,6,6,209.87999999999997,1,-0.8677251003640094,-0.8530960554590038,-0.6582060452947777,-0.8513536803958816,Q1
2411,41,5,5,1,1,10.8,5,4,144.14999999999998,1,-1.0986908488046352,-1.434030658435868,-1.8037002068275003,-0.6633521411719223,Q1
2412,102,7,4,2,2,26.43,30,22,973.9900000000001,1,-1.0063045494283849,-0.8530960554590038,-1.08809057164242,0.9749469863511513,Q1
2413,11,26,6,2,2,82.28,0,0,0.0,0,-0.1286347053540068,-0.8530960554590038,-0.1459449812990124,-1.469073023560319,Q3
2414,16,2,1,1,1,3.1799999999999997,0,0,0.0,0,-1.2372702978690107,-1.434030658435868,-2.6841009657878407,-1.3347862098289196,Q1
2415,84,23,7,10,8,221.72999999999996,32,24,316.62,1,-0.2672141544183823,1.0084659617071041,0.6886143301209511,0.49151445691811313,Q2
2416,46,12,5,1,1,200.36,2,2,36.03,1,-0.7753388009877591,-1.434030658435868,0.6030453966687203,-0.5290653274405228,Q2
2417,13,15,5,1,1,42.42,0,0,0.0,0,-0.6367593519233836,-1.434030658435868,-0.6984610258558467,-1.4153582980677593,Q2
2418,87,11,5,4,3,50.31,6,6,117.12000000000002,1,-0.8215319506758842,-0.12120501231222784,-0.5568169588553329,0.5720865451569528,Q1
2419,82,30,6,4,3,145.31000000000006,10,8,258.98999999999995,1,0.05613789339849383,-0.12120501231222784,0.332112796551923,0.43779973142555334,Q3
2420,36,41,6,4,4,211.73000000000002,15,11,480.38000000000005,1,0.5642625399678706,-0.12120501231222784,0.6496443905978664,-0.7976389549033218,Q3
2421,44,92,10,5,5,729.2100000000004,6,6,694.4200000000001,1,2.9201131740622537,0.14001820786671987,1.6959133398784734,-0.5827800529330827,Q4
2422,26,50,10,3,3,237.37000000000003,0,0,0.0,0,0.9800008871609971,-0.44091639511014435,0.7461861423562918,-1.0662125823661208,Q4
2423,75,44,9,9,5,296.60000000000014,6,5,235.43999999999994,1,0.7028419890322462,0.8719092510134965,0.934455764025908,0.2497981922015941,Q4
2424,53,1,1,1,1,16.0,11,10,530.73,1,-1.2834634475571358,-1.434030658435868,-1.493958342930347,-0.3410637882165636,Q1
2425,103,34,9,9,8,282.05999999999995,18,15,768.3800000000001,1,0.24091049215099447,0.8719092510134965,0.891961047870505,1.001804349097431,Q3
2426,108,31,7,6,5,169.67000000000002,10,9,268.97999999999996,1,0.102331043086619,0.3608792935514903,0.46276123852284484,1.1360911628288306,Q3
2427,5,52,7,8,8,323.94,22,20,642.6100000000001,1,1.0723871865372474,0.7209528108435844,1.0090168679011418,-1.6302172000379984,Q4
2428,67,5,4,3,2,59.5,2,2,50.0,1,-1.0986908488046352,-0.44091639511014435,-0.41704586459340776,0.03493929023135494,Q1
2429,16,12,3,5,4,35.75,3,3,35.16,1,-0.7753388009877591,0.14001820786671987,-0.8399493695038392,-1.3347862098289196,Q2
2430,61,46,6,7,6,162.86,6,6,126.13000000000001,1,0.7952282884084965,0.5521978682155793,0.42821715433832475,-0.12620488624632442,Q4
2431,72,50,7,4,4,132.05999999999997,8,7,195.02999999999997,1,0.9800008871609971,-0.12120501231222784,0.25158168259716285,0.16922610396275442,Q4
2432,115,8,4,2,2,79.81,14,12,503.21000000000004,1,-0.9601113997402597,-0.8530960554590038,-0.1714866509159845,1.32409270205279,Q1
2433,118,18,5,4,4,82.22999999999999,2,2,32.88,1,-0.4981799028590081,-0.12120501231222784,-0.14645446622205954,1.4046647902916296,Q2
2434,83,18,4,3,2,62.1,0,0,0.0,0,-0.4981799028590081,-0.44091639511014435,-0.3813497795597109,0.46465709417183326,Q2
2435,19,17,3,2,2,103.08000000000001,4,4,306.04,1,-0.5443730525471333,-0.8530960554590038,0.04319435794239344,-1.25421412159008,Q2
2436,114,47,6,4,3,211.4,3,2,429.20000000000033,1,0.8414214380966216,-0.12120501231222784,0.6483273659146709,1.29723533930651,Q4
2437,54,14,4,1,1,83.20999999999998,6,5,243.63,1,-0.6829525016115088,-1.434030658435868,-0.1365239126289998,-0.31420642547028366,Q2
2438,108,20,7,13,13,171.48000000000002,17,15,279.25,1,-0.4057936034827578,1.353993556877214,0.4717107687543026,1.1360911628288306,Q2
2439,52,10,2,2,2,19.610000000000003,7,6,99.72,1,-0.8677251003640094,-0.8530960554590038,-1.33059876509189,-0.36792115096284345,Q1
2440,88,15,4,10,8,44.75,10,10,116.00999999999999,1,-0.6367593519233836,1.0084659617071041,-0.6541167400416131,0.5989439079032327,Q2
2441,35,23,5,4,4,57.58000000000001,8,8,82.44999999999999,1,-0.2672141544183823,-0.12120501231222784,-0.4444049567115718,-0.8244963176496016,Q2
2442,78,9,3,3,3,61.830000000000005,1,1,32.57,1,-0.9139182500521346,-0.44091639511014435,-0.3849875632069069,0.33037028044043376,Q1
2443,41,54,9,10,8,305.91999999999996,19,15,535.4300000000001,1,1.1647734859134977,1.0084659617071041,0.9606159779695762,-0.6633521411719223,Q4
2444,30,3,3,2,1,13.86,0,0,0.0,0,-1.1910771481808855,-0.8530960554590038,-1.6080947117319055,-0.9587831313810011,Q1
2445,31,35,8,13,8,275.5300000000001,49,26,634.7600000000002,1,0.2871036418391196,1.353993556877214,0.8721610752178475,-0.9319257686347212,Q3
2446,73,55,8,8,8,316.63999999999993,25,17,809.6100000000001,1,1.2109666356016229,0.7209528108435844,0.9897409095013457,0.19608346670903432,Q4
2447,85,63,13,15,15,746.5400000000009,20,20,1421.2800000000004,1,1.5805118331066241,1.5453121315413032,1.715811785169569,0.518371819664393,Q4
2448,9,78,11,10,10,571.0200000000008,24,23,1030.0200000000002,1,2.2734090784285015,1.0084659617071041,1.488783354959399,-1.522787749052879,Q4
2449,32,86,10,20,15,726.2500000000002,26,20,892.3900000000002,1,2.6429542759335027,1.9349281598540784,1.6924674824562427,-0.9050684058884414,Q4
2450,96,1,1,1,1,2.0,16,14,768.2900000000001,1,-1.2834634475571358,-1.434030658435868,-2.965495560902328,0.8138028098734719,Q1
2451,26,48,9,5,3,226.11999999999998,19,18,782.8800000000001,1,0.8876145877847468,0.14001820786671987,0.7051724957572585,-1.0662125823661208,Q4
2452,38,21,6,8,6,97.76999999999997,16,9,269.63,1,-0.3596004537946326,0.7209528108435844,-0.0012299198710416905,-0.743924229410762,Q2
2453,102,45,5,4,4,185.72000000000008,11,11,624.2900000000001,1,0.7490351387203713,-0.12120501231222784,0.5390088948684156,0.9749469863511513,Q4
2454,85,4,2,1,1,7.8500000000000005,4,4,44.21,1,-1.1448839984927603,-1.434030658435868,-2.0477533712373357,0.518371819664393,Q1
2455,81,31,7,4,4,194.13000000000002,9,9,233.83999999999997,1,0.102331043086619,-0.12120501231222784,0.5763833678258851,0.4109423686792735,Q3
2456,78,43,7,6,5,131.87,7,7,83.64,1,0.656648839344121,0.3608792935514903,0.25036944435250114,0.33037028044043376,Q4
2457,65,51,8,6,6,144.83,10,10,164.27,1,1.0261940368491222,0.3608792935514903,0.3293250567013893,-0.018775435261204846,Q4
2458,17,12,3,7,5,64.33000000000001,3,3,32.61,1,-0.7753388009877591,0.5521978682155793,-0.35188632461080166,-1.3079288470826398,Q2
2459,35,84,10,14,9,698.8700000000002,137,47,2846.01,1,2.5505679765572524,1.4528438539903603,1.6599117189209194,-0.8244963176496016,Q4
2460,86,1,1,1,1,0.0,0,0,0.0,0,-1.2834634475571358,-1.434030658435868,-3.8974959571172296,0.545229182410673,Q1
2461,28,21,5,2,2,128.4,4,3,132.65999999999997,1,-0.3596004537946326,-0.8530960554590038,0.22791988393223142,-1.012497856873561,Q2
2462,54,72,12,8,7,594.7400000000001,10,10,606.9100000000001,1,1.9962501802997505,0.7209528108435844,1.5232518617247477,-0.31420642547028366,Q4
2463,97,5,2,1,1,6.05,2,2,10.69,1,-1.0986908488046352,-1.434030658435868,-2.2406580248695356,0.8406601726197518,Q1
2464,114,20,4,5,5,71.26000000000002,6,5,166.29,1,-0.4057936034827578,0.14001820786671987,-0.2663568797327131,1.29723533930651,Q2
2465,32,23,7,8,6,171.32000000000002,17,15,175.64000000000001,1,-0.2672141544183823,0.7209528108435844,0.4709234431109074,-0.9050684058884414,Q2
2466,113,7,3,3,3,38.88,6,6,90.55000000000001,1,-1.0063045494283849,-0.44091639511014435,-0.7706085695835264,1.27037797656023,Q1
2467,87,52,8,15,14,494.6600000000003,28,24,1062.45,1,1.0723871865372474,1.5453121315413032,1.36722954449728,0.5720865451569528,Q4
2468,75,14,3,2,2,20.209999999999997,3,2,32.02,1,-0.6829525016115088,-0.8530960554590038,-1.3062543881809683,0.2497981922015941,Q2
2469,23,23,6,6,5,109.87000000000002,6,6,146.51,1,-0.2672141544183823,0.3608792935514903,0.09680839137011762,-1.1467846706049605,Q2
2470,79,19,5,8,8,104.09999999999998,13,13,130.79000000000002,1,-0.45198675317088294,0.7209528108435844,0.051467778389555546,0.3572276431867137,Q2
2471,10,19,4,4,4,60.47999999999999,1,1,7.66,1,-0.45198675317088294,-0.12120501231222784,-0.4034142144584264,-1.4959303863065991,Q2
2472,100,3,2,1,1,13.83,2,2,30.400000000000006,1,-1.1910771481808855,-1.434030658435868,-1.6098091144437623,0.9212322608585914,Q1
2473,4,45,9,2,2,173.04000000000002,0,0,0.0,0,0.7490351387203713,-0.8530960554590038,0.4793491418336006,-1.6570745627842784,Q4
2474,118,15,4,4,4,66.91,9,8,92.63,1,-0.6367593519233836,-0.12120501231222784,-0.3190283333312636,1.4046647902916296,Q2
2475,88,36,8,5,5,143.31999999999996,9,9,317.26000000000005,1,0.3332967915272448,0.14001820786671987,0.32049507236272284,0.5989439079032327,Q3
2476,113,4,2,1,1,15.08,1,1,8.65,1,-1.1448839984927603,-1.434030658435868,-1.541157688344309,1.27037797656023,Q1
2477,19,2,2,1,1,36.21,9,8,252.70000000000005,1,-1.2372702978690107,-1.434030658435868,-0.8293965582779563,-1.25421412159008,Q1
2478,10,31,6,4,4,97.95999999999998,19,17,362.56999999999994,1,0.102331043086619,-0.12120501231222784,0.0004004374888361975,-1.4959303863065991,Q3
2479,111,83,11,7,7,768.5700000000008,20,17,1754.2399999999998,1,2.5043748268691273,0.5521978682155793,1.7404511548824968,1.2166632510676703,Q4
2480,64,38,8,3,3,262.39000000000004,1,1,25.28,1,0.42568309090349515,-0.44091639511014435,0.830860761131812,-0.04563279800748474,Q3
2481,116,38,8,6,6,285.03999999999996,13,12,371.4999999999999,1,0.42568309090349515,0.3608792935514903,0.9008455539307261,1.3509500647990698,Q3
2482,10,33,5,7,4,223.51000000000005,14,8,462.26,1,0.19471734246286931,0.5521978682155793,0.6953671209382898,-1.4959303863065991,Q3
2483,1,1,1,1,1,5.0,0,0,0.0,0,-1.2834634475571358,-1.434030658435868,-2.3774687805899597,-1.737646651023118,Q1
2484,82,33,6,4,4,123.45,20,13,636.0200000000001,1,0.19471734246286931,-0.12120501231222784,0.19483080140416426,0.43779973142555334,Q3
2485,63,15,4,4,3,52.99000000000001,3,3,18.29,1,-0.6367593519233836,-0.12120501231222784,-0.5136251033230965,-0.07249016075376463,Q2
2486,40,7,3,2,2,29.15,1,1,169.9,1,-1.0063045494283849,-0.8530960554590038,-1.0078817313130655,-0.6902095039182022,Q1
2487,49,16,4,4,4,57.690000000000005,1,1,66.08000000000001,1,-0.5905662022352585,-0.12120501231222784,-0.44281345347026496,-0.44849323920168316,Q2
2488,62,58,5,5,5,238.27999999999997,10,9,635.44,1,1.3495460846659983,0.14001820786671987,0.7494186069437434,-0.09934752350004453,Q4
2489,69,15,5,3,3,86.85999999999997,12,12,560.96,1,-0.6367593519233836,-0.44091639511014435,-0.10052789157678349,0.08865401572391474,Q2
2490,106,29,6,4,4,87.31999999999998,5,4,165.14,1,0.00994474371036867,-0.12120501231222784,-0.09609789028365613,1.0823764373362708,Q3
2491,63,6,2,2,2,34.46,4,3,67.32,1,-1.05249769911651,-0.8530960554590038,-0.8702631577377272,-0.07249016075376463,Q1
2492,19,38,4,12,10,170.46999999999994,21,15,151.66,1,0.42568309090349515,1.2478145429013479,0.46672847937591505,-1.25421412159008,Q3
2493,18,25,6,6,6,115.64999999999998,6,5,198.39000000000001,1,-0.17482785504213197,0.3608792935514903,0.13992090593851736,-1.28107148433636,Q2
2494,114,42,5,3,3,204.03,0,0,0.0,0,0.6104556896559957,-0.44091639511014435,0.618368138987672,1.29723533930651,Q3
2495,70,6,3,4,4,23.19,1,1,12.52,1,-1.05249769911651,-0.12120501231222784,-1.1947256135740374,0.11551137847019463,Q1
2496,117,32,6,3,3,209.59000000000003,7,4,537.3400000000001,1,0.14852419277474416,-0.44091639511014435,0.6410670960221249,1.3778074275453496,Q3
2497,78,22,4,17,13,222.16,22,20,600.6100000000001,1,-0.31340730410650747,1.7140670741693078,0.6902505531384061,0.33037028044043376,Q2
2498,105,12,3,5,4,39.89,1,1,3.49,1,-0.7753388009877591,0.14001820786671987,-0.749391003239441,1.055519074589991,Q2
2499,70,56,7,7,4,285.7100000000001,12,11,224.18999999999994,1,1.257159785289748,0.5521978682155793,0.9028303301282864,0.11551137847019463,Q4
2500,79,23,4,3,2,111.39999999999999,6,5,346.4,1,-0.2672141544183823,-0.44091639511014435,0.10843544020938925,0.3572276431867137,Q2
